Alice Lloyd College,1613,2005,"Feltner, Branden","<a href=""/WebSync/Pages/Team/IndividualStats.aspx?association=10&amp;sg=MBA&amp;sea=NAIMBA_2005&amp;team=1613&amp;plr=1514"">Feltner, Branden</a>",1514,1,0.00,0,0,0,1.0
Alice Lloyd College,1613,2005,"Hager, Joey","<a href=""/WebSync/Pages/Team/IndividualStats.aspx?association=10&amp;sg=MBA&amp;sea=NAIMBA_2005&amp;team=1613&amp;plr=1529"">Hager, Joey</a>",1529,5,7.07,1,0,0,28.0
Alice Lloyd College,1613,2005,"Hatfield, David","<a href=""/WebSync/Pages/Team/IndividualStats.aspx?association=10&amp;sg=MBA&amp;sea=NAIMBA_2005&amp;team=1613&amp;plr=1520"">Hatfield, David</a>",1520,4,11.00,1,0,0,9.0
Alice Lloyd College,1613,2005,"Howard, Dan","<a href=""/WebSync/Pages/Team/IndividualStats.aspx?association=10&amp;sg=MBA&amp;sea=NAIMBA_2005&amp;team=1613&amp;plr=1527"">Howard, Dan</a>",1527,3,5.23,2,1,0,10.1
Alice Lloyd College,1613,2005,"Howell, Robert","<a href=""/WebSync/Pages/Team/IndividualStats.aspx?association=10&amp;sg=MBA&amp;sea=NAIMBA_2005&amp;team=1613&amp;plr=3242"">Howell, Robert</a>",3242,1,5.40,0,0,0,1.2
Alice Lloyd College,1613,2005,"May, Noah","<a href=""/WebSync/Pages/Team/IndividualStats.aspx?association=10&amp;sg=MBA&amp;sea=NAIMBA_2005&amp;team=1613&amp;plr=1526"">May, Noah</a>",1526,2,6.75,1,0,0,9.1
Alice Lloyd College,1613,2005,"Robbins, Jeff","<a href=""/WebSync/Pages/Team/IndividualStats.aspx?association=10&amp;sg=MBA&amp;sea=NAIMBA_2005&amp;team=1613&amp;plr=1525"">Robbins, Jeff</a>",1525,11,3.57,1,1,5,17.2
Alice Lloyd College,1613,2005,"Saylor, Jonathan","<a href=""/WebSync/Pages/Team/IndividualStats.aspx?association=10&amp;sg=MBA&amp;sea=NAIMBA_2005&amp;team=1613&amp;plr=1517"">Saylor, Jonathan</a>",1517,7,4.84,0,1,0,22.1
Alice Lloyd College,1613,2005,"Sizemore, Brian","<a href=""/WebSync/Pages/Team/IndividualStats.aspx?association=10&amp;sg=MBA&amp;sea=NAIMBA_2005&amp;team=1613&amp;plr=3240"">Sizemore, Brian</a>",3240,2,13.50,0,0,0,1.1
Alice Lloyd College,1613,2005,"Slusher, Travis","<a href=""/WebSync/Pages/Team/IndividualStats.aspx?association=10&amp;sg=MBA&amp;sea=NAIMBA_2005&amp;team=1613&amp;plr=1505"">Slusher, Travis</a>",1505,6,8.51,1,4,0,24.1
Alice Lloyd College,1613,2005,"Smith, Jesse","<a href=""/WebSync/Pages/Team/IndividualStats.aspx?association=10&amp;sg=MBA&amp;sea=NAIMBA_2005&amp;team=1613&amp;plr=1504"">Smith, Jesse</a>",1504,7,5.56,2,4,0,34.0
Alice Lloyd College,1613,2005,"Smith, Jason","<a href=""/WebSync/Pages/Team/IndividualStats.aspx?association=10&amp;sg=MBA&amp;sea=NAIMBA_2005&amp;team=1613&amp;plr=1516"">Smith, Jason</a>",1516,9,3.74,6,2,0,43.1
Alice Lloyd College,1613,2005,"Sullivan, Casey","<a href=""/WebSync/Pages/Team/IndividualStats.aspx?association=10&amp;sg=MBA&amp;sea=NAIMBA_2005&amp;team=1613&amp;plr=3233"">Sullivan, Casey</a>",3233,1,135.00,0,0,0,0.1
Alice Lloyd College,1613,2005,"Taylor, Timmy","<a href=""/WebSync/Pages/Team/IndividualStats.aspx?association=10&amp;sg=MBA&amp;sea=NAIMBA_2005&amp;team=1613&amp;plr=1537"">Taylor, Timmy</a>",1537,8,0.87,2,1,2,20.2
Alice Lloyd College,1613,2005,"Woodard, Justin","<a href=""/WebSync/Pages/Team/IndividualStats.aspx?association=10&amp;sg=MBA&amp;sea=NAIMBA_2005&amp;team=1613&amp;plr=1534"">Woodard, Justin</a>",1534,8,6.48,0,2,0,16.2
Aquinas College,1615,2005,"Finch, Kyle","<a href=""/WebSync/Pages/Team/IndividualStats.aspx?association=10&amp;sg=MBA&amp;sea=NAIMBA_2005&amp;team=1615&amp;plr=3555"">Finch, Kyle</a>",3555,12,2.12,9,2,0,89.0
Aquinas College,1615,2005,"Henry, Nick","<a href=""/WebSync/Pages/Team/IndividualStats.aspx?association=10&amp;sg=MBA&amp;sea=NAIMBA_2005&amp;team=1615&amp;plr=3547"">Henry, Nick</a>",3547,2,4.91,0,0,0,7.1
Aquinas College,1615,2005,"Kleinfelt, Patrick","<a href=""/WebSync/Pages/Team/IndividualStats.aspx?association=10&amp;sg=MBA&amp;sea=NAIMBA_2005&amp;team=1615&amp;plr=3562"">Kleinfelt, Patrick</a>",3562,12,5.96,4,5,0,71.0
Aquinas College,1615,2005,"Lantzy, Mike","<a href=""/WebSync/Pages/Team/IndividualStats.aspx?association=10&amp;sg=MBA&amp;sea=NAIMBA_2005&amp;team=1615&amp;plr=3545"">Lantzy, Mike</a>",3545,11,13.90,2,0,0,22.2
Aquinas College,1615,2005,"Marrs, Brandon","<a href=""/WebSync/Pages/Team/IndividualStats.aspx?association=10&amp;sg=MBA&amp;sea=NAIMBA_2005&amp;team=1615&amp;plr=3544"">Marrs, Brandon</a>",3544,2,10.80,0,1,0,8.1
Aquinas College,1615,2005,"Martin, Jake","<a href=""/WebSync/Pages/Team/IndividualStats.aspx?association=10&amp;sg=MBA&amp;sea=NAIMBA_2005&amp;team=1615&amp;plr=3552"">Martin, Jake</a>",3552,10,5.69,4,3,0,55.1
Aquinas College,1615,2005,"Muma, Tim","<a href=""/WebSync/Pages/Team/IndividualStats.aspx?association=10&amp;sg=MBA&amp;sea=NAIMBA_2005&amp;team=1615&amp;plr=3570"">Muma, Tim</a>",3570,1,7.71,0,0,0,2.1
Aquinas College,1615,2005,"Nelson, Matt","<a href=""/WebSync/Pages/Team/IndividualStats.aspx?association=10&amp;sg=MBA&amp;sea=NAIMBA_2005&amp;team=1615&amp;plr=3551"">Nelson, Matt</a>",3551,12,3.90,2,2,0,57.2
Aquinas College,1615,2005,"Oosterhouse, Drew","<a href=""/WebSync/Pages/Team/IndividualStats.aspx?association=10&amp;sg=MBA&amp;sea=NAIMBA_2005&amp;team=1615&amp;plr=3571"">Oosterhouse, Drew</a>",3571,15,3.46,3,5,0,26.0
Aquinas College,1615,2005,"Ottenwess, Dave","<a href=""/WebSync/Pages/Team/IndividualStats.aspx?association=10&amp;sg=MBA&amp;sea=NAIMBA_2005&amp;team=1615&amp;plr=3549"">Ottenwess, Dave</a>",3549,14,4.00,7,0,0,63.0
Aquinas College,1615,2005,"Schoenborn, Arik","<a href=""/WebSync/Pages/Team/IndividualStats.aspx?association=10&amp;sg=MBA&amp;sea=NAIMBA_2005&amp;team=1615&amp;plr=3563"">Schoenborn, Arik</a>",3563,10,4.26,4,3,2,25.1
Aquinas College,1615,2005,"Steffee, Jake","<a href=""/WebSync/Pages/Team/IndividualStats.aspx?association=10&amp;sg=MBA&amp;sea=NAIMBA_2005&amp;team=1615&amp;plr=3565"">Steffee, Jake</a>",3565,2,23.14,0,0,0,2.1
Belhaven University,1622,2005,"Braxton, Larkin","<a href=""/WebSync/Pages/Team/IndividualStats.aspx?association=10&amp;sg=MBA&amp;sea=NAIMBA_2005&amp;team=1622&amp;plr=2846"">Braxton, Larkin</a>",2846,18,4.02,4,2,2,71.2
Belhaven University,1622,2005,"Buescher, Kyle","<a href=""/WebSync/Pages/Team/IndividualStats.aspx?association=10&amp;sg=MBA&amp;sea=NAIMBA_2005&amp;team=1622&amp;plr=2827"">Buescher, Kyle</a>",2827,9,7.00,1,0,0,9.0
Belhaven University,1622,2005,"Cox, Josh","<a href=""/WebSync/Pages/Team/IndividualStats.aspx?association=10&amp;sg=MBA&amp;sea=NAIMBA_2005&amp;team=1622&amp;plr=2840"">Cox, Josh</a>",2840,4,4.15,2,0,0,8.2
Belhaven University,1622,2005,"Fults, Jonathan","<a href=""/WebSync/Pages/Team/IndividualStats.aspx?association=10&amp;sg=MBA&amp;sea=NAIMBA_2005&amp;team=1622&amp;plr=2815"">Fults, Jonathan</a>",2815,6,10.13,1,0,1,8.0
Belhaven University,1622,2005,"Fultz, Brad","<a href=""/WebSync/Pages/Team/IndividualStats.aspx?association=10&amp;sg=MBA&amp;sea=NAIMBA_2005&amp;team=1622&amp;plr=2839"">Fultz, Brad</a>",2839,20,4.01,9,6,0,94.1
Belhaven University,1622,2005,"Haden, Jonathan","<a href=""/WebSync/Pages/Team/IndividualStats.aspx?association=10&amp;sg=MBA&amp;sea=NAIMBA_2005&amp;team=1622&amp;plr=2837"">Haden, Jonathan</a>",2837,5,13.50,0,0,0,2.0
Belhaven University,1622,2005,"Hartley, Jeremy","<a href=""/WebSync/Pages/Team/IndividualStats.aspx?association=10&amp;sg=MBA&amp;sea=NAIMBA_2005&amp;team=1622&amp;plr=2833"">Hartley, Jeremy</a>",2833,7,7.88,0,0,1,8.0
Belhaven University,1622,2005,"Haygood, Andrew","<a href=""/WebSync/Pages/Team/IndividualStats.aspx?association=10&amp;sg=MBA&amp;sea=NAIMBA_2005&amp;team=1622&amp;plr=2828"">Haygood, Andrew</a>",2828,3,3.00,1,0,0,3.0
Belhaven University,1622,2005,"Hearn, Daniel","<a href=""/WebSync/Pages/Team/IndividualStats.aspx?association=10&amp;sg=MBA&amp;sea=NAIMBA_2005&amp;team=1622&amp;plr=2843"">Hearn, Daniel</a>",2843,16,1.86,8,5,2,106.2
Belhaven University,1622,2005,"Lawrence, Matt","<a href=""/WebSync/Pages/Team/IndividualStats.aspx?association=10&amp;sg=MBA&amp;sea=NAIMBA_2005&amp;team=1622&amp;plr=2820"">Lawrence, Matt</a>",2820,2,9.00,0,1,0,3.0
Belhaven University,1622,2005,"Norris, Chris","<a href=""/WebSync/Pages/Team/IndividualStats.aspx?association=10&amp;sg=MBA&amp;sea=NAIMBA_2005&amp;team=1622&amp;plr=2817"">Norris, Chris</a>",2817,15,4.88,3,2,0,24.0
Belhaven University,1622,2005,"Sund, Jake","<a href=""/WebSync/Pages/Team/IndividualStats.aspx?association=10&amp;sg=MBA&amp;sea=NAIMBA_2005&amp;team=1622&amp;plr=2826"">Sund, Jake</a>",2826,11,5.22,2,1,0,39.2
Belhaven University,1622,2005,"White, Jared","<a href=""/WebSync/Pages/Team/IndividualStats.aspx?association=10&amp;sg=MBA&amp;sea=NAIMBA_2005&amp;team=1622&amp;plr=2822"">White, Jared</a>",2822,15,5.26,4,7,1,75.1
Bellevue University,1623,2005,"Burkhart, Dan","<a href=""/WebSync/Pages/Team/IndividualStats.aspx?association=10&amp;sg=MBA&amp;sea=NAIMBA_2005&amp;team=1623&amp;plr=2323"">Burkhart, Dan</a>",2323,21,2.63,11,3,1,82.0
Bellevue University,1623,2005,"Goodman, Mark","<a href=""/WebSync/Pages/Team/IndividualStats.aspx?association=10&amp;sg=MBA&amp;sea=NAIMBA_2005&amp;team=1623&amp;plr=2322"">Goodman, Mark</a>",2322,29,1.69,3,1,3,48.0
Bellevue University,1623,2005,"Holloway, Jordan","<a href=""/WebSync/Pages/Team/IndividualStats.aspx?association=10&amp;sg=MBA&amp;sea=NAIMBA_2005&amp;team=1623&amp;plr=2318"">Holloway, Jordan</a>",2318,1,0.00,0,0,0,1.0
Bellevue University,1623,2005,"Jones, Ryan","<a href=""/WebSync/Pages/Team/IndividualStats.aspx?association=10&amp;sg=MBA&amp;sea=NAIMBA_2005&amp;team=1623&amp;plr=2321"">Jones, Ryan</a>",2321,16,4.24,5,1,0,40.1
Bellevue University,1623,2005,"LaCasse, Jess","<a href=""/WebSync/Pages/Team/IndividualStats.aspx?association=10&amp;sg=MBA&amp;sea=NAIMBA_2005&amp;team=1623&amp;plr=2330"">LaCasse, Jess</a>",2330,23,2.15,9,2,4,92.0
Bellevue University,1623,2005,"Langan, John","<a href=""/WebSync/Pages/Team/IndividualStats.aspx?association=10&amp;sg=MBA&amp;sea=NAIMBA_2005&amp;team=1623&amp;plr=2327"">Langan, John</a>",2327,26,1.54,1,1,1,35.0
Bellevue University,1623,2005,"Madej, Ron","<a href=""/WebSync/Pages/Team/IndividualStats.aspx?association=10&amp;sg=MBA&amp;sea=NAIMBA_2005&amp;team=1623&amp;plr=2324"">Madej, Ron</a>",2324,15,3.97,6,1,0,45.1
Bellevue University,1623,2005,"McGregor, Mike","<a href=""/WebSync/Pages/Team/IndividualStats.aspx?association=10&amp;sg=MBA&amp;sea=NAIMBA_2005&amp;team=1623&amp;plr=2325"">McGregor, Mike</a>",2325,13,1.69,3,0,0,16.0
Bellevue University,1623,2005,"Rodriguez, Cesar","<a href=""/WebSync/Pages/Team/IndividualStats.aspx?association=10&amp;sg=MBA&amp;sea=NAIMBA_2005&amp;team=1623&amp;plr=2329"">Rodriguez, Cesar</a>",2329,10,2.51,1,1,0,14.1
Bellevue University,1623,2005,"Wernke, Casey","<a href=""/WebSync/Pages/Team/IndividualStats.aspx?association=10&amp;sg=MBA&amp;sea=NAIMBA_2005&amp;team=1623&amp;plr=2326"">Wernke, Casey</a>",2326,17,4.30,4,1,1,37.2
Bellevue University,1623,2005,"Wichert, Justin","<a href=""/WebSync/Pages/Team/IndividualStats.aspx?association=10&amp;sg=MBA&amp;sea=NAIMBA_2005&amp;team=1623&amp;plr=2320"">Wichert, Justin</a>",2320,12,5.59,1,2,0,19.1
Bellevue University,1623,2005,"Wilson, James","<a href=""/WebSync/Pages/Team/IndividualStats.aspx?association=10&amp;sg=MBA&amp;sea=NAIMBA_2005&amp;team=1623&amp;plr=2328"">Wilson, James</a>",2328,17,2.36,8,1,0,61.0
Bluefield College,1632,2005,"Baker, Steven","<a href=""/WebSync/Pages/Team/IndividualStats.aspx?association=10&amp;sg=MBA&amp;sea=NAIMBA_2005&amp;team=1632&amp;plr=2344"">Baker, Steven</a>",2344,10,14.14,0,5,0,21.0
Bluefield College,1632,2005,"Bryant, Lee","<a href=""/WebSync/Pages/Team/IndividualStats.aspx?association=10&amp;sg=MBA&amp;sea=NAIMBA_2005&amp;team=1632&amp;plr=13461"">Bryant, Lee</a>",13461,17,7.08,2,1,6,20.1
Bluefield College,1632,2005,"Call, Jason","<a href=""/WebSync/Pages/Team/IndividualStats.aspx?association=10&amp;sg=MBA&amp;sea=NAIMBA_2005&amp;team=1632&amp;plr=2349"">Call, Jason</a>",2349,17,5.55,2,3,0,47.0
Bluefield College,1632,2005,"Capone, Billy","<a href=""/WebSync/Pages/Team/IndividualStats.aspx?association=10&amp;sg=MBA&amp;sea=NAIMBA_2005&amp;team=1632&amp;plr=20231"">Capone, Billy</a>",20231,14,5.51,1,0,0,16.1
Bluefield College,1632,2005,"Eldridge, Bo","<a href=""/WebSync/Pages/Team/IndividualStats.aspx?association=10&amp;sg=MBA&amp;sea=NAIMBA_2005&amp;team=1632&amp;plr=2348"">Eldridge, Bo</a>",2348,10,5.48,2,2,0,23.0
Bluefield College,1632,2005,"Fertitta, Sammy","<a href=""/WebSync/Pages/Team/IndividualStats.aspx?association=10&amp;sg=MBA&amp;sea=NAIMBA_2005&amp;team=1632&amp;plr=902"">Fertitta, Sammy</a>",902,12,6.64,2,3,0,40.2
Bluefield College,1632,2005,"Hagwood, Cecil","<a href=""/WebSync/Pages/Team/IndividualStats.aspx?association=10&amp;sg=MBA&amp;sea=NAIMBA_2005&amp;team=1632&amp;plr=904"">Hagwood, Cecil</a>",904,1,0.00,0,0,0,1.0
Bluefield College,1632,2005,"Hodges, Nathan","<a href=""/WebSync/Pages/Team/IndividualStats.aspx?association=10&amp;sg=MBA&amp;sea=NAIMBA_2005&amp;team=1632&amp;plr=2345"">Hodges, Nathan</a>",2345,5,6.27,1,3,0,18.2
Bluefield College,1632,2005,"Link, Jon","<a href=""/WebSync/Pages/Team/IndividualStats.aspx?association=10&amp;sg=MBA&amp;sea=NAIMBA_2005&amp;team=1632&amp;plr=2350"">Link, Jon</a>",2350,13,2.72,6,5,0,72.2
Bluefield College,1632,2005,"Thomas, Ryan","<a href=""/WebSync/Pages/Team/IndividualStats.aspx?association=10&amp;sg=MBA&amp;sea=NAIMBA_2005&amp;team=1632&amp;plr=890"">Thomas, Ryan</a>",890,8,5.54,0,1,0,13.0
Bluefield College,1632,2005,"Ughetto, Jeff","<a href=""/WebSync/Pages/Team/IndividualStats.aspx?association=10&amp;sg=MBA&amp;sea=NAIMBA_2005&amp;team=1632&amp;plr=893"">Ughetto, Jeff</a>",893,9,16.20,0,1,0,10.0
Bluefield College,1632,2005,"Williams, Blake","<a href=""/WebSync/Pages/Team/IndividualStats.aspx?association=10&amp;sg=MBA&amp;sea=NAIMBA_2005&amp;team=1632&amp;plr=13467"">Williams, Blake</a>",13467,11,5.92,2,2,0,24.1
Bryan College,1636,2005,"Cadillac, Tim","<a href=""/WebSync/Pages/Team/IndividualStats.aspx?association=10&amp;sg=MBA&amp;sea=NAIMBA_2005&amp;team=1636&amp;plr=1938"">Cadillac, Tim</a>",1938,1,54.00,0,0,0,0.1
Bryan College,1636,2005,"Carter, Josh","<a href=""/WebSync/Pages/Team/IndividualStats.aspx?association=10&amp;sg=MBA&amp;sea=NAIMBA_2005&amp;team=1636&amp;plr=1645"">Carter, Josh</a>",1645,5,7.88,0,1,0,8.0
Bryan College,1636,2005,"Day, Matt","<a href=""/WebSync/Pages/Team/IndividualStats.aspx?association=10&amp;sg=MBA&amp;sea=NAIMBA_2005&amp;team=1636&amp;plr=14910"">Day, Matt</a>",14910,2,0.00,1,0,0,12.0
Bryan College,1636,2005,"Deal, Jeremy","<a href=""/WebSync/Pages/Team/IndividualStats.aspx?association=10&amp;sg=MBA&amp;sea=NAIMBA_2005&amp;team=1636&amp;plr=1941"">Deal, Jeremy</a>",1941,16,9.56,2,6,0,64.0
Bryan College,1636,2005,"Despagni, Mark","<a href=""/WebSync/Pages/Team/IndividualStats.aspx?association=10&amp;sg=MBA&amp;sea=NAIMBA_2005&amp;team=1636&amp;plr=1648"">Despagni, Mark</a>",1648,17,8.39,2,4,1,53.2
Bryan College,1636,2005,"Ellis, Hudson","<a href=""/WebSync/Pages/Team/IndividualStats.aspx?association=10&amp;sg=MBA&amp;sea=NAIMBA_2005&amp;team=1636&amp;plr=1949"">Ellis, Hudson</a>",1949,2,32.40,0,0,0,1.2
Bryan College,1636,2005,"Gray, Phillip","<a href=""/WebSync/Pages/Team/IndividualStats.aspx?association=10&amp;sg=MBA&amp;sea=NAIMBA_2005&amp;team=1636&amp;plr=1948"">Gray, Phillip</a>",1948,2,9.00,0,0,0,2.0
Bryan College,1636,2005,"Hasty, Taylor","<a href=""/WebSync/Pages/Team/IndividualStats.aspx?association=10&amp;sg=MBA&amp;sea=NAIMBA_2005&amp;team=1636&amp;plr=1651"">Hasty, Taylor</a>",1651,14,9.96,1,6,0,47.0
Bryan College,1636,2005,"Jones, Ronnie","<a href=""/WebSync/Pages/Team/IndividualStats.aspx?association=10&amp;sg=MBA&amp;sea=NAIMBA_2005&amp;team=1636&amp;plr=1649"">Jones, Ronnie</a>",1649,21,6.40,2,12,1,77.1
Bryan College,1636,2005,"McLean, Joel","<a href=""/WebSync/Pages/Team/IndividualStats.aspx?association=10&amp;sg=MBA&amp;sea=NAIMBA_2005&amp;team=1636&amp;plr=1935"">McLean, Joel</a>",1935,4,12.60,0,1,0,5.0
Bryan College,1636,2005,"Naftel, Jesse","<a href=""/WebSync/Pages/Team/IndividualStats.aspx?association=10&amp;sg=MBA&amp;sea=NAIMBA_2005&amp;team=1636&amp;plr=1653"">Naftel, Jesse</a>",1653,7,14.63,0,1,0,8.0
Bryan College,1636,2005,"Stokes, Will","<a href=""/WebSync/Pages/Team/IndividualStats.aspx?association=10&amp;sg=MBA&amp;sea=NAIMBA_2005&amp;team=1636&amp;plr=1937"">Stokes, Will</a>",1937,14,6.26,1,6,0,50.1
Bryan College,1636,2005,"Wharton, Ben","<a href=""/WebSync/Pages/Team/IndividualStats.aspx?association=10&amp;sg=MBA&amp;sea=NAIMBA_2005&amp;team=1636&amp;plr=1644"">Wharton, Ben</a>",1644,3,12.60,1,0,1,5.0
Campbellsville Univ,1641,2005,"Antle, Matt","<a href=""/WebSync/Pages/Team/IndividualStats.aspx?association=10&amp;sg=MBA&amp;sea=NAIMBA_2005&amp;team=1641&amp;plr=3029"">Antle, Matt</a>",3029,13,6.75,5,1,0,36.0
Campbellsville Univ,1641,2005,"Biggs, Travis","<a href=""/WebSync/Pages/Team/IndividualStats.aspx?association=10&amp;sg=MBA&amp;sea=NAIMBA_2005&amp;team=1641&amp;plr=3002"">Biggs, Travis</a>",3002,1,1.50,1,0,0,6.0
Campbellsville Univ,1641,2005,"Carlile, Morgan","<a href=""/WebSync/Pages/Team/IndividualStats.aspx?association=10&amp;sg=MBA&amp;sea=NAIMBA_2005&amp;team=1641&amp;plr=3015"">Carlile, Morgan</a>",3015,15,2.63,9,3,1,78.2
Campbellsville Univ,1641,2005,"Chaffardet, Daniel","<a href=""/WebSync/Pages/Team/IndividualStats.aspx?association=10&amp;sg=MBA&amp;sea=NAIMBA_2005&amp;team=1641&amp;plr=2998"">Chaffardet, Daniel</a>",2998,3,8.22,0,0,1,7.2
Campbellsville Univ,1641,2005,"Diemer, Matt","<a href=""/WebSync/Pages/Team/IndividualStats.aspx?association=10&amp;sg=MBA&amp;sea=NAIMBA_2005&amp;team=1641&amp;plr=3000"">Diemer, Matt</a>",3000,1,6.00,0,0,1,3.0
Campbellsville Univ,1641,2005,"Glawson, Keith","<a href=""/WebSync/Pages/Team/IndividualStats.aspx?association=10&amp;sg=MBA&amp;sea=NAIMBA_2005&amp;team=1641&amp;plr=2993"">Glawson, Keith</a>",2993,1,16.20,0,1,0,3.1
Campbellsville Univ,1641,2005,"Higgs, Brandon","<a href=""/WebSync/Pages/Team/IndividualStats.aspx?association=10&amp;sg=MBA&amp;sea=NAIMBA_2005&amp;team=1641&amp;plr=2985"">Higgs, Brandon</a>",2985,3,13.50,1,0,0,6.0
Campbellsville Univ,1641,2005,"Johnson, Donnie","<a href=""/WebSync/Pages/Team/IndividualStats.aspx?association=10&amp;sg=MBA&amp;sea=NAIMBA_2005&amp;team=1641&amp;plr=3019"">Johnson, Donnie</a>",3019,19,1.32,2,1,11,27.1
Campbellsville Univ,1641,2005,"Johnson, Timmy","<a href=""/WebSync/Pages/Team/IndividualStats.aspx?association=10&amp;sg=MBA&amp;sea=NAIMBA_2005&amp;team=1641&amp;plr=3020"">Johnson, Timmy</a>",3020,3,0.00,0,0,0,4.0
Campbellsville Univ,1641,2005,"Koop, Andrew","<a href=""/WebSync/Pages/Team/IndividualStats.aspx?association=10&amp;sg=MBA&amp;sea=NAIMBA_2005&amp;team=1641&amp;plr=2992"">Koop, Andrew</a>",2992,15,2.82,9,4,0,83.0
Campbellsville Univ,1641,2005,"Lewis, Zach","<a href=""/WebSync/Pages/Team/IndividualStats.aspx?association=10&amp;sg=MBA&amp;sea=NAIMBA_2005&amp;team=1641&amp;plr=3006"">Lewis, Zach</a>",3006,7,3.47,2,1,1,23.1
Campbellsville Univ,1641,2005,"Neufeld, Jason","<a href=""/WebSync/Pages/Team/IndividualStats.aspx?association=10&amp;sg=MBA&amp;sea=NAIMBA_2005&amp;team=1641&amp;plr=2999"">Neufeld, Jason</a>",2999,8,4.08,4,2,0,35.1
Campbellsville Univ,1641,2005,"Pelle, Ryne","<a href=""/WebSync/Pages/Team/IndividualStats.aspx?association=10&amp;sg=MBA&amp;sea=NAIMBA_2005&amp;team=1641&amp;plr=3005"">Pelle, Ryne</a>",3005,1,0.00,0,0,0,1.0
Campbellsville Univ,1641,2005,"Walton, Barry","<a href=""/WebSync/Pages/Team/IndividualStats.aspx?association=10&amp;sg=MBA&amp;sea=NAIMBA_2005&amp;team=1641&amp;plr=3025"">Walton, Barry</a>",3025,15,4.58,6,0,0,59.0
Campbellsville Univ,1641,2005,"Wood, Tommy","<a href=""/WebSync/Pages/Team/IndividualStats.aspx?association=10&amp;sg=MBA&amp;sea=NAIMBA_2005&amp;team=1641&amp;plr=3028"">Wood, Tommy</a>",3028,9,7.11,2,1,0,12.2
College of Idaho,1612,2005,"Alsager, Lars","<a href=""/WebSync/Pages/Team/IndividualStats.aspx?association=10&amp;sg=MBA&amp;sea=NAIMBA_2005&amp;team=1612&amp;plr=3303"">Alsager, Lars</a>",3303,13,1.88,1,1,0,14.1
College of Idaho,1612,2005,"Bergstrom, Matt","<a href=""/WebSync/Pages/Team/IndividualStats.aspx?association=10&amp;sg=MBA&amp;sea=NAIMBA_2005&amp;team=1612&amp;plr=3307"">Bergstrom, Matt</a>",3307,9,6.27,2,1,2,37.1
College of Idaho,1612,2005,"Blair, Taylor","<a href=""/WebSync/Pages/Team/IndividualStats.aspx?association=10&amp;sg=MBA&amp;sea=NAIMBA_2005&amp;team=1612&amp;plr=3320"">Blair, Taylor</a>",3320,6,3.66,1,3,0,32.0
College of Idaho,1612,2005,"De La Paz, Dominic","<a href=""/WebSync/Pages/Team/IndividualStats.aspx?association=10&amp;sg=MBA&amp;sea=NAIMBA_2005&amp;team=1612&amp;plr=3314"">De La Paz, Dominic</a>",3314,10,2.08,0,0,1,8.2
College of Idaho,1612,2005,"Erickson, Paul","<a href=""/WebSync/Pages/Team/IndividualStats.aspx?association=10&amp;sg=MBA&amp;sea=NAIMBA_2005&amp;team=1612&amp;plr=3301"">Erickson, Paul</a>",3301,4,8.35,1,1,0,18.1
College of Idaho,1612,2005,"Feucht, Jeremy","<a href=""/WebSync/Pages/Team/IndividualStats.aspx?association=10&amp;sg=MBA&amp;sea=NAIMBA_2005&amp;team=1612&amp;plr=3302"">Feucht, Jeremy</a>",3302,4,10.38,0,0,0,4.1
College of Idaho,1612,2005,"Freese, Nate","<a href=""/WebSync/Pages/Team/IndividualStats.aspx?association=10&amp;sg=MBA&amp;sea=NAIMBA_2005&amp;team=1612&amp;plr=3322"">Freese, Nate</a>",3322,7,3.60,0,0,2,10.0
College of Idaho,1612,2005,"Hall, Andrew","<a href=""/WebSync/Pages/Team/IndividualStats.aspx?association=10&amp;sg=MBA&amp;sea=NAIMBA_2005&amp;team=1612&amp;plr=3308"">Hall, Andrew</a>",3308,12,8.50,0,2,0,18.0
College of Idaho,1612,2005,"Lyon, Patrick","<a href=""/WebSync/Pages/Team/IndividualStats.aspx?association=10&amp;sg=MBA&amp;sea=NAIMBA_2005&amp;team=1612&amp;plr=3293"">Lyon, Patrick</a>",3293,5,15.75,0,0,0,4.0
College of Idaho,1612,2005,"Strandlund, Charlie","<a href=""/WebSync/Pages/Team/IndividualStats.aspx?association=10&amp;sg=MBA&amp;sea=NAIMBA_2005&amp;team=1612&amp;plr=3305"">Strandlund, Charlie</a>",3305,9,2.65,6,0,0,54.1
College of Idaho,1612,2005,"Taysom, Carson","<a href=""/WebSync/Pages/Team/IndividualStats.aspx?association=10&amp;sg=MBA&amp;sea=NAIMBA_2005&amp;team=1612&amp;plr=3316"">Taysom, Carson</a>",3316,8,7.36,2,1,0,11.0
College of Idaho,1612,2005,"Zachary, Matt","<a href=""/WebSync/Pages/Team/IndividualStats.aspx?association=10&amp;sg=MBA&amp;sea=NAIMBA_2005&amp;team=1612&amp;plr=3299"">Zachary, Matt</a>",3299,6,3.27,4,1,0,33.0
College of Idaho,1612,2005,"Zubizarreta, Joey","<a href=""/WebSync/Pages/Team/IndividualStats.aspx?association=10&amp;sg=MBA&amp;sea=NAIMBA_2005&amp;team=1612&amp;plr=3306"">Zubizarreta, Joey</a>",3306,8,4.50,2,2,0,20.0
Concordia University OR,1653,2005,"Allen, Mike","<a href=""/WebSync/Pages/Team/IndividualStats.aspx?association=10&amp;sg=MBA&amp;sea=NAIMBA_2005&amp;team=1653&amp;plr=2411"">Allen, Mike</a>",2411,9,5.30,2,3,0,54.1
Concordia University OR,1653,2005,"Burbank, Billy","<a href=""/WebSync/Pages/Team/IndividualStats.aspx?association=10&amp;sg=MBA&amp;sea=NAIMBA_2005&amp;team=1653&amp;plr=2403"">Burbank, Billy</a>",2403,12,7.24,0,1,1,32.1
Concordia University OR,1653,2005,"Corwin, Kyle","<a href=""/WebSync/Pages/Team/IndividualStats.aspx?association=10&amp;sg=MBA&amp;sea=NAIMBA_2005&amp;team=1653&amp;plr=28120"">Corwin, Kyle</a>",28120,10,8.84,1,0,0,18.1
Concordia University OR,1653,2005,"Gilberti, Scott","<a href=""/WebSync/Pages/Team/IndividualStats.aspx?association=10&amp;sg=MBA&amp;sea=NAIMBA_2005&amp;team=1653&amp;plr=2393"">Gilberti, Scott</a>",2393,11,5.89,2,4,1,36.2
Concordia University OR,1653,2005,"Litzer, Drew","<a href=""/WebSync/Pages/Team/IndividualStats.aspx?association=10&amp;sg=MBA&amp;sea=NAIMBA_2005&amp;team=1653&amp;plr=2402"">Litzer, Drew</a>",2402,14,3.60,1,2,3,25.0
Concordia University OR,1653,2005,"Mathews, Seth","<a href=""/WebSync/Pages/Team/IndividualStats.aspx?association=10&amp;sg=MBA&amp;sea=NAIMBA_2005&amp;team=1653&amp;plr=2394"">Mathews, Seth</a>",2394,10,7.67,3,2,0,29.1
Concordia University OR,1653,2005,"Moore, Charlie","<a href=""/WebSync/Pages/Team/IndividualStats.aspx?association=10&amp;sg=MBA&amp;sea=NAIMBA_2005&amp;team=1653&amp;plr=2404"">Moore, Charlie</a>",2404,11,3.64,3,4,0,47.0
Concordia University OR,1653,2005,"Rohr, Greg","<a href=""/WebSync/Pages/Team/IndividualStats.aspx?association=10&amp;sg=MBA&amp;sea=NAIMBA_2005&amp;team=1653&amp;plr=2400"">Rohr, Greg</a>",2400,8,3.75,1,0,0,12.0
Concordia University OR,1653,2005,"Sammis, Mike","<a href=""/WebSync/Pages/Team/IndividualStats.aspx?association=10&amp;sg=MBA&amp;sea=NAIMBA_2005&amp;team=1653&amp;plr=2397"">Sammis, Mike</a>",2397,5,7.13,1,1,0,17.2
Concordia University OR,1653,2005,"Well, Kyle","<a href=""/WebSync/Pages/Team/IndividualStats.aspx?association=10&amp;sg=MBA&amp;sea=NAIMBA_2005&amp;team=1653&amp;plr=2399"">Well, Kyle</a>",2399,12,11.84,1,2,0,19.0
Corban University,1819,2005,"Bernard, Bryan","<a href=""/WebSync/Pages/Team/IndividualStats.aspx?association=10&amp;sg=MBA&amp;sea=NAIMBA_2005&amp;team=1819&amp;plr=3366"">Bernard, Bryan</a>",3366,15,6.46,0,0,0,23.2
Corban University,1819,2005,"Bovey, Rob","<a href=""/WebSync/Pages/Team/IndividualStats.aspx?association=10&amp;sg=MBA&amp;sea=NAIMBA_2005&amp;team=1819&amp;plr=3372"">Bovey, Rob</a>",3372,6,7.36,0,1,0,18.1
Corban University,1819,2005,"Clayton, Zeke","<a href=""/WebSync/Pages/Team/IndividualStats.aspx?association=10&amp;sg=MBA&amp;sea=NAIMBA_2005&amp;team=1819&amp;plr=3365"">Clayton, Zeke</a>",3365,19,3.93,2,0,1,34.1
Corban University,1819,2005,"Emery, Jordan","<a href=""/WebSync/Pages/Team/IndividualStats.aspx?association=10&amp;sg=MBA&amp;sea=NAIMBA_2005&amp;team=1819&amp;plr=7906"">Emery, Jordan</a>",7906,10,7.53,2,3,1,43.0
Corban University,1819,2005,"Fitchett, Scott","<a href=""/WebSync/Pages/Team/IndividualStats.aspx?association=10&amp;sg=MBA&amp;sea=NAIMBA_2005&amp;team=1819&amp;plr=3358"">Fitchett, Scott</a>",3358,15,13.34,1,2,0,28.1
Corban University,1819,2005,"Porter, Ryan","<a href=""/WebSync/Pages/Team/IndividualStats.aspx?association=10&amp;sg=MBA&amp;sea=NAIMBA_2005&amp;team=1819&amp;plr=3368"">Porter, Ryan</a>",3368,4,3.60,1,0,0,5.0
Corban University,1819,2005,"Purnell, Brian","<a href=""/WebSync/Pages/Team/IndividualStats.aspx?association=10&amp;sg=MBA&amp;sea=NAIMBA_2005&amp;team=1819&amp;plr=3375"">Purnell, Brian</a>",3375,5,23.14,0,0,0,4.2
Corban University,1819,2005,"Stokes, Derek","<a href=""/WebSync/Pages/Team/IndividualStats.aspx?association=10&amp;sg=MBA&amp;sea=NAIMBA_2005&amp;team=1819&amp;plr=20906"">Stokes, Derek</a>",20906,13,6.35,3,1,2,22.2
Corban University,1819,2005,"Timmerman, Brett","<a href=""/WebSync/Pages/Team/IndividualStats.aspx?association=10&amp;sg=MBA&amp;sea=NAIMBA_2005&amp;team=1819&amp;plr=18496"">Timmerman, Brett</a>",18496,9,7.48,2,5,0,43.1
Corban University,1819,2005,"Zumwalt, John","<a href=""/WebSync/Pages/Team/IndividualStats.aspx?association=10&amp;sg=MBA&amp;sea=NAIMBA_2005&amp;team=1819&amp;plr=3371"">Zumwalt, John</a>",3371,11,6.23,3,7,0,60.2
Cumberland University TN,1657,2005,"Billups, Anthony","<a href=""/WebSync/Pages/Team/IndividualStats.aspx?association=10&amp;sg=MBA&amp;sea=NAIMBA_2005&amp;team=1657&amp;plr=2857"">Billups, Anthony</a>",2857,5,6.46,2,0,0,15.1
Cumberland University TN,1657,2005,"Brown, Jared","<a href=""/WebSync/Pages/Team/IndividualStats.aspx?association=10&amp;sg=MBA&amp;sea=NAIMBA_2005&amp;team=1657&amp;plr=2869"">Brown, Jared</a>",2869,16,3.07,7,3,0,70.1
Cumberland University TN,1657,2005,"Carden, Andrew","<a href=""/WebSync/Pages/Team/IndividualStats.aspx?association=10&amp;sg=MBA&amp;sea=NAIMBA_2005&amp;team=1657&amp;plr=2867"">Carden, Andrew</a>",2867,4,4.32,2,0,0,8.1
Cumberland University TN,1657,2005,"Gividen,","<a href=""/WebSync/Pages/Team/IndividualStats.aspx?association=10&amp;sg=MBA&amp;sea=NAIMBA_2005&amp;team=1657&amp;plr=3610"">Gividen,  </a>",3610,1,99.00,0,0,0,0.0
Cumberland University TN,1657,2005,"Gregory, Ryan","<a href=""/WebSync/Pages/Team/IndividualStats.aspx?association=10&amp;sg=MBA&amp;sea=NAIMBA_2005&amp;team=1657&amp;plr=15764"">Gregory, Ryan</a>",15764,1,0.00,0,0,0,1.0
Cumberland University TN,1657,2005,"Hicks, Jarvis","<a href=""/WebSync/Pages/Team/IndividualStats.aspx?association=10&amp;sg=MBA&amp;sea=NAIMBA_2005&amp;team=1657&amp;plr=2859"">Hicks, Jarvis</a>",2859,7,4.15,3,1,0,30.1
Cumberland University TN,1657,2005,"Kline, Steve","<a href=""/WebSync/Pages/Team/IndividualStats.aspx?association=10&amp;sg=MBA&amp;sea=NAIMBA_2005&amp;team=1657&amp;plr=2863"">Kline, Steve</a>",2863,21,2.11,12,5,0,127.2
Cumberland University TN,1657,2005,"Magdaleno, Luis","<a href=""/WebSync/Pages/Team/IndividualStats.aspx?association=10&amp;sg=MBA&amp;sea=NAIMBA_2005&amp;team=1657&amp;plr=2861"">Magdaleno, Luis</a>",2861,15,2.61,3,1,2,41.1
Cumberland University TN,1657,2005,"Magdaleno, Lewis","<a href=""/WebSync/Pages/Team/IndividualStats.aspx?association=10&amp;sg=MBA&amp;sea=NAIMBA_2005&amp;team=1657&amp;plr=3536"">Magdaleno, Lewis</a>",3536,5,8.38,0,0,0,9.2
Cumberland University TN,1657,2005,"Miranda, Carlos","<a href=""/WebSync/Pages/Team/IndividualStats.aspx?association=10&amp;sg=MBA&amp;sea=NAIMBA_2005&amp;team=1657&amp;plr=2860"">Miranda, Carlos</a>",2860,16,3.26,10,4,0,91.0
Cumberland University TN,1657,2005,"Parker, James","<a href=""/WebSync/Pages/Team/IndividualStats.aspx?association=10&amp;sg=MBA&amp;sea=NAIMBA_2005&amp;team=1657&amp;plr=2858"">Parker, James</a>",2858,10,3.82,3,1,0,33.0
Cumberland University TN,1657,2005,"Selph, Steve","<a href=""/WebSync/Pages/Team/IndividualStats.aspx?association=10&amp;sg=MBA&amp;sea=NAIMBA_2005&amp;team=1657&amp;plr=2875"">Selph, Steve</a>",2875,1,0.00,0,0,0,1.0
Cumberland University TN,1657,2005,"Tant, Matt","<a href=""/WebSync/Pages/Team/IndividualStats.aspx?association=10&amp;sg=MBA&amp;sea=NAIMBA_2005&amp;team=1657&amp;plr=2866"">Tant, Matt</a>",2866,3,0.00,1,0,0,3.2
Cumberland University TN,1657,2005,"Tomlinson, Adam","<a href=""/WebSync/Pages/Team/IndividualStats.aspx?association=10&amp;sg=MBA&amp;sea=NAIMBA_2005&amp;team=1657&amp;plr=3126"">Tomlinson, Adam</a>",3126,8,4.82,0,0,3,9.1
Cumberland University TN,1657,2005,"Tomlinson, Adam","<a href=""/WebSync/Pages/Team/IndividualStats.aspx?association=10&amp;sg=MBA&amp;sea=NAIMBA_2005&amp;team=1657&amp;plr=2854"">Tomlinson, Adam</a>",2854,7,2.45,1,0,1,7.1
Cumberland University TN,1657,2005,"Tomlinson, Adam","<a href=""/WebSync/Pages/Team/IndividualStats.aspx?association=10&amp;sg=MBA&amp;sea=NAIMBA_2005&amp;team=1657&amp;plr=3535"">Tomlinson, Adam</a>",3535,8,11.57,0,3,0,7.0
Cumberland University TN,1657,2005,"Underhill, Josh","<a href=""/WebSync/Pages/Team/IndividualStats.aspx?association=10&amp;sg=MBA&amp;sea=NAIMBA_2005&amp;team=1657&amp;plr=2868"">Underhill, Josh</a>",2868,38,2.66,12,3,6,125.0
Cumberland University TN,1657,2005,"Wojciechowski, Justin","<a href=""/WebSync/Pages/Team/IndividualStats.aspx?association=10&amp;sg=MBA&amp;sea=NAIMBA_2005&amp;team=1657&amp;plr=2855"">Wojciechowski, Justin</a>",2855,4,6.75,0,0,0,9.1
Freed-Hardeman Univ,1673,2005,"Carson, Andrew","<a href=""/WebSync/Pages/Team/IndividualStats.aspx?association=10&amp;sg=MBA&amp;sea=NAIMBA_2005&amp;team=1673&amp;plr=2267"">Carson, Andrew</a>",2267,1,99.00,0,0,0,0.0
Freed-Hardeman Univ,1673,2005,"Forrest, Justin","<a href=""/WebSync/Pages/Team/IndividualStats.aspx?association=10&amp;sg=MBA&amp;sea=NAIMBA_2005&amp;team=1673&amp;plr=12839"">Forrest, Justin</a>",12839,1,0.00,0,0,0,1.0
Freed-Hardeman Univ,1673,2005,"Gardner, David","<a href=""/WebSync/Pages/Team/IndividualStats.aspx?association=10&amp;sg=MBA&amp;sea=NAIMBA_2005&amp;team=1673&amp;plr=2271"">Gardner, David</a>",2271,9,9.40,1,2,0,29.2
Freed-Hardeman Univ,1673,2005,"Hester, Josh","<a href=""/WebSync/Pages/Team/IndividualStats.aspx?association=10&amp;sg=MBA&amp;sea=NAIMBA_2005&amp;team=1673&amp;plr=22088"">Hester, Josh</a>",22088,17,2.44,10,2,0,77.1
Freed-Hardeman Univ,1673,2005,"Huffman, Logan","<a href=""/WebSync/Pages/Team/IndividualStats.aspx?association=10&amp;sg=MBA&amp;sea=NAIMBA_2005&amp;team=1673&amp;plr=2262"">Huffman, Logan</a>",2262,8,11.25,0,0,0,8.0
Freed-Hardeman Univ,1673,2005,"Lee, Louis","<a href=""/WebSync/Pages/Team/IndividualStats.aspx?association=10&amp;sg=MBA&amp;sea=NAIMBA_2005&amp;team=1673&amp;plr=2281"">Lee, Louis</a>",2281,1,18.00,0,0,0,1.0
Freed-Hardeman Univ,1673,2005,"Matlock, Robert","<a href=""/WebSync/Pages/Team/IndividualStats.aspx?association=10&amp;sg=MBA&amp;sea=NAIMBA_2005&amp;team=1673&amp;plr=18075"">Matlock, Robert</a>",18075,3,13.50,0,0,0,3.1
Freed-Hardeman Univ,1673,2005,"McCullough, Jim","<a href=""/WebSync/Pages/Team/IndividualStats.aspx?association=10&amp;sg=MBA&amp;sea=NAIMBA_2005&amp;team=1673&amp;plr=2282"">McCullough, Jim</a>",2282,5,5.14,1,0,0,7.0
Freed-Hardeman Univ,1673,2005,"Miller, Joe","<a href=""/WebSync/Pages/Team/IndividualStats.aspx?association=10&amp;sg=MBA&amp;sea=NAIMBA_2005&amp;team=1673&amp;plr=2286"">Miller, Joe</a>",2286,14,2.67,8,3,0,54.0
Freed-Hardeman Univ,1673,2005,"Newman, Tyler","<a href=""/WebSync/Pages/Team/IndividualStats.aspx?association=10&amp;sg=MBA&amp;sea=NAIMBA_2005&amp;team=1673&amp;plr=2269"">Newman, Tyler</a>",2269,10,4.57,3,4,0,41.1
Freed-Hardeman Univ,1673,2005,"Palmer, Michael","<a href=""/WebSync/Pages/Team/IndividualStats.aspx?association=10&amp;sg=MBA&amp;sea=NAIMBA_2005&amp;team=1673&amp;plr=2266"">Palmer, Michael</a>",2266,16,4.01,2,3,0,49.1
Freed-Hardeman Univ,1673,2005,"Phillips, Kyle","<a href=""/WebSync/Pages/Team/IndividualStats.aspx?association=10&amp;sg=MBA&amp;sea=NAIMBA_2005&amp;team=1673&amp;plr=2265"">Phillips, Kyle</a>",2265,20,4.85,8,5,0,98.1
Freed-Hardeman Univ,1673,2005,"Shoemate, Kirk","<a href=""/WebSync/Pages/Team/IndividualStats.aspx?association=10&amp;sg=MBA&amp;sea=NAIMBA_2005&amp;team=1673&amp;plr=2260"">Shoemate, Kirk</a>",2260,29,3.59,2,4,6,52.2
Georgetown College,1676,2005,",","<a href=""/WebSync/Pages/Team/IndividualStats.aspx?association=10&amp;sg=MBA&amp;sea=NAIMBA_2005&amp;team=1676&amp;plr=3436""> ,  </a>",3436,1,13.50,0,0,0,1.1
Georgetown College,1676,2005,"Aitkin, Chase","<a href=""/WebSync/Pages/Team/IndividualStats.aspx?association=10&amp;sg=MBA&amp;sea=NAIMBA_2005&amp;team=1676&amp;plr=3258"">Aitkin, Chase</a>",3258,2,16.20,0,0,0,5.0
Georgetown College,1676,2005,"Anderson, Jamie","<a href=""/WebSync/Pages/Team/IndividualStats.aspx?association=10&amp;sg=MBA&amp;sea=NAIMBA_2005&amp;team=1676&amp;plr=3269"">Anderson, Jamie</a>",3269,9,5.33,1,3,1,27.0
Georgetown College,1676,2005,"Burks, Adam","<a href=""/WebSync/Pages/Team/IndividualStats.aspx?association=10&amp;sg=MBA&amp;sea=NAIMBA_2005&amp;team=1676&amp;plr=3263"">Burks, Adam</a>",3263,13,2.62,7,6,0,79.0
Georgetown College,1676,2005,"Burns, Andy","<a href=""/WebSync/Pages/Team/IndividualStats.aspx?association=10&amp;sg=MBA&amp;sea=NAIMBA_2005&amp;team=1676&amp;plr=3248"">Burns, Andy</a>",3248,6,3.16,1,3,0,31.1
Georgetown College,1676,2005,"Davis, Adam","<a href=""/WebSync/Pages/Team/IndividualStats.aspx?association=10&amp;sg=MBA&amp;sea=NAIMBA_2005&amp;team=1676&amp;plr=3264"">Davis, Adam</a>",3264,14,3.25,5,4,0,63.2
Georgetown College,1676,2005,"Greear, Josh","<a href=""/WebSync/Pages/Team/IndividualStats.aspx?association=10&amp;sg=MBA&amp;sea=NAIMBA_2005&amp;team=1676&amp;plr=3448"">Greear, Josh</a>",3448,3,21.00,0,0,0,3.0
Georgetown College,1676,2005,"Roberts, Nick","<a href=""/WebSync/Pages/Team/IndividualStats.aspx?association=10&amp;sg=MBA&amp;sea=NAIMBA_2005&amp;team=1676&amp;plr=3260"">Roberts, Nick</a>",3260,7,8.22,0,3,0,23.0
Georgetown College,1676,2005,"Shewmaker, Matt","<a href=""/WebSync/Pages/Team/IndividualStats.aspx?association=10&amp;sg=MBA&amp;sea=NAIMBA_2005&amp;team=1676&amp;plr=3267"">Shewmaker, Matt</a>",3267,13,6.11,1,0,1,17.2
Georgetown College,1676,2005,"Williams, Anthony","<a href=""/WebSync/Pages/Team/IndividualStats.aspx?association=10&amp;sg=MBA&amp;sea=NAIMBA_2005&amp;team=1676&amp;plr=3257"">Williams, Anthony</a>",3257,12,6.57,1,6,1,50.2
Georgetown College,1676,2005,"Wirsch, Jerry","<a href=""/WebSync/Pages/Team/IndividualStats.aspx?association=10&amp;sg=MBA&amp;sea=NAIMBA_2005&amp;team=1676&amp;plr=3268"">Wirsch, Jerry</a>",3268,9,12.96,1,3,0,16.2
Grace College,1679,2005,"Beauparlant, Brian","<a href=""/WebSync/Pages/Team/IndividualStats.aspx?association=10&amp;sg=MBA&amp;sea=NAIMBA_2005&amp;team=1679&amp;plr=2465"">Beauparlant, Brian</a>",2465,3,6.16,1,2,0,19.0
Grace College,1679,2005,"Denlinger, Nate","<a href=""/WebSync/Pages/Team/IndividualStats.aspx?association=10&amp;sg=MBA&amp;sea=NAIMBA_2005&amp;team=1679&amp;plr=2472"">Denlinger, Nate</a>",2472,4,8.51,0,4,0,24.1
Grace College,1679,2005,"Emmons, Matt","<a href=""/WebSync/Pages/Team/IndividualStats.aspx?association=10&amp;sg=MBA&amp;sea=NAIMBA_2005&amp;team=1679&amp;plr=2467"">Emmons, Matt</a>",2467,3,14.90,0,3,0,9.2
Grace College,1679,2005,"Gale, Jon","<a href=""/WebSync/Pages/Team/IndividualStats.aspx?association=10&amp;sg=MBA&amp;sea=NAIMBA_2005&amp;team=1679&amp;plr=2471"">Gale, Jon</a>",2471,3,7.94,0,3,0,11.1
Grace College,1679,2005,"Gavranic, Chris","<a href=""/WebSync/Pages/Team/IndividualStats.aspx?association=10&amp;sg=MBA&amp;sea=NAIMBA_2005&amp;team=1679&amp;plr=2463"">Gavranic, Chris</a>",2463,2,9.95,0,1,0,6.1
Grace College,1679,2005,"Hamstra, Jeff","<a href=""/WebSync/Pages/Team/IndividualStats.aspx?association=10&amp;sg=MBA&amp;sea=NAIMBA_2005&amp;team=1679&amp;plr=2460"">Hamstra, Jeff</a>",2460,2,12.60,0,2,0,10.0
Grace College,1679,2005,"Henry, Coty","<a href=""/WebSync/Pages/Team/IndividualStats.aspx?association=10&amp;sg=MBA&amp;sea=NAIMBA_2005&amp;team=1679&amp;plr=2474"">Henry, Coty</a>",2474,2,13.50,0,0,0,5.1
Grace College,1679,2005,"Kline, Ryan","<a href=""/WebSync/Pages/Team/IndividualStats.aspx?association=10&amp;sg=MBA&amp;sea=NAIMBA_2005&amp;team=1679&amp;plr=2466"">Kline, Ryan</a>",2466,2,15.43,0,0,0,2.1
Grace College,1679,2005,"Kreamer, Nathan","<a href=""/WebSync/Pages/Team/IndividualStats.aspx?association=10&amp;sg=MBA&amp;sea=NAIMBA_2005&amp;team=1679&amp;plr=2461"">Kreamer, Nathan</a>",2461,1,0.00,0,0,0,1.0
Grace College,1679,2005,"Priode, Greg","<a href=""/WebSync/Pages/Team/IndividualStats.aspx?association=10&amp;sg=MBA&amp;sea=NAIMBA_2005&amp;team=1679&amp;plr=2476"">Priode, Greg</a>",2476,5,13.00,0,0,0,9.0
Grace College,1679,2005,"Walmer, Geoff","<a href=""/WebSync/Pages/Team/IndividualStats.aspx?association=10&amp;sg=MBA&amp;sea=NAIMBA_2005&amp;team=1679&amp;plr=2478"">Walmer, Geoff</a>",2478,2,9.00,0,0,0,2.0
Grace College,1679,2005,"Wood, Josh","<a href=""/WebSync/Pages/Team/IndividualStats.aspx?association=10&amp;sg=MBA&amp;sea=NAIMBA_2005&amp;team=1679&amp;plr=2469"">Wood, Josh</a>",2469,1,9.00,0,0,0,1.0
LSU-Shreveport,1710,2005,"Alexander, David","<a href=""/WebSync/Pages/Team/IndividualStats.aspx?association=10&amp;sg=MBA&amp;sea=NAIMBA_2005&amp;team=1710&amp;plr=2674"">Alexander, David</a>",2674,6,5.68,2,2,0,31.2
LSU-Shreveport,1710,2005,"Calhoun, Marcus","<a href=""/WebSync/Pages/Team/IndividualStats.aspx?association=10&amp;sg=MBA&amp;sea=NAIMBA_2005&amp;team=1710&amp;plr=2670"">Calhoun, Marcus</a>",2670,4,6.75,2,0,0,9.1
LSU-Shreveport,1710,2005,"Chabot, Jeremie","<a href=""/WebSync/Pages/Team/IndividualStats.aspx?association=10&amp;sg=MBA&amp;sea=NAIMBA_2005&amp;team=1710&amp;plr=2675"">Chabot, Jeremie</a>",2675,5,3.12,1,0,0,8.2
LSU-Shreveport,1710,2005,"Cox, Adam","<a href=""/WebSync/Pages/Team/IndividualStats.aspx?association=10&amp;sg=MBA&amp;sea=NAIMBA_2005&amp;team=1710&amp;plr=2665"">Cox, Adam</a>",2665,5,9.22,1,0,0,13.2
LSU-Shreveport,1710,2005,"Cunningham, Dereck","<a href=""/WebSync/Pages/Team/IndividualStats.aspx?association=10&amp;sg=MBA&amp;sea=NAIMBA_2005&amp;team=1710&amp;plr=2664"">Cunningham, Dereck</a>",2664,6,2.63,3,1,1,27.1
LSU-Shreveport,1710,2005,"Ezernack, Brandon","<a href=""/WebSync/Pages/Team/IndividualStats.aspx?association=10&amp;sg=MBA&amp;sea=NAIMBA_2005&amp;team=1710&amp;plr=2663"">Ezernack, Brandon</a>",2663,2,27.00,0,0,0,1.1
LSU-Shreveport,1710,2005,"Jewell, Kevin","<a href=""/WebSync/Pages/Team/IndividualStats.aspx?association=10&amp;sg=MBA&amp;sea=NAIMBA_2005&amp;team=1710&amp;plr=2669"">Jewell, Kevin</a>",2669,7,5.14,5,0,2,21.0
LSU-Shreveport,1710,2005,"Jones, Mitch","<a href=""/WebSync/Pages/Team/IndividualStats.aspx?association=10&amp;sg=MBA&amp;sea=NAIMBA_2005&amp;team=1710&amp;plr=2684"">Jones, Mitch</a>",2684,4,34.71,0,1,0,2.1
LSU-Shreveport,1710,2005,"Kowatz, Frank","<a href=""/WebSync/Pages/Team/IndividualStats.aspx?association=10&amp;sg=MBA&amp;sea=NAIMBA_2005&amp;team=1710&amp;plr=2689"">Kowatz, Frank</a>",2689,8,2.25,2,0,0,16.0
LSU-Shreveport,1710,2005,"Lewis, Tyler","<a href=""/WebSync/Pages/Team/IndividualStats.aspx?association=10&amp;sg=MBA&amp;sea=NAIMBA_2005&amp;team=1710&amp;plr=2687"">Lewis, Tyler</a>",2687,6,7.20,2,1,0,25.0
LSU-Shreveport,1710,2005,"Moro, Colin","<a href=""/WebSync/Pages/Team/IndividualStats.aspx?association=10&amp;sg=MBA&amp;sea=NAIMBA_2005&amp;team=1710&amp;plr=2676"">Moro, Colin</a>",2676,1,0.00,1,0,0,3.1
LSU-Shreveport,1710,2005,"Pinkston, Blake","<a href=""/WebSync/Pages/Team/IndividualStats.aspx?association=10&amp;sg=MBA&amp;sea=NAIMBA_2005&amp;team=1710&amp;plr=2683"">Pinkston, Blake</a>",2683,5,14.73,0,0,0,7.1
LSU-Shreveport,1710,2005,"Thomas, James","<a href=""/WebSync/Pages/Team/IndividualStats.aspx?association=10&amp;sg=MBA&amp;sea=NAIMBA_2005&amp;team=1710&amp;plr=2678"">Thomas, James</a>",2678,5,3.00,0,0,0,9.0
Lambuth University,1705,2005,"Arteaga, Alex","<a href=""/WebSync/Pages/Team/IndividualStats.aspx?association=10&amp;sg=MBA&amp;sea=NAIMBA_2005&amp;team=1705&amp;plr=3139"">Arteaga, Alex</a>",3139,8,7.13,1,1,0,17.2
Lambuth University,1705,2005,"Barker, Jordan","<a href=""/WebSync/Pages/Team/IndividualStats.aspx?association=10&amp;sg=MBA&amp;sea=NAIMBA_2005&amp;team=1705&amp;plr=3130"">Barker, Jordan</a>",3130,2,12.27,0,1,0,3.2
Lambuth University,1705,2005,"Baugh, Daniel","<a href=""/WebSync/Pages/Team/IndividualStats.aspx?association=10&amp;sg=MBA&amp;sea=NAIMBA_2005&amp;team=1705&amp;plr=3142"">Baugh, Daniel</a>",3142,7,16.50,0,0,0,6.0
Lambuth University,1705,2005,"Brooks, Stephen","<a href=""/WebSync/Pages/Team/IndividualStats.aspx?association=10&amp;sg=MBA&amp;sea=NAIMBA_2005&amp;team=1705&amp;plr=3137"">Brooks, Stephen</a>",3137,2,9.00,0,0,0,2.0
Lambuth University,1705,2005,"Garcia, Hector","<a href=""/WebSync/Pages/Team/IndividualStats.aspx?association=10&amp;sg=MBA&amp;sea=NAIMBA_2005&amp;team=1705&amp;plr=3150"">Garcia, Hector</a>",3150,15,5.86,4,2,2,27.2
Lambuth University,1705,2005,"Garcia, Miguel","<a href=""/WebSync/Pages/Team/IndividualStats.aspx?association=10&amp;sg=MBA&amp;sea=NAIMBA_2005&amp;team=1705&amp;plr=3151"">Garcia, Miguel</a>",3151,21,4.32,4,4,2,41.2
Lambuth University,1705,2005,"Ham, Jay","<a href=""/WebSync/Pages/Team/IndividualStats.aspx?association=10&amp;sg=MBA&amp;sea=NAIMBA_2005&amp;team=1705&amp;plr=3144"">Ham, Jay</a>",3144,8,10.97,0,1,0,10.2
Lambuth University,1705,2005,"Harrison, Thomas","<a href=""/WebSync/Pages/Team/IndividualStats.aspx?association=10&amp;sg=MBA&amp;sea=NAIMBA_2005&amp;team=1705&amp;plr=15682"">Harrison, Thomas</a>",15682,15,6.25,4,6,0,67.2
Lambuth University,1705,2005,"Jackson, Brandon","<a href=""/WebSync/Pages/Team/IndividualStats.aspx?association=10&amp;sg=MBA&amp;sea=NAIMBA_2005&amp;team=1705&amp;plr=3164"">Jackson, Brandon</a>",3164,16,1.93,2,1,6,32.2
Lambuth University,1705,2005,"Jacobs, Shane","<a href=""/WebSync/Pages/Team/IndividualStats.aspx?association=10&amp;sg=MBA&amp;sea=NAIMBA_2005&amp;team=1705&amp;plr=5401"">Jacobs, Shane</a>",5401,3,18.00,0,0,0,3.0
Lambuth University,1705,2005,"McKeel, Dustin","<a href=""/WebSync/Pages/Team/IndividualStats.aspx?association=10&amp;sg=MBA&amp;sea=NAIMBA_2005&amp;team=1705&amp;plr=3141"">McKeel, Dustin</a>",3141,15,3.75,7,3,0,93.2
Lambuth University,1705,2005,"Rafie, Bryan","<a href=""/WebSync/Pages/Team/IndividualStats.aspx?association=10&amp;sg=MBA&amp;sea=NAIMBA_2005&amp;team=1705&amp;plr=3140"">Rafie, Bryan</a>",3140,13,3.80,5,2,0,68.2
Lambuth University,1705,2005,"Reed, Lance","<a href=""/WebSync/Pages/Team/IndividualStats.aspx?association=10&amp;sg=MBA&amp;sea=NAIMBA_2005&amp;team=1705&amp;plr=3138"">Reed, Lance</a>",3138,3,6.59,0,2,0,13.2
Lambuth University,1705,2005,"Sheehan, T.J.","<a href=""/WebSync/Pages/Team/IndividualStats.aspx?association=10&amp;sg=MBA&amp;sea=NAIMBA_2005&amp;team=1705&amp;plr=3136"">Sheehan, T.J.</a>",3136,2,0.00,0,0,0,4.0
Lambuth University,1705,2005,"Smith, Jon","<a href=""/WebSync/Pages/Team/IndividualStats.aspx?association=10&amp;sg=MBA&amp;sea=NAIMBA_2005&amp;team=1705&amp;plr=3143"">Smith, Jon</a>",3143,3,3.00,0,0,0,3.0
Lambuth University,1705,2005,"Webster, Phillip","<a href=""/WebSync/Pages/Team/IndividualStats.aspx?association=10&amp;sg=MBA&amp;sea=NAIMBA_2005&amp;team=1705&amp;plr=3131"">Webster, Phillip</a>",3131,1,13.50,0,0,0,0.2
Lambuth University,1705,2005,"Williams, Justin","<a href=""/WebSync/Pages/Team/IndividualStats.aspx?association=10&amp;sg=MBA&amp;sea=NAIMBA_2005&amp;team=1705&amp;plr=3147"">Williams, Justin</a>",3147,13,3.84,7,5,0,77.1
Lindsey Wilson College,1711,2005,"Anderson, Dustin","<a href=""/WebSync/Pages/Team/IndividualStats.aspx?association=10&amp;sg=MBA&amp;sea=NAIMBA_2005&amp;team=1711&amp;plr=2941"">Anderson, Dustin</a>",2941,11,6.28,0,0,1,14.1
Lindsey Wilson College,1711,2005,"Cox, Anthony","<a href=""/WebSync/Pages/Team/IndividualStats.aspx?association=10&amp;sg=MBA&amp;sea=NAIMBA_2005&amp;team=1711&amp;plr=2959"">Cox, Anthony</a>",2959,4,2.57,0,0,1,7.0
Lindsey Wilson College,1711,2005,"Dahlman, Teddy","<a href=""/WebSync/Pages/Team/IndividualStats.aspx?association=10&amp;sg=MBA&amp;sea=NAIMBA_2005&amp;team=1711&amp;plr=2938"">Dahlman, Teddy</a>",2938,3,4.15,1,0,1,4.1
Lindsey Wilson College,1711,2005,"Genakos, Nic","<a href=""/WebSync/Pages/Team/IndividualStats.aspx?association=10&amp;sg=MBA&amp;sea=NAIMBA_2005&amp;team=1711&amp;plr=2948"">Genakos, Nic</a>",2948,16,4.76,2,1,4,22.2
Lindsey Wilson College,1711,2005,"Hart, Shawn","<a href=""/WebSync/Pages/Team/IndividualStats.aspx?association=10&amp;sg=MBA&amp;sea=NAIMBA_2005&amp;team=1711&amp;plr=2950"">Hart, Shawn</a>",2950,3,9.00,0,0,0,3.0
Lindsey Wilson College,1711,2005,"Holcomb, Ryan","<a href=""/WebSync/Pages/Team/IndividualStats.aspx?association=10&amp;sg=MBA&amp;sea=NAIMBA_2005&amp;team=1711&amp;plr=2949"">Holcomb, Ryan</a>",2949,11,4.59,5,4,0,51.0
Lindsey Wilson College,1711,2005,"Jones, Sam","<a href=""/WebSync/Pages/Team/IndividualStats.aspx?association=10&amp;sg=MBA&amp;sea=NAIMBA_2005&amp;team=1711&amp;plr=2955"">Jones, Sam</a>",2955,9,7.61,2,2,0,36.2
Lindsey Wilson College,1711,2005,"Phoenix, Tim","<a href=""/WebSync/Pages/Team/IndividualStats.aspx?association=10&amp;sg=MBA&amp;sea=NAIMBA_2005&amp;team=1711&amp;plr=2936"">Phoenix, Tim</a>",2936,13,6.47,3,6,0,32.0
Lindsey Wilson College,1711,2005,"Pounds, Jesse","<a href=""/WebSync/Pages/Team/IndividualStats.aspx?association=10&amp;sg=MBA&amp;sea=NAIMBA_2005&amp;team=1711&amp;plr=2947"">Pounds, Jesse</a>",2947,10,9.59,2,2,0,25.1
Lindsey Wilson College,1711,2005,"Steakin, Ricky","<a href=""/WebSync/Pages/Team/IndividualStats.aspx?association=10&amp;sg=MBA&amp;sea=NAIMBA_2005&amp;team=1711&amp;plr=2944"">Steakin, Ricky</a>",2944,9,4.47,5,2,0,48.1
Lindsey Wilson College,1711,2005,"Stoll, Rob","<a href=""/WebSync/Pages/Team/IndividualStats.aspx?association=10&amp;sg=MBA&amp;sea=NAIMBA_2005&amp;team=1711&amp;plr=2953"">Stoll, Rob</a>",2953,12,4.50,3,3,0,48.0
Lindsey Wilson College,1711,2005,"Welsh, Adam","<a href=""/WebSync/Pages/Team/IndividualStats.aspx?association=10&amp;sg=MBA&amp;sea=NAIMBA_2005&amp;team=1711&amp;plr=2951"">Welsh, Adam</a>",2951,3,15.00,0,0,0,3.0
Lindsey Wilson College,1711,2005,"Wilburn, Brian","<a href=""/WebSync/Pages/Team/IndividualStats.aspx?association=10&amp;sg=MBA&amp;sea=NAIMBA_2005&amp;team=1711&amp;plr=2945"">Wilburn, Brian</a>",2945,11,5.79,2,2,0,28.0
Loyola University,1709,2005,"Alvarez, Bobby","<a href=""/WebSync/Pages/Team/IndividualStats.aspx?association=10&amp;sg=MBA&amp;sea=NAIMBA_2005&amp;team=1709&amp;plr=2161"">Alvarez, Bobby</a>",2161,7,11.81,0,1,0,5.1
Loyola University,1709,2005,"Balsamo, Gian","<a href=""/WebSync/Pages/Team/IndividualStats.aspx?association=10&amp;sg=MBA&amp;sea=NAIMBA_2005&amp;team=1709&amp;plr=2162"">Balsamo, Gian</a>",2162,3,3.72,1,0,0,9.2
Loyola University,1709,2005,"Bauer, Jeb","<a href=""/WebSync/Pages/Team/IndividualStats.aspx?association=10&amp;sg=MBA&amp;sea=NAIMBA_2005&amp;team=1709&amp;plr=2160"">Bauer, Jeb</a>",2160,6,5.63,0,3,0,8.0
Loyola University,1709,2005,"Blakeman, James","<a href=""/WebSync/Pages/Team/IndividualStats.aspx?association=10&amp;sg=MBA&amp;sea=NAIMBA_2005&amp;team=1709&amp;plr=2159"">Blakeman, James</a>",2159,8,5.68,1,2,0,31.2
Loyola University,1709,2005,"Cadella, Casey","<a href=""/WebSync/Pages/Team/IndividualStats.aspx?association=10&amp;sg=MBA&amp;sea=NAIMBA_2005&amp;team=1709&amp;plr=2158"">Cadella, Casey</a>",2158,4,2.45,0,0,0,3.2
Loyola University,1709,2005,"Franatovich, Matt","<a href=""/WebSync/Pages/Team/IndividualStats.aspx?association=10&amp;sg=MBA&amp;sea=NAIMBA_2005&amp;team=1709&amp;plr=2142"">Franatovich, Matt</a>",2142,3,7.50,0,0,0,6.0
Loyola University,1709,2005,"Gonzalez, Danny","<a href=""/WebSync/Pages/Team/IndividualStats.aspx?association=10&amp;sg=MBA&amp;sea=NAIMBA_2005&amp;team=1709&amp;plr=2144"">Gonzalez, Danny</a>",2144,3,0.00,0,0,0,1.1
Loyola University,1709,2005,"McCaulley, Brian","<a href=""/WebSync/Pages/Team/IndividualStats.aspx?association=10&amp;sg=MBA&amp;sea=NAIMBA_2005&amp;team=1709&amp;plr=2138"">McCaulley, Brian</a>",2138,7,3.31,4,1,1,32.2
Loyola University,1709,2005,"Musch, David","<a href=""/WebSync/Pages/Team/IndividualStats.aspx?association=10&amp;sg=MBA&amp;sea=NAIMBA_2005&amp;team=1709&amp;plr=2147"">Musch, David</a>",2147,1,0.00,0,0,0,2.0
Loyola University,1709,2005,"Neill, Paul","<a href=""/WebSync/Pages/Team/IndividualStats.aspx?association=10&amp;sg=MBA&amp;sea=NAIMBA_2005&amp;team=1709&amp;plr=2139"">Neill, Paul</a>",2139,5,1.29,2,0,0,7.0
Loyola University,1709,2005,"Pippinger, Jeffery","<a href=""/WebSync/Pages/Team/IndividualStats.aspx?association=10&amp;sg=MBA&amp;sea=NAIMBA_2005&amp;team=1709&amp;plr=2134"">Pippinger, Jeffery</a>",2134,7,4.26,2,2,0,31.2
Loyola University,1709,2005,"Schmid, Alex","<a href=""/WebSync/Pages/Team/IndividualStats.aspx?association=10&amp;sg=MBA&amp;sea=NAIMBA_2005&amp;team=1709&amp;plr=2140"">Schmid, Alex</a>",2140,4,43.20,0,0,0,1.2
Loyola University,1709,2005,"Sullivan, Brian","<a href=""/WebSync/Pages/Team/IndividualStats.aspx?association=10&amp;sg=MBA&amp;sea=NAIMBA_2005&amp;team=1709&amp;plr=2151"">Sullivan, Brian</a>",2151,8,14.09,1,3,1,7.2
Loyola University,1709,2005,"Torres, Roberto","<a href=""/WebSync/Pages/Team/IndividualStats.aspx?association=10&amp;sg=MBA&amp;sea=NAIMBA_2005&amp;team=1709&amp;plr=2137"">Torres, Roberto</a>",2137,4,4.91,0,0,0,3.2
Lyon College,1713,2005,"Arnett, Eli","<a href=""/WebSync/Pages/Team/IndividualStats.aspx?association=10&amp;sg=MBA&amp;sea=NAIMBA_2005&amp;team=1713&amp;plr=2120"">Arnett, Eli</a>",2120,13,4.82,6,2,0,61.2
Lyon College,1713,2005,"Baker, Nathan","<a href=""/WebSync/Pages/Team/IndividualStats.aspx?association=10&amp;sg=MBA&amp;sea=NAIMBA_2005&amp;team=1713&amp;plr=2126"">Baker, Nathan</a>",2126,4,7.36,0,0,0,3.2
Lyon College,1713,2005,"Coulter, James","<a href=""/WebSync/Pages/Team/IndividualStats.aspx?association=10&amp;sg=MBA&amp;sea=NAIMBA_2005&amp;team=1713&amp;plr=14992"">Coulter, James</a>",14992,13,3.12,2,2,0,26.0
Lyon College,1713,2005,"Fuqua, Justin","<a href=""/WebSync/Pages/Team/IndividualStats.aspx?association=10&amp;sg=MBA&amp;sea=NAIMBA_2005&amp;team=1713&amp;plr=2110"">Fuqua, Justin</a>",2110,15,4.93,9,3,0,76.2
Lyon College,1713,2005,"Knoner, Shiloh","<a href=""/WebSync/Pages/Team/IndividualStats.aspx?association=10&amp;sg=MBA&amp;sea=NAIMBA_2005&amp;team=1713&amp;plr=2108"">Knoner, Shiloh</a>",2108,4,12.60,0,0,0,5.0
Lyon College,1713,2005,"Martin, Jacob","<a href=""/WebSync/Pages/Team/IndividualStats.aspx?association=10&amp;sg=MBA&amp;sea=NAIMBA_2005&amp;team=1713&amp;plr=2118"">Martin, Jacob</a>",2118,23,3.19,4,0,4,36.2
Lyon College,1713,2005,"McGarity, Justin","<a href=""/WebSync/Pages/Team/IndividualStats.aspx?association=10&amp;sg=MBA&amp;sea=NAIMBA_2005&amp;team=1713&amp;plr=14984"">McGarity, Justin</a>",14984,16,4.01,2,1,1,33.2
Lyon College,1713,2005,"Pendergist, Bill","<a href=""/WebSync/Pages/Team/IndividualStats.aspx?association=10&amp;sg=MBA&amp;sea=NAIMBA_2005&amp;team=1713&amp;plr=2107"">Pendergist, Bill</a>",2107,16,4.41,7,2,0,63.1
Lyon College,1713,2005,"Qualls, Brandon","<a href=""/WebSync/Pages/Team/IndividualStats.aspx?association=10&amp;sg=MBA&amp;sea=NAIMBA_2005&amp;team=1713&amp;plr=2115"">Qualls, Brandon</a>",2115,16,4.73,7,3,0,66.2
Lyon College,1713,2005,"Roepcke, Tony","<a href=""/WebSync/Pages/Team/IndividualStats.aspx?association=10&amp;sg=MBA&amp;sea=NAIMBA_2005&amp;team=1713&amp;plr=2105"">Roepcke, Tony</a>",2105,3,0.00,0,0,0,2.0
Lyon College,1713,2005,"Sanchez, Mike","<a href=""/WebSync/Pages/Team/IndividualStats.aspx?association=10&amp;sg=MBA&amp;sea=NAIMBA_2005&amp;team=1713&amp;plr=2113"">Sanchez, Mike</a>",2113,1,27.00,0,0,0,0.1
Lyon College,1713,2005,"Sayer, Matt","<a href=""/WebSync/Pages/Team/IndividualStats.aspx?association=10&amp;sg=MBA&amp;sea=NAIMBA_2005&amp;team=1713&amp;plr=2129"">Sayer, Matt</a>",2129,19,8.69,1,1,5,19.2
Lyon College,1713,2005,"Skinner, Hal","<a href=""/WebSync/Pages/Team/IndividualStats.aspx?association=10&amp;sg=MBA&amp;sea=NAIMBA_2005&amp;team=1713&amp;plr=2116"">Skinner, Hal</a>",2116,15,4.57,10,4,0,82.2
Marian University,1717,2005,"Back, Jason","<a href=""/WebSync/Pages/Team/IndividualStats.aspx?association=10&amp;sg=MBA&amp;sea=NAIMBA_2005&amp;team=1717&amp;plr=2699"">Back, Jason</a>",2699,10,5.36,3,1,0,42.0
Marian University,1717,2005,"Brittain, Gary","<a href=""/WebSync/Pages/Team/IndividualStats.aspx?association=10&amp;sg=MBA&amp;sea=NAIMBA_2005&amp;team=1717&amp;plr=2702"">Brittain, Gary</a>",2702,6,7.71,1,1,0,14.0
Marian University,1717,2005,"Brunette, Jeff","<a href=""/WebSync/Pages/Team/IndividualStats.aspx?association=10&amp;sg=MBA&amp;sea=NAIMBA_2005&amp;team=1717&amp;plr=2719"">Brunette, Jeff</a>",2719,13,6.60,4,4,1,30.0
Marian University,1717,2005,"Freeman, Tanner","<a href=""/WebSync/Pages/Team/IndividualStats.aspx?association=10&amp;sg=MBA&amp;sea=NAIMBA_2005&amp;team=1717&amp;plr=2706"">Freeman, Tanner</a>",2706,13,2.25,7,1,0,68.0
Marian University,1717,2005,"Geary, Stephen","<a href=""/WebSync/Pages/Team/IndividualStats.aspx?association=10&amp;sg=MBA&amp;sea=NAIMBA_2005&amp;team=1717&amp;plr=2715"">Geary, Stephen</a>",2715,13,3.12,4,4,0,69.1
Marian University,1717,2005,"Keesling, John","<a href=""/WebSync/Pages/Team/IndividualStats.aspx?association=10&amp;sg=MBA&amp;sea=NAIMBA_2005&amp;team=1717&amp;plr=2714"">Keesling, John</a>",2714,2,4.50,0,0,0,2.0
Marian University,1717,2005,"Kennedy, Matt","<a href=""/WebSync/Pages/Team/IndividualStats.aspx?association=10&amp;sg=MBA&amp;sea=NAIMBA_2005&amp;team=1717&amp;plr=2698"">Kennedy, Matt</a>",2698,8,3.21,6,0,0,47.2
Marian University,1717,2005,"McLaughlin, Joe","<a href=""/WebSync/Pages/Team/IndividualStats.aspx?association=10&amp;sg=MBA&amp;sea=NAIMBA_2005&amp;team=1717&amp;plr=2705"">McLaughlin, Joe</a>",2705,10,7.65,3,2,1,20.0
Marian University,1717,2005,"Moon, Jason","<a href=""/WebSync/Pages/Team/IndividualStats.aspx?association=10&amp;sg=MBA&amp;sea=NAIMBA_2005&amp;team=1717&amp;plr=2722"">Moon, Jason</a>",2722,10,4.20,3,5,0,55.2
Marian University,1717,2005,"Schmutte, Nick","<a href=""/WebSync/Pages/Team/IndividualStats.aspx?association=10&amp;sg=MBA&amp;sea=NAIMBA_2005&amp;team=1717&amp;plr=2697"">Schmutte, Nick</a>",2697,7,6.48,0,1,1,8.1
Marian University,1717,2005,"Suarez, Blake","<a href=""/WebSync/Pages/Team/IndividualStats.aspx?association=10&amp;sg=MBA&amp;sea=NAIMBA_2005&amp;team=1717&amp;plr=2707"">Suarez, Blake</a>",2707,2,13.50,0,0,0,2.0
Marian University,1717,2005,"Wilson, Jon","<a href=""/WebSync/Pages/Team/IndividualStats.aspx?association=10&amp;sg=MBA&amp;sea=NAIMBA_2005&amp;team=1717&amp;plr=2709"">Wilson, Jon</a>",2709,13,5.60,2,3,0,27.1
Martin Methodist College,1719,2005,"Bearden, Britt","<a href=""/WebSync/Pages/Team/IndividualStats.aspx?association=10&amp;sg=MBA&amp;sea=NAIMBA_2005&amp;team=1719&amp;plr=1186"">Bearden, Britt</a>",1186,11,6.43,0,3,0,35.0
Martin Methodist College,1719,2005,"Boatwright, Michael","<a href=""/WebSync/Pages/Team/IndividualStats.aspx?association=10&amp;sg=MBA&amp;sea=NAIMBA_2005&amp;team=1719&amp;plr=1185"">Boatwright, Michael</a>",1185,11,6.45,1,2,0,22.1
Martin Methodist College,1719,2005,"Gann, Jimmy","<a href=""/WebSync/Pages/Team/IndividualStats.aspx?association=10&amp;sg=MBA&amp;sea=NAIMBA_2005&amp;team=1719&amp;plr=2629"">Gann, Jimmy</a>",2629,6,12.74,0,2,0,17.2
Martin Methodist College,1719,2005,"Haddock, Trent","<a href=""/WebSync/Pages/Team/IndividualStats.aspx?association=10&amp;sg=MBA&amp;sea=NAIMBA_2005&amp;team=1719&amp;plr=1178"">Haddock, Trent</a>",1178,22,6.27,1,1,0,33.0
Martin Methodist College,1719,2005,"Hardy, Cliff","<a href=""/WebSync/Pages/Team/IndividualStats.aspx?association=10&amp;sg=MBA&amp;sea=NAIMBA_2005&amp;team=1719&amp;plr=39771"">Hardy, Cliff</a>",39771,13,5.54,5,5,0,63.1
Martin Methodist College,1719,2005,"Henry, Randall","<a href=""/WebSync/Pages/Team/IndividualStats.aspx?association=10&amp;sg=MBA&amp;sea=NAIMBA_2005&amp;team=1719&amp;plr=2630"">Henry, Randall</a>",2630,15,6.63,1,8,2,55.2
Martin Methodist College,1719,2005,"London, Chris","<a href=""/WebSync/Pages/Team/IndividualStats.aspx?association=10&amp;sg=MBA&amp;sea=NAIMBA_2005&amp;team=1719&amp;plr=1180"">London, Chris</a>",1180,7,12.96,0,2,0,16.2
Martin Methodist College,1719,2005,"Pierce, Dale","<a href=""/WebSync/Pages/Team/IndividualStats.aspx?association=10&amp;sg=MBA&amp;sea=NAIMBA_2005&amp;team=1719&amp;plr=2631"">Pierce, Dale</a>",2631,12,7.20,2,5,0,40.0
Martin Methodist College,1719,2005,"Stewart, Randy","<a href=""/WebSync/Pages/Team/IndividualStats.aspx?association=10&amp;sg=MBA&amp;sea=NAIMBA_2005&amp;team=1719&amp;plr=2628"">Stewart, Randy</a>",2628,13,7.19,3,7,0,56.1
Martin Methodist College,1719,2005,"Street, Chris","<a href=""/WebSync/Pages/Team/IndividualStats.aspx?association=10&amp;sg=MBA&amp;sea=NAIMBA_2005&amp;team=1719&amp;plr=2622"">Street, Chris</a>",2622,12,3.21,1,1,0,28.0
Martin Methodist College,1719,2005,"Young, Mark","<a href=""/WebSync/Pages/Team/IndividualStats.aspx?association=10&amp;sg=MBA&amp;sea=NAIMBA_2005&amp;team=1719&amp;plr=1175"">Young, Mark</a>",1175,19,7.16,0,1,0,27.2
Milligan College,1726,2005,"Alford, Beau","<a href=""/WebSync/Pages/Team/IndividualStats.aspx?association=10&amp;sg=MBA&amp;sea=NAIMBA_2005&amp;team=1726&amp;plr=2512"">Alford, Beau</a>",2512,6,5.85,1,1,0,20.0
Milligan College,1726,2005,"Anders, Drew","<a href=""/WebSync/Pages/Team/IndividualStats.aspx?association=10&amp;sg=MBA&amp;sea=NAIMBA_2005&amp;team=1726&amp;plr=25741"">Anders, Drew</a>",25741,7,10.38,1,1,0,4.1
Milligan College,1726,2005,"Chandler, Nathan","<a href=""/WebSync/Pages/Team/IndividualStats.aspx?association=10&amp;sg=MBA&amp;sea=NAIMBA_2005&amp;team=1726&amp;plr=1396"">Chandler, Nathan</a>",1396,11,5.06,1,1,3,16.0
Milligan College,1726,2005,"Day, Matt","<a href=""/WebSync/Pages/Team/IndividualStats.aspx?association=10&amp;sg=MBA&amp;sea=NAIMBA_2005&amp;team=1726&amp;plr=2504"">Day, Matt</a>",2504,11,4.37,4,1,0,35.0
Milligan College,1726,2005,"Hite, Justin","<a href=""/WebSync/Pages/Team/IndividualStats.aspx?association=10&amp;sg=MBA&amp;sea=NAIMBA_2005&amp;team=1726&amp;plr=1392"">Hite, Justin</a>",1392,22,2.65,4,2,2,51.0
Milligan College,1726,2005,"Iademarco, Jim","<a href=""/WebSync/Pages/Team/IndividualStats.aspx?association=10&amp;sg=MBA&amp;sea=NAIMBA_2005&amp;team=1726&amp;plr=1390"">Iademarco, Jim</a>",1390,9,5.29,3,1,0,32.1
Milligan College,1726,2005,"Jarrett, Stephen","<a href=""/WebSync/Pages/Team/IndividualStats.aspx?association=10&amp;sg=MBA&amp;sea=NAIMBA_2005&amp;team=1726&amp;plr=1403"">Jarrett, Stephen</a>",1403,9,3.00,1,0,0,18.0
Milligan College,1726,2005,"McAllister, Jake","<a href=""/WebSync/Pages/Team/IndividualStats.aspx?association=10&amp;sg=MBA&amp;sea=NAIMBA_2005&amp;team=1726&amp;plr=1409"">McAllister, Jake</a>",1409,7,3.48,2,2,0,33.2
Milligan College,1726,2005,"Penland, JP","<a href=""/WebSync/Pages/Team/IndividualStats.aspx?association=10&amp;sg=MBA&amp;sea=NAIMBA_2005&amp;team=1726&amp;plr=1419"">Penland, JP</a>",1419,8,5.68,1,0,0,12.2
Milligan College,1726,2005,"Seybert, Brett","<a href=""/WebSync/Pages/Team/IndividualStats.aspx?association=10&amp;sg=MBA&amp;sea=NAIMBA_2005&amp;team=1726&amp;plr=1414"">Seybert, Brett</a>",1414,10,5.18,3,3,0,40.0
Milligan College,1726,2005,"Snyder, Adam","<a href=""/WebSync/Pages/Team/IndividualStats.aspx?association=10&amp;sg=MBA&amp;sea=NAIMBA_2005&amp;team=1726&amp;plr=13474"">Snyder, Adam</a>",13474,12,4.76,3,4,0,28.1
Milligan College,1726,2005,"Stamey, Wes","<a href=""/WebSync/Pages/Team/IndividualStats.aspx?association=10&amp;sg=MBA&amp;sea=NAIMBA_2005&amp;team=1726&amp;plr=25729"">Stamey, Wes</a>",25729,3,3.60,1,0,0,5.0
Milligan College,1726,2005,"Taylor, Adam","<a href=""/WebSync/Pages/Team/IndividualStats.aspx?association=10&amp;sg=MBA&amp;sea=NAIMBA_2005&amp;team=1726&amp;plr=1393"">Taylor, Adam</a>",1393,6,10.29,1,1,0,14.0
Montreat College,1730,2005,"Bradburn, Brandon","<a href=""/WebSync/Pages/Team/IndividualStats.aspx?association=10&amp;sg=MBA&amp;sea=NAIMBA_2005&amp;team=1730&amp;plr=1570"">Bradburn, Brandon</a>",1570,11,2.75,0,1,2,19.2
Montreat College,1730,2005,"Cunliffe, Brendan","<a href=""/WebSync/Pages/Team/IndividualStats.aspx?association=10&amp;sg=MBA&amp;sea=NAIMBA_2005&amp;team=1730&amp;plr=1540"">Cunliffe, Brendan</a>",1540,7,6.82,4,2,0,31.2
Montreat College,1730,2005,"Graham, John","<a href=""/WebSync/Pages/Team/IndividualStats.aspx?association=10&amp;sg=MBA&amp;sea=NAIMBA_2005&amp;team=1730&amp;plr=3070"">Graham, John</a>",3070,10,5.63,6,4,0,46.1
Montreat College,1730,2005,"Mayes, Luke","<a href=""/WebSync/Pages/Team/IndividualStats.aspx?association=10&amp;sg=MBA&amp;sea=NAIMBA_2005&amp;team=1730&amp;plr=1548"">Mayes, Luke</a>",1548,5,6.75,2,0,0,14.2
Montreat College,1730,2005,"Pachik, Chis","<a href=""/WebSync/Pages/Team/IndividualStats.aspx?association=10&amp;sg=MBA&amp;sea=NAIMBA_2005&amp;team=1730&amp;plr=3067"">Pachik, Chis</a>",3067,9,3.49,4,5,0,59.1
Montreat College,1730,2005,"Pick, Josh","<a href=""/WebSync/Pages/Team/IndividualStats.aspx?association=10&amp;sg=MBA&amp;sea=NAIMBA_2005&amp;team=1730&amp;plr=1575"">Pick, Josh</a>",1575,3,6.17,1,1,0,11.2
Montreat College,1730,2005,"Shannon, John","<a href=""/WebSync/Pages/Team/IndividualStats.aspx?association=10&amp;sg=MBA&amp;sea=NAIMBA_2005&amp;team=1730&amp;plr=37781"">Shannon, John</a>",37781,4,4.22,1,0,0,10.2
Montreat College,1730,2005,"Spizzirri, Josh","<a href=""/WebSync/Pages/Team/IndividualStats.aspx?association=10&amp;sg=MBA&amp;sea=NAIMBA_2005&amp;team=1730&amp;plr=1559"">Spizzirri, Josh</a>",1559,5,10.03,0,1,0,11.2
Montreat College,1730,2005,"Truitt, Ben","<a href=""/WebSync/Pages/Team/IndividualStats.aspx?association=10&amp;sg=MBA&amp;sea=NAIMBA_2005&amp;team=1730&amp;plr=1569"">Truitt, Ben</a>",1569,3,1.50,1,0,0,12.0
Montreat College,1730,2005,"Whittemore, Chris","<a href=""/WebSync/Pages/Team/IndividualStats.aspx?association=10&amp;sg=MBA&amp;sea=NAIMBA_2005&amp;team=1730&amp;plr=3068"">Whittemore, Chris</a>",3068,11,5.85,0,2,5,20.0
Northwestern OK State Univ,1744,2005,"Adams, Josh","<a href=""/WebSync/Pages/Team/IndividualStats.aspx?association=10&amp;sg=MBA&amp;sea=NAIMBA_2005&amp;team=1744&amp;plr=2293"">Adams, Josh</a>",2293,1,0.00,1,0,0,7.0
Northwestern OK State Univ,1744,2005,"Comacho, Adam","<a href=""/WebSync/Pages/Team/IndividualStats.aspx?association=10&amp;sg=MBA&amp;sea=NAIMBA_2005&amp;team=1744&amp;plr=2299"">Comacho, Adam</a>",2299,1,1.29,1,0,0,7.0
Northwestern OK State Univ,1744,2005,"Long, Justin","<a href=""/WebSync/Pages/Team/IndividualStats.aspx?association=10&amp;sg=MBA&amp;sea=NAIMBA_2005&amp;team=1744&amp;plr=2310"">Long, Justin</a>",2310,1,0.00,0,0,0,1.0
Northwestern OK State Univ,1744,2005,"Lutz, Todd","<a href=""/WebSync/Pages/Team/IndividualStats.aspx?association=10&amp;sg=MBA&amp;sea=NAIMBA_2005&amp;team=1744&amp;plr=2312"">Lutz, Todd</a>",2312,2,3.86,2,0,0,7.0
Northwestern OK State Univ,1744,2005,"Patterson, Matt","<a href=""/WebSync/Pages/Team/IndividualStats.aspx?association=10&amp;sg=MBA&amp;sea=NAIMBA_2005&amp;team=1744&amp;plr=2295"">Patterson, Matt</a>",2295,2,4.63,2,0,0,11.2
Northwestern OK State Univ,1744,2005,"Poland, Zack","<a href=""/WebSync/Pages/Team/IndividualStats.aspx?association=10&amp;sg=MBA&amp;sea=NAIMBA_2005&amp;team=1744&amp;plr=2300"">Poland, Zack</a>",2300,1,9.00,0,0,0,1.0
Northwestern OK State Univ,1744,2005,"Royce, Thomas","<a href=""/WebSync/Pages/Team/IndividualStats.aspx?association=10&amp;sg=MBA&amp;sea=NAIMBA_2005&amp;team=1744&amp;plr=2302"">Royce, Thomas</a>",2302,1,0.00,0,0,0,1.0
Northwestern OK State Univ,1744,2005,"Shear, Billy","<a href=""/WebSync/Pages/Team/IndividualStats.aspx?association=10&amp;sg=MBA&amp;sea=NAIMBA_2005&amp;team=1744&amp;plr=2303"">Shear, Billy</a>",2303,2,0.00,0,0,2,2.1
Northwestern OK State Univ,1744,2005,"Smith, Jared","<a href=""/WebSync/Pages/Team/IndividualStats.aspx?association=10&amp;sg=MBA&amp;sea=NAIMBA_2005&amp;team=1744&amp;plr=2301"">Smith, Jared</a>",2301,1,1.80,0,1,0,5.0
Northwestern OK State Univ,1744,2005,"Stewart, Jeremiah","<a href=""/WebSync/Pages/Team/IndividualStats.aspx?association=10&amp;sg=MBA&amp;sea=NAIMBA_2005&amp;team=1744&amp;plr=2296"">Stewart, Jeremiah</a>",2296,2,3.27,1,0,0,11.0
Northwestern OK State Univ,1744,2005,"Wong, Eric","<a href=""/WebSync/Pages/Team/IndividualStats.aspx?association=10&amp;sg=MBA&amp;sea=NAIMBA_2005&amp;team=1744&amp;plr=2305"">Wong, Eric</a>",2305,2,6.00,0,0,1,3.0
Oregon Tech,1751,2005,"Baca, Anthony","<a href=""/WebSync/Pages/Team/IndividualStats.aspx?association=10&amp;sg=MBA&amp;sea=NAIMBA_2005&amp;team=1751&amp;plr=3350"">Baca, Anthony</a>",3350,7,6.35,1,2,0,28.1
Oregon Tech,1751,2005,"Bailey, Brad","<a href=""/WebSync/Pages/Team/IndividualStats.aspx?association=10&amp;sg=MBA&amp;sea=NAIMBA_2005&amp;team=1751&amp;plr=3340"">Bailey, Brad</a>",3340,7,5.40,3,3,0,30.0
Oregon Tech,1751,2005,"Bocchi, Chris","<a href=""/WebSync/Pages/Team/IndividualStats.aspx?association=10&amp;sg=MBA&amp;sea=NAIMBA_2005&amp;team=1751&amp;plr=3336"">Bocchi, Chris</a>",3336,7,10.80,0,1,0,11.2
Oregon Tech,1751,2005,"Campbell, Casey","<a href=""/WebSync/Pages/Team/IndividualStats.aspx?association=10&amp;sg=MBA&amp;sea=NAIMBA_2005&amp;team=1751&amp;plr=3426"">Campbell, Casey</a>",3426,4,4.70,0,1,1,7.2
Oregon Tech,1751,2005,"Combes, Ty","<a href=""/WebSync/Pages/Team/IndividualStats.aspx?association=10&amp;sg=MBA&amp;sea=NAIMBA_2005&amp;team=1751&amp;plr=3427"">Combes, Ty</a>",3427,5,7.30,1,1,0,12.1
Oregon Tech,1751,2005,"Guthrie, Jessie","<a href=""/WebSync/Pages/Team/IndividualStats.aspx?association=10&amp;sg=MBA&amp;sea=NAIMBA_2005&amp;team=1751&amp;plr=3346"">Guthrie, Jessie</a>",3346,4,6.17,1,2,0,11.2
Oregon Tech,1751,2005,"Heim, Kevin","<a href=""/WebSync/Pages/Team/IndividualStats.aspx?association=10&amp;sg=MBA&amp;sea=NAIMBA_2005&amp;team=1751&amp;plr=3349"">Heim, Kevin</a>",3349,6,5.06,2,3,0,26.2
Oregon Tech,1751,2005,"Jefferson, John","<a href=""/WebSync/Pages/Team/IndividualStats.aspx?association=10&amp;sg=MBA&amp;sea=NAIMBA_2005&amp;team=1751&amp;plr=3338"">Jefferson, John</a>",3338,7,3.79,3,1,0,40.1
Oregon Tech,1751,2005,"Merritt, Corey","<a href=""/WebSync/Pages/Team/IndividualStats.aspx?association=10&amp;sg=MBA&amp;sea=NAIMBA_2005&amp;team=1751&amp;plr=3337"">Merritt, Corey</a>",3337,9,3.08,1,2,0,38.0
Oregon Tech,1751,2005,"Mott, Robbie","<a href=""/WebSync/Pages/Team/IndividualStats.aspx?association=10&amp;sg=MBA&amp;sea=NAIMBA_2005&amp;team=1751&amp;plr=3335"">Mott, Robbie</a>",3335,6,9.53,1,0,0,11.1
Oregon Tech,1751,2005,"Parnell, Brian","<a href=""/WebSync/Pages/Team/IndividualStats.aspx?association=10&amp;sg=MBA&amp;sea=NAIMBA_2005&amp;team=1751&amp;plr=12453"">Parnell, Brian</a>",12453,8,5.82,0,0,1,17.0
Park University,1753,2005,"Clay, Adam","<a href=""/WebSync/Pages/Team/IndividualStats.aspx?association=10&amp;sg=MBA&amp;sea=NAIMBA_2005&amp;team=1753&amp;plr=3493"">Clay, Adam</a>",3493,21,2.50,7,6,3,79.1
Park University,1753,2005,"Frost, Greg","<a href=""/WebSync/Pages/Team/IndividualStats.aspx?association=10&amp;sg=MBA&amp;sea=NAIMBA_2005&amp;team=1753&amp;plr=3504"">Frost, Greg</a>",3504,1,16.88,0,0,0,2.2
Park University,1753,2005,"Johnson, Michael","<a href=""/WebSync/Pages/Team/IndividualStats.aspx?association=10&amp;sg=MBA&amp;sea=NAIMBA_2005&amp;team=1753&amp;plr=3484"">Johnson, Michael</a>",3484,12,5.76,1,3,1,25.0
Park University,1753,2005,"McCoy, Ross","<a href=""/WebSync/Pages/Team/IndividualStats.aspx?association=10&amp;sg=MBA&amp;sea=NAIMBA_2005&amp;team=1753&amp;plr=3498"">McCoy, Ross</a>",3498,12,8.22,3,4,0,23.0
Park University,1753,2005,"Mendez, Ryne","<a href=""/WebSync/Pages/Team/IndividualStats.aspx?association=10&amp;sg=MBA&amp;sea=NAIMBA_2005&amp;team=1753&amp;plr=3488"">Mendez, Ryne</a>",3488,8,3.38,3,2,0,32.0
Park University,1753,2005,"Miller, Jason","<a href=""/WebSync/Pages/Team/IndividualStats.aspx?association=10&amp;sg=MBA&amp;sea=NAIMBA_2005&amp;team=1753&amp;plr=3485"">Miller, Jason</a>",3485,7,6.64,2,4,0,40.2
Park University,1753,2005,"Mohammad, Mohammad","<a href=""/WebSync/Pages/Team/IndividualStats.aspx?association=10&amp;sg=MBA&amp;sea=NAIMBA_2005&amp;team=1753&amp;plr=3490"">Mohammad, Mohammad</a>",3490,2,20.25,0,0,0,1.1
Park University,1753,2005,"Rush, Roy","<a href=""/WebSync/Pages/Team/IndividualStats.aspx?association=10&amp;sg=MBA&amp;sea=NAIMBA_2005&amp;team=1753&amp;plr=3494"">Rush, Roy</a>",3494,10,7.62,3,3,0,41.1
Park University,1753,2005,"Scavuzzo, Michel","<a href=""/WebSync/Pages/Team/IndividualStats.aspx?association=10&amp;sg=MBA&amp;sea=NAIMBA_2005&amp;team=1753&amp;plr=3489"">Scavuzzo, Michel</a>",3489,7,7.92,1,2,0,30.2
Park University,1753,2005,"Scobee, Kevin","<a href=""/WebSync/Pages/Team/IndividualStats.aspx?association=10&amp;sg=MBA&amp;sea=NAIMBA_2005&amp;team=1753&amp;plr=3495"">Scobee, Kevin</a>",3495,14,5.92,2,4,0,62.1
Peru State College,1755,2005,"Brooke, Robert","<a href=""/WebSync/Pages/Team/IndividualStats.aspx?association=10&amp;sg=MBA&amp;sea=NAIMBA_2005&amp;team=1755&amp;plr=13479"">Brooke, Robert</a>",13479,1,9.00,0,0,0,1.0
Peru State College,1755,2005,"Closterman, Ryan","<a href=""/WebSync/Pages/Team/IndividualStats.aspx?association=10&amp;sg=MBA&amp;sea=NAIMBA_2005&amp;team=1755&amp;plr=1495"">Closterman, Ryan</a>",1495,4,8.10,0,0,0,6.2
Peru State College,1755,2005,"Dorzweiler, David","<a href=""/WebSync/Pages/Team/IndividualStats.aspx?association=10&amp;sg=MBA&amp;sea=NAIMBA_2005&amp;team=1755&amp;plr=15144"">Dorzweiler, David</a>",15144,14,8.84,1,4,0,38.2
Peru State College,1755,2005,"GOINS, Cody","<a href=""/WebSync/Pages/Team/IndividualStats.aspx?association=10&amp;sg=MBA&amp;sea=NAIMBA_2005&amp;team=1755&amp;plr=3405"">GOINS, Cody</a>",3405,13,5.81,4,6,0,74.1
Peru State College,1755,2005,"Haas, Jordan","<a href=""/WebSync/Pages/Team/IndividualStats.aspx?association=10&amp;sg=MBA&amp;sea=NAIMBA_2005&amp;team=1755&amp;plr=15153"">Haas, Jordan</a>",15153,3,13.50,0,0,0,3.1
Peru State College,1755,2005,"Larsen, Spencer","<a href=""/WebSync/Pages/Team/IndividualStats.aspx?association=10&amp;sg=MBA&amp;sea=NAIMBA_2005&amp;team=1755&amp;plr=1485"">Larsen, Spencer</a>",1485,10,5.47,0,1,0,26.1
Peru State College,1755,2005,"Last, Chris","<a href=""/WebSync/Pages/Team/IndividualStats.aspx?association=10&amp;sg=MBA&amp;sea=NAIMBA_2005&amp;team=1755&amp;plr=3416"">Last, Chris</a>",3416,12,11.45,0,3,0,30.2
Peru State College,1755,2005,"Macke, Phil","<a href=""/WebSync/Pages/Team/IndividualStats.aspx?association=10&amp;sg=MBA&amp;sea=NAIMBA_2005&amp;team=1755&amp;plr=15140"">Macke, Phil</a>",15140,9,8.53,2,4,0,38.0
Peru State College,1755,2005,"Martens, Brad","<a href=""/WebSync/Pages/Team/IndividualStats.aspx?association=10&amp;sg=MBA&amp;sea=NAIMBA_2005&amp;team=1755&amp;plr=3414"">Martens, Brad</a>",3414,1,27.00,0,0,0,1.2
Peru State College,1755,2005,"Miller, Matt","<a href=""/WebSync/Pages/Team/IndividualStats.aspx?association=10&amp;sg=MBA&amp;sea=NAIMBA_2005&amp;team=1755&amp;plr=3411"">Miller, Matt</a>",3411,13,6.98,4,7,0,58.0
Peru State College,1755,2005,"Nemechek, Dave","<a href=""/WebSync/Pages/Team/IndividualStats.aspx?association=10&amp;sg=MBA&amp;sea=NAIMBA_2005&amp;team=1755&amp;plr=13492"">Nemechek, Dave</a>",13492,14,11.74,0,8,1,38.1
Peru State College,1755,2005,"Olde, Ryan","<a href=""/WebSync/Pages/Team/IndividualStats.aspx?association=10&amp;sg=MBA&amp;sea=NAIMBA_2005&amp;team=1755&amp;plr=1484"">Olde, Ryan</a>",1484,10,11.42,2,4,0,17.1
Peru State College,1755,2005,"Wason, James","<a href=""/WebSync/Pages/Team/IndividualStats.aspx?association=10&amp;sg=MBA&amp;sea=NAIMBA_2005&amp;team=1755&amp;plr=1475"">Wason, James</a>",1475,13,6.32,4,9,0,68.1
Pikeville College,1756,2005,"Bevins, John","<a href=""/WebSync/Pages/Team/IndividualStats.aspx?association=10&amp;sg=MBA&amp;sea=NAIMBA_2005&amp;team=1756&amp;plr=3193"">Bevins, John</a>",3193,8,5.97,1,6,0,37.2
Pikeville College,1756,2005,"DeBlauw, Matt","<a href=""/WebSync/Pages/Team/IndividualStats.aspx?association=10&amp;sg=MBA&amp;sea=NAIMBA_2005&amp;team=1756&amp;plr=3192"">DeBlauw, Matt</a>",3192,9,3.43,3,3,0,44.2
Pikeville College,1756,2005,"Dials, Brenton","<a href=""/WebSync/Pages/Team/IndividualStats.aspx?association=10&amp;sg=MBA&amp;sea=NAIMBA_2005&amp;team=1756&amp;plr=3183"">Dials, Brenton</a>",3183,5,11.12,1,1,1,11.1
Pikeville College,1756,2005,"Hall, Travis","<a href=""/WebSync/Pages/Team/IndividualStats.aspx?association=10&amp;sg=MBA&amp;sea=NAIMBA_2005&amp;team=1756&amp;plr=3203"">Hall, Travis</a>",3203,3,1.35,0,1,0,6.2
Pikeville College,1756,2005,"Lesshafft, Adam","<a href=""/WebSync/Pages/Team/IndividualStats.aspx?association=10&amp;sg=MBA&amp;sea=NAIMBA_2005&amp;team=1756&amp;plr=3185"">Lesshafft, Adam</a>",3185,10,8.73,2,3,0,33.0
Pikeville College,1756,2005,"McCormick, Andrew","<a href=""/WebSync/Pages/Team/IndividualStats.aspx?association=10&amp;sg=MBA&amp;sea=NAIMBA_2005&amp;team=1756&amp;plr=3184"">McCormick, Andrew</a>",3184,9,7.28,3,4,0,38.1
Pikeville College,1756,2005,"McCoy, Ryan","<a href=""/WebSync/Pages/Team/IndividualStats.aspx?association=10&amp;sg=MBA&amp;sea=NAIMBA_2005&amp;team=1756&amp;plr=6480"">McCoy, Ryan</a>",6480,1,0.00,0,0,0,1.0
Pikeville College,1756,2005,"Preston, Tony","<a href=""/WebSync/Pages/Team/IndividualStats.aspx?association=10&amp;sg=MBA&amp;sea=NAIMBA_2005&amp;team=1756&amp;plr=3182"">Preston, Tony</a>",3182,8,9.31,2,2,0,29.0
Pikeville College,1756,2005,"Roberts, Chad","<a href=""/WebSync/Pages/Team/IndividualStats.aspx?association=10&amp;sg=MBA&amp;sea=NAIMBA_2005&amp;team=1756&amp;plr=3194"">Roberts, Chad</a>",3194,8,6.75,3,3,0,37.1
Pikeville College,1756,2005,"Stoll, Jeff","<a href=""/WebSync/Pages/Team/IndividualStats.aspx?association=10&amp;sg=MBA&amp;sea=NAIMBA_2005&amp;team=1756&amp;plr=3431"">Stoll, Jeff</a>",3431,1,6.00,0,0,0,3.0
Pikeville College,1756,2005,"Stoll, Jeff","<a href=""/WebSync/Pages/Team/IndividualStats.aspx?association=10&amp;sg=MBA&amp;sea=NAIMBA_2005&amp;team=1756&amp;plr=6470"">Stoll, Jeff</a>",6470,6,6.43,0,1,2,14.0
Tenn Wesleyan College,1785,2005,"Brown, Justin","<a href=""/WebSync/Pages/Team/IndividualStats.aspx?association=10&amp;sg=MBA&amp;sea=NAIMBA_2005&amp;team=1785&amp;plr=1125"">Brown, Justin</a>",1125,9,4.50,1,2,0,28.0
Tenn Wesleyan College,1785,2005,"Brownsten, Chris","<a href=""/WebSync/Pages/Team/IndividualStats.aspx?association=10&amp;sg=MBA&amp;sea=NAIMBA_2005&amp;team=1785&amp;plr=1120"">Brownsten, Chris</a>",1120,8,3.82,4,2,0,33.0
Tenn Wesleyan College,1785,2005,"Comstock, Jared","<a href=""/WebSync/Pages/Team/IndividualStats.aspx?association=10&amp;sg=MBA&amp;sea=NAIMBA_2005&amp;team=1785&amp;plr=2797"">Comstock, Jared</a>",2797,8,3.27,5,2,0,44.0
Tenn Wesleyan College,1785,2005,"Katzman, Bobby","<a href=""/WebSync/Pages/Team/IndividualStats.aspx?association=10&amp;sg=MBA&amp;sea=NAIMBA_2005&amp;team=1785&amp;plr=1131"">Katzman, Bobby</a>",1131,8,0.48,0,1,0,18.2
Tenn Wesleyan College,1785,2005,"McCreery, Chris","<a href=""/WebSync/Pages/Team/IndividualStats.aspx?association=10&amp;sg=MBA&amp;sea=NAIMBA_2005&amp;team=1785&amp;plr=2798"">McCreery, Chris</a>",2798,7,4.15,0,2,0,8.2
Tenn Wesleyan College,1785,2005,"Norfleet, Matt","<a href=""/WebSync/Pages/Team/IndividualStats.aspx?association=10&amp;sg=MBA&amp;sea=NAIMBA_2005&amp;team=1785&amp;plr=1126"">Norfleet, Matt</a>",1126,8,2.13,6,0,0,42.1
Tenn Wesleyan College,1785,2005,"Phillips, Sam","<a href=""/WebSync/Pages/Team/IndividualStats.aspx?association=10&amp;sg=MBA&amp;sea=NAIMBA_2005&amp;team=1785&amp;plr=2788"">Phillips, Sam</a>",2788,1,2.25,0,0,1,4.0
Tenn Wesleyan College,1785,2005,"Stamey, Ryan","<a href=""/WebSync/Pages/Team/IndividualStats.aspx?association=10&amp;sg=MBA&amp;sea=NAIMBA_2005&amp;team=1785&amp;plr=1121"">Stamey, Ryan</a>",1121,9,2.45,3,0,0,18.1
Tenn Wesleyan College,1785,2005,"Tanguy, Brian","<a href=""/WebSync/Pages/Team/IndividualStats.aspx?association=10&amp;sg=MBA&amp;sea=NAIMBA_2005&amp;team=1785&amp;plr=2799"">Tanguy, Brian</a>",2799,15,1.40,0,1,7,25.2
Tenn Wesleyan College,1785,2005,"Tolbert, Scott","<a href=""/WebSync/Pages/Team/IndividualStats.aspx?association=10&amp;sg=MBA&amp;sea=NAIMBA_2005&amp;team=1785&amp;plr=2792"">Tolbert, Scott</a>",2792,6,4.50,2,2,1,16.0
Tenn Wesleyan College,1785,2005,"Woodcock, Matt","<a href=""/WebSync/Pages/Team/IndividualStats.aspx?association=10&amp;sg=MBA&amp;sea=NAIMBA_2005&amp;team=1785&amp;plr=1127"">Woodcock, Matt</a>",1127,10,3.14,4,0,0,43.0
Texas College,1786,2005,"Alderson, Carl","<a href=""/WebSync/Pages/Team/IndividualStats.aspx?association=10&amp;sg=MBA&amp;sea=NAIMBA_2005&amp;team=1786&amp;plr=6309"">Alderson, Carl</a>",6309,2,2.25,0,0,0,12.0
Texas College,1786,2005,"Dustin, Parker","<a href=""/WebSync/Pages/Team/IndividualStats.aspx?association=10&amp;sg=MBA&amp;sea=NAIMBA_2005&amp;team=1786&amp;plr=3083"">Dustin, Parker</a>",3083,2,1.64,1,0,0,11.0
Texas College,1786,2005,"Hurd, Ron","<a href=""/WebSync/Pages/Team/IndividualStats.aspx?association=10&amp;sg=MBA&amp;sea=NAIMBA_2005&amp;team=1786&amp;plr=3078"">Hurd, Ron</a>",3078,1,0.00,0,1,0,0.1
Texas College,1786,2005,"ODUM, Ryan","<a href=""/WebSync/Pages/Team/IndividualStats.aspx?association=10&amp;sg=MBA&amp;sea=NAIMBA_2005&amp;team=1786&amp;plr=3082"">ODUM, Ryan</a>",3082,2,3.18,0,0,0,5.2
Texas College,1786,2005,"Treat, Daniel","<a href=""/WebSync/Pages/Team/IndividualStats.aspx?association=10&amp;sg=MBA&amp;sea=NAIMBA_2005&amp;team=1786&amp;plr=3079"">Treat, Daniel</a>",3079,1,18.00,0,1,0,2.0
Trevecca Nazarene Univ,1791,2005,"Bodnar, Nick","<a href=""/WebSync/Pages/Team/IndividualStats.aspx?association=10&amp;sg=MBA&amp;sea=NAIMBA_2005&amp;team=1791&amp;plr=1298"">Bodnar, Nick</a>",1298,18,3.38,7,2,0,53.1
Trevecca Nazarene Univ,1791,2005,"Brown, Luke","<a href=""/WebSync/Pages/Team/IndividualStats.aspx?association=10&amp;sg=MBA&amp;sea=NAIMBA_2005&amp;team=1791&amp;plr=1305"">Brown, Luke</a>",1305,14,2.69,7,1,1,63.2
Trevecca Nazarene Univ,1791,2005,"Brown, Barrett","<a href=""/WebSync/Pages/Team/IndividualStats.aspx?association=10&amp;sg=MBA&amp;sea=NAIMBA_2005&amp;team=1791&amp;plr=2650"">Brown, Barrett</a>",2650,14,2.89,8,3,0,90.1
Trevecca Nazarene Univ,1791,2005,"Cozart, Shaun","<a href=""/WebSync/Pages/Team/IndividualStats.aspx?association=10&amp;sg=MBA&amp;sea=NAIMBA_2005&amp;team=1791&amp;plr=1284"">Cozart, Shaun</a>",1284,1,0.00,0,0,0,0.1
Trevecca Nazarene Univ,1791,2005,"Dunlap, Todd","<a href=""/WebSync/Pages/Team/IndividualStats.aspx?association=10&amp;sg=MBA&amp;sea=NAIMBA_2005&amp;team=1791&amp;plr=1297"">Dunlap, Todd</a>",1297,17,3.24,10,2,2,97.1
Trevecca Nazarene Univ,1791,2005,"Fowler, Chris","<a href=""/WebSync/Pages/Team/IndividualStats.aspx?association=10&amp;sg=MBA&amp;sea=NAIMBA_2005&amp;team=1791&amp;plr=2654"">Fowler, Chris</a>",2654,16,7.20,2,1,2,20.0
Trevecca Nazarene Univ,1791,2005,"McGee, Michael","<a href=""/WebSync/Pages/Team/IndividualStats.aspx?association=10&amp;sg=MBA&amp;sea=NAIMBA_2005&amp;team=1791&amp;plr=2655"">McGee, Michael</a>",2655,12,6.16,2,2,0,38.0
Trevecca Nazarene Univ,1791,2005,"Mitchell, Dean","<a href=""/WebSync/Pages/Team/IndividualStats.aspx?association=10&amp;sg=MBA&amp;sea=NAIMBA_2005&amp;team=1791&amp;plr=1291"">Mitchell, Dean</a>",1291,13,4.06,6,5,0,75.1
Trevecca Nazarene Univ,1791,2005,"Norris, Bubba","<a href=""/WebSync/Pages/Team/IndividualStats.aspx?association=10&amp;sg=MBA&amp;sea=NAIMBA_2005&amp;team=1791&amp;plr=2645"">Norris, Bubba</a>",2645,1,0.00,0,0,0,1.0
Trevecca Nazarene Univ,1791,2005,"Norton, Hunter","<a href=""/WebSync/Pages/Team/IndividualStats.aspx?association=10&amp;sg=MBA&amp;sea=NAIMBA_2005&amp;team=1791&amp;plr=2651"">Norton, Hunter</a>",2651,16,4.81,3,1,1,33.2
Trevecca Nazarene Univ,1791,2005,"Sanchez, Erick","<a href=""/WebSync/Pages/Team/IndividualStats.aspx?association=10&amp;sg=MBA&amp;sea=NAIMBA_2005&amp;team=1791&amp;plr=1280"">Sanchez, Erick</a>",1280,4,10.38,0,0,0,4.1
Trevecca Nazarene Univ,1791,2005,"Sterritt, Rollin","<a href=""/WebSync/Pages/Team/IndividualStats.aspx?association=10&amp;sg=MBA&amp;sea=NAIMBA_2005&amp;team=1791&amp;plr=1287"">Sterritt, Rollin</a>",1287,4,6.00,1,0,0,6.0
UV College at Wise,1807,2005,"Bates, Brandon","<a href=""/WebSync/Pages/Team/IndividualStats.aspx?association=10&amp;sg=MBA&amp;sea=NAIMBA_2005&amp;team=1807&amp;plr=1222"">Bates, Brandon</a>",1222,13,6.66,1,3,0,25.2
UV College at Wise,1807,2005,"Bigley, John","<a href=""/WebSync/Pages/Team/IndividualStats.aspx?association=10&amp;sg=MBA&amp;sea=NAIMBA_2005&amp;team=1807&amp;plr=27395"">Bigley, John</a>",27395,7,4.18,1,2,0,23.2
UV College at Wise,1807,2005,"Davis, Keith","<a href=""/WebSync/Pages/Team/IndividualStats.aspx?association=10&amp;sg=MBA&amp;sea=NAIMBA_2005&amp;team=1807&amp;plr=2447"">Davis, Keith</a>",2447,10,3.38,5,3,0,37.1
UV College at Wise,1807,2005,"Elliott, Mike","<a href=""/WebSync/Pages/Team/IndividualStats.aspx?association=10&amp;sg=MBA&amp;sea=NAIMBA_2005&amp;team=1807&amp;plr=1194"">Elliott, Mike</a>",1194,7,15.88,1,1,0,5.2
UV College at Wise,1807,2005,"Funk, Brock","<a href=""/WebSync/Pages/Team/IndividualStats.aspx?association=10&amp;sg=MBA&amp;sea=NAIMBA_2005&amp;team=1807&amp;plr=27391"">Funk, Brock</a>",27391,6,4.88,4,1,0,27.2
UV College at Wise,1807,2005,"Hensley, James","<a href=""/WebSync/Pages/Team/IndividualStats.aspx?association=10&amp;sg=MBA&amp;sea=NAIMBA_2005&amp;team=1807&amp;plr=2454"">Hensley, James</a>",2454,11,6.91,0,0,0,14.1
UV College at Wise,1807,2005,"Horton, Brandon","<a href=""/WebSync/Pages/Team/IndividualStats.aspx?association=10&amp;sg=MBA&amp;sea=NAIMBA_2005&amp;team=1807&amp;plr=27390"">Horton, Brandon</a>",27390,7,9.39,0,0,0,7.2
UV College at Wise,1807,2005,"Jones, David","<a href=""/WebSync/Pages/Team/IndividualStats.aspx?association=10&amp;sg=MBA&amp;sea=NAIMBA_2005&amp;team=1807&amp;plr=27389"">Jones, David</a>",27389,4,13.50,0,1,0,6.2
UV College at Wise,1807,2005,"Nance, Will","<a href=""/WebSync/Pages/Team/IndividualStats.aspx?association=10&amp;sg=MBA&amp;sea=NAIMBA_2005&amp;team=1807&amp;plr=2453"">Nance, Will</a>",2453,6,11.17,0,0,0,9.2
UV College at Wise,1807,2005,"Nowlin, Courtney","<a href=""/WebSync/Pages/Team/IndividualStats.aspx?association=10&amp;sg=MBA&amp;sea=NAIMBA_2005&amp;team=1807&amp;plr=1211"">Nowlin, Courtney</a>",1211,8,5.50,4,4,0,37.2
UV College at Wise,1807,2005,"Salyer, Clay","<a href=""/WebSync/Pages/Team/IndividualStats.aspx?association=10&amp;sg=MBA&amp;sea=NAIMBA_2005&amp;team=1807&amp;plr=1207"">Salyer, Clay</a>",1207,10,4.14,1,3,1,45.2
UV College at Wise,1807,2005,"Tenney, Chris","<a href=""/WebSync/Pages/Team/IndividualStats.aspx?association=10&amp;sg=MBA&amp;sea=NAIMBA_2005&amp;team=1807&amp;plr=2449"">Tenney, Chris</a>",2449,13,4.99,3,1,1,30.2
Union College KY,1796,2005,"Barrier, Justin","<a href=""/WebSync/Pages/Team/IndividualStats.aspx?association=10&amp;sg=MBA&amp;sea=NAIMBA_2005&amp;team=1796&amp;plr=1443"">Barrier, Justin</a>",1443,11,1.38,1,1,7,13.0
Union College KY,1796,2005,"Beckham, Jeremy","<a href=""/WebSync/Pages/Team/IndividualStats.aspx?association=10&amp;sg=MBA&amp;sea=NAIMBA_2005&amp;team=1796&amp;plr=2236"">Beckham, Jeremy</a>",2236,13,4.57,5,2,0,43.1
Union College KY,1796,2005,"Bruce, Greg","<a href=""/WebSync/Pages/Team/IndividualStats.aspx?association=10&amp;sg=MBA&amp;sea=NAIMBA_2005&amp;team=1796&amp;plr=1460"">Bruce, Greg</a>",1460,19,0.79,8,1,3,34.1
Union College KY,1796,2005,"Carrico, Adam","<a href=""/WebSync/Pages/Team/IndividualStats.aspx?association=10&amp;sg=MBA&amp;sea=NAIMBA_2005&amp;team=1796&amp;plr=2238"">Carrico, Adam</a>",2238,16,1.76,8,3,0,87.0
Union College KY,1796,2005,"Creasy, Sam","<a href=""/WebSync/Pages/Team/IndividualStats.aspx?association=10&amp;sg=MBA&amp;sea=NAIMBA_2005&amp;team=1796&amp;plr=44351"">Creasy, Sam</a>",44351,2,0.00,0,0,0,2.0
Union College KY,1796,2005,"Helton, Tommy","<a href=""/WebSync/Pages/Team/IndividualStats.aspx?association=10&amp;sg=MBA&amp;sea=NAIMBA_2005&amp;team=1796&amp;plr=1468"">Helton, Tommy</a>",1468,10,6.20,2,1,0,20.1
Union College KY,1796,2005,"Henderson, Jeff","<a href=""/WebSync/Pages/Team/IndividualStats.aspx?association=10&amp;sg=MBA&amp;sea=NAIMBA_2005&amp;team=1796&amp;plr=1450"">Henderson, Jeff</a>",1450,16,3.31,4,5,0,73.1
Union College KY,1796,2005,"Lee, Dustin","<a href=""/WebSync/Pages/Team/IndividualStats.aspx?association=10&amp;sg=MBA&amp;sea=NAIMBA_2005&amp;team=1796&amp;plr=1459"">Lee, Dustin</a>",1459,8,3.47,2,2,0,23.1
Union College KY,1796,2005,"Michaels, R.J.","<a href=""/WebSync/Pages/Team/IndividualStats.aspx?association=10&amp;sg=MBA&amp;sea=NAIMBA_2005&amp;team=1796&amp;plr=2230"">Michaels, R.J.</a>",2230,5,2.25,0,0,0,4.0
Union College KY,1796,2005,"Napier, Brooks","<a href=""/WebSync/Pages/Team/IndividualStats.aspx?association=10&amp;sg=MBA&amp;sea=NAIMBA_2005&amp;team=1796&amp;plr=1461"">Napier, Brooks</a>",1461,3,0.00,0,0,0,4.0
Union College KY,1796,2005,"Nuss, Brett","<a href=""/WebSync/Pages/Team/IndividualStats.aspx?association=10&amp;sg=MBA&amp;sea=NAIMBA_2005&amp;team=1796&amp;plr=2257"">Nuss, Brett</a>",2257,3,9.00,0,0,0,5.0
Union College KY,1796,2005,"Rule, Aaron","<a href=""/WebSync/Pages/Team/IndividualStats.aspx?association=10&amp;sg=MBA&amp;sea=NAIMBA_2005&amp;team=1796&amp;plr=2235"">Rule, Aaron</a>",2235,3,3.86,0,0,0,7.0
Union College KY,1796,2005,"Smith, Kevin","<a href=""/WebSync/Pages/Team/IndividualStats.aspx?association=10&amp;sg=MBA&amp;sea=NAIMBA_2005&amp;team=1796&amp;plr=1442"">Smith, Kevin</a>",1442,16,2.54,4,0,0,49.2
Union College KY,1796,2005,"Stephenson, Bradley","<a href=""/WebSync/Pages/Team/IndividualStats.aspx?association=10&amp;sg=MBA&amp;sea=NAIMBA_2005&amp;team=1796&amp;plr=1457"">Stephenson, Bradley</a>",1457,12,3.86,3,2,1,35.0
Union College KY,1796,2005,"Summers, Joey","<a href=""/WebSync/Pages/Team/IndividualStats.aspx?association=10&amp;sg=MBA&amp;sea=NAIMBA_2005&amp;team=1796&amp;plr=1446"">Summers, Joey</a>",1446,8,4.15,4,0,0,26.0
Union University TN,1797,2005,"Adams, Daniel","<a href=""/WebSync/Pages/Team/IndividualStats.aspx?association=10&amp;sg=MBA&amp;sea=NAIMBA_2005&amp;team=1797&amp;plr=2250"">Adams, Daniel</a>",2250,18,4.55,4,4,4,61.1
Union University TN,1797,2005,"Arthur, Clint","<a href=""/WebSync/Pages/Team/IndividualStats.aspx?association=10&amp;sg=MBA&amp;sea=NAIMBA_2005&amp;team=1797&amp;plr=1352"">Arthur, Clint</a>",1352,15,4.62,6,6,0,89.2
Union University TN,1797,2005,"Ayris, Ben","<a href=""/WebSync/Pages/Team/IndividualStats.aspx?association=10&amp;sg=MBA&amp;sea=NAIMBA_2005&amp;team=1797&amp;plr=2247"">Ayris, Ben</a>",2247,13,4.71,4,2,0,36.1
Union University TN,1797,2005,"Brasfield, James","<a href=""/WebSync/Pages/Team/IndividualStats.aspx?association=10&amp;sg=MBA&amp;sea=NAIMBA_2005&amp;team=1797&amp;plr=2251"">Brasfield, James</a>",2251,17,4.67,4,6,2,52.0
Union University TN,1797,2005,"Gibbs, Matt","<a href=""/WebSync/Pages/Team/IndividualStats.aspx?association=10&amp;sg=MBA&amp;sea=NAIMBA_2005&amp;team=1797&amp;plr=1353"">Gibbs, Matt</a>",1353,17,5.86,2,1,1,43.0
Union University TN,1797,2005,"Lea, Brian","<a href=""/WebSync/Pages/Team/IndividualStats.aspx?association=10&amp;sg=MBA&amp;sea=NAIMBA_2005&amp;team=1797&amp;plr=2243"">Lea, Brian</a>",2243,4,17.18,0,0,0,3.2
Union University TN,1797,2005,"Ligon, Charlie","<a href=""/WebSync/Pages/Team/IndividualStats.aspx?association=10&amp;sg=MBA&amp;sea=NAIMBA_2005&amp;team=1797&amp;plr=2245"">Ligon, Charlie</a>",2245,18,7.26,2,4,2,31.0
Union University TN,1797,2005,"Moss, Josh","<a href=""/WebSync/Pages/Team/IndividualStats.aspx?association=10&amp;sg=MBA&amp;sea=NAIMBA_2005&amp;team=1797&amp;plr=2252"">Moss, Josh</a>",2252,5,5.68,0,0,1,6.1
Union University TN,1797,2005,"Powers, Judson","<a href=""/WebSync/Pages/Team/IndividualStats.aspx?association=10&amp;sg=MBA&amp;sea=NAIMBA_2005&amp;team=1797&amp;plr=2253"">Powers, Judson</a>",2253,11,5.14,2,0,1,21.0
Union University TN,1797,2005,"Walls, John Mark","<a href=""/WebSync/Pages/Team/IndividualStats.aspx?association=10&amp;sg=MBA&amp;sea=NAIMBA_2005&amp;team=1797&amp;plr=1348"">Walls, John Mark</a>",1348,5,2.45,1,0,0,3.2
Union University TN,1797,2005,"Watson, Tim","<a href=""/WebSync/Pages/Team/IndividualStats.aspx?association=10&amp;sg=MBA&amp;sea=NAIMBA_2005&amp;team=1797&amp;plr=2248"">Watson, Tim</a>",2248,6,16.88,1,0,0,5.1
Union University TN,1797,2005,"Yates, Adam","<a href=""/WebSync/Pages/Team/IndividualStats.aspx?association=10&amp;sg=MBA&amp;sea=NAIMBA_2005&amp;team=1797&amp;plr=1349"">Yates, Adam</a>",1349,17,4.46,3,5,1,80.2
Univ of the Cumberlands KY,1656,2005,"Blakey, Adam","<a href=""/WebSync/Pages/Team/IndividualStats.aspx?association=10&amp;sg=MBA&amp;sea=NAIMBA_2005&amp;team=1656&amp;plr=2782"">Blakey, Adam</a>",2782,2,9.00,0,1,0,4.0
Univ of the Cumberlands KY,1656,2005,"Blanton, Josh","<a href=""/WebSync/Pages/Team/IndividualStats.aspx?association=10&amp;sg=MBA&amp;sea=NAIMBA_2005&amp;team=1656&amp;plr=2781"">Blanton, Josh</a>",2781,10,6.10,4,4,0,38.1
Univ of the Cumberlands KY,1656,2005,"Cartas, Chris","<a href=""/WebSync/Pages/Team/IndividualStats.aspx?association=10&amp;sg=MBA&amp;sea=NAIMBA_2005&amp;team=1656&amp;plr=2776"">Cartas, Chris</a>",2776,4,14.46,0,0,0,9.1
Univ of the Cumberlands KY,1656,2005,"Christerson, Derek","<a href=""/WebSync/Pages/Team/IndividualStats.aspx?association=10&amp;sg=MBA&amp;sea=NAIMBA_2005&amp;team=1656&amp;plr=2777"">Christerson, Derek</a>",2777,1,16.88,0,1,0,2.2
Univ of the Cumberlands KY,1656,2005,"Cox, Roman","<a href=""/WebSync/Pages/Team/IndividualStats.aspx?association=10&amp;sg=MBA&amp;sea=NAIMBA_2005&amp;team=1656&amp;plr=2775"">Cox, Roman</a>",2775,1,135.00,0,0,0,0.1
Univ of the Cumberlands KY,1656,2005,"Dooley, Michael","<a href=""/WebSync/Pages/Team/IndividualStats.aspx?association=10&amp;sg=MBA&amp;sea=NAIMBA_2005&amp;team=1656&amp;plr=2772"">Dooley, Michael</a>",2772,8,7.43,2,0,0,13.1
Univ of the Cumberlands KY,1656,2005,"Gaietto, Jordan","<a href=""/WebSync/Pages/Team/IndividualStats.aspx?association=10&amp;sg=MBA&amp;sea=NAIMBA_2005&amp;team=1656&amp;plr=2768"">Gaietto, Jordan</a>",2768,7,5.95,2,2,0,19.2
Univ of the Cumberlands KY,1656,2005,"Gentry, Chaz","<a href=""/WebSync/Pages/Team/IndividualStats.aspx?association=10&amp;sg=MBA&amp;sea=NAIMBA_2005&amp;team=1656&amp;plr=2766"">Gentry, Chaz</a>",2766,2,0.00,1,1,0,8.0
Univ of the Cumberlands KY,1656,2005,"Guinn, Tommy","<a href=""/WebSync/Pages/Team/IndividualStats.aspx?association=10&amp;sg=MBA&amp;sea=NAIMBA_2005&amp;team=1656&amp;plr=2764"">Guinn, Tommy</a>",2764,1,18.00,0,0,0,1.0
Univ of the Cumberlands KY,1656,2005,"Hawkins, Todd","<a href=""/WebSync/Pages/Team/IndividualStats.aspx?association=10&amp;sg=MBA&amp;sea=NAIMBA_2005&amp;team=1656&amp;plr=2761"">Hawkins, Todd</a>",2761,3,8.64,1,1,0,8.1
Univ of the Cumberlands KY,1656,2005,"Lanham, Wes","<a href=""/WebSync/Pages/Team/IndividualStats.aspx?association=10&amp;sg=MBA&amp;sea=NAIMBA_2005&amp;team=1656&amp;plr=2760"">Lanham, Wes</a>",2760,3,4.50,0,0,0,2.0
Univ of the Cumberlands KY,1656,2005,"Miller, Patrick","<a href=""/WebSync/Pages/Team/IndividualStats.aspx?association=10&amp;sg=MBA&amp;sea=NAIMBA_2005&amp;team=1656&amp;plr=2754"">Miller, Patrick</a>",2754,13,3.77,7,2,0,43.0
Univ of the Cumberlands KY,1656,2005,"Morgan, Brooks","<a href=""/WebSync/Pages/Team/IndividualStats.aspx?association=10&amp;sg=MBA&amp;sea=NAIMBA_2005&amp;team=1656&amp;plr=2753"">Morgan, Brooks</a>",2753,7,2.50,1,2,0,18.0
Univ of the Cumberlands KY,1656,2005,"Peurach, Tyler","<a href=""/WebSync/Pages/Team/IndividualStats.aspx?association=10&amp;sg=MBA&amp;sea=NAIMBA_2005&amp;team=1656&amp;plr=2752"">Peurach, Tyler</a>",2752,7,6.31,1,1,0,25.2
Univ of the Cumberlands KY,1656,2005,"Ruffner, Isaiah","<a href=""/WebSync/Pages/Team/IndividualStats.aspx?association=10&amp;sg=MBA&amp;sea=NAIMBA_2005&amp;team=1656&amp;plr=2750"">Ruffner, Isaiah</a>",2750,10,3.23,5,2,0,47.1
Univ of the Cumberlands KY,1656,2005,"Shaver, Jake","<a href=""/WebSync/Pages/Team/IndividualStats.aspx?association=10&amp;sg=MBA&amp;sea=NAIMBA_2005&amp;team=1656&amp;plr=2749"">Shaver, Jake</a>",2749,13,7.59,0,1,2,10.2
Univ of the Cumberlands KY,1656,2005,"Stewart, Justin","<a href=""/WebSync/Pages/Team/IndividualStats.aspx?association=10&amp;sg=MBA&amp;sea=NAIMBA_2005&amp;team=1656&amp;plr=2744"">Stewart, Justin</a>",2744,4,1.42,0,0,1,6.1
Univ of the Cumberlands KY,1656,2005,"Thoreson, Tim","<a href=""/WebSync/Pages/Team/IndividualStats.aspx?association=10&amp;sg=MBA&amp;sea=NAIMBA_2005&amp;team=1656&amp;plr=2743"">Thoreson, Tim</a>",2743,7,6.75,0,0,0,14.2
Univ of the Cumberlands KY,1656,2005,"Walker, Adam","<a href=""/WebSync/Pages/Team/IndividualStats.aspx?association=10&amp;sg=MBA&amp;sea=NAIMBA_2005&amp;team=1656&amp;plr=2742"">Walker, Adam</a>",2742,12,3.50,7,0,0,64.1
Virginia Intermont College,1811,2005,"Bedingfield, Mitch","<a href=""/WebSync/Pages/Team/IndividualStats.aspx?association=10&amp;sg=MBA&amp;sea=NAIMBA_2005&amp;team=1811&amp;plr=20208"">Bedingfield, Mitch</a>",20208,13,15.95,0,1,0,14.2
Virginia Intermont College,1811,2005,"Butcher, Justin","<a href=""/WebSync/Pages/Team/IndividualStats.aspx?association=10&amp;sg=MBA&amp;sea=NAIMBA_2005&amp;team=1811&amp;plr=20211"">Butcher, Justin</a>",20211,7,3.68,0,0,0,7.1
Virginia Intermont College,1811,2005,"Cooper, Jason","<a href=""/WebSync/Pages/Team/IndividualStats.aspx?association=10&amp;sg=MBA&amp;sea=NAIMBA_2005&amp;team=1811&amp;plr=20370"">Cooper, Jason</a>",20370,6,9.00,0,0,0,5.0
Virginia Intermont College,1811,2005,"Frazier, Jon","<a href=""/WebSync/Pages/Team/IndividualStats.aspx?association=10&amp;sg=MBA&amp;sea=NAIMBA_2005&amp;team=1811&amp;plr=1230"">Frazier, Jon</a>",1230,15,6.19,3,2,2,32.0
Virginia Intermont College,1811,2005,"Houseal, Aaron","<a href=""/WebSync/Pages/Team/IndividualStats.aspx?association=10&amp;sg=MBA&amp;sea=NAIMBA_2005&amp;team=1811&amp;plr=20184"">Houseal, Aaron</a>",20184,12,3.86,1,0,0,11.2
Virginia Intermont College,1811,2005,"Orrick, Josh","<a href=""/WebSync/Pages/Team/IndividualStats.aspx?association=10&amp;sg=MBA&amp;sea=NAIMBA_2005&amp;team=1811&amp;plr=1240"">Orrick, Josh</a>",1240,2,13.50,0,0,0,0.2
Virginia Intermont College,1811,2005,"Page, Early","<a href=""/WebSync/Pages/Team/IndividualStats.aspx?association=10&amp;sg=MBA&amp;sea=NAIMBA_2005&amp;team=1811&amp;plr=1232"">Page, Early</a>",1232,13,9.96,2,7,2,40.2
Virginia Intermont College,1811,2005,"Peters, Shawn","<a href=""/WebSync/Pages/Team/IndividualStats.aspx?association=10&amp;sg=MBA&amp;sea=NAIMBA_2005&amp;team=1811&amp;plr=3125"">Peters, Shawn</a>",3125,2,0.00,0,0,0,1.2
Virginia Intermont College,1811,2005,"Poteet, Jesse","<a href=""/WebSync/Pages/Team/IndividualStats.aspx?association=10&amp;sg=MBA&amp;sea=NAIMBA_2005&amp;team=1811&amp;plr=1251"">Poteet, Jesse</a>",1251,13,5.76,4,8,0,54.2
Virginia Intermont College,1811,2005,"Rutter, Daniel","<a href=""/WebSync/Pages/Team/IndividualStats.aspx?association=10&amp;sg=MBA&amp;sea=NAIMBA_2005&amp;team=1811&amp;plr=1242"">Rutter, Daniel</a>",1242,14,5.72,1,2,0,28.1
Virginia Intermont College,1811,2005,"Salyer, Jonathan","<a href=""/WebSync/Pages/Team/IndividualStats.aspx?association=10&amp;sg=MBA&amp;sea=NAIMBA_2005&amp;team=1811&amp;plr=1953"">Salyer, Jonathan</a>",1953,15,13.83,0,0,0,13.2
Virginia Intermont College,1811,2005,"Stargardt, Scott","<a href=""/WebSync/Pages/Team/IndividualStats.aspx?association=10&amp;sg=MBA&amp;sea=NAIMBA_2005&amp;team=1811&amp;plr=20368"">Stargardt, Scott</a>",20368,12,6.05,0,1,0,19.1
Virginia Intermont College,1811,2005,"Williams, Trey","<a href=""/WebSync/Pages/Team/IndividualStats.aspx?association=10&amp;sg=MBA&amp;sea=NAIMBA_2005&amp;team=1811&amp;plr=1236"">Williams, Trey</a>",1236,11,8.32,2,8,0,53.0
Virginia Intermont College,1811,2005,"Williams, Jake","<a href=""/WebSync/Pages/Team/IndividualStats.aspx?association=10&amp;sg=MBA&amp;sea=NAIMBA_2005&amp;team=1811&amp;plr=1228"">Williams, Jake</a>",1228,10,6.21,2,2,0,37.2
York College,1827,2005,"Aguilera, Orlando","<a href=""/WebSync/Pages/Team/IndividualStats.aspx?association=10&amp;sg=MBA&amp;sea=NAIMBA_2005&amp;team=1827&amp;plr=2595"">Aguilera, Orlando</a>",2595,15,6.03,5,4,0,65.2
York College,1827,2005,"Gallagher, Dan","<a href=""/WebSync/Pages/Team/IndividualStats.aspx?association=10&amp;sg=MBA&amp;sea=NAIMBA_2005&amp;team=1827&amp;plr=2591"">Gallagher, Dan</a>",2591,15,3.67,6,6,0,81.0
York College,1827,2005,"Malan, Mike","<a href=""/WebSync/Pages/Team/IndividualStats.aspx?association=10&amp;sg=MBA&amp;sea=NAIMBA_2005&amp;team=1827&amp;plr=2615"">Malan, Mike</a>",2615,5,10.00,1,0,1,9.0
York College,1827,2005,"Martin, Blake","<a href=""/WebSync/Pages/Team/IndividualStats.aspx?association=10&amp;sg=MBA&amp;sea=NAIMBA_2005&amp;team=1827&amp;plr=2605"">Martin, Blake</a>",2605,3,0.96,1,0,0,9.1
York College,1827,2005,"Pounds, Adam","<a href=""/WebSync/Pages/Team/IndividualStats.aspx?association=10&amp;sg=MBA&amp;sea=NAIMBA_2005&amp;team=1827&amp;plr=2611"">Pounds, Adam</a>",2611,17,3.03,7,3,0,89.0
York College,1827,2005,"Priess, Tim","<a href=""/WebSync/Pages/Team/IndividualStats.aspx?association=10&amp;sg=MBA&amp;sea=NAIMBA_2005&amp;team=1827&amp;plr=2608"">Priess, Tim</a>",2608,19,4.52,9,4,2,73.2
York College,1827,2005,"Prutch, CJ","<a href=""/WebSync/Pages/Team/IndividualStats.aspx?association=10&amp;sg=MBA&amp;sea=NAIMBA_2005&amp;team=1827&amp;plr=2598"">Prutch, CJ</a>",2598,17,3.34,10,5,0,97.0
York College,1827,2005,"Tingley, Kyle","<a href=""/WebSync/Pages/Team/IndividualStats.aspx?association=10&amp;sg=MBA&amp;sea=NAIMBA_2005&amp;team=1827&amp;plr=2606"">Tingley, Kyle</a>",2606,3,3.38,0,1,1,5.1
York College,1827,2005,"Tuxhorn, Derek","<a href=""/WebSync/Pages/Team/IndividualStats.aspx?association=10&amp;sg=MBA&amp;sea=NAIMBA_2005&amp;team=1827&amp;plr=2596"">Tuxhorn, Derek</a>",2596,3,6.00,0,1,0,6.0
