year	sport_id	school_id	school_name	school_url	division_id	division_name
2014	3	1476	Abraham Baldwin Agricultural College	http://njcaa.org/colleges_college_home.cfm?collegeId=1476	1	Baseball I
2014	3	1548	Alabama Southern Community College	http://njcaa.org/colleges_college_home.cfm?collegeId=1548	1	Baseball I
2014	3	1321	Allen County Community College	http://njcaa.org/colleges_college_home.cfm?collegeId=1321	1	Baseball I
2014	3	1430	Alvin Community College	http://njcaa.org/colleges_college_home.cfm?collegeId=1430	1	Baseball I
2014	3	1477	Andrew College	http://njcaa.org/colleges_college_home.cfm?collegeId=1477	1	Baseball I
2014	3	1431	Angelina College	http://njcaa.org/colleges_college_home.cfm?collegeId=1431	1	Baseball I
2014	3	1239	Arizona Western College	http://njcaa.org/colleges_college_home.cfm?collegeId=1239	1	Baseball I
2014	3	1765	Arkansas Baptist College	http://njcaa.org/colleges_college_home.cfm?collegeId=1765	1	Baseball I
2014	3	1889	ASA College	http://njcaa.org/colleges_college_home.cfm?collegeId=1889	1	Baseball I
2014	3	1322	Barton Community College	http://njcaa.org/colleges_college_home.cfm?collegeId=1322	1	Baseball I
2014	3	1744	Baton Rouge Community College	http://njcaa.org/colleges_college_home.cfm?collegeId=1744	1	Baseball I
2014	3	1549	Bishop State Community College	http://njcaa.org/colleges_college_home.cfm?collegeId=1549	1	Baseball I
2014	3	1687	Blinn College	http://njcaa.org/colleges_college_home.cfm?collegeId=1687	1	Baseball I
2014	3	1552	Bossier Parish Community College	http://njcaa.org/colleges_college_home.cfm?collegeId=1552	1	Baseball I
2014	3	1353	Broward College	http://njcaa.org/colleges_college_home.cfm?collegeId=1353	1	Baseball I
2014	3	1323	Butler Community College - KS	http://njcaa.org/colleges_college_home.cfm?collegeId=1323	1	Baseball I
2014	3	1545	Calhoun Community College	http://njcaa.org/colleges_college_home.cfm?collegeId=1545	1	Baseball I
2014	3	1535	Central Alabama Community College	http://njcaa.org/colleges_college_home.cfm?collegeId=1535	1	Baseball I
2014	3	1240	Central Arizona College	http://njcaa.org/colleges_college_home.cfm?collegeId=1240	1	Baseball I
2014	3	1537	Chattahoochee Valley Community College	http://njcaa.org/colleges_college_home.cfm?collegeId=1537	1	Baseball I
2014	3	1342	Chattanooga State Community College	http://njcaa.org/colleges_college_home.cfm?collegeId=1342	1	Baseball I
2014	3	1510	Chesapeake College	http://njcaa.org/colleges_college_home.cfm?collegeId=1510	1	Baseball I
2014	3	1356	Chipola College	http://njcaa.org/colleges_college_home.cfm?collegeId=1356	1	Baseball I
2014	3	1686	Cisco College	http://njcaa.org/colleges_college_home.cfm?collegeId=1686	1	Baseball I
2014	3	1688	Clarendon College	http://njcaa.org/colleges_college_home.cfm?collegeId=1688	1	Baseball I
2014	3	1343	Cleveland State Community College	http://njcaa.org/colleges_college_home.cfm?collegeId=1343	1	Baseball I
2014	3	1324	Cloud County Community College	http://njcaa.org/colleges_college_home.cfm?collegeId=1324	1	Baseball I
2014	3	1671	Cochise College	http://njcaa.org/colleges_college_home.cfm?collegeId=1671	1	Baseball I
2014	3	1673	Coffeyville Community College	http://njcaa.org/colleges_college_home.cfm?collegeId=1673	1	Baseball I
2014	3	1325	Colby Community College	http://njcaa.org/colleges_college_home.cfm?collegeId=1325	1	Baseball I
2014	3	1354	College of Central Florida	http://njcaa.org/colleges_college_home.cfm?collegeId=1354	1	Baseball I
2014	3	1486	College of Southern Idaho	http://njcaa.org/colleges_college_home.cfm?collegeId=1486	1	Baseball I
2014	3	1330	College of Southern Nevada	http://njcaa.org/colleges_college_home.cfm?collegeId=1330	1	Baseball I
2014	3	1242	Colorado Northwestern Community College	http://njcaa.org/colleges_college_home.cfm?collegeId=1242	1	Baseball I
2014	3	1344	Columbia State Community College	http://njcaa.org/colleges_college_home.cfm?collegeId=1344	1	Baseball I
2014	3	1255	Connors State College	http://njcaa.org/colleges_college_home.cfm?collegeId=1255	1	Baseball I
2014	3	1326	Cowley County Community College	http://njcaa.org/colleges_college_home.cfm?collegeId=1326	1	Baseball I
2014	3	1462	Crowder College	http://njcaa.org/colleges_college_home.cfm?collegeId=1462	1	Baseball I
2014	3	1640	Darton State College	http://njcaa.org/colleges_college_home.cfm?collegeId=1640	1	Baseball I
2014	3	1357	Daytona State College	http://njcaa.org/colleges_college_home.cfm?collegeId=1357	1	Baseball I
2014	3	1555	Delgado Community College	http://njcaa.org/colleges_college_home.cfm?collegeId=1555	1	Baseball I
2014	3	1327	Dodge City Community College	http://njcaa.org/colleges_college_home.cfm?collegeId=1327	1	Baseball I
2014	3	1345	Dyersburg State Community College	http://njcaa.org/colleges_college_home.cfm?collegeId=1345	1	Baseball I
2014	3	2194	East Georgia State College	http://njcaa.org/colleges_college_home.cfm?collegeId=2194	1	Baseball I
2014	3	1244	Eastern Arizona College	http://njcaa.org/colleges_college_home.cfm?collegeId=1244	1	Baseball I
2014	3	1595	Eastern Florida State College	http://njcaa.org/colleges_college_home.cfm?collegeId=1595	1	Baseball I
2014	3	1256	Eastern Oklahoma State College	http://njcaa.org/colleges_college_home.cfm?collegeId=1256	1	Baseball I
2014	3	1663	El Paso Community College	http://njcaa.org/colleges_college_home.cfm?collegeId=1663	1	Baseball I
2014	3	1538	Enterprise State Community College	http://njcaa.org/colleges_college_home.cfm?collegeId=1538	1	Baseball I
2014	3	1542	Faulkner State Community College	http://njcaa.org/colleges_college_home.cfm?collegeId=1542	1	Baseball I
2014	3	1743	Florence-Darlington Technical College	http://njcaa.org/colleges_college_home.cfm?collegeId=1743	1	Baseball I
2014	3	1669	Florida State College at Jacksonville	http://njcaa.org/colleges_college_home.cfm?collegeId=1669	1	Baseball I
2014	3	1328	Fort Scott Community College	http://njcaa.org/colleges_college_home.cfm?collegeId=1328	1	Baseball I
2014	3	1307	Frank Phillips College	http://njcaa.org/colleges_college_home.cfm?collegeId=1307	1	Baseball I
2014	3	1231	Galveston College	http://njcaa.org/colleges_college_home.cfm?collegeId=1231	1	Baseball I
2014	3	1329	Garden City Community College	http://njcaa.org/colleges_college_home.cfm?collegeId=1329	1	Baseball I
2014	3	2213	Georgia Highlands College	http://njcaa.org/colleges_college_home.cfm?collegeId=2213	1	Baseball I
2014	3	1479	Georgia Perimeter College	http://njcaa.org/colleges_college_home.cfm?collegeId=1479	1	Baseball I
2014	3	1701	Globe Institute of Technology	http://njcaa.org/colleges_college_home.cfm?collegeId=1701	1	Baseball I
2014	3	1480	Gordon State College	http://njcaa.org/colleges_college_home.cfm?collegeId=1480	1	Baseball I
2014	3	1308	Grayson College	http://njcaa.org/colleges_college_home.cfm?collegeId=1308	1	Baseball I
2014	3	1773	Guilford Technical Community College	http://njcaa.org/colleges_college_home.cfm?collegeId=1773	1	Baseball I
2014	3	1359	Gulf Coast State College	http://njcaa.org/colleges_college_home.cfm?collegeId=1359	1	Baseball I
2014	3	1518	Hagerstown Community College	http://njcaa.org/colleges_college_home.cfm?collegeId=1518	1	Baseball I
2014	3	1519	Harford Community College	http://njcaa.org/colleges_college_home.cfm?collegeId=1519	1	Baseball I
2014	3	1332	Highland Community College - Kansas	http://njcaa.org/colleges_college_home.cfm?collegeId=1332	1	Baseball I
2014	3	1309	Hill College	http://njcaa.org/colleges_college_home.cfm?collegeId=1309	1	Baseball I
2014	3	1360	Hillsborough Community College	http://njcaa.org/colleges_college_home.cfm?collegeId=1360	1	Baseball I
2014	3	1310	Howard College	http://njcaa.org/colleges_college_home.cfm?collegeId=1310	1	Baseball I
2014	3	1333	Hutchinson Community College	http://njcaa.org/colleges_college_home.cfm?collegeId=1333	1	Baseball I
2014	3	1334	Independence Community College	http://njcaa.org/colleges_college_home.cfm?collegeId=1334	1	Baseball I
2014	3	1587	Indian Hills Community College	http://njcaa.org/colleges_college_home.cfm?collegeId=1587	1	Baseball I
2014	3	1361	Indian River State College	http://njcaa.org/colleges_college_home.cfm?collegeId=1361	1	Baseball I
2014	3	1667	Iowa Western Community College	http://njcaa.org/colleges_college_home.cfm?collegeId=1667	1	Baseball I
2014	3	1347	Jackson State Community College	http://njcaa.org/colleges_college_home.cfm?collegeId=1347	1	Baseball I
2014	3	1464	Jefferson College	http://njcaa.org/colleges_college_home.cfm?collegeId=1464	1	Baseball I
2014	3	1543	Jefferson Davis Community College	http://njcaa.org/colleges_college_home.cfm?collegeId=1543	1	Baseball I
2014	3	1574	John A. Logan College	http://njcaa.org/colleges_college_home.cfm?collegeId=1574	1	Baseball I
2014	3	1335	Johnson County Community College	http://njcaa.org/colleges_college_home.cfm?collegeId=1335	1	Baseball I
2014	3	1336	Kansas City Kansas Community College	http://njcaa.org/colleges_college_home.cfm?collegeId=1336	1	Baseball I
2014	3	1575	Kaskaskia College	http://njcaa.org/colleges_college_home.cfm?collegeId=1575	1	Baseball I
2014	3	1302	Kishwaukee College	http://njcaa.org/colleges_college_home.cfm?collegeId=1302	1	Baseball I
2014	3	1337	Labette Community College	http://njcaa.org/colleges_college_home.cfm?collegeId=1337	1	Baseball I
2014	3	1576	Lake Land College	http://njcaa.org/colleges_college_home.cfm?collegeId=1576	1	Baseball I
2014	3	1699	Lake-Sumter State College	http://njcaa.org/colleges_college_home.cfm?collegeId=1699	1	Baseball I
2014	3	1620	Lamar Community College	http://njcaa.org/colleges_college_home.cfm?collegeId=1620	1	Baseball I
2014	3	1436	Laredo Community College	http://njcaa.org/colleges_college_home.cfm?collegeId=1436	1	Baseball I
2014	3	1546	Lawson State Community College	http://njcaa.org/colleges_college_home.cfm?collegeId=1546	1	Baseball I
2014	3	1580	Lincoln Trail College	http://njcaa.org/colleges_college_home.cfm?collegeId=1580	1	Baseball I
2014	3	1377	Louisburg College	http://njcaa.org/colleges_college_home.cfm?collegeId=1377	1	Baseball I
2014	3	1759	Luna Community College	http://njcaa.org/colleges_college_home.cfm?collegeId=1759	1	Baseball I
2014	3	1547	Lurleen B. Wallace Community College	http://njcaa.org/colleges_college_home.cfm?collegeId=1547	1	Baseball I
2014	3	1320	Marion Military Institute	http://njcaa.org/colleges_college_home.cfm?collegeId=1320	1	Baseball I
2014	3	1385	Marshalltown Community College	http://njcaa.org/colleges_college_home.cfm?collegeId=1385	1	Baseball I
2014	3	1467	MCC-Maple Woods	http://njcaa.org/colleges_college_home.cfm?collegeId=1467	1	Baseball I
2014	3	1621	McCook Community College	http://njcaa.org/colleges_college_home.cfm?collegeId=1621	1	Baseball I
2014	3	1311	McLennan Community College	http://njcaa.org/colleges_college_home.cfm?collegeId=1311	1	Baseball I
2014	3	1563	Meridian Community College	http://njcaa.org/colleges_college_home.cfm?collegeId=1563	1	Baseball I
2014	3	1364	Miami Dade College	http://njcaa.org/colleges_college_home.cfm?collegeId=1364	1	Baseball I
2014	3	1481	Middle Georgia State College	http://njcaa.org/colleges_college_home.cfm?collegeId=1481	1	Baseball I
2014	3	1312	Midland College	http://njcaa.org/colleges_college_home.cfm?collegeId=1312	1	Baseball I
2014	3	1468	Mineral Area College	http://njcaa.org/colleges_college_home.cfm?collegeId=1468	1	Baseball I
2014	3	1232	Monroe College	http://njcaa.org/colleges_college_home.cfm?collegeId=1232	1	Baseball I
2014	3	1348	Motlow State Community College	http://njcaa.org/colleges_college_home.cfm?collegeId=1348	1	Baseball I
2014	3	1386	Muscatine Community College	http://njcaa.org/colleges_college_home.cfm?collegeId=1386	1	Baseball I
2014	3	1439	Navarro College	http://njcaa.org/colleges_college_home.cfm?collegeId=1439	1	Baseball I
2014	3	1338	Neosho County Community College	http://njcaa.org/colleges_college_home.cfm?collegeId=1338	1	Baseball I
2014	3	1313	New Mexico Junior College	http://njcaa.org/colleges_college_home.cfm?collegeId=1313	1	Baseball I
2014	3	1668	New Mexico Military Institute	http://njcaa.org/colleges_college_home.cfm?collegeId=1668	1	Baseball I
2014	3	1636	North Central Missouri College	http://njcaa.org/colleges_college_home.cfm?collegeId=1636	1	Baseball I
2014	3	1305	North Central Texas College	http://njcaa.org/colleges_college_home.cfm?collegeId=1305	1	Baseball I
2014	3	1649	Northeast Texas Community College	http://njcaa.org/colleges_college_home.cfm?collegeId=1649	1	Baseball I
2014	3	1655	Northeastern Junior College	http://njcaa.org/colleges_college_home.cfm?collegeId=1655	1	Baseball I
2014	3	1656	Northeastern Oklahoma A&M College	http://njcaa.org/colleges_college_home.cfm?collegeId=1656	1	Baseball I
2014	3	1613	Northwest Florida State College	http://njcaa.org/colleges_college_home.cfm?collegeId=1613	1	Baseball I
2014	3	1314	Odessa College	http://njcaa.org/colleges_college_home.cfm?collegeId=1314	1	Baseball I
2014	3	1219	Olive-Harvey College	http://njcaa.org/colleges_college_home.cfm?collegeId=1219	1	Baseball I
2014	3	1581	Olney Central College	http://njcaa.org/colleges_college_home.cfm?collegeId=1581	1	Baseball I
2014	3	1627	Otero Junior College	http://njcaa.org/colleges_college_home.cfm?collegeId=1627	1	Baseball I
2014	3	1366	Palm Beach State College	http://njcaa.org/colleges_college_home.cfm?collegeId=1366	1	Baseball I
2014	3	1440	Panola College	http://njcaa.org/colleges_college_home.cfm?collegeId=1440	1	Baseball I
2014	3	1441	Paris Junior College	http://njcaa.org/colleges_college_home.cfm?collegeId=1441	1	Baseball I
2014	3	1367	Pensacola State College	http://njcaa.org/colleges_college_home.cfm?collegeId=1367	1	Baseball I
2014	3	1248	Pima Community College	http://njcaa.org/colleges_college_home.cfm?collegeId=1248	1	Baseball I
2014	3	1211	Pitt Community College	http://njcaa.org/colleges_college_home.cfm?collegeId=1211	1	Baseball I
2014	3	1368	Polk State College	http://njcaa.org/colleges_college_home.cfm?collegeId=1368	1	Baseball I
2014	3	1523	Potomac State College of WVU	http://njcaa.org/colleges_college_home.cfm?collegeId=1523	1	Baseball I
2014	3	1339	Pratt Community College	http://njcaa.org/colleges_college_home.cfm?collegeId=1339	1	Baseball I
2014	3	1315	Ranger College	http://njcaa.org/colleges_college_home.cfm?collegeId=1315	1	Baseball I
2014	3	1582	Rend Lake College	http://njcaa.org/colleges_college_home.cfm?collegeId=1582	1	Baseball I
2014	3	1349	Roane State Community College	http://njcaa.org/colleges_college_home.cfm?collegeId=1349	1	Baseball I
2014	3	1261	Rose State College	http://njcaa.org/colleges_college_home.cfm?collegeId=1261	1	Baseball I
2014	3	1609	Salt Lake Community College	http://njcaa.org/colleges_college_home.cfm?collegeId=1609	1	Baseball I
2014	3	1443	San Jacinto College-North	http://njcaa.org/colleges_college_home.cfm?collegeId=1443	1	Baseball I
2014	3	1371	Santa Fe College	http://njcaa.org/colleges_college_home.cfm?collegeId=1371	1	Baseball I
2014	3	1262	Seminole State College	http://njcaa.org/colleges_college_home.cfm?collegeId=1262	1	Baseball I
2014	3	1372	Seminole State College of Florida	http://njcaa.org/colleges_college_home.cfm?collegeId=1372	1	Baseball I
2014	3	1340	Seward County Community College	http://njcaa.org/colleges_college_home.cfm?collegeId=1340	1	Baseball I
2014	3	1607	Shawnee Community College	http://njcaa.org/colleges_college_home.cfm?collegeId=1607	1	Baseball I
2014	3	1586	Shelton State Community College	http://njcaa.org/colleges_college_home.cfm?collegeId=1586	1	Baseball I
2014	3	1550	Snead State Community College	http://njcaa.org/colleges_college_home.cfm?collegeId=1550	1	Baseball I
2014	3	1373	South Florida State College	http://njcaa.org/colleges_college_home.cfm?collegeId=1373	1	Baseball I
2014	3	1482	South Georgia State College	http://njcaa.org/colleges_college_home.cfm?collegeId=1482	1	Baseball I
2014	3	1251	South Mountain Community College	http://njcaa.org/colleges_college_home.cfm?collegeId=1251	1	Baseball I
2014	3	1222	South Suburban College	http://njcaa.org/colleges_college_home.cfm?collegeId=1222	1	Baseball I
2014	3	1583	Southeastern Illinois College	http://njcaa.org/colleges_college_home.cfm?collegeId=1583	1	Baseball I
2014	3	1551	Southern Union State Community College	http://njcaa.org/colleges_college_home.cfm?collegeId=1551	1	Baseball I
2014	3	1350	Southwest Tennessee Community College	http://njcaa.org/colleges_college_home.cfm?collegeId=1350	1	Baseball I
2014	3	1571	Southwestern Illinois College	http://njcaa.org/colleges_college_home.cfm?collegeId=1571	1	Baseball I
2014	3	1378	Spartanburg Methodist College	http://njcaa.org/colleges_college_home.cfm?collegeId=1378	1	Baseball I
2014	3	1665	St. Charles Community College	http://njcaa.org/colleges_college_home.cfm?collegeId=1665	1	Baseball I
2014	3	1369	St. Johns River State College	http://njcaa.org/colleges_college_home.cfm?collegeId=1369	1	Baseball I
2014	3	2214	St. Louis Community College	http://njcaa.org/colleges_college_home.cfm?collegeId=2214	1	Baseball I
2014	3	1370	St. Petersburg College	http://njcaa.org/colleges_college_home.cfm?collegeId=1370	1	Baseball I
2014	3	1363	State College of Florida, Manatee-Sarasota	http://njcaa.org/colleges_college_home.cfm?collegeId=1363	1	Baseball I
2014	3	1644	Tallahassee Community College	http://njcaa.org/colleges_college_home.cfm?collegeId=1644	1	Baseball I
2014	3	1444	Temple College	http://njcaa.org/colleges_college_home.cfm?collegeId=1444	1	Baseball I
2014	3	1475	Three Rivers Community College - MO	http://njcaa.org/colleges_college_home.cfm?collegeId=1475	1	Baseball I
2014	3	1630	Trinidad State Junior College	http://njcaa.org/colleges_college_home.cfm?collegeId=1630	1	Baseball I
2014	3	1223	Triton College	http://njcaa.org/colleges_college_home.cfm?collegeId=1223	1	Baseball I
2014	3	1771	USC Lancaster	http://njcaa.org/colleges_college_home.cfm?collegeId=1771	1	Baseball I
2014	3	1691	USC Salkehatchie	http://njcaa.org/colleges_college_home.cfm?collegeId=1691	1	Baseball I
2014	3	1779	USC Sumter	http://njcaa.org/colleges_college_home.cfm?collegeId=1779	1	Baseball I
2014	3	1608	Vernon College	http://njcaa.org/colleges_college_home.cfm?collegeId=1608	1	Baseball I
2014	3	1351	Volunteer State Community College	http://njcaa.org/colleges_college_home.cfm?collegeId=1351	1	Baseball I
2014	3	1585	Wabash Valley College	http://njcaa.org/colleges_college_home.cfm?collegeId=1585	1	Baseball I
2014	3	1653	Wallace Community College-Dothan	http://njcaa.org/colleges_college_home.cfm?collegeId=1653	1	Baseball I
2014	3	1541	Wallace Community College-Selma	http://njcaa.org/colleges_college_home.cfm?collegeId=1541	1	Baseball I
2014	3	1540	Wallace State Community College-Hanceville	http://njcaa.org/colleges_college_home.cfm?collegeId=1540	1	Baseball I
2014	3	1352	Walters State Community College	http://njcaa.org/colleges_college_home.cfm?collegeId=1352	1	Baseball I
2014	3	1318	Weatherford College	http://njcaa.org/colleges_college_home.cfm?collegeId=1318	1	Baseball I
2014	3	2207	West Georgia Technical College	http://njcaa.org/colleges_college_home.cfm?collegeId=2207	1	Baseball I
2014	3	1624	Western Nebraska Community College	http://njcaa.org/colleges_college_home.cfm?collegeId=1624	1	Baseball I
2014	3	1750	Western Nevada College	http://njcaa.org/colleges_college_home.cfm?collegeId=1750	1	Baseball I
2014	3	1734	Western Texas College	http://njcaa.org/colleges_college_home.cfm?collegeId=1734	1	Baseball I
2014	3	1447	Wharton County Junior College	http://njcaa.org/colleges_college_home.cfm?collegeId=1447	1	Baseball I
2014	3	1252	Yavapai College	http://njcaa.org/colleges_college_home.cfm?collegeId=1252	1	Baseball I
2014	3	1506	Allegany College of Maryland	http://njcaa.org/colleges_college_home.cfm?collegeId=1506	2	Baseball II
2014	3	1707	Ancilla College	http://njcaa.org/colleges_college_home.cfm?collegeId=1707	2	Baseball II
2014	3	1678	Anne Arundel Community College	http://njcaa.org/colleges_college_home.cfm?collegeId=1678	2	Baseball II
2014	3	1413	Bismarck State College	http://njcaa.org/colleges_college_home.cfm?collegeId=1413	2	Baseball II
2014	3	1289	Black Hawk College-Moline	http://njcaa.org/colleges_college_home.cfm?collegeId=1289	2	Baseball II
2014	3	1641	Brown Mackie College	http://njcaa.org/colleges_college_home.cfm?collegeId=1641	2	Baseball II
2014	3	1684	Brunswick Community College	http://njcaa.org/colleges_college_home.cfm?collegeId=1684	2	Baseball II
2014	3	1493	Burlington County College	http://njcaa.org/colleges_college_home.cfm?collegeId=1493	2	Baseball II
2014	3	1254	Carl Albert State College	http://njcaa.org/colleges_college_home.cfm?collegeId=1254	2	Baseball II
2014	3	1290	Carl Sandburg College	http://njcaa.org/colleges_college_home.cfm?collegeId=1290	2	Baseball II
2014	3	1374	Catawba Valley Community College	http://njcaa.org/colleges_college_home.cfm?collegeId=1374	2	Baseball II
2014	3	1507	CCBC Catonsville	http://njcaa.org/colleges_college_home.cfm?collegeId=1507	2	Baseball II
2014	3	1235	CCBC Essex	http://njcaa.org/colleges_college_home.cfm?collegeId=1235	2	Baseball II
2014	3	1516	CCBC-Dundalk	http://njcaa.org/colleges_college_home.cfm?collegeId=1516	2	Baseball II
2014	3	1508	Cecil College	http://njcaa.org/colleges_college_home.cfm?collegeId=1508	2	Baseball II
2014	3	2230	Central Virginia Community College	http://njcaa.org/colleges_college_home.cfm?collegeId=2230	2	Baseball II
2014	3	1706	Chandler-Gilbert Community College	http://njcaa.org/colleges_college_home.cfm?collegeId=1706	2	Baseball II
2014	3	1553	Coahoma Community College	http://njcaa.org/colleges_college_home.cfm?collegeId=1553	2	Baseball II
2014	3	1292	College of Lake County	http://njcaa.org/colleges_college_home.cfm?collegeId=1292	2	Baseball II
2014	3	1509	College of Southern Maryland	http://njcaa.org/colleges_college_home.cfm?collegeId=1509	2	Baseball II
2014	3	2038	College of The Albemarle	http://njcaa.org/colleges_college_home.cfm?collegeId=2038	2	Baseball II
2014	3	1525	Community College of Rhode Island	http://njcaa.org/colleges_college_home.cfm?collegeId=1525	2	Baseball II
2014	3	1554	Copiah-Lincoln Community College	http://njcaa.org/colleges_college_home.cfm?collegeId=1554	2	Baseball II
2014	3	1495	County College of Morris	http://njcaa.org/colleges_college_home.cfm?collegeId=1495	2	Baseball II
2014	3	1393	Cuyahoga Community College	http://njcaa.org/colleges_college_home.cfm?collegeId=1393	2	Baseball II
2014	3	1423	Dakota College at Bottineau	http://njcaa.org/colleges_college_home.cfm?collegeId=1423	2	Baseball II
2014	3	1721	Dakota County Technical College	http://njcaa.org/colleges_college_home.cfm?collegeId=1721	2	Baseball II
2014	3	1572	Danville Area Community College	http://njcaa.org/colleges_college_home.cfm?collegeId=1572	2	Baseball II
2014	3	2197	Danville Community College	http://njcaa.org/colleges_college_home.cfm?collegeId=2197	2	Baseball II
2014	3	1618	Dawson Community College	http://njcaa.org/colleges_college_home.cfm?collegeId=1618	2	Baseball II
2014	3	1526	Dean College	http://njcaa.org/colleges_college_home.cfm?collegeId=1526	2	Baseball II
2014	3	1611	Delaware Technical Community College-Owens	http://njcaa.org/colleges_college_home.cfm?collegeId=1611	2	Baseball II
2014	3	1394	Delta College	http://njcaa.org/colleges_college_home.cfm?collegeId=1394	2	Baseball II
2014	3	1379	Des Moines Area Community College	http://njcaa.org/colleges_college_home.cfm?collegeId=1379	2	Baseball II
2014	3	1450	Dutchess Community College	http://njcaa.org/colleges_college_home.cfm?collegeId=1450	2	Baseball II
2014	3	1565	East Central Community College	http://njcaa.org/colleges_college_home.cfm?collegeId=1565	2	Baseball II
2014	3	1556	East Mississippi Community College	http://njcaa.org/colleges_college_home.cfm?collegeId=1556	2	Baseball II
2014	3	1293	Elgin Community College	http://njcaa.org/colleges_college_home.cfm?collegeId=1293	2	Baseball II
2014	3	1558	Ellsworth Community College	http://njcaa.org/colleges_college_home.cfm?collegeId=1558	2	Baseball II
2014	3	1676	Frederick Community College	http://njcaa.org/colleges_college_home.cfm?collegeId=1676	2	Baseball II
2014	3	1517	Garrett College	http://njcaa.org/colleges_college_home.cfm?collegeId=1517	2	Baseball II
2014	3	1737	GateWay Community College - AZ	http://njcaa.org/colleges_college_home.cfm?collegeId=1737	2	Baseball II
2014	3	1273	Genesee Community College	http://njcaa.org/colleges_college_home.cfm?collegeId=1273	2	Baseball II
2014	3	1395	Glen Oaks Community College	http://njcaa.org/colleges_college_home.cfm?collegeId=1395	2	Baseball II
2014	3	1245	Glendale Community College	http://njcaa.org/colleges_college_home.cfm?collegeId=1245	2	Baseball II
2014	3	1396	Grand Rapids Community College	http://njcaa.org/colleges_college_home.cfm?collegeId=1396	2	Baseball II
2014	3	1777	Heartland Community College	http://njcaa.org/colleges_college_home.cfm?collegeId=1777	2	Baseball II
2014	3	1397	Henry Ford Community College	http://njcaa.org/colleges_college_home.cfm?collegeId=1397	2	Baseball II
2014	3	1331	Hesston College	http://njcaa.org/colleges_college_home.cfm?collegeId=1331	2	Baseball II
2014	3	1294	Highland Community College - Illinois	http://njcaa.org/colleges_college_home.cfm?collegeId=1294	2	Baseball II
2014	3	1557	Hinds Community College	http://njcaa.org/colleges_college_home.cfm?collegeId=1557	2	Baseball II
2014	3	1559	Holmes Community College	http://njcaa.org/colleges_college_home.cfm?collegeId=1559	2	Baseball II
2014	3	1573	Illinois Central College	http://njcaa.org/colleges_college_home.cfm?collegeId=1573	2	Baseball II
2014	3	1295	Illinois Valley Community College	http://njcaa.org/colleges_college_home.cfm?collegeId=1295	2	Baseball II
2014	3	1381	Iowa Central Community College	http://njcaa.org/colleges_college_home.cfm?collegeId=1381	2	Baseball II
2014	3	1382	Iowa Lakes Community College	http://njcaa.org/colleges_college_home.cfm?collegeId=1382	2	Baseball II
2014	3	1560	Itawamba Community College	http://njcaa.org/colleges_college_home.cfm?collegeId=1560	2	Baseball II
2014	3	1768	Jackson College	http://njcaa.org/colleges_college_home.cfm?collegeId=1768	2	Baseball II
2014	3	1228	John Wood Community College	http://njcaa.org/colleges_college_home.cfm?collegeId=1228	2	Baseball II
2014	3	1561	Jones County Junior College	http://njcaa.org/colleges_college_home.cfm?collegeId=1561	2	Baseball II
2014	3	1398	Kalamazoo Valley Community College	http://njcaa.org/colleges_college_home.cfm?collegeId=1398	2	Baseball II
2014	3	1297	Kankakee Community College	http://njcaa.org/colleges_college_home.cfm?collegeId=1297	2	Baseball II
2014	3	1399	Kellogg Community College	http://njcaa.org/colleges_college_home.cfm?collegeId=1399	2	Baseball II
2014	3	1384	Kirkwood Community College	http://njcaa.org/colleges_college_home.cfm?collegeId=1384	2	Baseball II
2014	3	1499	Lackawanna College	http://njcaa.org/colleges_college_home.cfm?collegeId=1499	2	Baseball II
2014	3	1400	Lake Michigan College	http://njcaa.org/colleges_college_home.cfm?collegeId=1400	2	Baseball II
2014	3	1674	Lake Region State College - ND	http://njcaa.org/colleges_college_home.cfm?collegeId=1674	2	Baseball II
2014	3	1401	Lakeland Community College	http://njcaa.org/colleges_college_home.cfm?collegeId=1401	2	Baseball II
2014	3	1402	Lansing Community College	http://njcaa.org/colleges_college_home.cfm?collegeId=1402	2	Baseball II
2014	3	1376	Lenoir Community College	http://njcaa.org/colleges_college_home.cfm?collegeId=1376	2	Baseball II
2014	3	1577	Lewis & Clark Community College	http://njcaa.org/colleges_college_home.cfm?collegeId=1577	2	Baseball II
2014	3	1578	Lincoln College	http://njcaa.org/colleges_college_home.cfm?collegeId=1578	2	Baseball II
2014	3	1579	Lincoln Land Community College	http://njcaa.org/colleges_college_home.cfm?collegeId=1579	2	Baseball II
2014	3	1355	Louisiana State University Eunice	http://njcaa.org/colleges_college_home.cfm?collegeId=1355	2	Baseball II
2014	3	1403	Macomb Community College	http://njcaa.org/colleges_college_home.cfm?collegeId=1403	2	Baseball II
2014	3	1419	Madison College	http://njcaa.org/colleges_college_home.cfm?collegeId=1419	2	Baseball II
2014	3	1465	MCC-Longview	http://njcaa.org/colleges_college_home.cfm?collegeId=1465	2	Baseball II
2014	3	1304	McHenry County College	http://njcaa.org/colleges_college_home.cfm?collegeId=1304	2	Baseball II
2014	3	1500	Mercer County Community College	http://njcaa.org/colleges_college_home.cfm?collegeId=1500	2	Baseball II
2014	3	1693	Mercyhurst North East	http://njcaa.org/colleges_college_home.cfm?collegeId=1693	2	Baseball II
2014	3	1246	Mesa Community College	http://njcaa.org/colleges_college_home.cfm?collegeId=1246	2	Baseball II
2014	3	1623	Miles Community College	http://njcaa.org/colleges_college_home.cfm?collegeId=1623	2	Baseball II
2014	3	1466	Mississippi Delta Community College	http://njcaa.org/colleges_college_home.cfm?collegeId=1466	2	Baseball II
2014	3	1566	Mississippi Gulf Coast Community College	http://njcaa.org/colleges_college_home.cfm?collegeId=1566	2	Baseball II
2014	3	1679	Monroe Community College	http://njcaa.org/colleges_college_home.cfm?collegeId=1679	2	Baseball II
2014	3	1298	Moraine Valley Community College	http://njcaa.org/colleges_college_home.cfm?collegeId=1298	2	Baseball II
2014	3	1299	Morton College	http://njcaa.org/colleges_college_home.cfm?collegeId=1299	2	Baseball II
2014	3	1391	Mott Community College	http://njcaa.org/colleges_college_home.cfm?collegeId=1391	2	Baseball II
2014	3	1258	Murray State College	http://njcaa.org/colleges_college_home.cfm?collegeId=1258	2	Baseball II
2014	3	1404	Muskegon Community College	http://njcaa.org/colleges_college_home.cfm?collegeId=1404	2	Baseball II
2014	3	2204	New River Community College	http://njcaa.org/colleges_college_home.cfm?collegeId=2204	2	Baseball II
2014	3	1387	North Iowa Area Community College	http://njcaa.org/colleges_college_home.cfm?collegeId=1387	2	Baseball II
2014	3	1567	Northeast Mississippi Community College	http://njcaa.org/colleges_college_home.cfm?collegeId=1567	2	Baseball II
2014	3	1695	Northern Oklahoma College-Enid	http://njcaa.org/colleges_college_home.cfm?collegeId=1695	2	Baseball II
2014	3	1260	Northern Oklahoma College-Tonkawa	http://njcaa.org/colleges_college_home.cfm?collegeId=1260	2	Baseball II
2014	3	1568	Northwest Mississippi Community College	http://njcaa.org/colleges_college_home.cfm?collegeId=1568	2	Baseball II
2014	3	1300	Oakton Community College	http://njcaa.org/colleges_college_home.cfm?collegeId=1300	2	Baseball II
2014	3	1454	Orange County Community College	http://njcaa.org/colleges_college_home.cfm?collegeId=1454	2	Baseball II
2014	3	1405	Owens Community College	http://njcaa.org/colleges_college_home.cfm?collegeId=1405	2	Baseball II
2014	3	1210	Paradise Valley Community College	http://njcaa.org/colleges_college_home.cfm?collegeId=1210	2	Baseball II
2014	3	1590	Parkland College	http://njcaa.org/colleges_college_home.cfm?collegeId=1590	2	Baseball II
2014	3	1226	Pasco-Hernando Community College	http://njcaa.org/colleges_college_home.cfm?collegeId=1226	2	Baseball II
2014	3	1884	Patrick Henry Community College	http://njcaa.org/colleges_college_home.cfm?collegeId=1884	2	Baseball II
2014	3	1569	Pearl River Community College	http://njcaa.org/colleges_college_home.cfm?collegeId=1569	2	Baseball II
2014	3	1247	Phoenix College	http://njcaa.org/colleges_college_home.cfm?collegeId=1247	2	Baseball II
2014	3	1664	Prairie State College	http://njcaa.org/colleges_college_home.cfm?collegeId=1664	2	Baseball II
2014	3	1504	Raritan Valley Community College	http://njcaa.org/colleges_college_home.cfm?collegeId=1504	2	Baseball II
2014	3	1257	Redlands Community College	http://njcaa.org/colleges_college_home.cfm?collegeId=1257	2	Baseball II
2014	3	1698	Rockingham Community College	http://njcaa.org/colleges_college_home.cfm?collegeId=1698	2	Baseball II
2014	3	1456	Rockland Community College	http://njcaa.org/colleges_college_home.cfm?collegeId=1456	2	Baseball II
2014	3	1503	Salem Community College	http://njcaa.org/colleges_college_home.cfm?collegeId=1503	2	Baseball II
2014	3	1220	Sauk Valley Community College	http://njcaa.org/colleges_college_home.cfm?collegeId=1220	2	Baseball II
2014	3	1249	Scottsdale Community College	http://njcaa.org/colleges_college_home.cfm?collegeId=1249	2	Baseball II
2014	3	1407	Sinclair Community College	http://njcaa.org/colleges_college_home.cfm?collegeId=1407	2	Baseball II
2014	3	1629	Southeast Community College	http://njcaa.org/colleges_college_home.cfm?collegeId=1629	2	Baseball II
2014	3	1672	Southeastern Community College	http://njcaa.org/colleges_college_home.cfm?collegeId=1672	2	Baseball II
2014	3	1615	Southeastern Community College-Whiteville	http://njcaa.org/colleges_college_home.cfm?collegeId=1615	2	Baseball II
2014	3	1570	Southwest Mississippi Community College	http://njcaa.org/colleges_college_home.cfm?collegeId=1570	2	Baseball II
2014	3	1388	Southwestern Community College	http://njcaa.org/colleges_college_home.cfm?collegeId=1388	2	Baseball II
2014	3	1584	Spoon River College	http://njcaa.org/colleges_college_home.cfm?collegeId=1584	2	Baseball II
2014	3	1600	St. Clair County Community College	http://njcaa.org/colleges_college_home.cfm?collegeId=1600	2	Baseball II
2014	3	1459	Sullivan County Community College	http://njcaa.org/colleges_college_home.cfm?collegeId=1459	2	Baseball II
2014	3	1683	Surry Community College	http://njcaa.org/colleges_college_home.cfm?collegeId=1683	2	Baseball II
2014	3	1230	Sussex County Community College	http://njcaa.org/colleges_college_home.cfm?collegeId=1230	2	Baseball II
2014	3	1460	Ulster County Community College	http://njcaa.org/colleges_college_home.cfm?collegeId=1460	2	Baseball II
2014	3	1593	University of Connecticut at Avery Point	http://njcaa.org/colleges_college_home.cfm?collegeId=1593	2	Baseball II
2014	3	1241	Utah State University - College of Eastern Utah	http://njcaa.org/colleges_college_home.cfm?collegeId=1241	2	Baseball II
2014	3	1408	Vincennes University	http://njcaa.org/colleges_college_home.cfm?collegeId=1408	2	Baseball II
2014	3	1886	Wake Technical Community College	http://njcaa.org/colleges_college_home.cfm?collegeId=1886	2	Baseball II
2014	3	1685	Wentworth Military Academy	http://njcaa.org/colleges_college_home.cfm?collegeId=1685	2	Baseball II
2014	3	1461	Westchester Community College	http://njcaa.org/colleges_college_home.cfm?collegeId=1461	2	Baseball II
2014	3	1264	Western Oklahoma State College	http://njcaa.org/colleges_college_home.cfm?collegeId=1264	2	Baseball II
2014	3	1428	Williston State College	http://njcaa.org/colleges_college_home.cfm?collegeId=1428	2	Baseball II
2014	3	1409	Anoka-Ramsey Community College	http://njcaa.org/colleges_college_home.cfm?collegeId=1409	3	Baseball III
2014	3	1490	Atlantic Cape Community College	http://njcaa.org/colleges_college_home.cfm?collegeId=1490	3	Baseball III
2014	3	1491	Bergen Community College	http://njcaa.org/colleges_college_home.cfm?collegeId=1491	3	Baseball III
2014	3	1448	Borough of Manhattan Community College	http://njcaa.org/colleges_college_home.cfm?collegeId=1448	3	Baseball III
2014	3	1449	Bronx Community College	http://njcaa.org/colleges_college_home.cfm?collegeId=1449	3	Baseball III
2014	3	1492	Brookdale Community College	http://njcaa.org/colleges_college_home.cfm?collegeId=1492	3	Baseball III
2014	3	1606	Brookhaven College	http://njcaa.org/colleges_college_home.cfm?collegeId=1606	3	Baseball III
2014	3	1614	Bucks County Community College	http://njcaa.org/colleges_college_home.cfm?collegeId=1614	3	Baseball III
2014	3	1229	Bunker Hill Community College	http://njcaa.org/colleges_college_home.cfm?collegeId=1229	3	Baseball III
2014	3	1657	Butler County Community College - PA	http://njcaa.org/colleges_college_home.cfm?collegeId=1657	3	Baseball III
2014	3	1494	Camden County College	http://njcaa.org/colleges_college_home.cfm?collegeId=1494	3	Baseball III
2014	3	1513	CC of Allegheny County-Boyce	http://njcaa.org/colleges_college_home.cfm?collegeId=1513	3	Baseball III
2014	3	1512	CC of Allegheny County-South	http://njcaa.org/colleges_college_home.cfm?collegeId=1512	3	Baseball III
2014	3	1597	Cedar Valley College	http://njcaa.org/colleges_college_home.cfm?collegeId=1597	3	Baseball III
2014	3	1414	Central Lakes College-Brainerd	http://njcaa.org/colleges_college_home.cfm?collegeId=1414	3	Baseball III
2014	3	1760	Century College	http://njcaa.org/colleges_college_home.cfm?collegeId=1760	3	Baseball III
2014	3	1270	Clinton Community College	http://njcaa.org/colleges_college_home.cfm?collegeId=1270	3	Baseball III
2014	3	1772	Coastal Bend College	http://njcaa.org/colleges_college_home.cfm?collegeId=1772	3	Baseball III
2014	3	1291	College of DuPage	http://njcaa.org/colleges_college_home.cfm?collegeId=1291	3	Baseball III
2014	3	1591	Columbia-Greene Community College	http://njcaa.org/colleges_college_home.cfm?collegeId=1591	3	Baseball III
2014	3	1271	Corning Community College	http://njcaa.org/colleges_college_home.cfm?collegeId=1271	3	Baseball III
2014	3	1690	Cumberland County College	http://njcaa.org/colleges_college_home.cfm?collegeId=1690	3	Baseball III
2014	3	2215	Delaware County Community College	http://njcaa.org/colleges_college_home.cfm?collegeId=2215	3	Baseball III
2014	3	1598	Eastfield College	http://njcaa.org/colleges_college_home.cfm?collegeId=1598	3	Baseball III
2014	3	1662	Erie Community College	http://njcaa.org/colleges_college_home.cfm?collegeId=1662	3	Baseball III
2014	3	1677	Finger Lakes Community College	http://njcaa.org/colleges_college_home.cfm?collegeId=1677	3	Baseball III
2014	3	1780	Fond du Lac Tribal & Community College	http://njcaa.org/colleges_college_home.cfm?collegeId=1780	3	Baseball III
2014	3	1272	Fulton-Montgomery Community College	http://njcaa.org/colleges_college_home.cfm?collegeId=1272	3	Baseball III
2014	3	1497	Gloucester County College	http://njcaa.org/colleges_college_home.cfm?collegeId=1497	3	Baseball III
2014	3	1225	Harper College	http://njcaa.org/colleges_college_home.cfm?collegeId=1225	3	Baseball III
2014	3	1274	Herkimer County Community College	http://njcaa.org/colleges_college_home.cfm?collegeId=1274	3	Baseball III
2014	3	1417	Hibbing Community College	http://njcaa.org/colleges_college_home.cfm?collegeId=1417	3	Baseball III
2014	3	1527	Holyoke Community College	http://njcaa.org/colleges_college_home.cfm?collegeId=1527	3	Baseball III
2014	3	1275	Hudson Valley Community College	http://njcaa.org/colleges_college_home.cfm?collegeId=1275	3	Baseball III
2014	3	1418	Itasca Community College	http://njcaa.org/colleges_college_home.cfm?collegeId=1418	3	Baseball III
2014	3	1276	Jamestown Community College	http://njcaa.org/colleges_college_home.cfm?collegeId=1276	3	Baseball III
2014	3	1277	Jefferson Community College	http://njcaa.org/colleges_college_home.cfm?collegeId=1277	3	Baseball III
2014	3	1296	Joliet Junior College	http://njcaa.org/colleges_college_home.cfm?collegeId=1296	3	Baseball III
2014	3	1452	Kingsborough Community College	http://njcaa.org/colleges_college_home.cfm?collegeId=1452	3	Baseball III
2014	3	1658	Lehigh Carbon Community College	http://njcaa.org/colleges_college_home.cfm?collegeId=1658	3	Baseball III
2014	3	1761	Lorain County Community College	http://njcaa.org/colleges_college_home.cfm?collegeId=1761	3	Baseball III
2014	3	1694	Luzerne County Community College	http://njcaa.org/colleges_college_home.cfm?collegeId=1694	3	Baseball III
2014	3	1529	Massasoit Community College	http://njcaa.org/colleges_college_home.cfm?collegeId=1529	3	Baseball III
2014	3	1757	MassBay Community College	http://njcaa.org/colleges_college_home.cfm?collegeId=1757	3	Baseball III
2014	3	1666	Mesabi Range CTC	http://njcaa.org/colleges_college_home.cfm?collegeId=1666	3	Baseball III
2014	3	1501	Middlesex County College	http://njcaa.org/colleges_college_home.cfm?collegeId=1501	3	Baseball III
2014	3	1420	Milwaukee Area Technical College	http://njcaa.org/colleges_college_home.cfm?collegeId=1420	3	Baseball III
2014	3	1564	Minnesota State Community & Technical College	http://njcaa.org/colleges_college_home.cfm?collegeId=1564	3	Baseball III
2014	3	1416	Minnesota West Community & Technical College	http://njcaa.org/colleges_college_home.cfm?collegeId=1416	3	Baseball III
2014	3	1279	Mohawk Valley Community College	http://njcaa.org/colleges_college_home.cfm?collegeId=1279	3	Baseball III
2014	3	2229	Montgomery College	http://njcaa.org/colleges_college_home.cfm?collegeId=2229	3	Baseball III
2014	3	2037	Montgomery County Community College	http://njcaa.org/colleges_college_home.cfm?collegeId=2037	3	Baseball III
2014	3	1214	Mountain View College	http://njcaa.org/colleges_college_home.cfm?collegeId=1214	3	Baseball III
2014	3	1453	Nassau Community College	http://njcaa.org/colleges_college_home.cfm?collegeId=1453	3	Baseball III
2014	3	1280	Niagara County Community College	http://njcaa.org/colleges_college_home.cfm?collegeId=1280	3	Baseball III
2014	3	1259	North Arkansas College	http://njcaa.org/colleges_college_home.cfm?collegeId=1259	3	Baseball III
2014	3	1604	North Lake College	http://njcaa.org/colleges_college_home.cfm?collegeId=1604	3	Baseball III
2014	3	2034	Northampton Community College	http://njcaa.org/colleges_college_home.cfm?collegeId=2034	3	Baseball III
2014	3	1592	Northern Essex Community College	http://njcaa.org/colleges_college_home.cfm?collegeId=1592	3	Baseball III
2014	3	1425	Northland Community & Technical College	http://njcaa.org/colleges_college_home.cfm?collegeId=1425	3	Baseball III
2014	3	1502	Ocean County College	http://njcaa.org/colleges_college_home.cfm?collegeId=1502	3	Baseball III
2014	3	1282	Onondaga Community College	http://njcaa.org/colleges_college_home.cfm?collegeId=1282	3	Baseball III
2014	3	1524	Prince George's Community College	http://njcaa.org/colleges_college_home.cfm?collegeId=1524	3	Baseball III
2014	3	1455	Queensborough Community College	http://njcaa.org/colleges_college_home.cfm?collegeId=1455	3	Baseball III
2014	3	1533	Quinsigamond Community College	http://njcaa.org/colleges_college_home.cfm?collegeId=1533	3	Baseball III
2014	3	1426	Rainy River Community College	http://njcaa.org/colleges_college_home.cfm?collegeId=1426	3	Baseball III
2014	3	1599	Richland College	http://njcaa.org/colleges_college_home.cfm?collegeId=1599	3	Baseball III
2014	3	1375	Ridgewater College	http://njcaa.org/colleges_college_home.cfm?collegeId=1375	3	Baseball III
2014	3	1411	Riverland Community College	http://njcaa.org/colleges_college_home.cfm?collegeId=1411	3	Baseball III
2014	3	1427	Rochester Community and Technical College	http://njcaa.org/colleges_college_home.cfm?collegeId=1427	3	Baseball III
2014	3	1306	Rock Valley College	http://njcaa.org/colleges_college_home.cfm?collegeId=1306	3	Baseball III
2014	3	1284	Schenectady County Community College	http://njcaa.org/colleges_college_home.cfm?collegeId=1284	3	Baseball III
2014	3	1747	St. Cloud Technical  & Community College	http://njcaa.org/colleges_college_home.cfm?collegeId=1747	3	Baseball III
2014	3	1457	Suffolk County Community College	http://njcaa.org/colleges_college_home.cfm?collegeId=1457	3	Baseball III
2014	3	1266	SUNY Adirondack	http://njcaa.org/colleges_college_home.cfm?collegeId=1266	3	Baseball III
2014	3	1268	SUNY Broome Community College	http://njcaa.org/colleges_college_home.cfm?collegeId=1268	3	Baseball III
2014	3	1601	Tompkins Cortland Community College	http://njcaa.org/colleges_college_home.cfm?collegeId=1601	3	Baseball III
2014	3	1446	Tyler Junior College	http://njcaa.org/colleges_college_home.cfm?collegeId=1446	3	Baseball III
2014	3	1505	Union County College	http://njcaa.org/colleges_college_home.cfm?collegeId=1505	3	Baseball III
2014	3	1383	Vermilion Community College	http://njcaa.org/colleges_college_home.cfm?collegeId=1383	3	Baseball III
2014	3	1224	Waubonsee Community College	http://njcaa.org/colleges_college_home.cfm?collegeId=1224	3	Baseball III
2014	3	1218	Western Technical College	http://njcaa.org/colleges_college_home.cfm?collegeId=1218	3	Baseball III
2014	3	1634	Westmoreland County Community College	http://njcaa.org/colleges_college_home.cfm?collegeId=1634	3	Baseball III
