1963,1,Hank Aaron,/players/a/aaronha01.shtml,aaronha01,29,MLN,10,161,161,161,161,0,0,0,0,0,0,0,0,161,161,0,0
1963,2,Tommie Aaron,/players/a/aaronto01.shtml,aaronto01,23,MLN,2,72,28,72,57,0,0,45,6,1,0,14,1,0,14,19,1
1963,3,Ted Abernathy,/players/a/abernte02.shtml,abernte02,30,CLE,5,43,0,43,43,43,0,0,0,0,0,0,0,0,0,0,0
1963,4,Fritz Ackley,/players/a/acklefr01.shtml,acklefr01,26,CHW,1st,2,2,2,2,2,0,0,0,0,0,0,0,0,0,0,0
1963,5,Jerry Adair,/players/a/adairje01.shtml,adairje01,26,BAL,6,109,100,109,103,0,0,0,103,0,0,0,0,0,0,5,1
1963,6,Joe Adcock,/players/a/adcocjo01.shtml,adcocjo01,35,CLE,14,97,69,97,78,0,0,78,0,0,0,0,0,0,0,26,0
1963,7,Dave Adlesh,/players/a/adlesda01.shtml,adlesda01,19,HOU,1st,6,0,6,6,0,6,0,0,0,0,0,0,0,0,2,0
1963,8,Tommie Agee,/players/a/ageeto01.shtml,ageeto01,20,CLE,2,13,6,13,13,0,0,0,0,0,0,3,4,6,13,0,3
1963,9,Hank Aguirre,/players/a/aguirha01.shtml,aguirha01,32,DET,9,38,33,38,38,38,0,0,0,0,0,0,0,0,0,0,0
1963,10,Bernie Allen,/players/a/allenbe01.shtml,allenbe01,24,MIN,2,139,110,139,128,0,0,0,128,0,0,0,0,0,0,5,10
1963,11,Bob Allen,/players/a/allenbo04.shtml,allenbo04,25,CLE,3,43,0,43,43,43,0,0,0,0,0,0,0,0,0,0,0
1963,12,Dick Allen,/players/a/allendi01.shtml,allendi01,21,PHI,1st,10,5,10,8,0,0,0,0,1,0,7,0,0,7,2,1
1963,13,Gene Alley,/players/a/alleyge01.shtml,alleyge01,22,PIT,1st,17,12,17,14,0,0,0,4,7,4,0,0,0,0,2,1
1963,14,Bob Allison,/players/a/allisbo01.shtml,allisbo01,28,MIN,6,148,145,148,147,0,0,0,0,0,0,0,9,146,147,1,0
1963,15,Felipe Alou,/players/a/aloufe01.shtml,aloufe01,28,SFG,6,157,138,157,153,0,0,0,0,0,0,7,14,143,153,9,2
1963,16,Jesus Alou,/players/a/alouje01.shtml,alouje01,21,SFG,1st,16,3,16,12,0,0,0,0,0,0,10,0,4,12,5,2
1963,17,Matty Alou,/players/a/alouma01.shtml,alouma01,24,SFG,4,63,6,63,20,0,0,0,0,0,0,13,2,7,20,48,1
1963,18,George Altman,/players/a/altmage01.shtml,altmage01,30,STL,5,135,118,135,124,0,0,0,0,0,0,13,0,116,124,13,3
1963,19,George Alusik,/players/a/alusige01.shtml,alusige01,28,KCA,4,87,53,87,64,0,0,0,0,0,0,30,2,37,64,25,1
1963,20,Max Alvis,/players/a/alvisma01.shtml,alvisma01,25,CLE,2,158,158,158,158,0,0,0,0,158,0,0,0,0,0,0,0
1963,21,Joey Amalfitano,/players/a/amalfjo01.shtml,amalfjo01,29,SFG,6,54,33,54,39,0,0,0,37,7,0,0,0,0,0,19,0
1963,22,Ruben Amaro,/players/a/amaroru01.shtml,amaroru01,27,PHI,5,115,58,115,104,0,0,5,0,45,63,0,0,0,0,9,14
1963,23,Bob Anderson,/players/a/anderbo01.shtml,anderbo01,27,DET,7,32,3,32,32,32,0,0,0,0,0,0,0,0,0,0,0
1963,24,Craig Anderson,/players/a/andercr01.shtml,andercr01,24,NYM,3,3,2,3,3,3,0,0,0,0,0,0,0,0,0,0,0
1963,25,Luis Aparicio,/players/a/aparilu01.shtml,aparilu01,29,BAL,8,146,145,146,145,0,0,0,0,0,145,0,0,0,0,0,1
1963,26,Gerry Arrigo,/players/a/arrigge01.shtml,arrigge01,22,MIN,3,5,1,5,5,5,0,0,0,0,0,0,0,0,0,0,0
1963,27,Luis Arroyo,/players/a/arroylu01.shtml,arroylu01,36,NYY,8,6,0,6,6,6,0,0,0,0,0,0,0,0,0,0,0
1963,28,Bob Aspromonte,/players/a/asprobo01.shtml,asprobo01,25,HOU,5,136,127,136,132,0,0,1,0,131,0,0,0,0,0,5,1
1963,29,Ken Aspromonte,/players/a/asproke01.shtml,asproke01,31,CHC,7,20,6,20,9,0,0,2,7,0,0,0,0,0,0,11,0
1963,30,Earl Averill,/players/a/averiea02.shtml,averiea02,31,PHI,7,47,15,47,29,0,20,1,0,1,0,9,0,0,9,27,0
1963,31,Joe Azcue,/players/a/azcuejo01.shtml,azcuejo01,23,2TM,3,96,84,96,92,0,92,0,0,0,0,0,0,0,0,9,0
1963,32,Bob Bailey,/players/b/bailebo01.shtml,bailebo01,20,PIT,2,154,153,154,153,0,0,0,0,153,3,0,0,0,0,1,0
1963,33,Ed Bailey,/players/b/baileed01.shtml,baileed01,32,SFG,11,105,83,105,88,0,88,0,0,0,0,0,0,0,0,19,0
1963,34,Bob Baird,/players/b/bairdbo01.shtml,bairdbo01,23,WSA,2,5,3,5,5,5,0,0,0,0,0,0,0,0,0,0,0
1963,35,Tom Baker,/players/b/bakerto02.shtml,bakerto02,29,CHC,1st,10,1,10,10,10,0,0,0,0,0,0,0,0,0,0,0
1963,36,Jack Baldschun,/players/b/baldsja01.shtml,baldsja01,26,PHI,3,65,0,65,65,65,0,0,0,0,0,0,0,0,0,0,0
1963,37,Ernie Banks,/players/b/bankser01.shtml,bankser01,32,CHC,11,130,117,130,125,0,0,125,0,0,0,0,0,0,0,7,0
1963,38,George Banks,/players/b/banksge01.shtml,banksge01,24,MIN,2,25,18,25,21,0,0,0,0,21,0,0,0,0,0,4,1
1963,39,Steve Barber,/players/b/barbest01.shtml,barbest01,25,BAL,4,39,36,39,39,39,0,0,0,0,0,0,0,0,0,0,0
1963,40,Cuno Barragan,/players/b/barracu01.shtml,barracu01,31,CHC,3,1,0,1,1,0,1,0,0,0,0,0,0,0,0,0,0
1963,41,Norm Bass,/players/b/bassno01.shtml,bassno01,24,KCA,3,3,1,3,3,3,0,0,0,0,0,0,0,0,0,0,0
1963,42,John Bateman,/players/b/batemjo01.shtml,batemjo01,22,HOU,1st,128,111,128,115,0,115,0,0,0,0,0,0,0,0,15,0
1963,43,Earl Battey,/players/b/batteea01.shtml,batteea01,28,MIN,9,147,142,147,147,0,147,0,0,0,0,0,0,0,0,3,0
1963,44,Frank Baumann,/players/b/baumafr01.shtml,baumafr01,29,CHW,9,24,1,24,24,24,0,0,0,0,0,0,0,0,0,0,0
1963,45,Ed Bauta,/players/b/bautaed01.shtml,bautaed01,28,2TM,4,47,0,47,47,47,0,0,0,0,0,0,0,0,0,0,0
1963,46,Larry Bearnarth,/players/b/bearnla01.shtml,bearnla01,21,NYM,1st,58,2,58,58,58,0,0,0,0,0,0,0,0,0,0,0
1963,47,Jim Beauchamp,/players/b/beaucji01.shtml,beaucji01,23,STL,1st,4,0,4,0,0,0,0,0,0,0,0,0,0,0,3,1
1963,48,Julio Becquer,/players/b/becquju01.shtml,becquju01,31,MIN,7,1,0,1,0,0,0,0,0,0,0,0,0,0,0,0,1
1963,49,Bo Belinsky,/players/b/belinbo01.shtml,belinbo01,26,LAA,2,13,13,13,13,13,0,0,0,0,0,0,0,0,0,0,0
1963,50,Gary Bell,/players/b/bellga01.shtml,bellga01,26,CLE,6,58,7,58,58,58,0,0,0,0,0,0,0,0,0,0,0
1963,51,Gus Bell,/players/b/bellgu01.shtml,bellgu01,34,MLN,14,3,0,3,0,0,0,0,0,0,0,0,0,0,0,3,0
1963,52,Dennis Bennett,/players/b/bennede01.shtml,bennede01,23,PHI,2,23,16,23,23,23,0,0,0,0,0,0,0,0,0,0,0
1963,53,Yogi Berra,/players/b/berrayo01.shtml,berrayo01,38,NYY,18,64,32,64,35,0,35,0,0,0,0,0,0,0,0,30,0
1963,54,Ken Berry,/players/b/berryke01.shtml,berryke01,22,CHW,2,4,1,4,3,0,0,0,1,0,0,0,2,0,2,0,1
1963,55,Dick Bertell,/players/b/bertedi01.shtml,bertedi01,27,CHC,4,100,97,100,99,0,99,0,0,0,0,0,0,0,0,1,0
1963,56,Johnny Blanchard,/players/b/blancjo01.shtml,blancjo01,30,NYY,6,76,59,76,64,0,0,0,0,0,0,22,0,42,64,14,0
1963,57,Don Blasingame,/players/b/blasido01.shtml,blasido01,31,2TM,9,87,69,87,77,0,0,0,75,2,0,0,0,0,0,12,2
1963,58,Wade Blasingame,/players/b/blasiwa01.shtml,blasiwa01,19,MLN,1st,2,0,2,2,2,0,0,0,0,0,0,0,0,0,0,0
1963,59,Bud Bloomfield,/players/b/bloombu01.shtml,bloombu01,27,STL,1st,1,0,1,1,0,0,0,0,1,0,0,0,0,0,0,0
1963,60,John Boccabella,/players/b/boccajo01.shtml,boccajo01,22,CHC,1st,24,21,24,24,0,0,24,0,0,0,0,0,0,0,1,0
1963,61,Bobby Bolin,/players/b/bolinbo01.shtml,bolinbo01,24,SFG,3,47,12,47,47,47,0,0,0,0,0,0,0,0,0,0,0
1963,62,Frank Bolling,/players/b/bollifr01.shtml,bollifr01,31,MLN,9,142,137,142,141,0,0,0,141,0,0,0,0,0,0,1,2
1963,63,John Boozer,/players/b/boozejo01.shtml,boozejo01,24,PHI,2,26,8,26,26,26,0,0,0,0,0,0,0,0,0,0,0
1963,64,Steve Boros,/players/b/borosst01.shtml,borosst01,26,CHC,5,41,21,41,24,0,0,14,0,0,0,0,0,11,11,18,1
1963,65,Carl Bouldin,/players/b/bouldca01.shtml,bouldca01,23,WSA,3,10,3,10,10,10,0,0,0,0,0,0,0,0,0,0,0
1963,66,Jim Bouton,/players/b/boutoji01.shtml,boutoji01,24,NYY,2,40,30,40,40,40,0,0,0,0,0,0,0,0,0,0,0
1963,67,Sam Bowens,/players/b/bowensa01.shtml,bowensa01,25,BAL,1st,15,13,15,13,0,0,0,0,0,0,0,0,13,13,2,0
1963,68,Ernie Bowman,/players/b/bowmaer01.shtml,bowmaer01,27,SFG,3,81,28,81,75,0,0,0,26,12,40,0,0,0,0,1,16
1963,69,Ted Bowsfield,/players/b/bowsfte01.shtml,bowsfte01,28,KCA,6,43,11,43,41,41,0,0,0,0,0,0,0,0,0,0,2
1963,70,Clete Boyer,/players/b/boyercl02.shtml,boyercl02,26,NYY,8,152,148,152,151,0,0,0,1,141,9,0,0,0,0,0,1
1963,71,Ken Boyer,/players/b/boyerke01.shtml,boyerke01,32,STL,9,159,159,159,159,0,0,0,0,159,0,0,0,0,0,0,0
1963,72,Ron Brand,/players/b/brandro01.shtml,brandro01,23,PIT,1st,46,16,46,37,0,33,0,2,2,0,0,0,0,0,4,16
1963,73,Jackie Brandt,/players/b/brandja01.shtml,brandja01,29,BAL,7,142,121,142,134,0,0,0,0,1,0,31,93,40,134,8,4
1963,74,Marv Breeding,/players/b/breedma01.shtml,breedma01,29,2TM,4,78,54,78,70,0,0,0,39,30,3,0,0,0,0,10,5
1963,75,Eddie Bressoud,/players/b/bressed01.shtml,bressed01,31,BOS,8,140,137,140,137,0,0,0,0,0,137,0,0,0,0,3,0
1963,76,Jim Brewer,/players/b/breweji01.shtml,breweji01,25,CHC,4,29,1,29,29,29,0,0,0,0,0,0,0,0,0,0,0
1963,77,Marshall Bridges,/players/b/bridgma01.shtml,bridgma01,32,NYY,5,23,0,23,23,23,0,0,0,0,0,0,0,0,0,0,0
1963,78,Harry Bright,/players/b/brighha01.shtml,brighha01,33,2TM,6,61,43,61,48,0,0,35,0,12,0,0,0,1,1,14,1
1963,79,Ed Brinkman,/players/b/brinked01.shtml,brinked01,21,WSA,3,145,143,145,143,0,0,0,0,0,143,0,0,0,0,2,0
1963,80,Lou Brock,/players/b/brocklo01.shtml,brocklo01,24,CHC,3,148,132,148,140,0,0,0,0,0,0,0,0,140,140,13,0
1963,81,Ernie Broglio,/players/b/brogler01.shtml,brogler01,27,STL,5,39,35,39,39,39,0,0,0,0,0,0,0,0,0,0,0
1963,82,Jim Bronstad,/players/b/bronsji01.shtml,bronsji01,27,WSA,2,27,0,27,25,25,0,0,0,0,0,0,0,0,0,1,1
1963,83,Jim Brosnan,/players/b/brosnji01.shtml,brosnji01,33,2TM,9,51,0,51,51,51,0,0,0,0,0,0,0,0,0,0,0
1963,84,Dick Brown,/players/b/browndi01.shtml,browndi01,28,BAL,7,59,51,59,58,0,58,0,0,0,0,0,0,0,0,1,0
1963,85,Gates Brown,/players/b/brownga01.shtml,brownga01,24,DET,1st,55,12,55,17,0,0,0,0,0,0,17,0,0,17,36,4
1963,86,Hal Brown,/players/b/brownha01.shtml,brownha01,38,HOU,13,26,20,26,26,26,0,0,0,0,0,0,0,0,0,0,0
1963,87,Larry Brown,/players/b/brownla01.shtml,brownla01,23,CLE,1st,74,65,74,71,0,0,0,27,0,46,0,0,0,0,5,3
1963,88,Paul Brown,/players/b/brownpa01.shtml,brownpa01,22,PHI,3,6,2,6,6,6,0,0,0,0,0,0,0,0,0,0,0
1963,89,Tom Brown,/players/b/brownto03.shtml,brownto03,22,WSA,1st,61,23,61,30,0,0,14,0,0,0,10,5,1,16,24,10
1963,90,Bob Bruce,/players/b/brucebo01.shtml,brucebo01,30,HOU,5,32,25,32,30,30,0,0,0,0,0,0,0,0,0,1,2
1963,91,George Brunet,/players/b/brunege01.shtml,brunege01,28,2TM,7,21,2,21,21,21,0,0,0,0,0,0,0,0,0,0,0
1963,92,Bill Bruton,/players/b/brutobi01.shtml,brutobi01,37,DET,11,145,127,145,138,0,0,0,0,0,0,0,138,0,138,16,1
1963,93,Billy Bryan,/players/b/bryanbi01.shtml,bryanbi01,24,KCA,3,24,22,24,24,0,24,0,0,0,0,0,0,0,0,0,0
1963,94,Jerry Buchek,/players/b/bucheje01.shtml,bucheje01,21,STL,2,3,0,3,1,0,0,0,0,0,1,0,0,0,0,2,0
1963,95,Don Buford,/players/b/bufordo01.shtml,bufordo01,26,CHW,1st,12,10,12,11,0,0,0,2,9,0,0,0,0,0,1,0
1963,96,Bob Buhl,/players/b/buhlbo01.shtml,buhlbo01,34,CHC,11,37,34,37,37,37,0,0,0,0,0,0,0,0,0,0,0
1963,97,Wally Bunker,/players/b/bunkewa01.shtml,bunkewa01,18,BAL,1st,1,1,1,1,1,0,0,0,0,0,0,0,0,0,0,0
1963,98,Jim Bunning,/players/b/bunniji01.shtml,bunniji01,31,DET,9,41,35,41,39,39,0,0,0,0,0,0,0,0,0,0,2
1963,99,Freddie Burdette,/players/b/burdefr01.shtml,burdefr01,26,CHC,2,4,0,4,4,4,0,0,0,0,0,0,0,0,0,0,0
1963,100,Lew Burdette,/players/b/burdele01.shtml,burdele01,36,2TM,14,38,27,38,36,36,0,0,0,0,0,0,0,0,0,0,2
1963,101,Smoky Burgess,/players/b/burgesm01.shtml,burgesm01,36,PIT,14,91,65,91,72,0,72,0,0,0,0,0,0,0,0,23,0
1963,102,Leo Burke,/players/b/burkele02.shtml,burkele02,29,2TM,5,57,19,57,28,0,0,4,10,5,0,2,0,9,11,32,2
1963,103,Pete Burnside,/players/b/burnspe01.shtml,burnspe01,32,2TM,8,44,1,44,44,44,0,0,0,0,0,0,0,0,0,0,0
1963,104,Larry Burright,/players/b/burrila01.shtml,burrila01,25,NYM,2,41,31,41,34,0,0,0,15,1,19,0,0,0,0,2,5
1963,105,Ellis Burton,/players/b/burtoel01.shtml,burtoel01,26,2TM,3,119,91,119,105,0,0,0,0,0,0,10,76,27,105,13,2
1963,106,Tom Butters,/players/b/butteto01.shtml,butteto01,25,PIT,2,6,1,6,6,6,0,0,0,0,0,0,0,0,0,0,0
1963,107,John Buzhardt,/players/b/buzhajo01.shtml,buzhajo01,26,CHW,6,20,18,20,19,19,0,0,0,0,0,0,0,0,0,0,1
1963,108,Johnny Callison,/players/c/callijo01.shtml,callijo01,24,PHI,6,157,152,157,157,0,0,0,0,0,0,3,0,156,157,3,0
1963,109,Dick Calmus,/players/c/calmudi01.shtml,calmudi01,19,LAD,1st,21,1,21,21,21,0,0,0,0,0,0,0,0,0,0,0
1963,110,Doug Camilli,/players/c/camildo02.shtml,camildo02,26,LAD,4,49,35,49,47,0,47,0,0,0,0,0,0,0,0,3,0
1963,111,Jim Campbell,/players/c/campbji01.shtml,campbji01,26,HOU,2,55,39,55,42,0,42,0,0,0,0,0,0,0,0,14,1
1963,112,Chris Cannizzaro,/players/c/cannich01.shtml,cannich01,25,NYM,4,16,10,16,15,0,15,0,0,0,0,0,0,0,0,1,0
1963,113,Jose Cardenal,/players/c/cardejo02.shtml,cardejo02,19,SFG,1st,9,0,9,2,0,0,0,0,0,0,0,1,1,2,5,3
1963,114,Leo Cardenas,/players/c/cardele01.shtml,cardele01,24,CIN,4,158,152,158,157,0,0,0,0,0,157,0,0,0,0,3,2
1963,115,Conrad Cardinal,/players/c/cardico01.shtml,cardico01,21,HOU,1st,6,1,6,6,6,0,0,0,0,0,0,0,0,0,0,0
1963,116,Don Cardwell,/players/c/cardwdo01.shtml,cardwdo01,27,PIT,7,33,32,33,33,33,0,0,0,0,0,0,0,0,0,0,0
1963,117,Duke Carmel,/players/c/carmedu01.shtml,carmedu01,26,2TM,3,104,44,104,76,0,0,19,0,0,0,25,28,8,59,27,13
1963,118,Cam Carreon,/players/c/carreca01.shtml,carreca01,25,CHW,5,101,81,101,92,0,92,0,0,0,0,0,0,0,0,11,3
1963,119,Rico Carty,/players/c/cartyri01.shtml,cartyri01,23,MLN,1st,2,0,2,0,0,0,0,0,0,0,0,0,0,0,2,0
1963,120,Norm Cash,/players/c/cashno01.shtml,cashno01,28,DET,6,147,138,147,142,0,0,142,0,0,0,0,0,0,0,9,0
1963,121,Wayne Causey,/players/c/causewa01.shtml,causewa01,26,KCA,6,139,137,139,137,0,0,0,0,2,135,0,0,0,0,2,0
1963,122,Orlando Cepeda,/players/c/cepedor01.shtml,cepedor01,25,SFG,6,156,147,156,150,0,0,150,0,0,0,3,0,0,3,9,0
1963,123,Bob Chance,/players/c/chancbo01.shtml,chancbo01,22,CLE,1st,16,14,16,14,0,0,0,0,0,0,0,0,14,14,2,0
1963,124,Dean Chance,/players/c/chancde01.shtml,chancde01,22,LAA,3,45,35,45,45,45,0,0,0,0,0,0,0,0,0,0,0
1963,125,Ed Charles,/players/c/charled01.shtml,charled01,30,KCA,2,158,158,158,158,0,0,0,0,158,0,0,0,0,0,0,0
1963,126,Tom Cheney,/players/c/cheneto01.shtml,cheneto01,28,WSA,6,26,21,26,23,23,0,0,0,0,0,0,0,0,0,0,3
1963,127,Joe Christopher,/players/c/chrisjo01.shtml,chrisjo01,27,NYM,5,64,33,64,45,0,0,0,0,0,0,6,0,40,45,23,3
1963,128,Gino Cimoli,/players/c/cimolgi01.shtml,cimolgi01,33,KCA,8,145,134,145,136,0,0,0,0,0,0,2,15,128,136,9,1
1963,129,Galen Cisco,/players/c/ciscoga01.shtml,ciscoga01,27,NYM,3,51,17,51,51,51,0,0,0,0,0,0,0,0,0,0,0
1963,130,Doug Clemens,/players/c/clemedo01.shtml,clemedo01,24,STL,4,5,2,5,3,0,0,0,0,0,0,2,0,1,3,2,0
1963,131,Roberto Clemente,/players/c/clemero01.shtml,clemero01,28,PIT,9,152,148,152,151,0,0,0,0,0,0,0,8,143,151,3,1
1963,132,Donn Clendenon,/players/c/clenddo01.shtml,clenddo01,27,PIT,3,154,146,154,151,0,0,151,0,0,0,0,0,0,0,6,1
1963,133,Ty Cline,/players/c/clinety01.shtml,clinety01,24,MLN,4,72,41,72,62,0,0,0,0,0,0,0,62,0,62,8,5
1963,134,Lou Clinton,/players/c/clintlo01.shtml,clintlo01,25,BOS,4,148,146,148,146,0,0,0,0,0,0,0,0,146,146,2,0
1963,135,Tony Cloninger,/players/c/clonito01.shtml,clonito01,22,MLN,3,41,18,41,41,41,0,0,0,0,0,0,0,0,0,0,0
1963,136,Jim Coates,/players/c/coateji01.shtml,coateji01,30,2TM,6,29,2,29,29,29,0,0,0,0,0,0,0,0,0,0,0
1963,137,Jimmie Coker,/players/c/cokerji01.shtml,cokerji01,27,SFG,5,4,0,4,2,0,2,0,0,0,0,0,0,0,0,4,0
1963,138,Rocky Colavito,/players/c/colavro01.shtml,colavro01,29,DET,9,160,159,160,159,0,0,0,0,0,0,141,0,24,159,1,0
1963,139,Choo-Choo Coleman,/players/c/colemch01.shtml,colemch01,25,NYM,3,106,66,106,92,0,91,0,0,0,0,1,0,0,1,14,9
1963,140,Gordy Coleman,/players/c/colemgo01.shtml,colemgo01,28,CIN,5,123,94,123,105,0,0,105,0,0,0,0,0,0,0,28,0
1963,141,Gene Conley,/players/c/conlege01.shtml,conlege01,32,BOS,11,9,9,9,9,9,0,0,0,0,0,0,0,0,0,0,0
1963,142,Jim Constable,/players/c/constji01.shtml,constji01,30,SFG,5,4,0,4,4,4,0,0,0,0,0,0,0,0,0,0,0
1963,143,Cliff Cook,/players/c/cookcl01.shtml,cookcl01,26,NYM,5,50,25,50,34,0,0,5,0,9,0,8,1,12,21,21,2
1963,144,Danny Coombs,/players/c/coombda01.shtml,coombda01,21,HOU,1st,1,0,1,1,1,0,0,0,0,0,0,0,0,0,0,0
1963,145,Chuck Cottier,/players/c/cottich01.shtml,cottich01,27,WSA,5,113,95,113,108,0,0,0,86,1,23,0,0,0,0,2,6
1963,146,Wes Covington,/players/c/covinwe01.shtml,covinwe01,31,PHI,8,119,87,119,101,0,0,0,0,0,0,101,0,0,101,31,0
1963,147,Billy Cowan,/players/c/cowanbi01.shtml,cowanbi01,24,CHC,1st,14,8,14,10,0,0,0,0,0,0,1,7,2,10,5,1
1963,148,Roger Craig,/players/c/craigro01.shtml,craigro01,33,NYM,9,46,31,46,46,46,0,0,0,0,0,0,0,0,0,0,0
1963,149,Del Crandall,/players/c/crandde01.shtml,crandde01,33,MLN,13,86,73,86,81,0,75,7,0,0,0,0,0,0,0,7,0
1963,150,Ray Culp,/players/c/culpra01.shtml,culpra01,21,PHI,1st,34,30,34,34,34,0,0,0,0,0,0,0,0,0,0,0
1963,151,Joe Cunningham,/players/c/cunnijo01.shtml,cunnijo01,31,CHW,9,67,57,67,58,0,0,58,0,0,0,0,0,0,0,9,0
1963,152,Jack Curtis,/players/c/curtija01.shtml,curtija01,26,CLE,3,4,0,4,4,4,0,0,0,0,0,0,0,0,0,0,0
1963,153,Jay Dahl,/players/d/dahlja01.shtml,dahlja01,17,HOU,1st,1,1,1,1,1,0,0,0,0,0,0,0,0,0,0,0
1963,154,Bill Dailey,/players/d/dailebi01.shtml,dailebi01,28,MIN,3,66,0,66,66,66,0,0,0,0,0,0,0,0,0,0,0
1963,155,Bud Daley,/players/d/daleybu01.shtml,daleybu01,30,NYY,9,1,0,1,1,1,0,0,0,0,0,0,0,0,0,0,0
1963,156,Clay Dalrymple,/players/d/dalrycl01.shtml,dalrycl01,26,PHI,4,142,135,142,142,0,142,0,0,0,0,0,0,0,0,3,0
1963,157,Jack Damaska,/players/d/damasja01.shtml,damasja01,25,STL,1st,5,0,5,2,0,0,0,1,0,0,1,0,0,1,4,0
1963,158,Bennie Daniels,/players/d/daniebe02.shtml,daniebe02,31,WSA,7,36,24,36,36,35,0,0,0,0,0,1,0,0,1,0,0
1963,159,Vic Davalillo,/players/d/davalvi01.shtml,davalvi01,26,CLE,1st,90,88,90,89,0,0,0,0,0,0,1,88,0,89,2,0
1963,160,Jim Davenport,/players/d/davenji01.shtml,davenji01,29,SFG,6,147,119,147,138,0,0,0,23,126,1,0,0,0,0,14,1
1963,161,Brock Davis,/players/d/davisbr02.shtml,davisbr02,19,HOU,1st,34,9,34,14,0,0,0,0,0,0,5,6,3,14,19,3
1963,162,Tommy Davis,/players/d/davisto02.shtml,davisto02,24,LAD,5,146,143,146,143,0,0,0,0,40,0,120,15,3,129,3,0
1963,163,Willie Davis,/players/d/daviswi02.shtml,daviswi02,23,LAD,4,156,139,156,153,0,0,0,0,0,0,0,153,0,153,4,2
1963,164,Mike de la Hoz,/players/d/dela_mi01.shtml,dela_mi01,24,CLE,4,67,32,67,42,0,0,0,35,6,1,2,0,0,2,28,1
1963,165,Dave DeBusschere,/players/d/debusda01.shtml,debusda01,22,CHW,2,24,10,24,24,24,0,0,0,0,0,0,0,0,0,0,0
1963,166,Charlie Dees,/players/d/deesch01.shtml,deesch01,28,LAA,1st,60,54,60,56,0,0,56,0,0,0,0,0,0,0,4,0
1963,167,Bobby Del Greco,/players/d/delgrbo01.shtml,delgrbo01,30,KCA,8,121,77,121,111,0,0,0,0,2,0,24,84,6,110,13,8
1963,168,Ike Delock,/players/d/delocik01.shtml,delocik01,33,2TM,11,13,11,13,13,13,0,0,0,0,0,0,0,0,0,0,0
1963,169,Don Demeter,/players/d/demetdo01.shtml,demetdo01,28,PHI,7,154,129,154,147,0,0,26,0,44,0,40,82,0,120,13,3
1963,170,Jim Dickson,/players/d/dicksji01.shtml,dicksji01,25,HOU,1st,13,0,13,13,13,0,0,0,0,0,0,0,0,0,0,0
1963,171,Don Dillard,/players/d/dillado01.shtml,dillado01,26,MLN,5,67,21,67,30,0,0,0,0,0,0,24,5,1,30,38,1
1963,172,Steve Dillon,/players/d/dillost01.shtml,dillost01,20,NYM,1st,1,0,1,1,1,0,0,0,0,0,0,0,0,0,0,0
1963,173,Dick Donovan,/players/d/donovdi01.shtml,donovdi01,35,CLE,13,31,30,31,30,30,0,0,0,0,0,0,0,0,0,1,0
1963,174,Gary Dotter,/players/d/dottega01.shtml,dottega01,20,MIN,2,2,0,2,2,2,0,0,0,0,0,0,0,0,0,0,0
1963,175,Al Downing,/players/d/downial01.shtml,downial01,22,NYY,3,24,22,24,24,24,0,0,0,0,0,0,0,0,0,0,0
1963,176,Moe Drabowsky,/players/d/drabomo01.shtml,drabomo01,27,KCA,8,26,22,26,26,26,0,0,0,0,0,0,0,0,0,0,0
1963,177,Dick Drott,/players/d/drottdi01.shtml,drottdi01,26,HOU,7,27,14,27,27,27,0,0,0,0,0,0,0,0,0,0,0
1963,178,Don Drysdale,/players/d/drysddo01.shtml,drysddo01,26,LAD,8,42,42,42,42,42,0,0,0,0,0,0,0,0,0,0,0
1963,179,Jim Duckworth,/players/d/duckwji01.shtml,duckwji01,24,WSA,1st,37,15,37,37,37,0,0,0,0,0,0,0,0,0,0,0
1963,180,Jim Duffalo,/players/d/duffaji01.shtml,duffaji01,27,SFG,3,34,5,34,34,34,0,0,0,0,0,0,0,0,0,0,0
1963,181,Bob Duliba,/players/d/dulibbo01.shtml,dulibbo01,28,LAA,4,6,0,6,6,6,0,0,0,0,0,0,0,0,0,0,0
1963,182,Ryne Duren,/players/d/durenry01.shtml,durenry01,34,PHI,8,34,7,34,33,33,0,0,0,0,0,0,0,0,0,0,1
1963,183,Bob Dustal,/players/d/dustabo01.shtml,dustabo01,27,DET,1st,7,0,7,7,7,0,0,0,0,0,0,0,0,0,0,0
1963,184,Arnold Earley,/players/e/earlear01.shtml,earlear01,30,BOS,4,53,4,53,53,53,0,0,0,0,0,0,0,0,0,0,0
1963,185,Doc Edwards,/players/e/edwardo01.shtml,edwardo01,26,2TM,2,81,68,81,73,0,73,0,0,0,0,0,0,0,0,12,0
1963,186,Johnny Edwards,/players/e/edwarjo01.shtml,edwarjo01,25,CIN,3,148,141,148,148,0,148,0,0,0,0,0,0,0,0,2,0
1963,187,Dick Egan,/players/e/egandi02.shtml,egandi02,26,DET,1st,20,0,20,20,20,0,0,0,0,0,0,0,0,0,0,0
1963,188,Larry Elliot,/players/e/elliola01.shtml,elliola01,25,PIT,2,4,0,4,0,0,0,0,0,0,0,0,0,0,0,4,0
1963,189,Dick Ellsworth,/players/e/ellswdi01.shtml,ellswdi01,23,CHC,5,37,37,37,37,37,0,0,0,0,0,0,0,0,0,0,0
1963,190,Don Elston,/players/e/elstodo01.shtml,elstodo01,34,CHC,8,51,0,51,51,51,0,0,0,0,0,0,0,0,0,0,0
1963,191,Cal Emery,/players/e/emeryca01.shtml,emeryca01,26,PHI,1st,16,0,16,2,0,0,2,0,0,0,0,0,0,0,15,0
1963,192,Sammy Esposito,/players/e/espossa01.shtml,espossa01,31,2TM,10,19,7,19,13,0,0,0,7,3,4,0,0,0,0,1,7
1963,193,Chuck Essegian,/players/e/essegch01.shtml,essegch01,31,KCA,6,101,51,101,53,0,0,0,0,0,0,53,0,0,53,49,1
1963,194,Chuck Estrada,/players/e/estrach01.shtml,estrach01,25,BAL,4,8,7,8,8,8,0,0,0,0,0,0,0,0,0,0,0
1963,195,Roy Face,/players/f/facero01.shtml,facero01,35,PIT,10,56,0,56,56,56,0,0,0,0,0,0,0,0,0,0,0
1963,196,Ron Fairly,/players/f/fairlro01.shtml,fairlro01,24,LAD,6,152,133,152,149,0,0,119,0,0,0,17,22,10,45,5,0
1963,197,Harry Fanok,/players/f/fanokha01.shtml,fanokha01,23,STL,1st,12,0,12,12,12,0,0,0,0,0,0,0,0,0,0,0
1963,198,Turk Farrell,/players/f/farretu01.shtml,farretu01,29,HOU,8,34,26,34,34,34,0,0,0,0,0,0,0,0,0,0,0
1963,199,Bill Faul,/players/f/faulbi01.shtml,faulbi01,23,DET,2,28,10,28,28,28,0,0,0,0,0,0,0,0,0,0,1
1963,200,Ernie Fazio,/players/f/fazioer01.shtml,fazioer01,21,HOU,2,102,53,102,86,0,0,0,84,1,1,0,0,0,0,9,23
1963,201,Chico Fernandez,/players/f/fernach01.shtml,fernach01,31,2TM,8,73,47,73,66,0,0,0,3,5,59,0,0,0,0,15,2
1963,202,Al Ferrara,/players/f/ferraal01.shtml,ferraal01,23,LAD,1st,21,9,21,11,0,0,0,0,0,0,6,0,5,11,10,2
1963,203,Bill Fischer,/players/f/fischbi01.shtml,fischbi01,32,KCA,8,45,2,45,45,45,0,0,0,0,0,0,0,0,0,0,0
1963,204,Hank Fischer,/players/f/fischha01.shtml,fischha01,23,MLN,2,31,6,31,31,31,0,0,0,0,0,0,0,0,0,0,0
1963,205,Eddie Fisher,/players/f/fisheed02.shtml,fisheed02,26,CHW,5,33,15,33,33,33,0,0,0,0,0,0,0,0,0,0,0
1963,206,Jack Fisher,/players/f/fisheja01.shtml,fisheja01,24,SFG,5,36,12,36,36,36,0,0,0,0,0,0,0,0,0,0,1
1963,207,Curt Flood,/players/f/floodcu01.shtml,floodcu01,25,STL,8,158,157,158,158,0,0,0,0,0,0,0,158,0,158,1,0
1963,208,Hank Foiles,/players/f/foileha01.shtml,foileha01,34,2TM,10,42,24,42,30,0,30,0,0,0,0,0,0,0,0,12,0
1963,209,Whitey Ford,/players/f/fordwh01.shtml,fordwh01,34,NYY,12,38,37,38,38,38,0,0,0,0,0,0,0,0,0,0,0
1963,210,Mike Fornieles,/players/f/fornimi01.shtml,fornimi01,31,2TM,12,20,0,20,20,20,0,0,0,0,0,0,0,0,0,0,0
1963,211,Larry Foster,/players/f/fostela01.shtml,fostela01,25,DET,1st,1,0,1,1,1,0,0,0,0,0,0,0,0,0,0,0
1963,212,Art Fowler,/players/f/fowlear01.shtml,fowlear01,40,LAA,8,57,0,57,57,57,0,0,0,0,0,0,0,0,0,0,0
1963,213,Nellie Fox,/players/f/foxne01.shtml,foxne01,35,CHW,17,137,128,137,134,0,0,0,134,0,0,0,0,0,0,6,0
1963,214,Terry Fox,/players/f/foxte01.shtml,foxte01,27,DET,4,46,0,46,46,46,0,0,0,0,0,0,0,0,0,0,0
1963,215,Paul Foytack,/players/f/foytapa01.shtml,foytapa01,32,2TM,10,35,8,35,34,34,0,0,0,0,0,0,0,0,0,0,1
1963,216,Earl Francis,/players/f/francea01.shtml,francea01,27,PIT,4,34,13,34,33,33,0,0,0,0,0,0,0,0,0,1,0
1963,217,Tito Francona,/players/f/francti01.shtml,francti01,29,CLE,8,142,126,142,130,0,0,11,0,0,0,121,0,1,122,14,2
1963,218,Bill Freehan,/players/f/freehbi01.shtml,freehbi01,21,DET,2,100,80,100,89,0,72,20,0,0,0,0,0,0,0,11,2
1963,219,Gene Freese,/players/f/freesge02.shtml,freesge02,29,CIN,9,66,62,66,62,0,0,0,0,62,0,1,0,0,1,4,0
1963,220,Jim Fregosi,/players/f/fregoji01.shtml,fregoji01,21,LAA,3,154,150,154,151,0,0,0,0,0,151,0,0,0,0,1,3
1963,221,Bob Friend,/players/f/frienbo01.shtml,frienbo01,32,PIT,13,39,38,39,39,39,0,0,0,0,0,0,0,0,0,0,0
1963,222,Frank Funk,/players/f/funkfr01.shtml,funkfr01,27,MLN,4,26,0,26,25,25,0,0,0,0,0,0,0,0,0,0,1
1963,223,Len Gabrielson,/players/g/gabrile02.shtml,gabrile02,23,MLN,2,46,27,46,37,0,0,16,0,3,0,18,6,1,22,13,1
1963,224,Phil Gagliano,/players/g/gagliph01.shtml,gagliph01,21,STL,1st,10,0,10,4,0,0,0,3,1,0,0,0,0,0,3,3
1963,225,Joe Gaines,/players/g/gainejo01.shtml,gainejo01,26,BAL,4,66,29,66,39,0,0,0,0,0,0,34,4,2,39,26,8
1963,226,Billy Gardner,/players/g/gardnbi02.shtml,gardnbi02,35,BOS,10,36,18,36,23,0,0,0,22,1,0,0,0,0,0,13,0
1963,227,Bob Garibaldi,/players/g/garibbo01.shtml,garibbo01,21,SFG,2,4,0,4,4,4,0,0,0,0,0,0,0,0,0,0,0
1963,228,Aubrey Gatewood,/players/g/gatewau01.shtml,gatewau01,24,LAA,1st,4,3,4,4,4,0,0,0,0,0,0,0,0,0,0,0
1963,229,Gary Geiger,/players/g/geigega01.shtml,geigega01,26,BOS,6,121,90,121,101,0,0,6,0,0,0,2,89,4,95,24,4
1963,230,Jim Gentile,/players/g/gentiji01.shtml,gentiji01,29,BAL,6,145,138,145,143,0,0,143,0,0,0,0,0,0,0,5,0
1963,231,Joe Gibbon,/players/g/gibbojo01.shtml,gibbojo01,28,PIT,4,40,22,40,37,37,0,0,0,0,0,0,0,0,0,0,3
1963,232,Jake Gibbs,/players/g/gibbsja01.shtml,gibbsja01,24,NYY,2,4,1,4,1,0,1,0,0,0,0,0,0,0,0,3,0
1963,233,Bob Gibson,/players/g/gibsobo01.shtml,gibsobo01,27,STL,5,41,33,41,36,36,0,0,0,0,0,0,0,0,0,1,4
1963,234,Jim Gilliam,/players/g/gilliji01.shtml,gilliji01,34,LAD,11,148,137,148,141,0,0,0,119,55,0,0,0,0,0,11,0
1963,235,Fred Gladding,/players/g/gladdfr01.shtml,gladdfr01,27,DET,3,22,0,22,22,22,0,0,0,0,0,0,0,0,0,0,0
1963,236,Roy Gleason,/players/g/gleasro01.shtml,gleasro01,20,LAD,1st,8,0,8,0,0,0,0,0,0,0,0,0,0,0,1,7
1963,237,Jim Golden,/players/g/goldeji01.shtml,goldeji01,27,HOU,4,3,1,3,3,3,0,0,0,0,0,0,0,0,0,0,0
1963,238,Purnal Goldy,/players/g/goldypu01.shtml,goldypu01,25,DET,2,9,0,9,0,0,0,0,0,0,0,0,0,0,0,8,1
1963,239,Jesse Gonder,/players/g/gondeje01.shtml,gondeje01,27,2TM,4,73,32,73,38,0,38,0,0,0,0,0,0,0,0,37,0
1963,240,Pedro Gonzalez,/players/g/gonzape01.shtml,gonzape01,25,NYY,1st,14,4,14,7,0,0,0,7,0,0,0,0,0,0,6,2
1963,241,Tony Gonzalez,/players/g/gonzato01.shtml,gonzato01,26,PHI,4,155,144,155,151,0,0,0,0,0,0,58,108,10,151,8,1
1963,242,Johnny Goryl,/players/g/goryljo01.shtml,goryljo01,29,MIN,5,64,39,64,47,0,0,0,34,11,7,0,0,0,0,13,7
1963,243,Jim Gosger,/players/g/gosgeji01.shtml,gosgeji01,20,BOS,1st,19,2,19,4,0,0,0,0,0,0,0,2,2,4,8,8
1963,244,Howie Goss,/players/g/gossho01.shtml,gossho01,28,HOU,2,133,106,133,123,0,0,0,0,0,0,0,123,0,123,15,2
1963,245,Julio Gotay,/players/g/gotayju01.shtml,gotayju01,24,PIT,4,4,0,4,1,0,0,0,1,0,0,0,0,0,0,1,2
1963,246,Wayne Graham,/players/g/grahawa01.shtml,grahawa01,27,PHI,1st,10,5,10,6,0,0,0,0,0,0,6,0,0,6,5,0
1963,247,Alex Grammas,/players/g/grammal01.shtml,grammal01,37,CHC,10,16,5,16,13,0,0,0,0,0,13,0,0,0,0,3,1
1963,248,Mudcat Grant,/players/g/grantmu01.shtml,grantmu01,27,CLE,6,53,32,53,38,38,0,0,0,0,0,0,0,0,0,0,15
1963,249,Eli Grba,/players/g/grbael01.shtml,grbael01,28,LAA,5,13,1,13,12,12,0,0,0,0,0,0,0,0,0,1,0
1963,250,Dallas Green,/players/g/greenda02.shtml,greenda02,28,PHI,4,42,14,42,40,40,0,0,0,0,0,0,0,0,0,0,2
1963,251,Dick Green,/players/g/greendi01.shtml,greendi01,22,KCA,1st,13,8,13,10,0,0,0,4,0,6,0,0,0,0,3,1
1963,252,Gene Green,/players/g/greenge01.shtml,greenge01,30,2TM,7,58,23,58,26,0,8,0,0,0,0,1,0,17,18,35,0
1963,253,Lenny Green,/players/g/greenle01.shtml,greenle01,30,MIN,7,145,62,145,119,0,0,0,0,0,0,14,119,0,119,25,18
1963,254,Pumpsie Green,/players/g/greenpu01.shtml,greenpu01,29,NYM,5,17,16,17,16,0,0,0,0,16,0,0,0,0,0,1,0
1963,255,Derrell Griffith,/players/g/griffde01.shtml,griffde01,19,LAD,1st,1,0,1,1,0,0,0,1,0,0,0,0,0,0,1,0
1963,256,Dick Groat,/players/g/groatdi01.shtml,groatdi01,32,STL,10,158,157,158,158,0,0,0,0,0,158,0,0,0,0,1,0
1963,257,Jerry Grote,/players/g/groteje01.shtml,groteje01,20,HOU,1st,3,2,3,3,0,3,0,0,0,0,0,0,0,0,0,0
1963,258,Harvey Haddix,/players/h/haddiha01.shtml,haddiha01,37,PIT,12,50,1,50,49,49,0,0,0,0,0,0,0,0,0,1,0
1963,259,Dick Hall,/players/h/halldi01.shtml,halldi01,32,BAL,11,48,3,48,47,47,0,0,0,0,0,0,0,0,0,0,1
1963,260,Jimmie Hall,/players/h/hallji02.shtml,hallji02,25,MIN,1st,156,125,156,143,0,0,0,0,0,0,89,93,15,143,14,3
1963,261,Tom Haller,/players/h/halleto01.shtml,halleto01,26,SFG,3,98,85,98,92,0,85,0,0,0,0,1,0,6,7,10,0
1963,262,Jack Hamilton,/players/h/hamilja01.shtml,hamilja01,24,PHI,2,19,1,19,19,19,0,0,0,0,0,0,0,0,0,0,0
1963,263,Steve Hamilton,/players/h/hamilst01.shtml,hamilst01,28,2TM,3,37,0,37,37,37,0,0,0,0,0,0,0,0,0,0,0
1963,264,Jay Hankins,/players/h/hankija01.shtml,hankija01,27,KCA,2,10,8,10,9,0,0,0,0,0,0,0,9,0,9,1,0
1963,265,Jim Hannan,/players/h/hannaji01.shtml,hannaji01,23,WSA,2,13,2,13,13,13,0,0,0,0,0,0,0,0,0,0,0
1963,266,Ron Hansen,/players/h/hansero02.shtml,hansero02,25,CHW,6,144,140,144,144,0,0,0,0,0,144,0,0,0,0,1,1
1963,267,Carroll Hardy,/players/h/hardyca01.shtml,hardyca01,30,HOU,6,15,10,15,10,0,0,0,0,0,0,10,0,0,10,5,0
1963,268,Tim Harkness,/players/h/harknti01.shtml,harknti01,25,NYM,3,123,101,123,107,0,0,106,0,0,0,0,1,0,1,19,0
1963,269,Tommy Harper,/players/h/harpeto01.shtml,harpeto01,22,CIN,2,129,106,129,119,0,0,0,0,2,0,0,23,95,118,10,10
1963,270,Ken Harrelson,/players/h/harreke01.shtml,harreke01,21,KCA,1st,79,57,79,62,0,0,34,0,0,0,28,0,0,28,18,2
1963,271,Mickey Harrington,/players/h/harrimi02.shtml,harrimi02,28,PHI,1st,1,0,1,0,0,0,0,0,0,0,0,0,0,0,0,1
1963,272,Jim Ray Hart,/players/h/hartji01.shtml,hartji01,21,SFG,1st,7,7,7,7,0,0,0,0,7,0,0,0,0,0,0,0
1963,273,J C Hartman,/players/h/hartmj_01.shtml,hartmj_01,29,HOU,2,39,21,39,32,0,0,0,0,0,32,0,0,0,0,7,2
1963,274,Bob Heffner,/players/h/heffnbo01.shtml,heffnbo01,24,BOS,1st,21,19,21,20,20,0,0,0,0,0,0,0,0,0,0,1
1963,275,Woodie Held,/players/h/heldwo01.shtml,heldwo01,31,CLE,8,133,116,133,124,0,0,0,96,3,5,12,12,12,35,11,0
1963,276,Bob Hendley,/players/h/hendlbo01.shtml,hendlbo01,24,MLN,3,46,24,46,41,41,0,0,0,0,0,0,0,0,0,0,5
1963,277,Bill Henry,/players/h/henrybi01.shtml,henrybi01,35,CIN,10,47,0,47,47,47,0,0,0,0,0,0,0,0,0,0,0
1963,278,Ron Herbel,/players/h/herbero01.shtml,herbero01,25,SFG,1st,2,0,2,2,2,0,0,0,0,0,0,0,0,0,0,0
1963,279,Ray Herbert,/players/h/herbera01.shtml,herbera01,33,CHW,11,33,33,33,33,33,0,0,0,0,0,0,0,0,0,0,0
1963,280,John Herrnstein,/players/h/herrnjo01.shtml,herrnjo01,25,PHI,2,15,0,15,3,0,0,1,0,0,0,2,0,0,2,12,2
1963,281,Mike Hershberger,/players/h/hershmi01.shtml,hershmi01,23,CHW,3,135,107,135,119,0,0,0,0,0,0,1,72,76,119,18,1
1963,282,Whitey Herzog,/players/h/herzowh01.shtml,herzowh01,31,DET,8,52,5,52,11,0,0,7,0,0,0,1,1,2,4,40,2
1963,283,Jim Hickman,/players/h/hickmji02.shtml,hickmji02,26,NYM,2,146,126,146,136,0,0,0,0,59,0,19,42,22,82,13,0
1963,284,Joe Hicks,/players/h/hicksjo01.shtml,hicksjo01,30,NYM,5,56,36,56,41,0,0,0,0,0,0,5,33,5,41,17,0
1963,285,Chuck Hiller,/players/h/hillech01.shtml,hillech01,28,SFG,3,111,101,111,109,0,0,0,109,0,0,0,0,0,0,6,0
1963,286,Chuck Hinton,/players/h/hintoch01.shtml,hintoch01,29,WSA,3,150,149,150,149,0,0,6,0,19,2,85,7,46,125,1,0
1963,287,Don Hoak,/players/h/hoakdo01.shtml,hoakdo01,35,PHI,10,115,101,115,106,0,0,0,0,106,0,0,0,0,0,10,1
1963,288,Ed Hobaugh,/players/h/hobaued01.shtml,hobaued01,29,WSA,3,9,1,9,9,9,0,0,0,0,0,0,0,0,0,0,0
1963,289,Glen Hobbie,/players/h/hobbigl01.shtml,hobbigl01,27,CHC,7,36,24,36,36,36,0,0,0,0,0,0,0,0,0,0,0
1963,290,Gil Hodges,/players/h/hodgegi01.shtml,hodgegi01,39,NYM,18,11,6,11,10,0,0,10,0,0,0,0,0,0,0,2,0
1963,291,Billy Hoeft,/players/h/hoeftbi01.shtml,hoeftbi01,31,SFG,12,23,0,23,23,23,0,0,0,0,0,0,0,0,0,0,0
1963,292,Joe Hoerner,/players/h/hoernjo01.shtml,hoernjo01,26,HOU,1st,1,0,1,1,1,0,0,0,0,0,0,0,0,0,0,0
1963,293,Jay Hook,/players/h/hookja01.shtml,hookja01,26,NYM,7,41,20,41,41,41,0,0,0,0,0,0,0,0,0,0,0
1963,294,Joe Horlen,/players/h/horlejo01.shtml,horlejo01,25,CHW,3,33,21,33,33,33,0,0,0,0,0,0,0,0,0,0,0
1963,295,Willie Horton,/players/h/hortowi01.shtml,hortowi01,20,DET,1st,15,9,15,9,0,0,0,0,0,0,8,0,1,9,6,0
1963,296,Bruce Howard,/players/h/howarbr01.shtml,howarbr01,20,CHW,1st,7,0,7,7,7,0,0,0,0,0,0,0,0,0,0,0
1963,297,Elston Howard,/players/h/howarel01.shtml,howarel01,34,NYY,9,135,128,135,132,0,132,0,0,0,0,0,0,0,0,6,0
1963,298,Frank Howard,/players/h/howarfr01.shtml,howarfr01,26,LAD,6,123,107,123,111,0,0,0,0,0,0,6,0,107,111,16,0
1963,299,Dick Howser,/players/h/howsedi01.shtml,howsedi01,27,2TM,3,64,52,64,54,0,0,0,0,0,54,0,0,0,0,9,2
1963,300,Ken Hubbs,/players/h/hubbske01.shtml,hubbske01,21,CHC,3,154,149,154,152,0,0,0,152,0,0,0,0,0,0,2,1
1963,301,Bob Humphreys,/players/h/humphbo01.shtml,humphbo01,27,STL,2,9,0,9,9,9,0,0,0,0,0,0,0,0,0,0,0
1963,302,Ken Hunt,/players/h/huntke01.shtml,huntke01,28,2TM,5,66,42,66,54,0,0,0,0,0,0,23,5,27,54,14,0
1963,303,Ron Hunt,/players/h/huntro01.shtml,huntro01,22,NYM,1st,143,141,143,142,0,0,0,142,1,0,0,0,0,0,2,0
1963,304,Al Jackson,/players/j/jacksal01.shtml,jacksal01,27,NYM,4,49,34,49,37,37,0,0,0,0,0,0,0,0,0,0,12
1963,305,Larry Jackson,/players/j/jacksla01.shtml,jacksla01,32,CHC,9,37,37,37,37,37,0,0,0,0,0,0,0,0,0,0,0
1963,306,Sonny Jackson,/players/j/jacksso01.shtml,jacksso01,18,HOU,1st,1,1,1,1,0,0,0,0,0,1,0,0,0,0,0,0
1963,307,Charlie James,/players/j/jamesch01.shtml,jamesch01,25,STL,4,116,78,116,101,0,0,0,0,0,0,84,1,23,101,18,5
1963,308,Julian Javier,/players/j/javieju01.shtml,javieju01,26,STL,4,161,158,161,161,0,0,0,161,0,0,0,0,0,0,0,1
1963,309,Joey Jay,/players/j/jayjo01.shtml,jayjo01,27,CIN,10,30,22,30,30,30,0,0,0,0,0,0,0,0,0,0,0
1963,310,Jack Jenkins,/players/j/jenkija01.shtml,jenkija01,20,WSA,2,4,2,4,4,4,0,0,0,0,0,0,0,0,0,0,0
1963,311,Manny Jimenez,/players/j/jimenma01.shtml,jimenma01,24,KCA,2,60,40,60,40,0,0,0,0,0,0,33,0,8,40,20,0
1963,312,Tommy John,/players/j/johnto01.shtml,johnto01,20,CLE,1st,6,3,6,6,6,0,0,0,0,0,0,0,0,0,0,0
1963,313,Bob Johnson,/players/j/johnsbo02.shtml,johnsbo02,27,BAL,4,82,62,82,69,0,0,8,50,5,7,0,0,0,0,14,2
1963,314,Ken Johnson,/players/j/johnske02.shtml,johnske02,30,HOU,6,38,32,38,37,37,0,0,0,0,0,0,0,0,0,0,1
1963,315,Cleon Jones,/players/j/jonescl01.shtml,jonescl01,20,NYM,1st,6,3,6,5,0,0,0,0,0,0,1,5,0,5,2,0
1963,316,Deacon Jones,/players/j/jonesde02.shtml,jonesde02,29,CHW,2,17,1,17,1,0,0,1,0,0,0,0,0,0,0,16,0
1963,317,Mack Jones,/players/j/jonesma01.shtml,jonesma01,24,MLN,3,93,53,93,80,0,0,0,0,0,0,12,69,0,80,18,3
1963,318,Sam Jones,/players/j/jonessa02.shtml,jonessa02,37,STL,11,11,0,11,11,11,0,0,0,0,0,0,0,0,0,0,0
1963,319,Mike Joyce,/players/j/joycemi01.shtml,joycemi01,22,CHW,2,6,0,6,6,6,0,0,0,0,0,0,0,0,0,0,0
1963,320,Jim Kaat,/players/k/kaatji01.shtml,kaatji01,24,MIN,5,36,27,36,31,31,0,0,0,0,0,0,0,0,0,0,5
1963,321,Al Kaline,/players/k/kalinal01.shtml,kalinal01,28,DET,11,145,140,145,140,0,0,0,0,0,0,0,2,140,140,5,0
1963,322,Rod Kanehl,/players/k/kanehro01.shtml,kanehro01,29,NYM,2,109,39,109,84,0,0,3,12,13,0,30,26,4,58,21,23
1963,323,Eddie Kasko,/players/k/kaskoed01.shtml,kaskoed01,32,CIN,7,76,49,76,61,0,0,0,1,49,14,0,0,0,0,15,1
1963,324,Russ Kemmerer,/players/k/kemmeru01.shtml,kemmeru01,32,HOU,9,17,0,17,17,17,0,0,0,0,0,0,0,0,0,0,0
1963,325,John Kennedy,/players/k/kennejo03.shtml,kennejo03,22,WSA,2,36,19,36,28,0,0,0,0,26,2,0,0,0,0,3,6
1963,326,Marty Keough,/players/k/keougma01.shtml,keougma01,29,CIN,8,95,41,95,73,0,0,46,0,0,0,4,3,22,28,29,11
1963,327,Harmon Killebrew,/players/k/killeha01.shtml,killeha01,27,MIN,10,142,137,142,137,0,0,0,0,0,0,137,0,0,137,5,0
1963,328,Jerry Kindall,/players/k/kindaje01.shtml,kindaje01,28,CLE,7,86,61,86,81,0,0,4,37,0,46,0,0,0,0,3,4
1963,329,Jim King,/players/k/kingji01.shtml,kingji01,30,WSA,7,136,110,136,123,0,0,0,0,0,0,2,0,122,123,25,0
1963,330,Willie Kirkland,/players/k/kirklwi01.shtml,kirklwi01,29,CLE,6,127,101,127,112,0,0,0,0,0,0,5,59,50,112,21,0
1963,331,Ed Kirkpatrick,/players/k/kirkped01.shtml,kirkped01,18,LAA,2,34,18,34,24,0,14,0,0,0,0,10,0,0,10,15,0
1963,332,Billy Klaus,/players/k/klausbi01.shtml,klausbi01,34,PHI,11,11,2,11,7,0,0,0,0,3,5,0,0,0,0,8,0
1963,333,Lou Klimchock,/players/k/klimclo01.shtml,klimclo01,23,2TM,6,33,9,33,15,0,0,12,3,0,0,0,0,0,0,20,0
1963,334,Ron Kline,/players/k/klinero01.shtml,klinero01,31,WSA,10,62,1,62,62,62,0,0,0,0,0,0,0,0,0,0,0
1963,335,Johnny Klippstein,/players/k/klippjo01.shtml,klippjo01,35,PHI,14,49,1,49,49,49,0,0,0,0,0,0,0,0,0,0,0
1963,336,Alan Koch,/players/k/kochal01.shtml,kochal01,25,DET,1st,8,1,8,7,7,0,0,0,0,0,0,0,0,0,0,1
1963,337,Gary Kolb,/players/k/kolbga01.shtml,kolbga01,23,STL,3,75,20,75,60,0,1,0,0,1,0,25,0,35,58,10,12
1963,338,Hal Kolstad,/players/k/kolstha01.shtml,kolstha01,28,BOS,2,7,0,7,7,7,0,0,0,0,0,0,0,0,0,0,0
1963,339,Cal Koonce,/players/k/kooncca01.shtml,kooncca01,22,CHC,2,21,13,21,21,21,0,0,0,0,0,0,0,0,0,0,0
1963,340,Joe Koppe,/players/k/koppejo01.shtml,koppejo01,32,LAA,6,76,26,76,51,0,0,0,15,17,19,0,0,3,3,21,16
1963,341,Frank Kostro,/players/k/kostrfr01.shtml,kostrfr01,25,2TM,2,74,31,74,39,0,0,8,0,25,0,2,0,4,6,38,1
1963,342,Sandy Koufax,/players/k/koufasa01.shtml,koufasa01,27,LAD,9,40,40,40,40,40,0,0,0,0,0,0,0,0,0,0,0
1963,343,Jack Kralick,/players/k/kralija01.shtml,kralija01,28,2TM,5,34,32,34,33,33,0,0,0,0,0,0,0,0,0,0,1
1963,344,Ed Kranepool,/players/k/kraneed01.shtml,kraneed01,18,NYM,2,86,66,86,74,0,0,20,0,0,0,6,0,50,55,15,1
1963,345,Frank Kreutzer,/players/k/kreutfr01.shtml,kreutfr01,24,CHW,2,1,1,1,1,1,0,0,0,0,0,0,0,0,0,0,0
1963,346,Tony Kubek,/players/k/kubekto01.shtml,kubekto01,27,NYY,7,135,132,135,133,0,0,0,0,0,132,0,1,0,1,2,0
1963,347,Harvey Kuenn,/players/k/kuennha01.shtml,kuennha01,32,SFG,12,120,99,120,104,0,0,0,0,53,0,45,0,27,64,17,0
1963,348,Bill Kunkel,/players/k/kunkebi01.shtml,kunkebi01,26,NYY,3,22,0,22,22,22,0,0,0,0,0,0,0,0,0,0,0
1963,349,Tony La Russa,/players/l/larusto01.shtml,larusto01,18,KCA,1st,34,11,34,17,0,0,0,3,0,14,0,0,0,0,1,16
1963,350,Jack Lamabe,/players/l/lamabja01.shtml,lamabja01,26,BOS,2,65,2,65,65,65,0,0,0,0,0,0,0,0,0,0,0
1963,351,Bill Landis,/players/l/landibi01.shtml,landibi01,20,KCA,1st,1,0,1,1,1,0,0,0,0,0,0,0,0,0,0,0
1963,352,Jim Landis,/players/l/landiji01.shtml,landiji01,29,CHW,7,133,95,133,125,0,0,0,0,0,0,0,124,1,125,13,3
1963,353,Hobie Landrith,/players/l/landrho01.shtml,landrho01,33,2TM,14,44,29,44,38,0,38,0,0,0,0,0,0,0,0,7,0
1963,354,Don Landrum,/players/l/landrdo01.shtml,landrdo01,27,CHC,5,84,52,84,57,0,0,0,0,0,0,0,55,3,57,28,0
1963,355,Norm Larker,/players/l/larkeno01.shtml,larkeno01,32,2TM,6,83,36,83,53,0,0,53,0,0,0,0,0,0,0,36,0
1963,356,Don Larsen,/players/l/larsedo01.shtml,larsedo01,33,SFG,11,46,0,46,46,46,0,0,0,0,0,0,0,0,0,0,0
1963,357,Frank Lary,/players/l/laryfr01.shtml,laryfr01,33,DET,10,16,14,16,16,16,0,0,0,0,0,0,0,0,0,0,0
1963,358,Fred Lasher,/players/l/lashefr01.shtml,lashefr01,21,MIN,1st,11,0,11,11,11,0,0,0,0,0,0,0,0,0,0,0
1963,359,Barry Latman,/players/l/latmaba01.shtml,latmaba01,27,CLE,7,38,21,38,38,38,0,0,0,0,0,0,0,0,0,0,0
1963,360,Charlie Lau,/players/l/lauch01.shtml,lauch01,30,2TM,7,91,57,91,58,0,58,0,0,0,0,0,0,0,0,34,0
1963,361,Vern Law,/players/l/lawve01.shtml,lawve01,33,PIT,12,21,12,21,18,18,0,0,0,0,0,0,0,0,0,0,3
1963,362,Jim Lawrence,/players/l/lawreji01.shtml,lawreji01,24,CLE,1st,2,0,2,2,0,2,0,0,0,0,0,0,0,0,0,0
1963,363,Don Lee,/players/l/leedo01.shtml,leedo01,29,LAA,6,40,22,40,40,40,0,0,0,0,0,0,0,0,0,0,0
1963,364,Mike Lee,/players/l/leemi01.shtml,leemi01,22,LAA,2,6,4,6,6,6,0,0,0,0,0,0,0,0,0,0,0
1963,365,Denny Lemaster,/players/l/lemasde01.shtml,lemasde01,24,MLN,2,46,31,46,46,46,0,0,0,0,0,0,0,0,0,0,0
1963,366,Dick LeMay,/players/l/lemaydi01.shtml,lemaydi01,24,CHC,3,9,1,9,9,9,0,0,0,0,0,0,0,0,0,0,0
1963,367,Jim Lemon,/players/l/lemonji01.shtml,lemonji01,35,3TM,12,74,43,74,47,0,0,25,0,0,0,20,0,4,22,31,0
1963,368,Don Leppert,/players/l/leppedo02.shtml,leppedo02,31,WSA,3,73,55,73,60,0,60,0,0,0,0,0,0,0,0,18,0
1963,369,Bob Lillis,/players/l/lillibo01.shtml,lillibo01,33,HOU,6,147,133,147,142,0,0,0,19,6,125,0,0,0,0,4,4
1963,370,Phil Linz,/players/l/linzph01.shtml,linzph01,24,NYY,2,72,45,72,53,0,0,0,6,13,22,2,5,5,12,18,6
1963,371,Frank Linzy,/players/l/linzyfr01.shtml,linzyfr01,22,SFG,1st,8,1,8,8,8,0,0,0,0,0,0,0,0,0,0,0
1963,372,Bob Lipski,/players/l/lipskbo01.shtml,lipskbo01,24,CLE,1st,2,0,2,2,0,2,0,0,0,0,0,0,0,0,1,0
1963,373,Don Lock,/players/l/lockdo01.shtml,lockdo01,26,WSA,2,149,143,149,146,0,0,0,0,0,0,10,134,10,146,6,0
1963,374,Bobby Locke,/players/l/lockebo01.shtml,lockebo01,29,PHI,5,9,0,9,9,9,0,0,0,0,0,0,0,0,0,0,0
1963,375,Johnny Logan,/players/l/loganjo01.shtml,loganjo01,37,PIT,13,81,46,81,48,0,0,0,0,4,44,0,0,0,0,34,0
1963,376,Mickey Lolich,/players/l/lolicmi01.shtml,lolicmi01,22,DET,1st,33,18,33,33,33,0,0,0,0,0,0,0,0,0,0,0
1963,377,Sherm Lollar,/players/l/lollash01.shtml,lollash01,38,CHW,18,35,18,35,24,0,23,2,0,0,0,0,0,0,0,12,0
1963,378,Dale Long,/players/l/longda02.shtml,longda02,37,NYY,10,14,1,14,2,0,0,2,0,0,0,0,0,0,0,12,0
1963,379,Jeoff Long,/players/l/longje01.shtml,longje01,21,STL,1st,5,0,5,0,0,0,0,0,0,0,0,0,0,0,5,0
1963,380,Hector Lopez,/players/l/lopezhe01.shtml,lopezhe01,33,NYY,9,130,111,130,124,0,0,0,1,0,0,100,0,25,124,10,1
1963,381,Marcelino Lopez,/players/l/lopezma01.shtml,lopezma01,19,PHI,1st,5,2,5,4,4,0,0,0,0,0,0,0,0,0,0,1
1963,382,Pete Lovrich,/players/l/lovripe01.shtml,lovripe01,20,KCA,1st,20,1,20,20,20,0,0,0,0,0,0,0,0,0,0,0
1963,383,Jerry Lumpe,/players/l/lumpeje01.shtml,lumpeje01,30,KCA,8,157,155,157,155,0,0,0,155,0,0,0,0,0,0,2,0
1963,384,Al Luplow,/players/l/luploal01.shtml,luploal01,24,CLE,3,100,74,100,85,0,0,0,0,0,0,15,0,72,85,19,3
1963,385,Jerry Lynch,/players/l/lynchje01.shtml,lynchje01,32,2TM,10,110,65,110,71,0,0,0,0,0,0,68,0,3,71,45,0
1963,386,Ken MacKenzie,/players/m/mackeke01.shtml,mackeke01,29,2TM,4,42,0,42,42,42,0,0,0,0,0,0,0,0,0,0,0
1963,387,Art Mahaffey,/players/m/mahafar01.shtml,mahafar01,25,PHI,4,26,22,26,26,26,0,0,0,0,0,0,0,0,0,0,0
1963,388,Jim Maloney,/players/m/malonji01.shtml,malonji01,23,CIN,4,34,33,34,33,33,0,0,0,0,0,0,0,0,0,0,1
1963,389,Frank Malzone,/players/m/malzofr01.shtml,malzofr01,33,BOS,9,151,148,151,148,0,0,0,0,148,0,0,0,0,0,3,0
1963,390,Felix Mantilla,/players/m/mantife01.shtml,mantife01,28,BOS,8,66,40,66,42,0,0,0,6,0,26,0,11,0,11,17,8
1963,391,Mickey Mantle,/players/m/mantlmi01.shtml,mantlmi01,31,NYY,13,65,52,65,52,0,0,0,0,0,0,0,52,0,52,13,0
1963,392,Juan Marichal,/players/m/maricju01.shtml,maricju01,25,SFG,4,42,40,42,41,41,0,0,0,0,0,0,0,0,0,0,1
1963,393,Roger Maris,/players/m/marisro01.shtml,marisro01,28,NYY,7,90,85,90,86,0,0,0,0,0,0,0,1,86,86,5,0
1963,394,J.C. Martin,/players/m/martij.01.shtml,martij.01,26,CHW,5,105,63,105,100,0,98,3,0,1,0,0,0,0,0,13,0
1963,395,Hector Martinez,/players/m/martihe02.shtml,martihe02,24,KCA,2,6,3,6,3,0,0,0,0,0,0,0,3,0,3,3,0
1963,396,Tony Martinez,/players/m/martito01.shtml,martito01,23,CLE,1st,43,40,43,41,0,0,0,0,0,41,0,0,0,0,0,2
1963,397,Eddie Mathews,/players/m/matheed01.shtml,matheed01,31,MLN,12,158,157,158,157,0,0,0,0,121,0,42,0,0,42,1,0
1963,398,Nelson Mathews,/players/m/mathene01.shtml,mathene01,21,CHC,4,61,40,61,46,0,0,0,0,0,0,0,45,1,46,11,8
1963,399,Dal Maxvill,/players/m/maxvida01.shtml,maxvida01,24,STL,2,53,9,53,36,0,0,0,10,3,24,0,0,0,0,3,20
1963,400,Charlie Maxwell,/players/m/maxwech01.shtml,maxwech01,36,CHW,13,71,35,71,41,0,0,17,0,0,0,24,0,0,24,34,0
1963,401,Lee Maye,/players/m/mayele01.shtml,mayele01,28,MLN,5,124,101,124,111,0,0,0,0,0,0,75,70,3,111,20,0
1963,402,Willie Mays,/players/m/mayswi01.shtml,mayswi01,32,SFG,12,157,155,157,157,0,0,0,0,0,1,0,157,0,157,2,0
1963,403,Bill Mazeroski,/players/m/mazerbi01.shtml,mazerbi01,26,PIT,8,142,138,142,138,0,0,0,138,0,0,0,0,0,0,4,0
1963,404,Dick McAuliffe,/players/m/mcauldi01.shtml,mcauldi01,23,DET,4,150,148,150,148,0,0,0,15,0,133,0,0,0,0,2,0
1963,405,Al McBean,/players/m/mcbeaal01.shtml,mcbeaal01,25,PIT,3,59,7,59,55,55,0,0,0,0,0,0,0,0,0,0,4
1963,406,Ken McBride,/players/m/mcbrike01.shtml,mcbrike01,27,LAA,5,38,36,38,36,36,0,0,0,0,0,0,0,0,0,0,2
1963,407,Brian McCall,/players/m/mccalbr01.shtml,mccalbr01,20,CHW,2,3,1,3,2,0,0,0,0,0,0,0,0,2,2,1,1
1963,408,Tim McCarver,/players/m/mccarti01.shtml,mccarti01,21,STL,4,127,108,127,126,0,126,0,0,0,0,0,0,0,0,5,3
1963,409,Mike McCormick,/players/m/mccormi03.shtml,mccormi03,24,BAL,8,25,21,25,25,25,0,0,0,0,0,0,0,0,0,0,0
1963,410,Willie McCovey,/players/m/mccovwi01.shtml,mccovwi01,25,SFG,5,152,145,152,148,0,0,23,0,0,0,133,0,3,135,7,0
1963,411,Tommy McCraw,/players/m/mccrato01.shtml,mccrato01,22,CHW,1st,102,69,102,97,0,0,97,0,0,0,0,0,0,0,4,12
1963,412,Lindy McDaniel,/players/m/mcdanli01.shtml,mcdanli01,27,CHC,9,57,0,57,57,57,0,0,0,0,0,0,0,0,0,0,0
1963,413,Sam McDowell,/players/m/mcdowsa01.shtml,mcdowsa01,20,CLE,3,15,12,15,14,14,0,0,0,0,0,0,0,0,0,0,1
1963,414,Denny McLain,/players/m/mclaide01.shtml,mclaide01,19,DET,1st,3,3,3,3,3,0,0,0,0,0,0,0,0,0,0,0
1963,415,Cal McLish,/players/m/mclisca01.shtml,mclisca01,37,PHI,14,33,32,33,32,32,0,0,0,0,0,0,0,0,0,1,0
1963,416,Don McMahon,/players/m/mcmahdo02.shtml,mcmahdo02,33,HOU,7,49,2,49,49,49,0,0,0,0,0,0,0,0,0,0,0
1963,417,Roy McMillan,/players/m/mcmilro01.shtml,mcmilro01,33,MLN,13,100,90,100,94,0,0,0,0,0,94,0,0,0,0,4,3
1963,418,Ken McMullen,/players/m/mcmulke01.shtml,mcmulke01,21,LAD,2,79,67,79,72,0,0,0,1,71,0,1,0,0,1,9,0
1963,419,Dave McNally,/players/m/mcnalda01.shtml,mcnalda01,20,BAL,2,29,20,29,29,29,0,0,0,0,0,0,0,0,0,0,0
1963,420,Roman Mejias,/players/m/mejiaro01.shtml,mejiaro01,32,BOS,8,111,80,111,86,0,0,0,0,0,0,7,66,14,86,27,0
1963,421,Denis Menke,/players/m/menkede01.shtml,menkede01,22,MLN,2,146,139,146,144,0,0,1,22,50,82,1,0,0,1,2,0
1963,422,Tom Metcalf,/players/m/metcato01.shtml,metcato01,22,NYY,1st,8,0,8,8,8,0,0,0,0,0,0,0,0,0,0,0
1963,423,Bob Miller,/players/m/millebo04.shtml,millebo04,24,LAD,6,42,23,42,42,42,0,0,0,0,0,0,0,0,0,0,0
1963,424,John Miller,/players/m/millejo03.shtml,millejo03,22,BAL,2,3,2,3,3,3,0,0,0,0,0,0,0,0,0,0,0
1963,425,Stu Miller,/players/m/millest01.shtml,millest01,35,BAL,11,71,0,71,71,71,0,0,0,0,0,0,0,0,0,0,0
1963,426,Don Mincher,/players/m/minchdo01.shtml,minchdo01,25,MIN,4,82,57,82,60,0,0,60,0,0,0,0,0,0,0,23,0
1963,427,Minnie Minoso,/players/m/minosmi01.shtml,minosmi01,37,WSA,14,109,77,109,81,0,0,0,0,8,0,74,0,1,74,29,1
1963,428,Ron Moeller,/players/m/moellro01.shtml,moellro01,24,2TM,4,11,3,11,11,11,0,0,0,0,0,0,0,0,0,0,0
1963,429,Bill Monbouquette,/players/m/monbobi01.shtml,monbobi01,26,BOS,6,37,36,37,37,37,0,0,0,0,0,0,0,0,0,0,0
1963,430,Aurelio Monteagudo,/players/m/monteau01.shtml,monteau01,19,KCA,1st,4,0,4,4,4,0,0,0,0,0,0,0,0,0,0,0
1963,431,Wally Moon,/players/m/moonwa01.shtml,moonwa01,33,LAD,10,122,90,122,96,0,0,0,0,0,0,48,2,61,96,28,0
1963,432,Ray Moore,/players/m/moorera02.shtml,moorera02,37,MIN,11,31,1,31,31,31,0,0,0,0,0,0,0,0,0,0,0
1963,433,Al Moran,/players/m/moranal01.shtml,moranal01,24,NYM,1st,119,112,119,117,0,0,0,0,1,116,0,0,0,0,2,2
1963,434,Billy Moran,/players/m/moranbi02.shtml,moranbi02,29,LAA,5,153,150,153,151,0,0,0,151,0,0,0,0,0,0,2,0
1963,435,Dave Morehead,/players/m/morehda01.shtml,morehda01,20,BOS,1st,29,29,29,29,29,0,0,0,0,0,0,0,0,0,0,0
1963,436,Joe Morgan,/players/m/morgajo02.shtml,morgajo02,19,HOU,1st,8,6,8,7,0,0,0,7,0,0,0,0,0,0,1,1
1963,437,Tom Morgan,/players/m/morgato01.shtml,morgato01,33,LAA,12,13,0,13,13,13,0,0,0,0,0,0,0,0,0,0,0
1963,438,Bubba Morton,/players/m/mortobu01.shtml,mortobu01,31,2TM,3,21,7,21,12,0,0,0,0,0,0,6,6,0,12,11,3
1963,439,Don Mossi,/players/m/mossido01.shtml,mossido01,34,DET,10,24,16,24,24,24,0,0,0,0,0,0,0,0,0,0,0
1963,440,Manny Mota,/players/m/motama01.shtml,motama01,25,PIT,2,59,25,59,38,0,0,0,1,0,0,35,2,2,37,24,4
1963,441,Phil Mudrock,/players/m/mudroph01.shtml,mudroph01,26,CHC,1st,1,0,1,1,1,0,0,0,0,0,0,0,0,0,0,0
1963,442,Ivan Murrell,/players/m/murreiv01.shtml,murreiv01,20,HOU,1st,2,1,2,2,0,0,0,0,0,0,0,2,0,2,0,0
1963,443,Stan Musial,/players/m/musiast01.shtml,musiast01,42,STL,22,124,94,124,96,0,0,0,0,0,0,96,0,0,96,30,0
1963,444,Buster Narum,/players/n/narumbu01.shtml,narumbu01,22,BAL,1st,7,0,7,7,7,0,0,0,0,0,0,0,0,0,0,0
1963,445,Julio Navarro,/players/n/navarju01.shtml,navarju01,27,LAA,2,57,0,57,57,57,0,0,0,0,0,0,0,0,0,0,0
1963,446,Charlie Neal,/players/n/nealch01.shtml,nealch01,32,2TM,8,106,83,106,90,0,0,0,1,85,9,0,0,0,0,16,3
1963,447,Cal Neeman,/players/n/neemaca01.shtml,neemaca01,34,2TM,7,23,7,23,21,0,21,0,0,0,0,0,0,0,0,2,1
1963,448,Mel Nelson,/players/n/nelsome01.shtml,nelsome01,27,LAA,2,39,3,39,36,36,0,0,0,0,0,0,0,0,0,1,3
1963,449,Dick Nen,/players/n/nendi01.shtml,nendi01,23,LAD,1st,7,0,7,5,0,0,5,0,0,0,0,0,0,0,5,1
1963,450,Fred Newman,/players/n/newmafr01.shtml,newmafr01,21,LAA,2,12,8,12,12,12,0,0,0,0,0,0,0,0,0,0,0
1963,451,Chet Nichols,/players/n/nichoch02.shtml,nichoch02,32,BOS,8,21,7,21,21,21,0,0,0,0,0,0,0,0,0,0,0
1963,452,Dave Nicholson,/players/n/nichoda01.shtml,nichoda01,23,CHW,3,126,121,126,123,0,0,0,0,0,0,123,0,0,123,3,1
1963,453,Ron Nischwitz,/players/n/nischro01.shtml,nischro01,25,CLE,3,14,0,14,14,14,0,0,0,0,0,0,0,0,0,0,0
1963,454,Russ Nixon,/players/n/nixonru01.shtml,nixonru01,28,BOS,7,98,72,98,76,0,76,0,0,0,0,0,0,0,0,25,0
1963,455,Fred Norman,/players/n/normafr01.shtml,normafr01,20,KCA,2,2,2,2,2,2,0,0,0,0,0,0,0,0,0,0,0
1963,456,Don Nottebart,/players/n/nottedo01.shtml,nottedo01,27,HOU,4,31,27,31,31,31,0,0,0,0,0,0,0,0,0,0,0
1963,457,Joe Nuxhall,/players/n/nuxhajo01.shtml,nuxhajo01,34,CIN,13,35,29,35,35,35,0,0,0,0,0,0,0,0,0,0,0
1963,458,Billy O'Dell,/players/o/o'delbi01.shtml,o'delbi01,30,SFG,9,47,33,47,36,36,0,0,0,0,0,0,0,0,0,1,10
1963,459,John O'Donoghue,/players/o/o'donjo02.shtml,o'donjo02,23,KCA,1st,1,1,1,1,1,0,0,0,0,0,0,0,0,0,0,0
1963,460,Jim O'Toole,/players/o/o'tooji01.shtml,o'tooji01,26,CIN,6,33,32,33,33,33,0,0,0,0,0,0,0,0,0,0,0
1963,461,Bob Oldis,/players/o/oldisbo01.shtml,oldisbo01,35,PHI,7,47,19,47,43,0,43,0,0,0,0,0,0,0,0,11,4
1963,462,Tony Oliva,/players/o/olivato01.shtml,olivato01,24,MIN,2,7,0,7,0,0,0,0,0,0,0,0,0,0,0,7,0
1963,463,Gene Oliver,/players/o/olivege01.shtml,olivege01,28,2TM,4,134,114,134,124,0,37,55,0,0,0,35,0,0,35,18,0
1963,464,Nate Oliver,/players/o/olivena01.shtml,olivena01,22,LAD,1st,65,40,65,57,0,0,0,57,0,2,0,0,0,0,6,6
1963,465,Diomedes Olivo,/players/o/olivodi01.shtml,olivodi01,44,STL,3,19,0,19,19,19,0,0,0,0,0,0,0,0,0,0,0
1963,466,John Orsino,/players/o/orsinjo01.shtml,orsinjo01,25,BAL,3,116,106,116,112,0,109,3,0,0,0,0,0,0,0,6,0
1963,467,Phil Ortega,/players/o/ortegph01.shtml,ortegph01,23,LAD,4,1,0,1,1,1,0,0,0,0,0,0,0,0,0,0,0
1963,468,Bobo Osborne,/players/o/osborbo02.shtml,osborbo02,27,WSA,6,125,92,125,96,0,0,81,0,16,0,0,0,0,0,33,0
1963,469,Dan Osinski,/players/o/osinsda01.shtml,osinsda01,29,LAA,2,47,16,47,47,47,0,0,0,0,0,0,0,0,0,0,0
1963,470,Claude Osteen,/players/o/osteecl01.shtml,osteecl01,23,WSA,6,49,29,49,40,40,0,0,0,0,0,0,0,0,0,0,9
1963,471,Jim Owens,/players/o/owensji01.shtml,owensji01,29,CIN,8,19,3,19,19,19,0,0,0,0,0,0,0,0,0,0,0
1963,472,John Paciorek,/players/p/paciojo01.shtml,paciojo01,18,HOU,1st,1,1,1,1,0,0,0,0,0,0,0,0,1,1,0,0
1963,473,Jose Pagan,/players/p/paganjo01.shtml,paganjo01,28,SFG,5,148,136,148,144,0,0,0,1,0,143,1,0,0,1,5,2
1963,474,Jim Pagliaroni,/players/p/pagliji01.shtml,pagliji01,25,PIT,5,92,78,92,85,0,85,0,0,0,0,0,0,0,0,9,0
1963,475,Milt Pappas,/players/p/pappami01.shtml,pappami01,24,BAL,7,36,32,36,34,34,0,0,0,0,0,0,0,0,0,0,2
1963,476,Tom Parsons,/players/p/parsoto01.shtml,parsoto01,23,PIT,1st,1,1,1,1,1,0,0,0,0,0,0,0,0,0,0,0
1963,477,Camilo Pascual,/players/p/pascuca02.shtml,pascuca02,29,MIN,10,33,31,33,31,31,0,0,0,0,0,0,0,0,0,0,2
1963,478,Don Pavletich,/players/p/pavledo01.shtml,pavledo01,24,CIN,4,71,52,71,69,0,12,58,0,0,0,0,0,0,0,17,0
1963,479,Albie Pearson,/players/p/pearsal02.shtml,pearsal02,28,LAA,6,154,146,154,148,0,0,0,0,0,0,2,132,18,148,7,0
1963,480,Orlando Pena,/players/p/penaor01.shtml,penaor01,29,KCA,5,35,33,35,35,35,0,0,0,0,0,0,0,0,0,0,0
1963,481,Joe Pepitone,/players/p/pepitjo01.shtml,pepitjo01,22,NYY,2,157,145,157,154,0,0,142,0,0,0,0,7,11,18,10,1
1963,482,Ron Perranoski,/players/p/perraro01.shtml,perraro01,27,LAD,3,69,0,69,69,69,0,0,0,0,0,0,0,0,0,0,0
1963,483,Bob Perry,/players/p/perrybo02.shtml,perrybo02,28,LAA,1st,61,43,61,55,0,0,0,0,0,0,7,22,27,55,7,2
1963,484,Gaylord Perry,/players/p/perryga01.shtml,perryga01,24,SFG,2,32,4,32,31,31,0,0,0,0,0,0,0,0,0,0,1
1963,485,Jim Perry,/players/p/perryji01.shtml,perryji01,27,2TM,5,40,25,40,40,40,0,0,0,0,0,0,0,0,0,0,0
1963,486,Gary Peters,/players/p/peterga01.shtml,peterga01,26,CHW,5,50,30,50,41,41,0,0,0,0,0,0,0,0,0,2,7
1963,487,Cap Peterson,/players/p/peterca01.shtml,peterca01,20,SFG,2,22,10,22,15,0,0,0,8,5,1,2,0,1,3,9,0
1963,488,Rico Petrocelli,/players/p/petrori01.shtml,petrori01,20,BOS,1st,1,1,1,1,0,0,0,0,0,1,0,0,0,0,0,0
1963,489,Dan Pfister,/players/p/pfistda01.shtml,pfistda01,26,KCA,3,4,1,4,3,3,0,0,0,0,0,0,0,0,0,0,1
1963,490,Bubba Phillips,/players/p/phillbu02.shtml,phillbu02,35,DET,9,128,115,128,121,0,0,0,0,117,0,0,5,0,5,9,1
1963,491,Dick Phillips,/players/p/philldi01.shtml,philldi01,31,WSA,2,124,70,124,77,0,0,68,5,4,0,0,0,0,0,53,0
1963,492,Taylor Phillips,/players/p/phillta01.shtml,phillta01,30,CHW,6,9,0,9,9,9,0,0,0,0,0,0,0,0,0,0,0
1963,493,Ron Piche,/players/p/pichero01.shtml,pichero01,28,MLN,4,37,1,37,37,37,0,0,0,0,0,0,0,0,0,0,0
1963,494,Billy Pierce,/players/p/piercbi02.shtml,piercbi02,36,SFG,17,38,13,38,38,38,0,0,0,0,0,0,0,0,0,0,0
1963,495,Jim Piersall,/players/p/piersji01.shtml,piersji01,33,3TM,13,89,70,89,81,0,0,0,0,0,0,1,74,6,81,9,1
1963,496,Vada Pinson,/players/p/pinsova01.shtml,pinsova01,24,CIN,6,162,162,162,162,0,0,0,0,0,0,0,145,19,162,0,0
1963,497,Juan Pizarro,/players/p/pizarju01.shtml,pizarju01,26,CHW,7,32,28,32,32,32,0,0,0,0,0,0,0,0,0,0,0
1963,498,Elmo Plaskett,/players/p/plaskel01.shtml,plaskel01,25,PIT,2,10,3,10,6,0,5,0,0,1,0,0,0,0,0,5,0
1963,499,Bill Pleis,/players/p/pleisbi01.shtml,pleisbi01,25,MIN,3,36,4,36,36,36,0,0,0,0,0,0,0,0,0,0,0
1963,500,Johnny Podres,/players/p/podrejo01.shtml,podrejo01,30,LAD,10,37,34,37,37,37,0,0,0,0,0,0,0,0,0,0,0
1963,501,Aaron Pointer,/players/p/pointaa01.shtml,pointaa01,21,HOU,1st,2,1,2,1,0,0,0,0,0,0,0,0,1,1,0,1
1963,502,Wally Post,/players/p/postwa01.shtml,postwa01,33,2TM,14,26,11,26,13,0,0,0,0,0,0,3,0,10,13,13,0
1963,503,Boog Powell,/players/p/powelbo01.shtml,powelbo01,21,BAL,3,140,135,140,137,0,0,23,0,0,0,121,0,1,121,3,0
1963,504,Grover Powell,/players/p/powelgr01.shtml,powelgr01,22,NYM,1st,20,4,20,20,20,0,0,0,0,0,0,0,0,0,0,0
1963,505,Vic Power,/players/p/powervi01.shtml,powervi01,35,MIN,10,138,122,138,134,0,0,124,18,5,0,0,0,0,0,7,0
1963,506,John Pregenzer,/players/p/pregejo01.shtml,pregejo01,30,SFG,1st,6,0,6,6,6,0,0,0,0,0,0,0,0,0,0,0
1963,507,Bob Purkey,/players/p/purkebo01.shtml,purkebo01,33,CIN,10,21,21,21,21,21,0,0,0,0,0,0,0,0,0,0,0
1963,508,Art Quirk,/players/q/quirkar01.shtml,quirkar01,25,WSA,2,7,3,7,7,7,0,0,0,0,0,0,0,0,0,0,0
1963,509,Dick Radatz,/players/r/radatdi01.shtml,radatdi01,26,BOS,2,66,0,66,66,66,0,0,0,0,0,0,0,0,0,0,0
1963,510,Ed Rakow,/players/r/rakowed01.shtml,rakowed01,28,KCA,4,34,26,34,34,34,0,0,0,0,0,0,0,0,0,0,0
1963,511,Pedro Ramos,/players/r/ramospe01.shtml,ramospe01,28,CLE,9,54,22,54,36,36,0,0,0,0,0,0,0,0,0,0,20
1963,512,Merritt Ranew,/players/r/ranewme01.shtml,ranewme01,25,CHC,2,78,31,78,46,0,37,9,0,0,0,0,0,0,0,45,0
1963,513,Paul Ratliff,/players/r/ratlipa01.shtml,ratlipa01,19,MIN,1st,10,4,10,7,0,7,0,0,0,0,0,0,0,0,4,0
1963,514,Claude Raymond,/players/r/raymocl01.shtml,raymocl01,26,MLN,4,45,0,45,45,45,0,0,0,0,0,0,0,0,0,0,0
1963,515,Jack Reed,/players/r/reedja01.shtml,reedja01,30,NYY,3,106,11,106,89,0,0,0,0,0,0,13,31,47,89,7,27
1963,516,Phil Regan,/players/r/reganph01.shtml,reganph01,26,DET,4,38,27,38,38,38,0,0,0,0,0,0,0,0,0,0,0
1963,517,Hal Reniff,/players/r/renifha01.shtml,renifha01,24,NYY,3,48,0,48,48,48,0,0,0,0,0,0,0,0,0,0,0
1963,518,Ken Retzer,/players/r/retzeke01.shtml,retzeke01,29,WSA,3,95,72,95,81,0,81,0,0,0,0,0,0,0,0,18,0
1963,519,Tommie Reynolds,/players/r/reynoto01.shtml,reynoto01,21,KCA,1st,8,5,8,5,0,0,0,0,0,0,5,0,0,5,3,0
1963,520,Bobby Richardson,/players/r/richabo01.shtml,richabo01,27,NYY,9,151,150,151,150,0,0,0,150,0,0,0,0,0,0,1,0
1963,521,Pete Richert,/players/r/richepe01.shtml,richepe01,23,LAD,2,20,12,20,20,20,0,0,0,0,0,0,0,0,0,0,0
1963,522,Dave Ricketts,/players/r/rickeda01.shtml,rickeda01,27,STL,1st,3,3,3,3,0,3,0,0,0,0,0,0,0,0,0,0
1963,523,Steve Ridzik,/players/r/ridzist01.shtml,ridzist01,34,WSA,9,20,10,20,20,20,0,0,0,0,0,0,0,0,0,0,0
1963,524,Mike Roarke,/players/r/roarkmi01.shtml,roarkmi01,32,DET,3,23,9,23,16,0,16,0,0,0,0,0,0,0,0,7,0
1963,525,Robin Roberts,/players/r/roberro01.shtml,roberro01,36,BAL,16,35,35,35,35,35,0,0,0,0,0,0,0,0,0,0,0
1963,526,Brooks Robinson,/players/r/robinbr01.shtml,robinbr01,26,BAL,9,161,158,161,160,0,0,0,0,160,1,0,0,0,0,1,1
1963,527,Floyd Robinson,/players/r/robinfl01.shtml,robinfl01,27,CHW,4,146,133,146,137,0,0,0,0,0,0,42,0,119,137,13,0
1963,528,Frank Robinson,/players/r/robinfr02.shtml,robinfr02,27,CIN,8,140,138,140,139,0,0,1,0,0,0,111,1,36,139,2,0
1963,529,Andre Rodgers,/players/r/rodgean01.shtml,rodgean01,28,CHC,7,150,150,150,150,0,0,0,0,0,150,0,0,0,0,0,0
1963,530,Buck Rodgers,/players/r/rodgebu01.shtml,rodgebu01,24,LAA,3,100,77,100,85,0,85,0,0,0,0,0,0,0,0,17,1
1963,531,Ed Roebuck,/players/r/roebued01.shtml,roebued01,31,2TM,8,55,0,55,55,55,0,0,0,0,0,0,0,0,0,0,0
1963,532,Garry Roggenburk,/players/r/roggega01.shtml,roggega01,23,MIN,1st,36,2,36,36,36,0,0,0,0,0,0,0,0,0,0,0
1963,533,Cookie Rojas,/players/r/rojasco01.shtml,rojasco01,24,PHI,2,64,15,64,26,0,0,0,25,0,0,1,0,0,1,8,34
1963,534,Jim Roland,/players/r/rolanji01.shtml,rolanji01,20,MIN,2,10,7,10,10,10,0,0,0,0,0,0,0,0,0,0,0
1963,535,Rich Rollins,/players/r/rolliri01.shtml,rolliri01,25,MIN,3,136,132,136,132,0,0,0,1,132,0,0,0,0,0,4,0
1963,536,John Romano,/players/r/romanjo01.shtml,romanjo01,28,CLE,6,89,68,89,75,0,71,0,0,0,0,4,0,0,4,19,0
1963,537,Pete Rose,/players/r/rosepe01.shtml,rosepe01,22,CIN,1st,157,153,157,157,0,0,0,157,0,0,1,0,0,1,0,0
1963,538,John Roseboro,/players/r/rosebjo01.shtml,rosebjo01,30,LAD,7,135,128,135,134,0,134,0,0,0,0,0,0,0,0,4,0
1963,539,Don Rowe,/players/r/rowedo01.shtml,rowedo01,27,NYM,1st,26,1,26,26,26,0,0,0,0,0,0,0,0,0,0,0
1963,540,Ken Rowe,/players/r/roweke01.shtml,roweke01,29,LAD,1st,14,0,14,14,14,0,0,0,0,0,0,0,0,0,0,0
1963,541,Don Rudolph,/players/r/rudoldo01.shtml,rudoldo01,31,WSA,5,37,26,37,37,37,0,0,0,0,0,0,0,0,0,0,0
1963,542,Pete Runnels,/players/r/runnepe01.shtml,runnepe01,35,HOU,13,124,101,124,108,0,0,70,36,3,0,0,0,0,0,20,1
1963,543,Ray Sadecki,/players/s/sadecra01.shtml,sadecra01,22,STL,4,39,28,39,36,36,0,0,0,0,0,0,0,0,0,0,3
1963,544,Bob Sadowski,/players/s/sadowbo01.shtml,sadowbo01,26,LAA,4,88,24,88,35,0,0,0,3,7,0,2,0,23,25,60,2
1963,545,Bob Sadowski,/players/s/sadowbo02.shtml,sadowbo02,25,MLN,1st,19,18,19,19,19,0,0,0,0,0,0,0,0,0,0,0
1963,546,Ed Sadowski,/players/s/sadowed01.shtml,sadowed01,32,LAA,4,80,52,80,68,0,68,0,0,0,0,0,0,0,0,5,13
1963,547,Amado Samuel,/players/s/samueam01.shtml,samueam01,24,MLN,2,15,5,15,11,0,0,0,4,0,7,0,0,0,0,0,5
1963,548,Jack Sanford,/players/s/sanfoja02.shtml,sanfoja02,34,SFG,8,45,42,45,42,42,0,0,0,0,0,0,0,0,0,2,1
1963,549,Jose Santiago,/players/s/santijo02.shtml,santijo02,22,KCA,1st,4,0,4,4,4,0,0,0,0,0,0,0,0,0,0,0
1963,550,Ron Santo,/players/s/santoro01.shtml,santoro01,23,CHC,4,162,162,162,162,0,0,0,0,162,0,0,0,0,0,0,0
1963,551,Tom Satriano,/players/s/satrito01.shtml,satrito01,22,LAA,3,23,11,23,16,0,2,1,0,13,0,0,0,0,0,9,0
1963,552,Ted Savage,/players/s/savagte01.shtml,savagte01,26,PIT,2,85,27,85,47,0,0,0,0,0,0,37,8,2,47,40,7
1963,553,Bob Saverine,/players/s/saverbo01.shtml,saverbo01,22,BAL,3,115,33,115,90,0,0,0,19,0,13,0,59,0,59,18,19
1963,554,Carl Sawatski,/players/s/sawatca01.shtml,sawatca01,35,STL,11,56,22,56,26,0,26,0,0,0,0,0,0,0,0,34,0
1963,555,Jimmie Schaffer,/players/s/schafji01.shtml,schafji01,27,CHC,3,57,42,57,54,0,54,0,0,0,0,0,0,0,0,3,3
1963,556,Johnny Schaive,/players/s/schaijo01.shtml,schaijo01,29,WSA,5,3,0,3,0,0,0,0,0,0,0,0,0,0,0,3,0
1963,557,Chuck Schilling,/players/s/schilch01.shtml,schilch01,25,BOS,3,146,137,146,143,0,0,0,143,0,0,0,0,0,0,4,0
1963,558,Bob Schmidt,/players/s/schmibo02.shtml,schmibo02,30,WSA,6,9,2,9,6,0,6,0,0,0,0,0,0,0,0,5,0
1963,559,Dan Schneider,/players/s/schneda01.shtml,schneda01,20,MLN,1st,30,3,30,30,30,0,0,0,0,0,0,0,0,0,0,0
1963,560,Red Schoendienst,/players/s/schoere01.shtml,schoere01,40,STL,19,6,0,6,0,0,0,0,0,0,0,0,0,0,0,6,0
1963,561,Dick Schofield,/players/s/schofdi01.shtml,schofdi01,28,PIT,11,138,137,138,138,0,0,0,21,1,116,0,0,0,0,0,0
1963,562,Ted Schreiber,/players/s/schrete01.shtml,schrete01,24,NYM,1st,39,11,39,28,0,0,0,3,17,9,0,0,0,0,12,0
1963,563,Barney Schultz,/players/s/schulba01.shtml,schulba01,36,2TM,5,39,0,39,39,39,0,0,0,0,0,0,0,0,0,0,0
1963,564,Don Schwall,/players/s/schwado01.shtml,schwado01,27,PIT,3,33,24,33,33,33,0,0,0,0,0,0,0,0,0,0,0
1963,565,Dick Scott,/players/s/scottdi02.shtml,scottdi02,30,LAD,1st,9,0,9,9,9,0,0,0,0,0,0,0,0,0,0,0
1963,566,Diego Segui,/players/s/seguidi01.shtml,seguidi01,25,KCA,2,38,23,38,38,38,0,0,0,0,0,0,0,0,0,0,0
1963,567,Gordon Seyfried,/players/s/seyfrgo01.shtml,seyfrgo01,25,CLE,1st,3,1,3,3,3,0,0,0,0,0,0,0,0,0,0,0
1963,568,Mike Shannon,/players/s/shannmi01.shtml,shannmi01,23,STL,2,32,4,32,26,0,0,0,0,0,0,13,1,12,26,4,6
1963,569,Bobby Shantz,/players/s/shantbo01.shtml,shantbo01,37,STL,15,55,0,55,55,55,0,0,0,0,0,0,0,0,0,0,0
1963,570,Bob Shaw,/players/s/shawbo01.shtml,shawbo01,30,MLN,7,48,16,48,48,48,0,0,0,0,0,0,0,0,0,0,0
1963,571,Larry Sherry,/players/s/sherrla01.shtml,sherrla01,27,LAD,6,36,3,36,36,36,0,0,0,0,0,0,0,0,0,0,0
1963,572,Norm Sherry,/players/s/sherrno01.shtml,sherrno01,31,NYM,5,63,52,63,60,0,60,0,0,0,0,0,0,0,0,3,0
1963,573,Barry Shetrone,/players/s/shetrba01.shtml,shetrba01,24,WSA,5,2,0,2,0,0,0,0,0,0,0,0,0,0,0,2,0
1963,574,Joe Shipley,/players/s/shipljo01.shtml,shipljo01,28,CHW,4,3,0,3,3,3,0,0,0,0,0,0,0,0,0,0,0
1963,575,Chris Short,/players/s/shortch02.shtml,shortch02,25,PHI,5,38,27,38,38,38,0,0,0,0,0,0,0,0,0,0,0
1963,576,Norm Siebern,/players/s/siebeno01.shtml,siebeno01,29,KCA,7,152,147,152,147,0,0,131,0,0,0,16,0,1,16,5,0
1963,577,Dwight Siebler,/players/s/siebldw01.shtml,siebldw01,25,MIN,1st,7,5,7,7,7,0,0,0,0,0,0,0,0,0,0,0
1963,578,Roy Sievers,/players/s/sievero01.shtml,sievero01,36,PHI,15,138,119,138,126,0,0,126,0,0,0,0,0,0,0,19,0
1963,579,Curt Simmons,/players/s/simmocu01.shtml,simmocu01,34,STL,16,32,32,32,32,32,0,0,0,0,0,0,0,0,0,0,0
1963,580,Tommie Sisk,/players/s/siskto01.shtml,siskto01,21,PIT,2,57,4,57,57,57,0,0,0,0,0,0,0,0,0,0,0
1963,581,Bob Skinner,/players/s/skinnbo01.shtml,skinnbo01,31,2TM,9,106,76,106,83,0,0,0,0,0,0,83,0,0,83,27,2
1963,582,Bill Skowron,/players/s/skowrbi01.shtml,skowrbi01,32,LAD,10,89,60,89,67,0,0,66,0,1,0,0,0,0,0,24,0
1963,583,Al Smith,/players/s/smithal04.shtml,smithal04,35,BAL,11,120,93,120,97,0,0,0,0,0,0,6,0,92,97,23,0
1963,584,Charley Smith,/players/s/smithch04.shtml,smithch04,25,CHW,4,4,1,4,1,0,0,0,0,0,1,0,0,0,0,3,0
1963,585,Dick Smith,/players/s/smithdi02.shtml,smithdi02,24,NYM,1st,20,10,20,12,0,0,2,0,0,0,4,6,0,10,8,1
1963,586,George Smith,/players/s/smithge04.shtml,smithge04,25,DET,1st,52,52,52,52,0,0,0,52,0,0,0,0,0,0,0,0
1963,587,Hal Smith,/players/s/smithha08.shtml,smithha08,32,HOU,9,31,10,31,11,0,11,0,0,0,0,0,0,0,0,20,0
1963,588,Jack Smith,/players/s/smithja04.shtml,smithja04,27,LAD,2,4,0,4,4,4,0,0,0,0,0,0,0,0,0,0,0
1963,589,Pete Smith,/players/s/smithpe01.shtml,smithpe01,23,BOS,2,6,1,6,6,6,0,0,0,0,0,0,0,0,0,0,0
1963,590,Willie Smith,/players/s/smithwi02.shtml,smithwi02,24,DET,1st,17,2,17,11,11,0,0,0,0,0,0,0,0,0,2,5
1963,591,Duke Snider,/players/s/snidedu01.shtml,snidedu01,36,NYM,17,129,94,129,106,0,0,0,0,0,0,35,11,63,106,34,0
1963,592,Russ Snyder,/players/s/snyderu01.shtml,snyderu01,29,BAL,5,148,96,148,130,0,0,0,0,0,0,34,74,57,130,25,8
1963,593,Warren Spahn,/players/s/spahnwa01.shtml,spahnwa01,42,MLN,19,33,33,33,33,33,0,0,0,0,0,0,0,0,0,0,0
1963,594,Al Spangler,/players/s/spangal01.shtml,spangal01,29,HOU,5,120,110,120,113,0,0,0,0,0,0,87,32,4,113,9,1
1963,595,Daryl Spencer,/players/s/spencda01.shtml,spencda01,34,2TM,10,57,49,57,51,0,0,0,0,51,0,0,0,0,0,8,0
1963,596,Jack Spring,/players/s/sprinja01.shtml,sprinja01,30,LAA,6,45,0,45,45,45,0,0,0,0,0,0,0,0,0,0,0
1963,597,Bill Stafford,/players/s/staffbi01.shtml,staffbi01,24,NYY,4,28,14,28,28,28,0,0,0,0,0,0,0,0,0,0,0
1963,598,Tracy Stallard,/players/s/stalltr01.shtml,stalltr01,25,NYM,4,39,23,39,39,39,0,0,0,0,0,0,0,0,0,0,0
1963,599,Al Stanek,/players/s/staneal01.shtml,staneal01,19,SFG,1st,11,0,11,11,11,0,0,0,0,0,0,0,0,0,0,0
1963,600,Lee Stange,/players/s/stangle01.shtml,stangle01,26,MIN,3,32,20,32,32,32,0,0,0,0,0,0,0,0,0,0,0
1963,601,Willie Stargell,/players/s/stargwi01.shtml,stargwi01,23,PIT,2,108,71,108,79,0,0,16,0,0,0,35,6,24,65,29,5
1963,602,Herm Starrette,/players/s/starrhe01.shtml,starrhe01,24,BAL,1st,18,0,18,18,18,0,0,0,0,0,0,0,0,0,0,0
1963,603,Rusty Staub,/players/s/staubru01.shtml,staubru01,19,HOU,1st,150,140,150,144,0,0,109,0,0,0,0,0,49,49,7,1
1963,604,Dave Stenhouse,/players/s/stenhda01.shtml,stenhda01,29,WSA,2,16,16,16,16,16,0,0,0,0,0,0,0,0,0,0,0
1963,605,Gene Stephens,/players/s/stephge01.shtml,stephge01,30,CHW,11,6,5,6,5,0,0,0,0,0,0,2,0,3,5,1,0
1963,606,Jerry Stephenson,/players/s/stephje01.shtml,stephje01,19,BOS,1st,1,1,1,1,1,0,0,0,0,0,0,0,0,0,0,0
1963,607,Jimmy Stewart,/players/s/stewaji01.shtml,stewaji01,24,CHC,1st,13,7,13,10,0,0,0,1,0,9,0,0,0,0,5,0
1963,608,Dick Stigman,/players/s/stigmdi01.shtml,stigmdi01,27,MIN,4,33,33,33,33,33,0,0,0,0,0,0,0,0,0,0,0
1963,609,Wes Stock,/players/s/stockwe01.shtml,stockwe01,29,BAL,5,47,0,47,47,47,0,0,0,0,0,0,0,0,0,0,0
1963,610,Dean Stone,/players/s/stonede01.shtml,stonede01,32,BAL,8,17,0,17,17,17,0,0,0,0,0,0,0,0,0,0,0
1963,611,Dick Stuart,/players/s/stuardi01.shtml,stuardi01,30,BOS,6,157,155,157,155,0,0,155,0,0,0,0,0,0,0,2,0
1963,612,Tom Sturdivant,/players/s/sturdto01.shtml,sturdto01,33,3TM,9,48,3,48,48,48,0,0,0,0,0,0,0,0,0,0,0
1963,613,Frank Sullivan,/players/s/sullifr01.shtml,sullifr01,33,MIN,11,10,0,10,10,10,0,0,0,0,0,0,0,0,0,0,0
1963,614,Haywood Sullivan,/players/s/sulliha02.shtml,sulliha02,32,KCA,7,40,33,40,37,0,37,0,0,0,0,0,0,0,0,5,0
1963,615,John Sullivan,/players/s/sullijo07.shtml,sullijo07,22,DET,1st,3,2,3,2,0,2,0,0,0,0,0,0,0,0,1,0
1963,616,Fred Talbot,/players/t/talbofr01.shtml,talbofr01,22,CHW,1st,1,0,1,1,1,0,0,0,0,0,0,0,0,0,0,0
1963,617,Jose Tartabull,/players/t/tartajo01.shtml,tartajo01,24,KCA,2,79,58,79,71,0,0,0,0,0,0,1,70,0,71,8,4
1963,618,Willie Tasby,/players/t/tasbywi01.shtml,tasbywi01,30,CLE,6,52,31,52,38,0,0,0,1,0,0,18,7,13,37,15,2
1963,619,Hawk Taylor,/players/t/tayloha04.shtml,tayloha04,24,MLN,5,16,6,16,9,0,0,0,0,0,0,5,3,1,9,9,0
1963,620,Ron Taylor,/players/t/tayloro01.shtml,tayloro01,25,STL,2,54,9,54,54,54,0,0,0,0,0,0,0,0,0,0,0
1963,621,Sammy Taylor,/players/t/taylosa02.shtml,taylosa02,30,3TM,6,29,6,29,17,0,17,0,0,0,0,0,0,0,0,16,0
1963,622,Tony Taylor,/players/t/tayloto02.shtml,tayloto02,27,PHI,6,157,153,157,154,0,0,0,149,13,0,0,0,0,0,4,0
1963,623,Johnny Temple,/players/t/templjo01.shtml,templjo01,35,HOU,12,100,84,100,89,0,0,0,61,29,0,0,0,0,0,13,1
1963,624,Ralph Terry,/players/t/terryra01.shtml,terryra01,27,NYY,8,40,37,40,40,40,0,0,0,0,0,0,0,0,0,0,0
1963,625,Moe Thacker,/players/t/thackmo01.shtml,thackmo01,29,STL,5,3,1,3,3,0,3,0,0,0,0,0,0,0,0,0,0
1963,626,Dave Thies,/players/t/thiesda01.shtml,thiesda01,26,KCA,1st,9,2,9,9,9,0,0,0,0,0,0,0,0,0,0,0
1963,627,Frank Thomas,/players/t/thomafr03.shtml,thomafr03,34,NYM,13,126,109,126,110,0,0,15,0,1,0,96,0,0,96,16,0
1963,628,George Thomas,/players/t/thomage01.shtml,thomage01,25,2TM,5,102,72,102,91,0,0,4,1,10,0,6,31,43,79,11,5
1963,629,Lee Thomas,/players/t/thomale03.shtml,thomale03,27,LAA,3,149,139,149,144,0,0,104,0,0,0,3,2,38,43,7,0
1963,630,Marv Throneberry,/players/t/thronma01.shtml,thronma01,29,NYM,7,14,1,14,3,0,0,3,0,0,0,0,0,0,0,11,0
1963,631,Bobby Tiefenauer,/players/t/tiefebo01.shtml,tiefebo01,33,MLN,6,12,0,12,12,12,0,0,0,0,0,0,0,0,0,0,0
1963,632,Bob Tillman,/players/t/tillmbo01.shtml,tillmbo01,26,BOS,2,96,89,96,95,0,95,0,0,0,0,0,0,0,0,3,0
1963,633,Frank Torre,/players/t/torrefr01.shtml,torrefr01,31,PHI,7,92,21,92,56,0,0,56,0,0,0,0,0,0,0,39,0
1963,634,Joe Torre,/players/t/torrejo01.shtml,torrejo01,22,MLN,4,142,130,142,136,0,103,39,0,0,0,2,0,0,2,11,0
1963,635,Felix Torres,/players/t/torrefe01.shtml,torrefe01,31,LAA,2,138,119,138,124,0,0,2,0,122,0,0,0,0,0,16,0
1963,636,Paul Toth,/players/t/tothpa01.shtml,tothpa01,28,CHC,2,27,14,27,27,27,0,0,0,0,0,0,0,0,0,0,0
1963,637,Dick Tracewski,/players/t/tracedi01.shtml,tracedi01,28,LAD,2,104,64,104,100,0,0,0,23,0,81,0,0,0,0,0,13
1963,638,Tom Tresh,/players/t/treshto01.shtml,treshto01,24,NYY,3,145,141,145,144,0,0,0,0,0,0,47,100,0,144,1,1
1963,639,Gus Triandos,/players/t/triangu01.shtml,triangu01,32,DET,11,106,90,106,90,0,90,0,0,0,0,0,0,0,0,16,0
1963,640,John Tsitouris,/players/t/tsitojo01.shtml,tsitojo01,27,CIN,6,30,21,30,30,30,0,0,0,0,0,0,0,0,0,0,0
1963,641,Bob Turley,/players/t/turlebo01.shtml,turlebo01,32,2TM,12,30,19,30,30,30,0,0,0,0,0,0,0,0,0,0,0
1963,642,Bill Tuttle,/players/t/tuttlbi01.shtml,tuttlbi01,33,MIN,11,16,0,16,14,0,0,0,0,0,0,0,14,0,14,2,0
1963,643,Bob Uecker,/players/u/ueckebo01.shtml,ueckebo01,28,MLN,2,13,2,13,6,0,6,0,0,0,0,0,0,0,0,7,0
1963,644,Jim Umbricht,/players/u/umbriji01.shtml,umbriji01,32,HOU,5,35,3,35,35,35,0,0,0,0,0,0,0,0,0,0,0
1963,645,Fred Valentine,/players/v/valenfr01.shtml,valenfr01,28,BAL,2,26,8,26,10,0,0,0,0,0,0,1,0,10,10,16,0
1963,646,Glenn Vaughan,/players/v/vaughgl01.shtml,vaughgl01,19,HOU,1st,9,9,9,9,0,0,0,0,1,9,0,0,0,0,0,0
1963,647,Coot Veal,/players/v/vealco01.shtml,vealco01,30,DET,6,15,9,15,12,0,0,0,0,0,12,0,0,0,0,4,0
1963,648,Bob Veale,/players/v/vealebo01.shtml,vealebo01,27,PIT,2,35,7,35,34,34,0,0,0,0,0,0,0,0,0,0,1
1963,649,Zoilo Versalles,/players/v/versazo01.shtml,versazo01,23,MIN,5,159,157,159,159,0,0,0,0,0,159,0,0,0,0,0,0
1963,650,Bill Virdon,/players/v/virdobi01.shtml,virdobi01,32,PIT,9,142,142,142,142,0,0,0,0,0,0,0,142,0,142,0,0
1963,651,Leon Wagner,/players/w/wagnele01.shtml,wagnele01,29,LAA,6,149,140,149,141,0,0,0,0,0,0,136,0,7,141,9,0
1963,652,Jerry Walker,/players/w/walkeje01.shtml,walkeje01,24,CLE,7,39,2,39,39,39,0,0,0,0,0,0,0,0,0,1,0
1963,653,Lee Walls,/players/w/wallsle01.shtml,wallsle01,30,LAD,9,64,8,64,24,0,0,5,0,2,0,9,0,9,18,45,2
1963,654,Ken Walters,/players/w/walteke01.shtml,walteke01,29,CIN,3,49,12,49,22,0,0,1,0,0,0,11,0,10,21,32,1
1963,655,Jay Ward,/players/w/wardja01.shtml,wardja01,24,MIN,1st,9,4,9,5,0,0,0,0,4,0,1,0,0,1,2,3
1963,656,Pete Ward,/players/w/wardpe01.shtml,wardpe01,25,CHW,2,157,154,157,154,0,0,0,1,154,1,0,0,0,0,3,0
1963,657,Jack Warner,/players/w/warneja02.shtml,warneja02,22,CHC,2,8,0,8,8,8,0,0,0,0,0,0,0,0,0,0,0
1963,658,Carl Warwick,/players/w/warwica01.shtml,warwica01,26,HOU,3,150,134,150,143,0,0,2,0,0,0,23,11,114,141,11,0
1963,659,Ray Washburn,/players/w/washbra01.shtml,washbra01,25,STL,3,11,11,11,11,11,0,0,0,0,0,0,0,0,0,0,0
1963,660,John Weekly,/players/w/weekljo01.shtml,weekljo01,26,HOU,2,34,17,34,23,0,0,0,0,0,0,15,0,8,23,15,0
1963,661,Al Weis,/players/w/weisal01.shtml,weisal01,25,CHW,2,99,53,99,70,0,0,0,48,1,27,0,0,0,0,15,23
1963,662,Don Wert,/players/w/wertdo01.shtml,wertdo01,24,DET,1st,78,66,78,73,0,0,0,21,47,8,0,0,0,0,6,1
1963,663,Vic Wertz,/players/w/wertzvi01.shtml,wertzvi01,38,2TM,17,41,5,41,6,0,0,6,0,0,0,0,0,0,0,35,0
1963,664,Bill White,/players/w/whitebi03.shtml,whitebi03,29,STL,7,162,162,162,162,0,0,162,0,0,0,0,0,0,0,0,0
1963,665,Mike White,/players/w/whitemi02.shtml,whitemi02,24,HOU,1st,3,2,3,2,0,0,0,2,0,0,0,0,0,0,1,0
1963,666,Fred Whitfield,/players/w/whitffr01.shtml,whitffr01,25,CLE,2,109,85,109,92,0,0,92,0,0,0,0,0,0,0,20,2
1963,667,Dave Wickersham,/players/w/wickeda01.shtml,wickeda01,27,KCA,4,38,34,38,38,38,0,0,0,0,0,0,0,0,0,0,0
1963,668,Hoyt Wilhelm,/players/w/wilheho01.shtml,wilheho01,40,CHW,12,55,3,55,55,55,0,0,0,0,0,0,0,0,0,0,0
1963,669,Bob Will,/players/w/willbo01.shtml,willbo01,31,CHC,6,23,1,23,1,0,0,1,0,0,0,0,0,0,0,22,0
1963,670,Carl Willey,/players/w/willeca01.shtml,willeca01,32,NYM,6,30,28,30,30,30,0,0,0,0,0,0,0,0,0,0,0
1963,671,Nick Willhite,/players/w/willhni01.shtml,willhni01,22,LAD,1st,8,8,8,8,8,0,0,0,0,0,0,0,0,0,0,0
1963,672,Billy Williams,/players/w/willibi01.shtml,willibi01,25,CHC,5,161,160,161,160,0,0,0,0,0,0,160,0,0,160,1,0
1963,673,Dick Williams,/players/w/willidi02.shtml,willidi02,34,BOS,12,79,22,79,35,0,0,12,0,17,0,7,0,0,7,49,1
1963,674,Don Williams,/players/w/willido02.shtml,willido02,27,MIN,1st,3,0,3,3,3,0,0,0,0,0,0,0,0,0,0,0
1963,675,Stan Williams,/players/w/willist02.shtml,willist02,26,NYY,6,29,21,29,29,29,0,0,0,0,0,0,0,0,0,0,0
1963,676,Dale Willis,/players/w/willida04.shtml,willida04,25,KCA,1st,26,0,26,25,25,0,0,0,0,0,0,0,0,0,0,1
1963,677,Maury Wills,/players/w/willsma01.shtml,willsma01,30,LAD,5,134,131,134,134,0,0,0,0,33,109,0,0,0,0,0,0
1963,678,Earl Wilson,/players/w/wilsoea01.shtml,wilsoea01,28,BOS,4,38,34,38,37,37,0,0,0,0,0,0,0,0,0,0,1
1963,679,Bobby Wine,/players/w/winebo01.shtml,winebo01,24,PHI,3,142,120,142,140,0,0,0,0,9,131,0,0,0,0,3,1
1963,680,Corky Withrow,/players/w/withrco01.shtml,withrco01,25,STL,1st,6,1,6,2,0,0,0,0,0,0,1,0,1,2,4,0
1963,681,John Wojcik,/players/w/wojcijo01.shtml,wojcijo01,21,KCA,2,19,15,19,17,0,0,0,0,0,0,10,2,6,17,2,1
1963,682,Jake Wood,/players/w/woodja01.shtml,woodja01,26,DET,3,85,81,85,82,0,0,0,81,1,0,0,0,0,0,1,3
1963,683,Wilbur Wood,/players/w/woodwi01.shtml,woodwi01,21,BOS,3,25,6,25,25,25,0,0,0,0,0,0,0,0,0,0,0
1963,684,Hal Woodeshick,/players/w/woodeha01.shtml,woodeha01,30,HOU,7,55,0,55,55,55,0,0,0,0,0,0,0,0,0,0,0
1963,685,Woody Woodward,/players/w/woodwwo01.shtml,woodwwo01,20,MLN,1st,10,0,10,5,0,0,0,0,0,5,0,0,0,0,1,4
1963,686,Al Worthington,/players/w/worthal01.shtml,worthal01,34,CIN,8,50,0,50,50,50,0,0,0,0,0,0,0,0,0,0,0
1963,687,John Wyatt,/players/w/wyattjo02.shtml,wyattjo02,28,KCA,3,63,0,63,63,63,0,0,0,0,0,0,0,0,0,0,0
1963,688,Early Wynn,/players/w/wynnea01.shtml,wynnea01,43,CLE,23,20,5,20,20,20,0,0,0,0,0,0,0,0,0,0,0
1963,689,Jim Wynn,/players/w/wynnji01.shtml,wynnji01,21,HOU,1st,70,68,70,68,0,0,0,0,2,21,43,10,0,53,2,0
1963,690,Carl Yastrzemski,/players/y/yastrca01.shtml,yastrca01,23,BOS,3,151,151,151,151,0,0,0,0,0,0,151,1,0,151,0,0
1963,691,Larry Yellen,/players/y/yellela01.shtml,yellela01,20,HOU,1st,1,1,1,1,1,0,0,0,0,0,0,0,0,0,0,0
1963,692,Chris Zachary,/players/z/zachach02.shtml,zachach02,19,HOU,1st,22,7,22,22,22,0,0,0,0,0,0,0,0,0,0,0
1963,693,Dom Zanni,/players/z/zannido01.shtml,zannido01,31,2TM,5,36,1,36,36,36,0,0,0,0,0,0,0,0,0,0,0
1963,694,Don Zimmer,/players/z/zimmedo01.shtml,zimmedo01,32,2TM,10,105,81,105,92,0,0,0,3,88,1,0,0,0,0,15,0
1963,695,Jerry Zimmerman,/players/z/zimmeje01.shtml,zimmeje01,28,MIN,3,39,15,39,39,0,39,0,0,0,0,0,0,0,0,1,0
