1947	1	Cliff Aberson	http://www.baseball-reference.com/players/a/aberscl01.shtml	aberscl01	25	161	CHC	2	0	36%	58	0			0	0	0	0	0	0	0	0	2	0	0	1	1	2	53%	10	7	3	3	1	2	6	1	5
1947	2	Bobby Adams	http://www.baseball-reference.com/players/a/adamsbo03.shtml	adamsbo03	25	253	CIN	4	0	35%	130	9			9	2	1	0	0	0	0	0	2	0	1	0	1	3	43%	15	10	5	4	3	1	9	2	6
1947	3	Buster Adams	http://www.baseball-reference.com/players/a/adamsbu01.shtml	adamsbu01	32	209	PHI	2	0	28%	58	2			1	1	0	0	0	0	0	0	2	0	0	1	1	0	50%	10	7	3	1	1	0	9	2	7
1947	4	Dick Adams	http://www.baseball-reference.com/players/a/adamsdi01.shtml	adamsdi01	27	93	PHA	3	0	39%	21	0	0		0	0	0	0	0	0	0	0	0	0	0	0	0	0	29%	4	3	1	1	1	0	2	1	1
1947	5	Jack Albright	http://www.baseball-reference.com/players/a/albrija01.shtml	albrija01	26	112	PHI	2	0	18%	51	1			1	1	0	0	0	0	0	0	2	0	1	0	1	0	0%	6	6	0	0	0	0	1	0	0
1947	6	Luke Appling	http://www.baseball-reference.com/players/a/applilu01.shtml	applilu01	40	573	CHW	6	0	28%	226	8	6	57%	7	4	1	0	0	0	0	0	4	0	0	2	2	0	50%	29	13	13	10	9	1	21	4	16
1947	7	Tex Aulds	http://www.baseball-reference.com/players/a/auldsle01.shtml	auldsle01	26	4	BOS	0	0	0%	1	0	0		0	0	0	0	0	0	0	0	0	0	0	0	0	0		0	0	0	0	0	0	0	0	0
1947	8	Bill Ayers	http://www.baseball-reference.com/players/a/ayersbi01.shtml	ayersbi01	27	10	NYG	1	0	0%	2	0			0	0	0	0	0	0	0	0	0	0	0	0	0	0	0%	0	0	0	0	0	0	1	1	0
1947	9	Jim Bagby	http://www.baseball-reference.com/players/b/bagbyji02.shtml	bagbyji02	30	36	PIT	0	0	38%	8	0			0	0	0	0	0	0	0	0	0	0	0	0	0	0	50%	0	0	0	0	0	0	2	1	1
1947	10	Ed Bahr	http://www.baseball-reference.com/players/b/bahred01.shtml	bahred01	27	26	PIT	0	0	0%	5	0			0	0	0	0	0	0	0	0	0	0	0	0	0	0		0	0	0	0	0	0	0	0	0
1947	11	Floyd Baker*	http://www.baseball-reference.com/players/b/bakerfl01.shtml	bakerfl01	30	439	CHW	3	0	36%	189	9	7	56%	6	6	0	1	0	0	0	0	5	0	1	1	3	1	44%	29	23	6	12	4	8	18	5	12
1947	12	Dan Bankhead	http://www.baseball-reference.com/players/b/bankhda01.shtml	bankhda01	27	5	BRO	0	0	100%	0	0			0	0	0	0	0	0	0	0	0	0	0	0	0	0	100%	1	0	1	0	0	0	0	0	0
1947	13	Jack Banta*	http://www.baseball-reference.com/players/b/bantaja01.shtml	bantaja01	22	2	BRO	0	0		0	0			0	0	0	0	0	0	0	0	0	0	0	0	0	0		0	0	0	0	0	0	0	0	0
1947	14	Rex Barney	http://www.baseball-reference.com/players/b/barnere02.shtml	barnere02	22	27	BRO	1	0	100%	0	0			0	0	0	0	0	0	0	0	0	0	0	0	0	0	100%	0	0	0	0	0	0	1	0	1
1947	15	Red Barrett	http://www.baseball-reference.com/players/b/barrere01.shtml	barrere01	32	79	BSN	0	0	67%	14	0			0	0	0	0	0	0	0	0	0	0	0	0	0	0	50%	1	0	1	1	1	0	2	1	1
1947	16	Eddie Basinski	http://www.baseball-reference.com/players/b/basined01.shtml	basined01	24	182	PIT	6	0	23%	62	0			0	0	0	0	0	0	1	0	1	0	0	1	0	1	75%	7	3	4	0	0	0	5	0	5
1947	17	Matt Batts	http://www.baseball-reference.com/players/b/battsma01.shtml	battsma01	25	17	BOS	0	0	25%	6	0	0		0	0	0	0	0	0	0	0	0	0	0	0	0	0		0	0	0	0	0	0	0	0	0
1947	18	Frank Baumholtz*	http://www.baseball-reference.com/players/b/baumhfr01.shtml	baumhfr01	28	711	CIN	9	0	39%	345	6			6	7	0	0	0	0	2	0	6	0	1	1	4	7	47%	48	32	16	13	6	7	25	5	17
1947	19	Johnny Beazley	http://www.baseball-reference.com/players/b/beazljo01.shtml	beazljo01	29	9	BSN	0	0		0	0			0	0	0	0	0	0	0	0	0	0	0	0	0	0		0	0	0	0	0	0	0	0	0
1947	20	Heinz Becker#	http://www.baseball-reference.com/players/b/beckehe02.shtml	beckehe02	31	2	CLE	0	0		0	0	0		0	0	0	0	0	0	0	0	0	0	0	0	0	0		0	0	0	0	0	0	0	0	0
1947	21	Joe Beggs	http://www.baseball-reference.com/players/b/beggsjo01.shtml	beggsjo01	36	27	TOT	1	0	50%	4	0			0	0	0	0	0	0	0	0	0	0	0	0	0	0	100%	0	0	0	0	0	0	1	0	1
1947	22	Joe Beggs	http://www.baseball-reference.com/players/b/beggsjo01.shtml	beggsjo01	36	12	CIN	1	0	100%	1	0			0	0	0	0	0	0	0	0	0	0	0	0	0	0	100%	0	0	0	0	0	0	1	0	1
1947	23	Joe Beggs	http://www.baseball-reference.com/players/b/beggsjo01.shtml	beggsjo01	36	15	NYG	0	0	0%	3	0			0	0	0	0	0	0	0	0	0	0	0	0	0	0		0	0	0	0	0	0	0	0	0
1947	24	Hank Behrman	http://www.baseball-reference.com/players/b/behrmha01.shtml	behrmha01	26	37	TOT	0	0	14%	8	0			0	0	0	0	0	0	0	0	1	0	0	1	0	0	50%	1	1	0	0	0	0	1	0	1
1947	25	Hank Behrman	http://www.baseball-reference.com/players/b/behrmha01.shtml	behrmha01	26	31	BRO	0	0	14%	8	0			0	0	0	0	0	0	0	0	1	0	0	1	0	0	50%	1	1	0	0	0	0	1	0	1
1947	26	Hank Behrman	http://www.baseball-reference.com/players/b/behrmha01.shtml	behrmha01	26	6	PIT	0	0		0	0			0	0	0	0	0	0	0	0	0	0	0	0	0	0		0	0	0	0	0	0	0	0	0
1947	27	Al Benton	http://www.baseball-reference.com/players/b/bentoal01.shtml	bentoal01	36	42	DET	0	0	17%	9	0	0		0	0	0	0	0	0	1	0	0	0	0	0	0	0	0%	0	0	0	1	1	0	0	0	0
1947	28	Johnny Berardino	http://www.baseball-reference.com/players/b/berarjo01.shtml	berarjo01	30	357	SLB	1	0	22%	115	6	5	55%	5	4	0	0	0	1	0	0	9	0	3	3	3	3	47%	17	10	6	2	2	0	11	2	8
1947	29	Yogi Berra*	http://www.baseball-reference.com/players/b/berrayo01.shtml	berrayo01	22	306	NYY	7	0	36%	109	0	1	0%	0	1	0	0	0	0	1	0	4	0	1	2	1	2	63%	19	11	8	4	0	4	9	1	8
1947	30	Bill Bevens	http://www.baseball-reference.com/players/b/bevenbi01.shtml	bevenbi01	30	63	NYY	0	0	22%	13	0	0		0	0	0	0	0	0	1	0	0	0	0	0	0	1	25%	3	3	0	0	0	0	1	0	1
1947	31	George Binks*	http://www.baseball-reference.com/players/b/binksge01.shtml	binksge01	32	363	PHA	4	0	28%	96	8	2	80%	8	2	0	0	0	0	1	0	1	0	0	0	1	4	50%	10	7	3	3	1	2	5	1	4
1947	32	Don Black	http://www.baseball-reference.com/players/b/blackdo01.shtml	blackdo01	30	70	CLE	0	0	15%	20	0	0		0	0	0	0	0	0	0	0	0	0	0	0	0	0	0%	3	3	0	0	0	0	1	1	0
1947	33	Ewell Blackwell	http://www.baseball-reference.com/players/b/blackew01.shtml	blackew01	24	114	CIN	1	0	36%	27	0			0	0	0	0	0	0	0	0	1	0	1	0	0	1	33%	4	4	0	0	0	0	2	0	2
1947	34	Buddy Blattner	http://www.baseball-reference.com/players/b/blattbu01.shtml	blattbu01	27	175	NYG	3	0	39%	96	4			3	2	0	0	0	0	0	0	1	0	1	0	0	1	52%	11	8	3	3	3	0	9	0	9
1947	35	Jimmy Bloodworth	http://www.baseball-reference.com/players/b/bloodji01.shtml	bloodji01	29	335	PIT	2	0	22%	105	1			1	5	0	0	0	0	1	0	2	0	1	0	1	1	40%	13	12	1	5	0	4	7	2	5
1947	36	Eddie Bockman	http://www.baseball-reference.com/players/b/bockmed01.shtml	bockmed01	26	71	CLE	0	0	26%	32	0	0		0	0	0	0	0	1	0	0	1	0	1	0	0	0	43%	5	3	1	0	0	0	2	0	2
1947	37	Tiny Bonham	http://www.baseball-reference.com/players/b/bonhati01.shtml	bonhati01	33	55	PIT	1	0	36%	15	0			0	1	0	0	0	0	0	0	0	0	0	0	0	0	20%	3	3	0	1	1	0	1	0	1
1947	38	Hank Borowy	http://www.baseball-reference.com/players/b/borowha01.shtml	borowha01	31	59	CHC	1	0	46%	14	0			0	0	0	0	0	0	0	0	0	0	0	0	0	0	25%	3	2	1	1	1	0	0	0	0
1947	39	Lou Boudreau	http://www.baseball-reference.com/players/b/boudrlo01.shtml	boudrlo01	29	624	CLE	10	0	32%	301	1	0	100%	0	0	0	0	1	0	0	0	5	0	2	2	1	1	46%	34	29	4	5	2	3	33	6	26
1947	40	Bob Brady*	http://www.baseball-reference.com/players/b/bradybo01.shtml	bradybo01	24	1	BSN	0	0		0	0			0	0	0	0	0	0	0	0	0	0	0	0	0	0		0	0	0	0	0	0	0	0	0
1947	41	Bobby Bragan	http://www.baseball-reference.com/players/b/bragabo01.shtml	bragabo01	29	43	BRO	3	0	21%	15	1			1	0	0	0	0	0	0	0	0	0	0	0	0	0	40%	5	3	2	0	0	0	0	0	0
1947	42	Ralph Branca	http://www.baseball-reference.com/players/b/brancra01.shtml	brancra01	21	113	BRO	0	0	42%	24	0			0	0	0	0	0	0	0	0	0	0	0	0	0	1	38%	5	4	1	1	0	1	2	1	1
1947	43	Al Brazle*	http://www.baseball-reference.com/players/b/brazlal01.shtml	brazlal01	33	68	STL	4	0	40%	20	0			0	0	0	0	0	0	0	0	0	0	0	0	0	1	11%	4	4	0	2	2	0	3	2	1
1947	44	Harry Brecheen*	http://www.baseball-reference.com/players/b/brechha01.shtml	brechha01	32	95	STL	2	0	18%	34	0			0	0	0	0	0	0	1	0	1	0	1	0	0	2	60%	2	1	1	1	1	0	2	0	2
1947	45	Lou Brissie*	http://www.baseball-reference.com/players/b/brisslo01.shtml	brisslo01	23	2	PHA	0	0		0	0	0		0	0	0	0	0	0	0	0	0	0	0	0	0	0		0	0	0	0	0	0	0	0	0
1947	46	Bobby Brown*	http://www.baseball-reference.com/players/b/brownbo03.shtml	brownbo03	22	175	NYY	1	0	29%	98	0	2	0%	0	2	0	0	0	0	0	0	0	0	0	0	0	3	30%	22	16	6	2	2	0	3	1	2
1947	47	Tommy Brown	http://www.baseball-reference.com/players/b/brownto02.shtml	brownto02	19	35	BRO	0	0	33%	7	0			0	0	0	0	0	0	0	0	0	0	0	0	0	1	50%	1	1	0	0	0	0	1	0	1
1947	48	Walter Brown	http://www.baseball-reference.com/players/b/brownwa01.shtml	brownwa01	32	13	SLB	0	0	0%	1	0	0		0	0	0	0	0	0	0	0	0	0	0	0	0	0		0	0	0	0	0	0	0	0	0
1947	49	Willard Brown	http://www.baseball-reference.com/players/b/brownwi02.shtml	brownwi02	32	67	SLB	4	0	27%	13	2	2	50%	3	1	0	0	0	0	0	0	0	0	0	0	0	1	100%	1	0	1	0	0	0	0	0	0
1947	50	Mike Budnick	http://www.baseball-reference.com/players/b/budnimi01.shtml	budnimi01	27	4	NYG	0	0	100%	1	0			0	0	0	0	0	0	0	0	0	0	0	0	0	0		0	0	0	0	0	0	0	0	0
1947	51	Ken Burkhart	http://www.baseball-reference.com/players/b/burkhke01.shtml	burkhke01	30	26	STL	1	0	33%	5	0			0	0	0	0	0	0	0	0	0	0	0	0	0	0	100%	1	0	1	0	0	0	0	0	0
1947	52	Tommy Byrne*	http://www.baseball-reference.com/players/b/byrneto01.shtml	byrneto01	27	1	NYY	0	0	0%	1	0	0		0	0	0	0	0	0	0	0	0	0	0	0	0	0		0	0	0	0	0	0	0	0	0
1947	53	Putsy Caballero	http://www.baseball-reference.com/players/c/cabalpu01.shtml	cabalpu01	19	8	PHI	0	0	100%	2	0			0	0	0	0	0	0	0	0	0	0	0	0	0	0		0	0	0	0	0	0	0	0	0
1947	54	Earl Caldwell	http://www.baseball-reference.com/players/c/caldwea01.shtml	caldwea01	42	8	CHW	0	0		0	0	0		0	0	0	0	0	0	0	0	0	0	0	0	0	0		0	0	0	0	0	0	0	0	0
1947	55	Hank Camelli	http://www.baseball-reference.com/players/c/camelha01.shtml	camelha01	32	170	BSN	1	0	20%	31	0			0	0	0	0	0	0	0	0	1	0	0	0	1	1	31%	7	4	3	3	3	0	3	2	1
1947	56	Milo Candini	http://www.baseball-reference.com/players/c/candimi01.shtml	candimi01	29	21	WSH	1	0	50%	7	0	0		0	0	0	0	0	0	0	0	0	0	0	0	0	0	50%	1	1	0	0	0	0	1	0	1
1947	57	Bob Carpenter	http://www.baseball-reference.com/players/c/carpebo01.shtml	carpebo01	29	1	TOT	0	0	0%	0	0			0	0	0	0	0	0	0	0	0	0	0	0	0	0		0	0	0	0	0	0	0	0	0
1947	58	Bob Carpenter	http://www.baseball-reference.com/players/c/carpebo01.shtml	carpebo01	29	1	CHC	0	0	0%	0	0			0	0	0	0	0	0	0	0	0	0	0	0	0	0		0	0	0	0	0	0	0	0	0
1947	59	Scott Cary*	http://www.baseball-reference.com/players/c/carysc01.shtml	carysc01	24	16	WSH	0	0	33%	6	0	0		0	0	0	0	0	0	0	0	0	0	0	0	0	0	50%	1	1	0	0	0	0	1	0	1
1947	60	George Case	http://www.baseball-reference.com/players/c/casege01.shtml	casege01	31	89	WSH	1	0	31%	25	5	1	83%	4	1	0	0	0	0	1	0	2	0	2	0	0	1	36%	3	2	1	1	1	0	7	4	3
1947	61	Hugh Casey	http://www.baseball-reference.com/players/c/caseyhu01.shtml	caseyhu01	33	21	BRO	0	0	0%	3	0			0	0	0	0	0	0	0	0	0	0	0	0	0	0		0	0	0	0	0	0	0	0	0
1947	62	Pete Castiglione	http://www.baseball-reference.com/players/c/castipe01.shtml	castipe01	26	52	PIT	0	0	35%	26	0			0	1	0	0	0	0	0	0	1	0	0	1	0	0	50%	6	2	3	0	0	0	2	1	1
1947	63	Phil Cavarretta*	http://www.baseball-reference.com/players/c/cavarph01.shtml	cavarph01	30	523	CHC	7	0	27%	257	2			2	3	0	0	0	0	2	0	1	0	1	0	0	9	41%	39	31	8	7	2	5	15	3	12
1947	64	Ed Chandler	http://www.baseball-reference.com/players/c/chanded01.shtml	chanded01	30	4	BRO	0	0	0%	0	0			0	0	0	0	0	0	0	0	0	0	0	0	0	0		0	0	0	0	0	0	0	0	0
1947	65	Spud Chandler	http://www.baseball-reference.com/players/c/chandsp01.shtml	chandsp01	39	53	NYY	0	0	27%	11	0	0		0	0	0	0	0	0	0	0	0	0	0	0	0	0	0%	2	2	0	0	0	0	0	0	0
1947	66	Sam Chapman	http://www.baseball-reference.com/players/c/chapmsa01.shtml	chapmsa01	31	624	PHA	5	0	37%	183	3	4	43%	3	3	0	0	0	0	0	0	6	0	1	4	1	4	40%	22	16	6	10	6	4	18	7	10
1947	67	Bob Chipman*	http://www.baseball-reference.com/players/c/chipmbo01.shtml	chipmbo01	28	48	CHC	1	0	67%	9	0			0	0	0	0	0	0	0	0	0	0	0	0	0	0	25%	1	1	0	1	1	0	2	1	1
1947	68	Mark Christman	http://www.baseball-reference.com/players/c/chrisma01.shtml	chrisma01	33	412	WSH	4	0	22%	137	4	4	50%	4	2	0	0	0	1	0	0	0	0	0	0	0	1	38%	17	14	3	6	4	2	9	2	7
1947	69	Loyd Christopher	http://www.baseball-reference.com/players/c/chrislo01.shtml	chrislo01	27	25	CHW	0	0	14%	5	0	1	0%	0	1	0	0	0	0	0	0	1	0	0	0	1	0	50%	2	1	1	0	0	0	0	0	0
1947	70	Russ Christopher	http://www.baseball-reference.com/players/c/chrisru01.shtml	chrisru01	29	21	PHA	0	0	20%	1	0	0		0	0	0	0	0	0	0	0	0	0	0	0	0	0	0%	1	1	0	0	0	0	0	0	0
1947	71	Allie Clark	http://www.baseball-reference.com/players/c/clarkal01.shtml	clarkal01	24	73	NYY	1	0	28%	33	0	0		0	0	0	0	0	0	0	0	2	0	0	2	0	0	50%	8	4	3	1	0	1	3	1	2
1947	72	Gil Coan*	http://www.baseball-reference.com/players/c/coangi01.shtml	coangi01	25	47	WSH	0	0	19%	27	2	1	67%	2	1	0	0	0	0	0	0	0	0	0	0	0	0	71%	4	2	2	2	0	2	1	0	1
1947	73	Joe Coleman	http://www.baseball-reference.com/players/c/colemjo04.shtml	colemjo04	24	55	PHA	0	0	27%	14	0	0		0	0	0	0	0	0	0	0	1	0	0	0	1	0	25%	3	2	1	1	1	0	0	0	0
1947	74	Ray Coleman*	http://www.baseball-reference.com/players/c/colemra01.shtml	colemra01	25	370	SLB	8	0	28%	106	2	5	29%	2	5	0	0	0	0	1	0	4	0	0	2	2	9	41%	17	9	7	3	3	0	9	3	5
1947	75	Frank Colman*	http://www.baseball-reference.com/players/c/colmafr01.shtml	colmafr01	29	30	NYY	0	0	0%	3	0	0		0	0	0	0	0	0	0	0	0	0	0	0	0	0	0%	1	1	0	0	0	0	0	0	0
1947	76	Merl Combs*	http://www.baseball-reference.com/players/c/combsme01.shtml	combsme01	27	79	BOS	0	0	28%	25	0	0		0	0	0	0	0	0	0	0	0	0	0	0	0	0	43%	3	2	1	3	2	1	1	0	1
1947	77	Jack Conway	http://www.baseball-reference.com/players/c/conwaja01.shtml	conwaja01	28	56	CLE	2	0	18%	16	0	0		0	0	0	0	0	0	0	0	0	0	0	0	0	2	33%	1	1	0	1	0	1	1	1	0
1947	78	Mort Cooper	http://www.baseball-reference.com/players/c/coopemo01.shtml	coopemo01	34	32	TOT	0	0	29%	7	0			0	0	0	0	0	0	0	0	0	0	0	0	0	0	100%	0	0	0	0	0	0	2	0	2
1947	79	Mort Cooper	http://www.baseball-reference.com/players/c/coopemo01.shtml	coopemo01	34	15	BSN	0	0	0%	0	0			0	0	0	0	0	0	0	0	0	0	0	0	0	0		0	0	0	0	0	0	0	0	0
1947	80	Mort Cooper	http://www.baseball-reference.com/players/c/coopemo01.shtml	coopemo01	34	17	NYG	0	0	33%	7	0			0	0	0	0	0	0	0	0	0	0	0	0	0	0	100%	0	0	0	0	0	0	2	0	2
1947	81	Pat Cooper	http://www.baseball-reference.com/players/c/coopepa01.shtml	coopepa01	29	16	PHA	0	0	0%	4	0	0		0	0	0	0	0	0	0	0	0	0	0	0	0	0		0	0	0	0	0	0	0	0	0
1947	82	Walker Cooper	http://www.baseball-reference.com/players/c/coopewa01.shtml	coopewa01	32	547	NYG	4	0	30%	157	2			3	0	0	1	0	0	1	0	3	0	1	0	2	2	49%	20	12	8	6	5	1	17	4	12
1947	83	Billy Cox	http://www.baseball-reference.com/players/c/coxbi02.shtml	coxbi02	27	561	PIT	10	0	37%	206	5			4	4	0	1	0	0	1	0	3	0	2	0	1	4	57%	26	15	11	5	1	4	15	4	11
1947	84	Doc Cramer*	http://www.baseball-reference.com/players/c/cramedo01.shtml	cramedo01	41	179	DET	3	0	32%	49	0	4	0%	0	3	0	0	0	0	0	0	1	0	1	0	0	0	27%	6	4	2	1	1	0	4	3	1
1947	85	Bernie Creger	http://www.baseball-reference.com/players/c/cregebe01.shtml	cregebe01	20	18	STL	0	0	43%	5	1			1	0	0	0	0	0	1	0	0	0	0	0	0	0	33%	2	2	0	0	0	0	1	0	1
1947	86	Frankie Crosetti	http://www.baseball-reference.com/players/c/crosefr01.shtml	crosefr01	36	1	NYY	0	0		0	0	0		0	0	0	0	0	0	0	0	0	0	0	0	0	0		0	0	0	0	0	0	0	0	0
1947	87	Jeff Cross	http://www.baseball-reference.com/players/c/crossje01.shtml	crossje01	28	59	STL	0	0	12%	38	0			0	1	0	0	0	0	1	0	2	0	0	1	1	1	38%	6	3	2	0	0	0	2	1	1
1947	88	Leon Culberson	http://www.baseball-reference.com/players/c/culbele01.shtml	culbele01	28	102	BOS	0	0	29%	46	1	1	50%	1	0	0	0	0	0	0	0	0	0	0	0	0	0	42%	10	7	3	1	0	1	1	0	1
1947	89	Roy Cullenbine#	http://www.baseball-reference.com/players/c/cullero01.shtml	cullero01	33	607	DET	5	0	27%	190	3	2	60%	2	2	0	0	0	0	1	0	2	0	1	0	1	2	42%	31	22	9	4	4	0	10	0	10
1947	90	Dick Culler	http://www.baseball-reference.com/players/c/culledi01.shtml	culledi01	32	241	BSN	2	0	26%	72	1			1	1	0	0	0	0	0	0	2	0	0	2	0	3	53%	9	3	5	4	4	0	6	1	5
1947	91	Perry Currin*	http://www.baseball-reference.com/players/c/curripe01.shtml	curripe01	18	3	SLB	0	0	0%	1	0	0		0	0	0	0	0	0	0	0	0	0	0	0	0	0		0	0	0	0	0	0	0	0	0
1947	92	Dom Dallessandro*	http://www.baseball-reference.com/players/d/dalledo01.shtml	dalledo01	33	135	CHC	0	0	32%	55	0			0	0	0	0	0	0	0	0	0	0	0	0	0	1	29%	11	10	1	4	3	1	6	2	4
1947	93	Cot Deal#	http://www.baseball-reference.com/players/d/dealco01.shtml	dealco01	24	4	BOS	0	0	50%	3	0	0		0	0	0	0	0	0	0	0	0	0	0	0	0	0	0%	1	1	0	0	0	0	0	0	0
1947	94	Dizzy Dean	http://www.baseball-reference.com/players/d/deandi01.shtml	deandi01	37	1	SLB		0	0%	0	0	0		0	0	0	0	0	0	0	0						0		0	0	0	0	0	0	0	0	0
1947	95	Sam Dente	http://www.baseball-reference.com/players/d/dentesa01.shtml	dentesa01	25	189	BOS	5	0	24%	72	0	1	0%	0	1	0	0	0	0	0	0	1	0	1	0	0	0	53%	12	9	3	1	0	1	6	0	6
1947	96	George Dickey#	http://www.baseball-reference.com/players/d/dickege02.shtml	dickege02	31	246	CHW	0	0	18%	82	4	2	67%	3	2	0	0	0	0	0	0	2	0	1	0	1	0	35%	9	7	2	2	2	0	6	2	4
1947	97	Murry Dickson	http://www.baseball-reference.com/players/d/dicksmu01.shtml	dicksmu01	30	83	STL	1	0	22%	28	0			0	0	0	0	0	0	0	0	0	0	0	0	0	0	40%	3	3	0	1	0	1	1	0	1
1947	98	Chuck Diering	http://www.baseball-reference.com/players/d/dierich01.shtml	dierich01	24	97	STL	1	0	29%	68	3			2	0	1	0	0	0	0	0	2	0	0	0	2	4	48%	14	10	4	1	0	1	8	2	6
1947	99	Bill Dietrich	http://www.baseball-reference.com/players/d/dietrbi01.shtml	dietrbi01	37	20	PHA	1	0	100%	2	0	0		0	0	0	0	0	0	0	0	1	0	0	0	1	0	67%	2	1	1	0	0	0	1	0	1
1947	100	Bob Dillinger	http://www.baseball-reference.com/players/d/dillibo01.shtml	dillibo01	28	635	SLB	9	0	30%	238	34	13	72%	25	13	3	0	0	0	0	0	3	0	2	0	1	4	53%	20	13	7	3	0	3	22	7	14
1947	101	Dom DiMaggio	http://www.baseball-reference.com/players/d/dimagdo01.shtml	dimagdo01	30	599	BOS	7	0	31%	195	10	6	63%	6	5	1	1	0	0	1	0	3	0	1	0	2	4	62%	27	14	13	10	4	6	18	2	15
1947	102	Joe DiMaggio	http://www.baseball-reference.com/players/d/dimagjo01.shtml	dimagjo01	32	601	NYY	8	0	36%	231	3	0	100%	3	0	0	0	0	0	0	0	4	0	0	2	2	6	46%	49	32	16	5	4	1	28	7	21
1947	103	Joe Dobson	http://www.baseball-reference.com/players/d/dobsojo01.shtml	dobsojo01	30	90	BOS	2	0	17%	32	0	0		0	0	0	0	0	0	0	0	1	0	0	0	1	1	0%	4	4	0	0	0	0	2	1	0
1947	104	Larry Doby*	http://www.baseball-reference.com/players/d/dobyla01.shtml	dobyla01	23	33	CLE	2	0	43%	9	0	0		0	0	0	0	0	0	0	0	1	0	0	1	0	0	75%	1	1	0	1	0	1	2	0	2
1947	105	George Dockins*	http://www.baseball-reference.com/players/d/dockige01.shtml	dockige01	30	1	BRO	0	0		0	0			0	0	0	0	0	0	0	0	0	0	0	0	0	0		0	0	0	0	0	0	0	0	0
1947	106	Bobby Doerr	http://www.baseball-reference.com/players/d/doerrbo01.shtml	doerrbo01	29	625	BOS	6	0	33%	153	3	3	50%	2	1	0	1	0	1	0	0	3	0	2	0	1	1	52%	26	17	8	5	2	3	15	2	13
1947	107	Blix Donnelly	http://www.baseball-reference.com/players/d/donnebl01.shtml	donnebl01	33	40	PHI	1	0	0%	4	0			0	0	0	0	0	0	0	0	0	0	0	0	0	0		0	0	0	0	0	0	0	0	0
1947	108	Fritz Dorish	http://www.baseball-reference.com/players/d/dorisha01.shtml	dorisha01	25	40	BOS	0	0	33%	8	0	0		0	0	0	0	0	0	0	0	0	0	0	0	0	0	50%	1	1	0	1	0	1	0	0	0
1947	109	Cal Dorsett	http://www.baseball-reference.com/players/d/dorseca01.shtml	dorseca01	34	1	CLE	0	0		0	0	0		0	0	0	0	0	0	0	0	0	0	0	0	0	0		0	0	0	0	0	0	0	0	0
1947	110	Buzz Dozier	http://www.baseball-reference.com/players/d/doziebu01.shtml	doziebu01	18	1	WSH	0	0		0	0	0		0	0	0	0	0	0	0	0	0	0	0	0	0	0		0	0	0	0	0	0	0	0	0
1947	111	Karl Drews	http://www.baseball-reference.com/players/d/drewska01.shtml	drewska01	27	31	NYY	1	0	25%	9	0	0		0	0	0	0	0	0	0	0	0	0	0	0	0	1		0	0	0	0	0	0	0	0	0
1947	112	Erv Dusak	http://www.baseball-reference.com/players/d/dusaker01.shtml	dusaker01	26	383	STL	3	0	37%	136	1			1	2	0	0	0	0	0	0	1	0	0	1	0	5	66%	25	11	14	3	1	2	10	1	9
1947	113	Jake Early*	http://www.baseball-reference.com/players/e/earlyja01.shtml	earlyja01	32	268	SLB	2	0	22%	91	0	1	0%	0	1	0	0	0	0	0	0	1	0	0	1	0	3	43%	8	8	0	0	0	0	6	0	6
1947	114	Bruce Edwards	http://www.baseball-reference.com/players/e/edwarbr01.shtml	edwarbr01	23	528	BRO	4	0	24%	186	2			2	4	0	1	0	0	0	0	5	0	3	1	1	1	45%	32	17	14	10	6	4	9	4	5
1947	115	Hank Edwards*	http://www.baseball-reference.com/players/e/edwarha01.shtml	edwarha01	28	428	CLE	3	0	33%	157	1	3	25%	1	2	0	1	0	0	0	0	2	0	1	0	1	1	35%	29	22	7	5	2	3	15	8	7
1947	116	Bob Elliott	http://www.baseball-reference.com/players/e/elliobo01.shtml	elliobo01	30	645	BSN	11	0	30%	226	3			2	4	0	0	0	0	0	0	6	0	0	4	2	7	45%	46	30	13	7	2	4	23	5	17
1947	117	Glenn Elliott#	http://www.baseball-reference.com/players/e/elliogl01.shtml	elliogl01	27	3	BSN	0	0	0%	0	0			0	0	0	0	0	0	0	0	0	0	0	0	0	0		0	0	0	0	0	0	0	0	0
1947	118	Red Embree	http://www.baseball-reference.com/players/e/embrere01.shtml	embrere01	29	59	CLE	0	0	46%	23	0	0		0	0	0	0	0	0	0	0	0	0	0	0	0	0	20%	4	3	1	0	0	0	1	1	0
1947	119	Del Ennis	http://www.baseball-reference.com/players/e/ennisde01.shtml	ennisde01	22	581	PHI	12	0	33%	197	9			9	4	0	0	0	0	4	0	9	0	1	3	5	2	57%	26	10	15	7	5	2	16	4	11
1947	120	Eddie Erautt	http://www.baseball-reference.com/players/e/erauted01.shtml	erauted01	22	36	CIN	1	0	17%	5	0			0	0	0	0	0	0	0	0	1	0	0	0	1	0	0%	0	0	0	1	1	0	1	0	0
1947	121	Paul Erickson	http://www.baseball-reference.com/players/e/erickpa01.shtml	erickpa01	31	60	CHC	0	0	7%	19	0			0	0	0	0	0	0	0	0	0	0	0	0	0	0	0%	5	5	0	0	0	0	1	1	0
1947	122	Cal Ermer	http://www.baseball-reference.com/players/e/ermerca01.shtml	ermerca01	23	3	WSH	1	0		2	0	0		0	0	0	0	0	0	0	0	0	0	0	0	0	1		0	0	0	0	0	0	0	0	0
1947	123	Nick Etten*	http://www.baseball-reference.com/players/e/ettenni01.shtml	ettenni01	33	46	PHI	0	0	29%	8	0			0	0	0	0	0	0	0	0	0	0	0	0	0	0	75%	2	0	2	0	0	0	2	1	1
1947	124	Al Evans	http://www.baseball-reference.com/players/e/evansal01.shtml	evansal01	30	351	WSH	1	0	14%	109	2	1	67%	2	1	0	0	0	0	1	0	2	0	0	1	1	2	33%	13	10	3	0	0	0	8	4	4
1947	125	Hoot Evers	http://www.baseball-reference.com/players/e/eversho01.shtml	eversho01	26	525	DET	7	0	32%	171	8	7	53%	6	5	0	0	1	0	1	0	1	0	0	0	1	1	58%	24	13	11	6	1	5	10	3	7
1947	126	Ferris Fain*	http://www.baseball-reference.com/players/f/fainfe01.shtml	fainfe01	26	567	PHA	3	0	28%	211	4	5	44%	3	3	1	0	0	0	0	0	2	0	1	1	0	3	50%	35	25	10	3	0	3	18	3	15
1947	127	Cliff Fannin*	http://www.baseball-reference.com/players/f/fannicl01.shtml	fannicl01	23	52	SLB	1	0	36%	10	0	0		0	0	0	0	0	0	0	0	0	0	0	0	0	0	0%	2	2	0	0	0	0	0	0	0
1947	128	Bob Feller	http://www.baseball-reference.com/players/f/fellebo01.shtml	fellebo01	28	114	CLE	2	0	31%	40	0	1	0%	0	1	0	0	0	0	0	0	0	0	0	0	0	1	36%	7	6	1	2	2	0	5	1	4
1947	129	Nanny Fernandez	http://www.baseball-reference.com/players/f/fernana01.shtml	fernana01	28	237	BSN	3	0	20%	68	2			2	2	0	0	0	0	0	0	3	0	0	2	1	2	50%	9	7	1	2	1	1	9	1	8
1947	130	Rick Ferrell	http://www.baseball-reference.com/players/f/ferreri01.shtml	ferreri01	41	115	WSH	2	0	23%	40	0	0		0	0	0	0	0	0	0	0	0	0	0	0	0	0	20%	5	5	0	1	1	0	4	2	2
1947	131	Tom Ferrick	http://www.baseball-reference.com/players/f/ferrito01.shtml	ferrito01	32	11	WSH	0	0	0%	6	0	0		0	0	0	0	0	0	0	0	0	0	0	0	0	0		0	0	0	0	0	0	0	0	0
1947	132	Dave Ferriss*	http://www.baseball-reference.com/players/f/ferrida01.shtml	ferrida01	25	106	BOS	1	0	32%	21	0	0		0	0	0	0	0	0	0	0	0	0	0	0	0	0	10%	4	4	0	1	1	0	5	4	1
1947	133	Tommy Fine#	http://www.baseball-reference.com/players/f/fineto01.shtml	fineto01	32	13	BOS	0	0	20%	8	0	0		0	0	0	0	0	0	0	0	0	0	0	0	0	0	67%	2	1	1	0	0	0	1	0	1
1947	134	Lou Finney*	http://www.baseball-reference.com/players/f/finnelo01.shtml	finnelo01	36	4	PHI	0	0		0	0			0	0	0	0	0	0	0	0	0	0	0	0	0	0		0	0	0	0	0	0	0	0	0
1947	135	Les Fleming*	http://www.baseball-reference.com/players/f/flemile01.shtml	flemile01	31	337	CLE	4	0	30%	150	0	0		0	0	0	0	0	0	1	0	4	0	1	2	1	3	46%	25	16	9	3	2	1	13	3	9
1947	136	Elbie Fletcher*	http://www.baseball-reference.com/players/f/fletcel01.shtml	fletcel01	31	187	PIT	2	0	30%	59	2			2	0	0	0	0	0	0	0	2	0	0	0	2	2	48%	10	6	4	4	3	1	9	3	6
1947	137	Jesse Flores	http://www.baseball-reference.com/players/f/floreje01.shtml	floreje01	32	49	PHA	2	0	15%	18	0	0		0	0	0	0	0	0	0	0	0	0	0	0	0	1	67%	2	1	1	0	0	0	1	0	1
1947	138	Dick Fowler	http://www.baseball-reference.com/players/f/fowledi01.shtml	fowledi01	26	86	PHA	1	0	21%	17	0	0		0	0	0	0	0	0	0	0	0	0	0	0	0	0	0%	3	3	0	1	1	0	0	0	0
1947	139	Nellie Fox*	http://www.baseball-reference.com/players/f/foxne01.shtml	foxne01	19	4	PHA	0	0	50%	2	0	0		0	0	0	0	0	0	0	0	0	0	0	0	0	0	0%	1	1	0	0	0	0	1	1	0
1947	140	Herman Franks*	http://www.baseball-reference.com/players/f/frankhe01.shtml	frankhe01	33	19	PHA	0	0	29%	1	0	0		0	0	0	0	0	0	0	0	0	0	0	0	0	0		0	0	0	0	0	0	0	0	0
1947	141	Joe Frazier*	http://www.baseball-reference.com/players/f/frazijo01.shtml	frazijo01	24	15	CLE	0	0	33%	5	0	0		0	0	0	0	0	0	0	0	0	0	0	0	0	0		0	0	0	0	0	0	0	0	0
1947	142	Lonny Frey*	http://www.baseball-reference.com/players/f/freylo01.shtml	freylo01	36	87	TOT	1	0	34%	53	3	0	100%	3	0	0	0	0	0	0	0	0	0	0	0	0	0	60%	7	3	4	3	1	2	5	2	3
1947	143	Lonny Frey*	http://www.baseball-reference.com/players/f/freylo01.shtml	freylo01	36	47	CHC	0	0	27%	23	0			0	0	0	0	0	0	0	0	0	0	0	0	0	0	83%	4	1	3	0	0	0	2	0	2
1947	144	Lonny Frey*	http://www.baseball-reference.com/players/f/freylo01.shtml	freylo01	36	40	NYY	1	0	39%	30	3	0	100%	3	0	0	0	0	0	0	0	0	0	0	0	0	0	44%	3	2	1	3	1	2	3	2	1
1947	145	Carl Furillo	http://www.baseball-reference.com/players/f/furilca01.shtml	furilca01	25	476	BRO	9	0	34%	191	7			7	2	0	1	0	1	0	0	8	0	3	1	4	3	50%	28	16	12	8	3	4	20	5	12
1947	146	Augie Galan#	http://www.baseball-reference.com/players/g/galanau01.shtml	galanau01	35	491	CIN	8	0	25%	279	0			0	1	0	0	0	0	1	0	7	0	0	4	3	4	47%	38	25	9	12	6	6	25	4	20
1947	147	Denny Galehouse	http://www.baseball-reference.com/players/g/galehde01.shtml	galehde01	35	73	TOT	0	0	29%	4	0	0		0	0	0	0	0	0	0	0	0	0	0	0	0	0	67%	2	1	1	0	0	0	1	0	1
1947	148	Denny Galehouse	http://www.baseball-reference.com/players/g/galehde01.shtml	galehde01	35	11	SLB	0	0	100%	1	0	0		0	0	0	0	0	0	0	0	0	0	0	0	0	0	50%	1	1	0	0	0	0	1	0	1
1947	149	Denny Galehouse	http://www.baseball-reference.com/players/g/galehde01.shtml	galehde01	35	62	BOS	0	0	17%	3	0	0		0	0	0	0	0	0	0	0	0	0	0	0	0	0	100%	1	0	1	0	0	0	0	0	0
1947	150	Joe Garagiola*	http://www.baseball-reference.com/players/g/garagjo01.shtml	garagjo01	21	228	STL	1	0	18%	57	0			0	0	0	0	0	0	1	0	5	0	2	1	2	2	41%	9	4	5	2	2	0	6	3	2
1947	151	Gary Gearhart	http://www.baseball-reference.com/players/g/gearhga01.shtml	gearhga01	23	198	NYG	4	0	31%	90	1			1	1	0	0	0	0	0	0	0	0	0	0	0	0	61%	17	6	11	1	1	0	5	2	3
1947	152	Pete Gebrian	http://www.baseball-reference.com/players/g/gebripe01.shtml	gebripe01	23	14	CHW	0	0		0	0	0		0	0	0	0	0	0	0	0	0	0	0	0	0	0		0	0	0	0	0	0	0	0	0
1947	153	Al Gettel	http://www.baseball-reference.com/players/g/getteal01.shtml	getteal01	29	54	CLE	0	0	37%	19	0	0		0	0	0	0	0	0	0	0	0	0	0	0	0	1	44%	6	4	2	1	0	1	2	1	1
1947	154	Charlie Gilbert*	http://www.baseball-reference.com/players/g/gilbech01.shtml	gilbech01	27	166	PHI	5	0	35%	69	1			1	1	0	0	1	1	0	0	0	0	0	0	0	2	29%	14	11	3	2	1	1	1	0	1
1947	155	Bob Gillespie	http://www.baseball-reference.com/players/g/gillebo01.shtml	gillebo01	27	36	CHW	0	0	40%	6	0	0		0	0	0	0	0	0	0	0	0	0	0	0	0	0	0%	1	1	0	0	0	0	0	0	0
1947	156	Al Gionfriddo*	http://www.baseball-reference.com/players/g/gionfal01.shtml	gionfal01	25	82	TOT	1	0	36%	20	2			2	3	0	0	0	0	0	0	1	0	0	0	1	0	40%	6	3	3	1	1	0	3	1	1
1947	157	Al Gionfriddo*	http://www.baseball-reference.com/players/g/gionfal01.shtml	gionfal01	25	1	PIT	0	0		0	0			0	0	0	0	0	0	0	0	0	0	0	0	0	0		0	0	0	0	0	0	0	0	0
1947	158	Al Gionfriddo*	http://www.baseball-reference.com/players/g/gionfal01.shtml	gionfal01	25	81	BRO	1	0	36%	20	2			2	3	0	0	0	0	0	0	1	0	0	0	1	0	40%	6	3	3	1	1	0	3	1	1
1947	159	Billy Goodman*	http://www.baseball-reference.com/players/g/goodmbi01.shtml	goodmbi01	21	12	BOS	0	0	25%	8	0	0		0	0	0	0	0	0	0	0	0	0	0	0	0	0	0%	0	0	0	0	0	0	1	1	0
1947	160	Joe Gordon	http://www.baseball-reference.com/players/g/gordojo01.shtml	gordojo01	32	626	CLE	5	0	32%	233	7	3	70%	6	5	1	0	0	2	2	0	3	0	0	1	2	7	50%	28	20	8	11	4	7	25	8	17
1947	161	Sid Gordon	http://www.baseball-reference.com/players/g/gordosi01.shtml	gordosi01	29	491	NYG	3	0	28%	156	2			1	4	0	0	0	0	0	0	3	0	1	1	1	7	51%	22	13	8	3	2	1	12	2	10
1947	162	Johnny Gorsica	http://www.baseball-reference.com/players/g/gorsijo01.shtml	gorsijo01	32	11	DET	0	0	0%	5	0	0		0	0	0	0	0	0	0	0	0	0	0	0	0	0		0	0	0	0	0	0	0	0	0
1947	163	Joe Grace*	http://www.baseball-reference.com/players/g/gracejo01.shtml	gracejo01	33	273	WSH	3	0	24%	95	1	2	33%	1	2	0	0	0	0	1	0	4	0	1	2	1	4	36%	12	8	2	3	3	0	10	3	7
1947	164	Hank Greenberg	http://www.baseball-reference.com/players/g/greenha01.shtml	greenha01	36	510	PIT	6	0	25%	195	0			0	4	0	0	0	0	1	0	7	0	1	5	1	1	33%	57	39	15	5	5	0	17	6	11
1947	165	Hal Gregg	http://www.baseball-reference.com/players/g/greggha01.shtml	greggha01	25	35	BRO	2	0	30%	16	0			0	0	0	0	0	0	0	0	0	0	0	0	0	0	25%	3	3	0	0	0	0	1	0	1
1947	166	Johnny Grodzicki	http://www.baseball-reference.com/players/g/grodzjo01.shtml	grodzjo01	30	1	STL	0	0		0	0			0	0	0	0	0	0	0	0	0	0	0	0	0	0		0	0	0	0	0	0	0	0	0
1947	167	Steve Gromek#	http://www.baseball-reference.com/players/g/gromest01.shtml	gromest01	27	22	CLE	0	0	13%	15	0	0		0	0	0	0	0	0	0	0	0	0	0	0	0	0	25%	3	3	0	0	0	0	1	0	1
1947	168	Johnny Groth	http://www.baseball-reference.com/players/g/grothjo01.shtml	grothjo01	20	6	DET	0	0	33%	5	0	0		0	0	0	0	0	0	0	0	0	0	0	0	0	0	33%	2	2	0	0	0	0	1	0	1
1947	169	Orval Grove	http://www.baseball-reference.com/players/g/groveor01.shtml	groveor01	27	54	CHW	0	0	17%	8	0	0		0	0	0	0	0	0	0	0	0	0	0	0	0	0	50%	1	1	0	1	0	1	0	0	0
1947	170	Mike Guerra	http://www.baseball-reference.com/players/g/guerrmi01.shtml	guerrmi01	34	224	PHA	4	0	32%	82	1	2	33%	1	2	0	0	0	0	0	0	1	0	1	0	0	4	67%	9	3	6	5	3	2	4	0	4
1947	171	Harry Gumbert	http://www.baseball-reference.com/players/g/gumbeha01.shtml	gumbeha01	37	25	CIN	0	0	14%	12	0			0	0	0	0	0	0	0	0	0	0	0	0	0	0	0%	4	4	0	0	0	0	0	0	0
1947	172	Randy Gumpert	http://www.baseball-reference.com/players/g/gumpera01.shtml	gumpera01	29	16	NYY	0	0	0%	5	0	0		0	0	0	0	0	0	0	0	1	0	0	0	1	0	0%	0	0	0	0	0	0	1	0	0
1947	173	Frankie Gustine	http://www.baseball-reference.com/players/g/gustifr01.shtml	gustifr01	27	692	PIT	9	0	39%	285	5			3	2	1	0	1	0	0	0	3	0	1	1	1	9	49%	32	24	8	10	6	4	23	3	20
1947	174	Don Gutteridge	http://www.baseball-reference.com/players/g/guttedo01.shtml	guttedo01	35	151	BOS	3	0	38%	48	3	1	75%	3	1	0	0	0	0	0	0	0	0	0	0	0	0	50%	4	3	1	3	2	1	9	3	6
1947	175	Bert Haas	http://www.baseball-reference.com/players/h/haasbe01.shtml	haasbe01	33	530	CIN	7	0	31%	177	9			8	5	1	1	0	0	0	0	0	0	0	0	0	3	63%	35	18	17	7	3	4	17	1	16
1947	176	Stan Hack*	http://www.baseball-reference.com/players/h/hackst01.shtml	hackst01	37	283	CHC	1	0	26%	126	0			0	4	0	0	0	0	1	1	3	0	1	0	2	2	52%	17	10	7	1	1	0	9	1	7
1947	177	Mickey Haefner*	http://www.baseball-reference.com/players/h/haefnmi01.shtml	haefnmi01	34	69	WSH	1	0	27%	28	0	0		0	0	0	0	0	0	0	0	0	0	0	0	0	0	33%	3	3	0	1	1	0	2	0	2
1947	178	Granny Hamner	http://www.baseball-reference.com/players/h/hamnegr01.shtml	hamnegr01	20	8	PHI	0	0	33%	3	0			0	0	0	0	0	0	0	0	0	0	0	0	0	0	0%	1	1	0	0	0	0	1	1	0
1947	179	Ralph Hamner	http://www.baseball-reference.com/players/h/hamnera01.shtml	hamnera01	30	8	CHC	0	0	0%	3	0			0	0	0	0	0	0	1	0	0	0	0	0	0	0		0	0	0	0	0	0	0	0	0
1947	180	Gene Handley	http://www.baseball-reference.com/players/h/handlge01.shtml	handlge01	32	101	PHA	2	1	26%	47	1	0	100%	1	0	0	0	0	0	1	0	0	0	0	0	0	0	43%	6	4	2	0	0	0	1	0	1
1947	181	Lee Handley	http://www.baseball-reference.com/players/h/handlle01.shtml	handlle01	33	306	PHI	3	0	17%	113	1			0	2	0	1	0	0	1	0	4	0	2	1	1	3	23%	14	14	0	3	2	1	9	4	5
1947	182	Andy Hansen	http://www.baseball-reference.com/players/h/hansean01.shtml	hansean01	22	21	NYG	0	0	25%	6	0			0	0	0	0	0	0	0	0	0	0	0	0	0	0	0%	1	1	0	0	0	0	0	0	0
1947	183	Mel Harder	http://www.baseball-reference.com/players/h/hardeme01.shtml	hardeme01	37	36	CLE	0	0	29%	8	0	0		0	0	0	0	0	0	0	0	0	0	0	0	0	0	0%	1	1	0	1	1	0	1	1	0
1947	184	Lum Harris	http://www.baseball-reference.com/players/h/harrilu01.shtml	harrilu01	32	1	WSH	0	0		0	0	0		0	0	0	0	0	0	0	0						0		0	0	0	0	0	0	0	0	0
1947	185	Mickey Harris*	http://www.baseball-reference.com/players/h/harrimi01.shtml	harrimi01	30	16	BOS	0	0	25%	8	0	0		0	0	0	0	0	0	0	0	0	0	0	0	0	0	0%	1	1	0	0	0	0	0	0	0
1947	186	Earl Harrist	http://www.baseball-reference.com/players/h/harriea01.shtml	harriea01	28	26	CHW	0	0	20%	5	0	0		0	0	0	0	0	0	0	0	0	0	0	0	0	0	0%	1	1	0	0	0	0	0	0	0
1947	187	Clint Hartung	http://www.baseball-reference.com/players/h/hartucl01.shtml	hartucl01	24	97	NYG	1	0	32%	31	0			0	1	0	0	0	0	0	0	1	0	0	1	0	0	33%	2	2	0	1	0	1	0	0	0
1947	188	Joe Hatten	http://www.baseball-reference.com/players/h/hattejo01.shtml	hattejo01	30	88	BRO	5	0	16%	26	1			1	0	0	0	0	0	0	0	2	0	1	1	0	0	17%	4	3	0	0	0	0	2	1	1
1947	189	Grady Hatton*	http://www.baseball-reference.com/players/h/hattogr01.shtml	hattogr01	24	610	CIN	7	0	35%	276	7			5	1	0	0	0	0	0	0	3	0	0	2	1	5	46%	45	34	11	6	3	3	25	4	21
1947	190	Phil Haugstad	http://www.baseball-reference.com/players/h/haugsph01.shtml	haugsph01	23	2	BRO	0	0		0	0			0	0	0	0	0	0	0	0	0	0	0	0	0	0		0	0	0	0	0	0	0	0	0
1947	191	Frankie Hayes	http://www.baseball-reference.com/players/h/hayesfr01.shtml	hayesfr01	32	13	BOS	0	0	0%	1	0	0		0	0	0	0	0	0	0	0	1	0	1	0	0	0		0	0	0	0	0	0	0	0	0
1947	192	Joe Haynes	http://www.baseball-reference.com/players/h/haynejo01.shtml	haynejo01	29	66	CHW	1	0	41%	25	0	0		0	0	0	0	0	0	0	0	0	0	0	0	0	0	17%	5	4	1	0	0	0	1	1	0
1947	193	Jim Hearn	http://www.baseball-reference.com/players/h/hearnji01.shtml	hearnji01	26	59	STL	0	0	10%	6	0			0	0	0	0	0	0	0	0	0	0	0	0	0	0	50%	1	1	0	0	0	0	1	0	1
1947	194	Jeff Heath*	http://www.baseball-reference.com/players/h/heathje01.shtml	heathje01	32	580	SLB	3	0	29%	164	2	1	67%	2	0	0	0	0	0	0	0	0	0	0	0	0	5	42%	26	16	10	7	5	2	10	4	6
1947	195	Jim Hegan	http://www.baseball-reference.com/players/h/heganji01.shtml	heganji01	26	426	CLE	6	0	25%	152	3	1	75%	3	1	0	0	0	0	1	0	7	0	1	4	2	7	47%	23	14	7	1	0	1	8	1	7
1947	196	Ken Heintzelman	http://www.baseball-reference.com/players/h/heintke01.shtml	heintke01	31	51	TOT	0	0	43%	4	0			0	0	0	0	0	0	0	0	0	0	0	0	0	0	100%	0	0	0	0	0	0	1	0	1
1947	197	Ken Heintzelman	http://www.baseball-reference.com/players/h/heintke01.shtml	heintke01	31	1	PIT	0	0	100%	0	0			0	0	0	0	0	0	0	0	0	0	0	0	0	0		0	0	0	0	0	0	0	0	0
1947	198	Ken Heintzelman	http://www.baseball-reference.com/players/h/heintke01.shtml	heintke01	31	50	PHI	0	0	33%	4	0			0	0	0	0	0	0	0	0	0	0	0	0	0	0	100%	0	0	0	0	0	0	1	0	1
1947	199	Rollie Hemsley	http://www.baseball-reference.com/players/h/hemslro01.shtml	hemslro01	40	3	PHI	0	0	0%	0	0			0	0	0	0	0	0	0	0	0	0	0	0	0	0		0	0	0	0	0	0	0	0	0
1947	200	Tommy Henrich*	http://www.baseball-reference.com/players/h/henrito01.shtml	henrito01	34	629	NYY	6	0	43%	245	3	2	60%	3	3	0	0	0	0	0	0	7	0	3	2	2	12	57%	33	19	13	7	2	4	29	6	22
1947	201	Billy Herman	http://www.baseball-reference.com/players/h/hermabi01.shtml	hermabi01	37	49	PIT	0	0	25%	14	0			0	0	0	0	0	0	0	0	0	0	0	0	0	1		0	0	0	0	0	0	0	0	0
1947	202	Gene Hermanski*	http://www.baseball-reference.com/players/h/hermage01.shtml	hermage01	27	225	BRO	3	0	38%	88	5			5	1	0	1	0	0	1	0	3	0	1	1	1	2	53%	15	11	4	6	3	3	11	1	10
1947	203	Art Herring	http://www.baseball-reference.com/players/h/herriar01.shtml	herriar01	41	2	PIT	0	0		0	0			0	0	0	0	0	0	0	0	0	0	0	0	0	0		0	0	0	0	0	0	0	0	0
1947	204	Johnny Hetki	http://www.baseball-reference.com/players/h/hetkijo01.shtml	hetkijo01	25	29	CIN	0	0	13%	19	0			0	0	0	0	0	0	0	0	0	0	0	0	0	0	33%	2	2	0	0	0	0	1	0	1
1947	205	Kirby Higbe	http://www.baseball-reference.com/players/h/higbeki01.shtml	higbeki01	32	85	TOT	1	0	42%	16	0			0	0	0	0	0	0	0	0	0	0	0	0	0	1	33%	0	0	0	3	2	1	0	0	0
1947	206	Kirby Higbe	http://www.baseball-reference.com/players/h/higbeki01.shtml	higbeki01	32	5	BRO	0	0	0%	1	0			0	0	0	0	0	0	0	0	0	0	0	0	0	0		0	0	0	0	0	0	0	0	0
1947	207	Kirby Higbe	http://www.baseball-reference.com/players/h/higbeki01.shtml	higbeki01	32	80	PIT	1	0	46%	15	0			0	0	0	0	0	0	0	0	0	0	0	0	0	1	33%	0	0	0	3	2	1	0	0	0
1947	208	Billy Hitchcock	http://www.baseball-reference.com/players/h/hitchbi01.shtml	hitchbi01	30	302	SLB	2	0	29%	70	3	0	100%	3	0	0	0	0	0	0	0	2	0	0	1	1	3	35%	17	13	4	1	0	1	5	2	3
1947	209	Gil Hodges	http://www.baseball-reference.com/players/h/hodgegi01.shtml	hodgegi01	23	91	BRO	0	0	32%	14	0			0	0	0	0	0	0	0	0	0	0	0	0	0	1	40%	2	1	1	0	0	0	3	2	1
1947	210	Ralph Hodgin*	http://www.baseball-reference.com/players/h/hodgira01.shtml	hodgira01	32	198	CHW	2	0	37%	88	1	0	100%	1	1	0	0	0	0	0	0	4	0	2	1	1	0	53%	18	12	5	2	1	1	10	0	10
1947	211	Lefty Hoerst*	http://www.baseball-reference.com/players/h/hoersle01.shtml	hoersle01	29	4	PHI	0	0	0%	0	0			0	0	0	0	0	0	0	0	0	0	0	0	0	0		0	0	0	0	0	0	0	0	0
1947	212	Tommy Holmes*	http://www.baseball-reference.com/players/h/holmeto01.shtml	holmeto01	30	675	BSN	12	0	35%	326	3			2	0	1	0	0	0	2	0	1	0	1	0	0	8	50%	34	22	12	8	7	1	36	8	26
1947	213	Johnny Hopp*	http://www.baseball-reference.com/players/h/hoppjo01.shtml	hoppjo01	30	500	BSN	7	0	39%	206	13			12	4	0	1	0	0	2	0	4	0	2	1	1	6	62%	31	14	16	9	3	5	15	2	13
1947	214	Ralph Houk	http://www.baseball-reference.com/players/h/houkra01.shtml	houkra01	27	104	NYY	1	0	19%	54	0	0		0	0	0	0	0	0	0	0	1	0	1	0	0	0	33%	7	6	1	0	0	0	5	2	3
1947	215	Art Houtteman	http://www.baseball-reference.com/players/h/houttar01.shtml	houttar01	19	40	DET	2	0	17%	14	0	1	0%	0	1	0	0	0	0	0	0	0	0	0	0	0	0	33%	1	1	0	0	0	0	2	1	1
1947	216	Dixie Howell	http://www.baseball-reference.com/players/h/howeldi02.shtml	howeldi02	27	244	PIT	1	0	23%	86	1			1	1	0	1	0	0	0	0	1	0	0	0	1	2	50%	9	6	3	1	1	0	6	1	5
1947	217	Sid Hudson	http://www.baseball-reference.com/players/h/hudsosi01.shtml	hudsosi01	32	40	WSH	1	0	31%	15	0	0		0	0	0	0	0	0	0	0	0	0	0	0	0	0	40%	2	1	1	0	0	0	3	2	1
1947	218	Tommy Hughes	http://www.baseball-reference.com/players/h/hugheto04.shtml	hugheto04	27	42	PHI	1	0	17%	2	0			0	0	0	0	0	0	2	0	0	0	0	0	0	0	0%	1	1	0	0	0	0	0	0	0
1947	219	Tex Hughson	http://www.baseball-reference.com/players/h/hughste01.shtml	hughste01	31	70	BOS	2	0	43%	8	0	0		0	0	0	0	0	0	0	0	0	0	0	0	0	0	100%	1	0	1	0	0	0	0	0	0
1947	220	Fred Hutchinson*	http://www.baseball-reference.com/players/h/hutchfr01.shtml	hutchfr01	27	113	DET	2	0	17%	26	2	0	100%	1	0	0	0	0	0	0	0	0	0	0	0	0	1	0%	3	3	0	1	1	0	3	3	0
1947	221	Hooks Iott#	http://www.baseball-reference.com/players/i/iottho01.shtml	iottho01	27	29	TOT	1	0	14%	8	0	0		0	0	0	0	0	0	0	0	2	0	0	0	2	0	25%	1	1	0	0	0	0	3	0	1
1947	222	Hooks Iott#	http://www.baseball-reference.com/players/i/iottho01.shtml	iottho01	27	2	SLB	0	0		0	0	0		0	0	0	0	0	0	0	0	0	0	0	0	0	0		0	0	0	0	0	0	0	0	0
1947	223	Hooks Iott#	http://www.baseball-reference.com/players/i/iottho01.shtml	iottho01	27	27	NYG	1	0	14%	8	0			0	0	0	0	0	0	0	0	2	0	0	0	2	0	25%	1	1	0	0	0	0	3	0	1
1947	224	Larry Jansen	http://www.baseball-reference.com/players/j/jansela01.shtml	jansela01	26	97	NYG	0	0	32%	23	0			0	0	0	0	0	0	0	0	1	0	0	1	0	0	50%	3	2	1	0	0	0	1	0	1
1947	225	Roy Jarvis	http://www.baseball-reference.com/players/j/jarviro01.shtml	jarviro01	21	51	PIT	1	0	23%	17	0			0	2	0	0	0	0	0	0	1	0	1	0	0	0	100%	1	0	1	0	0	0	1	0	1
1947	226	Billy Johnson	http://www.baseball-reference.com/players/j/johnsbi03.shtml	johnsbi03	28	545	NYY	9	0	32%	201	1	2	33%	0	2	0	0	1	0	2	0	8	0	1	3	4	4	57%	37	20	16	8	2	5	18	3	15
1947	227	Don Johnson	http://www.baseball-reference.com/players/j/johnsdo03.shtml	johnsdo03	20	18	NYY	0	0	0%	0	0	0		0	0	0	0	0	0	0	0	0	0	0	0	0	0		0	0	0	0	0	0	0	0	0
1947	228	Don Johnson	http://www.baseball-reference.com/players/j/johnsdo02.shtml	johnsdo02	35	434	CHC	2	0	24%	152	2			2	3	0	0	0	0	0	0	4	0	0	3	1	1	51%	28	12	12	3	1	2	8	2	6
1947	229	Earl Johnson*	http://www.baseball-reference.com/players/j/johnsea01.shtml	johnsea01	28	48	BOS	0	0	8%	8	0	0		0	0	0	0	0	0	0	0	0	0	0	0	0	1	50%	3	2	1	0	0	0	1	0	1
1947	230	Ken Johnson*	http://www.baseball-reference.com/players/j/johnske01.shtml	johnske01	24	4	STL	0	0	50%	0	0			0	0	0	0	0	0	0	0						0		0	0	0	0	0	0	0	0	0
1947	231	Si Johnson	http://www.baseball-reference.com/players/j/johnssi01.shtml	johnssi01	40	31	BSN	2	0	50%	7	0			0	0	0	0	0	0	0	0	0	0	0	0	0	0	0%	1	1	0	0	0	0	1	1	0
1947	232	Jake Jones	http://www.baseball-reference.com/players/j/jonesja03.shtml	jonesja03	26	636	TOT	4	0	26%	151	6	4	60%	2	4	1	0	0	0	3	0	7	0	2	1	4	0	39%	31	24	7	3	1	1	12	2	10
1947	233	Jake Jones	http://www.baseball-reference.com/players/j/jonesja03.shtml	jonesja03	26	185	CHW	3	0	23%	42	1	0	100%	0	0	1	0	0	0	0	0	5	0	2	0	3	0	33%	8	7	1	1	0	0	3	0	3
1947	234	Jake Jones	http://www.baseball-reference.com/players/j/jonesja03.shtml	jonesja03	26	451	BOS	1	0	28%	109	5	4	56%	2	4	0	0	0	0	3	0	2	0	0	1	1	0	41%	23	17	6	2	1	1	9	2	7
1947	235	Nippy Jones	http://www.baseball-reference.com/players/j/jonesni01.shtml	jonesni01	22	77	STL	0	0	26%	20	0			0	0	0	0	0	0	0	0	0	0	0	0	0	1	60%	3	2	1	0	0	0	2	0	2
1947	236	Sheldon Jones	http://www.baseball-reference.com/players/j/jonessh01.shtml	jonessh01	25	17	NYG	0	0	0%	6	0			0	0	0	0	0	0	0	0	0	0	0	0	0	0	0%	1	1	0	0	0	0	0	0	0
1947	237	Willie Jones	http://www.baseball-reference.com/players/j/joneswi01.shtml	joneswi01	21	69	PHI	0	0	24%	16	2			0	0	0	0	0	0	0	0	1	0	1	0	0	0	40%	4	2	1	0	0	0	1	0	1
1947	238	Eddie Joost	http://www.baseball-reference.com/players/j/joosted01.shtml	joosted01	31	682	PHA	4	0	29%	216	6	6	50%	3	4	1	0	1	0	0	0	4	0	2	1	1	5	42%	34	24	8	2	2	0	19	2	15
1947	239	Spider Jorgensen*	http://www.baseball-reference.com/players/j/jorgesp01.shtml	jorgesp01	27	506	BRO	6	0	30%	216	4			4	5	0	0	0	1	0	0	5	0	0	1	4	3	53%	32	22	10	2	1	1	23	4	19
1947	240	Oscar Judd*	http://www.baseball-reference.com/players/j/juddos01.shtml	juddos01	39	69	PHI	1	0	33%	16	0			0	0	0	0	0	0	0	0	0	0	0	0	0	0	33%	3	3	0	1	1	0	2	0	2
1947	241	Wally Judnich*	http://www.baseball-reference.com/players/j/judniwa01.shtml	judniwa01	31	564	SLB	2	0	23%	163	2	5	29%	1	3	0	0	0	0	0	0	5	0	2	1	2	4	29%	31	25	5	3	2	1	14	5	8
1947	242	Billy Jurges	http://www.baseball-reference.com/players/j/jurgebi01.shtml	jurgebi01	39	49	CHC	0	0	25%	22	0			0	0	0	0	0	0	0	0	2	0	1	0	1	0	0%	1	1	0	0	0	0	1	1	0
1947	243	Al Jurisich	http://www.baseball-reference.com/players/j/jurisal01.shtml	jurisal01	25	36	PHI	0	0	50%	7	0			0	0	0	0	0	0	0	0	0	0	0	0	0	0	33%	2	2	0	0	0	0	1	0	1
1947	244	Andy Karl	http://www.baseball-reference.com/players/k/karlan01.shtml	karlan01	33	6	BSN	0	0	0%	2	0			0	0	0	0	0	0	0	0	0	0	0	0	0	0		0	0	0	0	0	0	0	0	0
1947	245	George Kell	http://www.baseball-reference.com/players/k/kellge01.shtml	kellge01	24	662	DET	2	0	28%	185	9	11	45%	4	5	1	2	1	2	0	0	5	0	1	1	3	5	59%	31	20	11	10	3	6	20	1	19
1947	246	Charlie Keller*	http://www.baseball-reference.com/players/k/kellech01.shtml	kellech01	30	193	NYY	3	0	35%	71	0	0		0	0	0	0	0	0	0	0	1	0	0	0	1	3	28%	18	17	1	5	4	1	9	2	7
1947	247	Ken Keltner	http://www.baseball-reference.com/players/k/keltnke01.shtml	keltnke01	30	612	CLE	6	0	20%	218	5	4	56%	4	3	1	0	0	1	0	0	2	0	1	1	0	5	42%	22	20	2	9	5	4	17	3	14
1947	248	Bill Kennedy*	http://www.baseball-reference.com/players/k/kennebi01.shtml	kennebi01	28	2	WSH	0	0		0	0	0		0	0	0	0	0	0	0	0	0	0	0	0	0	0		0	0	0	0	0	0	0	0	0
1947	249	Bob Kennedy	http://www.baseball-reference.com/players/k/kennebo01.shtml	kennebo01	26	447	CHW	4	0	32%	137	3	4	43%	2	3	0	0	0	2	1	0	5	1	1	2	1	2	56%	24	17	7	2	0	2	15	1	14
1947	250	Monty Kennedy	http://www.baseball-reference.com/players/k/kennemo01.shtml	kennemo01	25	52	NYG	0	0	55%	12	0			0	0	0	0	0	0	0	0	0	0	0	0	0	1	25%	4	3	1	1	1	0	3	2	1
1947	251	Buddy Kerr	http://www.baseball-reference.com/players/k/kerrbu01.shtml	kerrbu01	24	596	NYG	12	0	36%	229	2			2	1	0	1	0	0	0	0	8	0	2	4	2	8	41%	31	27	4	6	2	4	21	5	16
1947	252	Ellis Kinder	http://www.baseball-reference.com/players/k/kindeel01.shtml	kindeel01	32	67	SLB	1	0	44%	11	0	0		0	0	0	0	0	0	0	0	0	0	0	0	0	1	25%	4	3	1	0	0	0	0	0	0
1947	253	Ralph Kiner	http://www.baseball-reference.com/players/k/kinerra01.shtml	kinerra01	24	666	PIT	5	0	30%	235	1			0	2	0	0	1	1	2	0	5	0	0	2	3	6	40%	40	33	6	14	7	6	26	6	20
1947	254	Clyde King#	http://www.baseball-reference.com/players/k/kingcl01.shtml	kingcl01	23	28	BRO	1	0	25%	7	0			0	0	0	0	0	0	0	0	0	0	0	0	0	0		0	0	0	0	0	0	0	0	0
1947	255	Tom Kirk*	http://www.baseball-reference.com/players/k/kirkto01.shtml	kirkto01	19	1	PHA	0	0		0	0	0		0	0	0	0	0	0	0	0	0	0	0	0	0	0		0	0	0	0	0	0	0	0	0
1947	256	Ed Klieman	http://www.baseball-reference.com/players/k/kliemed01.shtml	kliemed01	29	21	CLE	0	0	25%	6	0	0		0	0	0	0	0	0	0	0	0	0	0	0	0	0		0	0	0	0	0	0	0	0	0
1947	257	Bob Klinger	http://www.baseball-reference.com/players/k/klingbo01.shtml	klingbo01	39	11	BOS	1	0	100%	5	0	0		0	0	0	0	0	0	0	0	0	0	0	0	0	0	0%	1	1	0	0	0	0	0	0	0
1947	258	Ted Kluszewski*	http://www.baseball-reference.com/players/k/kluszte01.shtml	kluszte01	22	11	CIN	0	0	50%	4	0			0	0	0	0	0	0	0	0	0	0	0	0	0	0	50%	1	1	0	0	0	0	1	0	1
1947	259	Clyde Kluttz	http://www.baseball-reference.com/players/k/kluttcl01.shtml	kluttcl01	29	255	PIT	2	0	24%	82	1			1	2	0	0	0	0	0	0	2	0	0	2	0	2	54%	5	5	0	1	1	0	7	0	7
1947	260	Lou Knerr	http://www.baseball-reference.com/players/k/knerrlo01.shtml	knerrlo01	25	1	WSH	0	0	0%	0	0	0		0	0	0	0	0	0	0	0	0	0	0	0	0	0		0	0	0	0	0	0	0	0	0
1947	261	Austin Knickerbocker	http://www.baseball-reference.com/players/k/knickau01.shtml	knickau01	28	53	PHA	0	0	38%	22	0	1	0%	0	1	0	0	0	0	0	0	1	0	1	0	0	3	25%	2	2	0	1	1	0	1	0	1
1947	262	Dick Koecher*	http://www.baseball-reference.com/players/k/koechdi01.shtml	koechdi01	21	4	PHI	0	0		0	0			0	0	0	0	0	0	0	0	0	0	0	0	0	0		0	0	0	0	0	0	0	0	0
1947	263	Don Kolloway	http://www.baseball-reference.com/players/k/kollodo01.shtml	kollodo01	28	509	CHW	7	0	31%	134	11	4	73%	8	4	0	0	0	1	0	0	3	0	0	2	1	5	59%	23	12	10	3	0	3	15	4	11
1947	264	Dave Koslo*	http://www.baseball-reference.com/players/k/kosloda01.shtml	kosloda01	27	87	NYG	1	0	33%	27	0			0	0	0	0	0	0	0	0	0	0	0	0	0	2	0%	4	4	0	0	0	0	2	2	0
1947	265	Jack Kramer	http://www.baseball-reference.com/players/k/krameja01.shtml	krameja01	29	75	SLB	1	0	20%	15	0	0		0	0	0	0	0	0	0	0	0	0	0	0	0	0	25%	5	5	0	0	0	0	3	1	2
1947	266	Chuck Kress*	http://www.baseball-reference.com/players/k/kressch01.shtml	kressch01	25	34	CIN	2	0	36%	18	0			0	1	0	0	0	0	0	0	0	0	0	0	0	0	67%	0	0	0	1	1	0	2	0	2
1947	267	Joe Kuhel*	http://www.baseball-reference.com/players/k/kuheljo01.shtml	kuheljo01	41	3	CHW	0	0		0	0	0		0	0	0	0	0	0	0	0	0	0	0	0	0	0		0	0	0	0	0	0	0	0	0
1947	268	Whitey Kurowski	http://www.baseball-reference.com/players/k/kurowwh01.shtml	kurowwh01	29	615	STL	11	0	35%	216	4			3	1	1	0	0	0	1	0	2	0	0	1	1	7	45%	44	26	17	9	8	1	20	5	15
1947	269	Emil Kush	http://www.baseball-reference.com/players/k/kushem01.shtml	kushem01	30	20	CHC	0	0	40%	3	0			0	0	0	0	0	0	0	0	0	0	0	0	0	0	0%	0	0	0	1	1	0	0	0	0
1947	270	Bob Kuzava#	http://www.baseball-reference.com/players/k/kuzavbo01.shtml	kuzavbo01	24	9	CLE	0	0	0%	1	0	0		0	0	0	0	0	0	0	0	0	0	0	0	0	0		0	0	0	0	0	0	0	0	0
1947	271	Chet Laabs	http://www.baseball-reference.com/players/l/laabsch01.shtml	laabsch01	35	36	PHA	0	0	40%	17	0	0		0	0	0	0	0	0	0	0	0	0	0	0	0	0	67%	2	1	1	0	0	0	1	0	1
1947	272	Doyle Lade	http://www.baseball-reference.com/players/l/ladedo01.shtml	ladedo01	26	68	CHC	0	0	17%	22	1			1	0	0	0	0	0	0	0	1	0	1	0	0	0	0%	2	2	0	1	1	0	0	0	0
1947	273	Joe Lafata*	http://www.baseball-reference.com/players/l/lafatjo01.shtml	lafatjo01	25	111	NYG	1	0	28%	36	1			1	0	0	0	0	0	0	0	5	0	2	2	1	0	33%	9	6	2	6	3	3	0	0	0
1947	274	Eddie Lake	http://www.baseball-reference.com/players/l/lakeed01.shtml	lakeed01	31	732	DET	14	0	36%	234	11	10	52%	7	10	0	1	2	0	0	0	4	0	0	1	3	5	41%	30	17	12	11	9	1	15	5	10
1947	275	Al Lakeman	http://www.baseball-reference.com/players/l/lakemal01.shtml	lakemal01	28	191	TOT	0	0	17%	34	0			0	1	0	0	0	0	0	0	0	0	0	0	0	2	22%	4	4	0	0	0	0	5	3	2
1947	276	Al Lakeman	http://www.baseball-reference.com/players/l/lakemal01.shtml	lakemal01	28	2	CIN	0	0		0	0			0	0	0	0	0	0	0	0	0	0	0	0	0	0		0	0	0	0	0	0	0	0	0
1947	277	Al Lakeman	http://www.baseball-reference.com/players/l/lakemal01.shtml	lakemal01	28	189	PHI	0	0	17%	34	0			0	1	0	0	0	0	0	0	0	0	0	0	0	2	22%	4	4	0	0	0	0	5	3	2
1947	278	Ray Lamanno	http://www.baseball-reference.com/players/l/lamanra01.shtml	lamanra01	27	448	CIN	14	0	21%	151	0			0	0	0	0	0	0	0	0	3	0	0	3	0	3	38%	19	13	5	4	2	2	11	4	6
1947	279	Clayton Lambert	http://www.baseball-reference.com/players/l/lambecl01.shtml	lambecl01	30	1	CIN	0	0		0	0			0	0	0	0	0	0	0	0	0	0	0	0	0	0		0	0	0	0	0	0	0	0	0
1947	280	Walt Lanfranconi	http://www.baseball-reference.com/players/l/lanfrwa01.shtml	lanfrwa01	30	11	BSN	0	0	100%	2	0			0	0	0	0	0	0	0	0	0	0	0	0	0	0	0%	1	1	0	0	0	0	0	0	0
1947	281	Ralph LaPointe	http://www.baseball-reference.com/players/l/lapoira01.shtml	lapoira01	25	230	PHI	1	0	39%	100	8			5	6	1	2	0	0	2	0	5	0	0	3	2	3	37%	14	9	5	7	7	0	9	2	6
1947	282	Cookie Lavagetto	http://www.baseball-reference.com/players/l/lavagco01.shtml	lavagco01	34	82	BRO	1	0	11%	25	0			0	0	0	0	0	0	0	0	0	0	0	0	0	1	33%	3	2	1	0	0	0	0	0	0
1947	283	Bill Lee	http://www.baseball-reference.com/players/l/leebi02.shtml	leebi02	37	3	CHC	0	0	0%	1	0			0	0	0	0	0	0	0	0	0	0	0	0	0	0		0	0	0	0	0	0	0	0	0
1947	284	Thornton Lee*	http://www.baseball-reference.com/players/l/leeth01.shtml	leeth01	40	31	CHW	0	0	0%	4	0	0		0	0	0	0	0	0	0	0	0	0	0	0	0	0	0%	1	1	0	0	0	0	0	0	0
1947	285	Paul Lehner*	http://www.baseball-reference.com/players/l/lehnepa01.shtml	lehnepa01	26	525	SLB	5	0	35%	156	5	5	50%	3	1	0	0	0	0	3	0	3	0	0	1	2	4	65%	25	13	12	4	1	2	14	0	14
1947	286	Bob Lemon*	http://www.baseball-reference.com/players/l/lemonbo01.shtml	lemonbo01	26	64	CLE	1	0	33%	26	0	0		0	1	0	0	0	0	0	0	0	0	0	0	0	1	57%	5	3	2	1	0	1	1	0	1
1947	287	Dutch Leonard	http://www.baseball-reference.com/players/l/leonadu02.shtml	leonadu02	38	89	PHI	1	0	24%	25	0			0	0	0	0	0	0	0	0	1	0	0	0	1	1	14%	5	5	0	0	0	0	2	1	1
1947	288	Jesse Levan*	http://www.baseball-reference.com/players/l/levanje01.shtml	levanje01	20	9	PHI	0	0	75%	0	0			0	0	0	0	0	0	0	0	0	0	0	0	0	0	0%	1	1	0	0	0	0	0	0	0
1947	289	Buddy Lewis*	http://www.baseball-reference.com/players/l/lewisbu01.shtml	lewisbu01	30	568	WSH	9	0	34%	185	6	6	50%	5	4	1	0	0	0	2	0	1	0	0	1	0	6	53%	26	15	11	9	7	2	12	0	12
1947	290	Johnny Lindell	http://www.baseball-reference.com/players/l/lindejo01.shtml	lindejo01	30	513	NYY	6	0	36%	186	1	2	33%	1	2	0	0	0	0	0	0	0	0	0	0	0	2	42%	36	25	11	6	4	2	10	1	9
1947	291	Danny Litwhiler	http://www.baseball-reference.com/players/l/litwhda01.shtml	litwhda01	30	254	BSN	2	0	40%	67	1			1	1	0	0	0	1	1	0	1	0	0	1	0	1	54%	14	8	5	2	1	1	12	3	9
1947	292	Buddy Lively	http://www.baseball-reference.com/players/l/livelbu01.shtml	livelbu01	22	37	CIN	0	0	50%	12	0			0	0	0	0	0	0	0	0	0	0	0	0	0	0	50%	0	0	0	1	1	0	1	0	1
1947	293	Mickey Livingston	http://www.baseball-reference.com/players/l/livinmi01.shtml	livinmi01	32	42	TOT	2	0	20%	10	0			0	0	0	0	0	0	0	0	0	0	0	0	0	0		0	0	0	0	0	0	0	0	0
1947	294	Mickey Livingston	http://www.baseball-reference.com/players/l/livinmi01.shtml	livinmi01	32	35	CHC	2	0	25%	9	0			0	0	0	0	0	0	0	0	0	0	0	0	0	0		0	0	0	0	0	0	0	0	0
1947	295	Mickey Livingston	http://www.baseball-reference.com/players/l/livinmi01.shtml	livinmi01	32	7	NYG	0	0	0%	1	0			0	0	0	0	0	0	0	0	0	0	0	0	0	0		0	0	0	0	0	0	0	0	0
1947	296	Whitey Lockman*	http://www.baseball-reference.com/players/l/lockmwh01.shtml	lockmwh01	20	2	NYG		0	0%	0	0			0	0	0	0	0	0	0	0						0		0	0	0	0	0	0	0	0	0
1947	297	Jack Lohrke	http://www.baseball-reference.com/players/l/lohrkja01.shtml	lohrkja01	23	385	NYG	11	0	28%	132	3			3	4	0	0	0	0	0	0	4	0	1	2	1	6	58%	17	11	5	2	0	2	12	1	11
1947	298	Sherm Lollar	http://www.baseball-reference.com/players/l/lollash01.shtml	lollash01	22	33	NYY	0	0	43%	5	0	1	0%	0	0	0	1	0	0	0	0	0	0	0	0	0	0	0%	3	3	0	0	0	0	1	1	0
1947	299	Ernie Lombardi	http://www.baseball-reference.com/players/l/lombaer01.shtml	lombaer01	39	117	NYG	1	0	12%	19	0			0	0	0	0	0	0	0	0	0	0	0	0	0	1	25%	5	3	2	0	0	0	3	3	0
1947	300	Vic Lombardi*	http://www.baseball-reference.com/players/l/lombavi01.shtml	lombavi01	24	68	BRO	0	0	5%	17	0			0	0	0	0	0	0	0	0	1	0	0	1	0	0	50%	0	0	0	0	0	0	2	1	1
1947	301	Eddie Lopat*	http://www.baseball-reference.com/players/l/lopated01.shtml	lopated01	29	105	CHW	2	0	21%	39	0	0		0	0	0	0	0	0	0	0	1	0	0	0	1	1	29%	4	4	0	0	0	0	3	0	2
1947	302	Al Lopez	http://www.baseball-reference.com/players/l/lopezal01.shtml	lopezal01	38	135	CLE	2	0	21%	45	1	1	50%	1	1	0	0	0	0	0	0	1	0	0	1	0	2	29%	5	4	1	2	2	0	7	4	3
1947	303	Peanuts Lowrey	http://www.baseball-reference.com/players/l/lowrepe01.shtml	lowrepe01	29	493	CHC	7	0	32%	202	2			2	2	0	0	0	0	1	0	4	0	2	0	2	8	40%	27	21	6	4	3	1	17	5	12
1947	304	Johnny Lucadello#	http://www.baseball-reference.com/players/l/lucadjo01.shtml	lucadjo01	28	13	NYY	0	0	0%	2	0	0		0	0	0	0	0	0	0	0	0	0	0	0	0	0		0	0	0	0	0	0	0	0	0
1947	305	Eddie Lukon*	http://www.baseball-reference.com/players/l/lukoned01.shtml	lukoned01	26	229	CIN	1	0	25%	69	0			0	0	0	0	0	0	1	0	1	0	1	0	0	2	35%	10	8	2	4	3	1	3	0	3
1947	306	Don Lund	http://www.baseball-reference.com/players/l/lunddo01.shtml	lunddo01	24	23	BRO	0	0	43%	16	0			0	0	0	0	0	0	0	0	1	0	0	1	0	0	75%	2	1	1	0	0	0	2	0	2
1947	307	Al Lyons	http://www.baseball-reference.com/players/l/lyonsal01.shtml	lyonsal01	28	18	TOT	0	0	14%	5	0	0		0	0	0	0	0	0	0	0	0	0	0	0	0	0		0	0	0	0	0	0	0	0	0
1947	308	Al Lyons	http://www.baseball-reference.com/players/l/lyonsal01.shtml	lyonsal01	28	6	NYY	0	0	25%	1	0	0		0	0	0	0	0	0	0	0	0	0	0	0	0	0		0	0	0	0	0	0	0	0	0
1947	309	Al Lyons	http://www.baseball-reference.com/players/l/lyonsal01.shtml	lyonsal01	28	12	PIT	0	0	0%	4	0			0	0	0	0	0	0	0	0	0	0	0	0	0	0		0	0	0	0	0	0	0	0	0
1947	310	Ed Lyons	http://www.baseball-reference.com/players/l/lyonsed01.shtml	lyonsed01	24	28	WSH	0	0	33%	11	0	0		0	0	0	0	0	0	0	0	0	0	0	0	0	0	33%	4	3	1	1	1	0	1	0	1
1947	311	Ray Mack	http://www.baseball-reference.com/players/m/mackra01.shtml	mackra01	30	84	TOT	2	0	32%	12	0	0		0	1	0	0	0	0	0	0	0	0	0	0	0	1	40%	2	1	1	1	1	0	2	1	1
1947	312	Ray Mack	http://www.baseball-reference.com/players/m/mackra01.shtml	mackra01	30	0	NYY	0	0	0%	0	0	0		0	0	0	0	0	0	0	0	0	0	0	0	0	0		0	0	0	0	0	0	0	0	0
1947	313	Ray Mack	http://www.baseball-reference.com/players/m/mackra01.shtml	mackra01	30	84	CHC	2	0	33%	12	0			0	1	0	0	0	0	0	0	0	0	0	0	0	1	40%	2	1	1	1	1	0	2	1	1
1947	314	Felix Mackiewicz	http://www.baseball-reference.com/players/m/mackife01.shtml	mackife01	29	12	TOT	0	0	100%	0	0	0		0	0	0	0	0	0	0	0	0	0	0	0	0	0		0	0	0	0	0	0	0	0	0
1947	315	Felix Mackiewicz	http://www.baseball-reference.com/players/m/mackife01.shtml	mackife01	29	6	CLE	0	0		0	0	0		0	0	0	0	0	0	0	0	0	0	0	0	0	0		0	0	0	0	0	0	0	0	0
1947	316	Felix Mackiewicz	http://www.baseball-reference.com/players/m/mackife01.shtml	mackife01	29	6	WSH	0	0	100%	0	0	0		0	0	0	0	0	0	0	0	0	0	0	0	0	0		0	0	0	0	0	0	0	0	0
1947	317	Max Macon*	http://www.baseball-reference.com/players/m/maconma01.shtml	maconma01	31	1	BSN	0	0		0	0			0	0	0	0	0	0	0	0	0	0	0	0	0	0		0	0	0	0	0	0	0	0	0
1947	318	Sal Madrid	http://www.baseball-reference.com/players/m/madrisa01.shtml	madrisa01	27	25	CHC	0	0	0%	2	0			0	0	0	0	0	0	0	0	0	0	0	0	0	0	0%	1	1	0	0	0	0	0	0	0
1947	319	Hank Majeski	http://www.baseball-reference.com/players/m/majesha01.shtml	majesha01	30	546	PHA	5	0	25%	174	1	0	100%	1	0	0	0	0	0	1	0	2	0	1	0	1	6	40%	13	10	3	5	2	3	12	6	6
1947	320	Gordon Maltzberger	http://www.baseball-reference.com/players/m/maltzgo01.shtml	maltzgo01	34	10	CHW	0	0	67%	8	0	0		0	0	0	0	0	0	0	0	0	0	0	0	0	0	0%	0	0	0	0	0	0	1	1	0
1947	321	Frank Mancuso	http://www.baseball-reference.com/players/m/mancufr01.shtml	mancufr01	29	137	WSH	1	0	14%	35	0	0		0	0	0	0	0	0	0	0	2	0	0	1	1	1	40%	3	2	1	0	0	0	2	1	1
1947	322	Phil Marchildon	http://www.baseball-reference.com/players/m/marchph01.shtml	marchph01	33	115	PHA	2	0	37%	29	0	0		0	0	0	0	0	0	0	0	0	0	0	0	0	2	17%	4	4	0	0	0	0	2	1	1
1947	323	Marty Marion	http://www.baseball-reference.com/players/m/marioma01.shtml	marioma01	30	599	STL	11	0	28%	207	3			2	0	0	0	0	0	0	0	3	0	1	1	1	3	43%	29	22	7	5	4	1	15	2	13
1947	324	Willard Marshall*	http://www.baseball-reference.com/players/m/marshwi01.shtml	marshwi01	26	655	NYG	4	0	32%	211	3			0	3	1	1	0	1	1	0	7	0	2	1	4	5	40%	33	25	8	9	3	5	18	7	11
1947	325	Ray Martin	http://www.baseball-reference.com/players/m/martira01.shtml	martira01	22	4	BSN	0	0	0%	0	0			0	0	0	0	0	0	0	0	0	0	0	0	0	0		0	0	0	0	0	0	0	0	0
1947	326	Phil Masi	http://www.baseball-reference.com/players/m/masiph01.shtml	masiph01	31	470	BSN	8	0	27%	167	7			4	1	1	0	0	0	3	0	3	0	0	1	2	7	41%	22	18	4	8	3	4	14	4	10
1947	327	Walt Masterson	http://www.baseball-reference.com/players/m/mastewa02.shtml	mastewa02	27	90	WSH	0	0	25%	20	0	0		0	0	0	0	0	0	0	0	0	0	0	0	0	0	0%	3	3	0	0	0	0	2	2	0
1947	328	Gene Mauch	http://www.baseball-reference.com/players/m/mauchge01.shtml	mauchge01	21	37	PIT	0	0	36%	24	0			0	1	0	0	0	0	0	0	1	0	0	1	0	0	71%	4	0	3	1	1	0	2	0	2
1947	329	Dick Mauney	http://www.baseball-reference.com/players/m/maunedi01.shtml	maunedi01	27	2	PHI	0	0	0%	1	0			0	0	0	1	0	0	0	0	0	0	0	0	0	0		0	0	0	0	0	0	0	0	0
1947	330	Eddie Mayo*	http://www.baseball-reference.com/players/m/mayoed01.shtml	mayoed01	37	595	DET	7	0	31%	167	3	7	30%	2	7	0	0	0	0	1	0	4	0	0	3	1	2	34%	30	21	7	10	9	1	10	1	9
1947	331	Tom McBride	http://www.baseball-reference.com/players/m/mcbrito01.shtml	mcbrito01	32	186	TOT	3	0	31%	55	3	1	75%	2	1	0	0	1	0	0	0	0	0	0	0	0	3	80%	7	2	5	0	0	0	3	0	3
1947	332	Tom McBride	http://www.baseball-reference.com/players/m/mcbrito01.shtml	mcbrito01	32	5	BOS	0	0	0%	0	0	0		0	0	0	0	0	0	0	0	0	0	0	0	0	0		0	0	0	0	0	0	0	0	0
1947	333	Tom McBride	http://www.baseball-reference.com/players/m/mcbrito01.shtml	mcbrito01	32	181	WSH	3	0	32%	55	3	1	75%	2	1	0	0	1	0	0	0	0	0	0	0	0	3	80%	7	2	5	0	0	0	3	0	3
1947	334	Bill McCahan	http://www.baseball-reference.com/players/m/mccahbi01.shtml	mccahbi01	26	61	PHA	1	0	67%	13	0	0		0	0	0	0	0	0	0	0	0	0	0	0	0	0	50%	1	1	0	0	0	0	3	1	2
1947	335	Frank McCormick	http://www.baseball-reference.com/players/m/mccorfr01.shtml	mccorfr01	36	268	TOT	2	0	30%	117	2			2	0	0	0	0	0	0	0	2	0	2	0	0	2	35%	22	18	3	3	2	1	9	1	8
1947	336	Frank McCormick	http://www.baseball-reference.com/players/m/mccorfr01.shtml	mccorfr01	36	43	PHI	0	0	55%	14	0			0	0	0	0	0	0	0	0	0	0	0	0	0	0	0%	3	3	0	0	0	0	1	1	0
1947	337	Frank McCormick	http://www.baseball-reference.com/players/m/mccorfr01.shtml	mccorfr01	36	225	BSN	2	0	26%	103	2			2	0	0	0	0	0	0	0	2	0	2	0	0	2	40%	19	15	3	3	2	1	8	0	8
1947	338	Mike McCormick	http://www.baseball-reference.com/players/m/mccormi02.shtml	mccormi02	30	315	BSN	6	0	40%	131	1			1	0	0	0	0	0	0	0	3	0	0	2	1	5	52%	15	10	5	5	3	2	9	1	8
1947	339	Barney McCosky*	http://www.baseball-reference.com/players/m/mccosba01.shtml	mccosba01	30	616	PHA	5	0	32%	267	1	4	20%	0	2	0	0	0	0	1	0	4	0	0	1	3	8	47%	21	15	6	9	6	2	17	3	14
1947	340	Clyde McCullough	http://www.baseball-reference.com/players/m/mcculcl01.shtml	mcculcl01	30	257	CHC	3	0	29%	78	1			1	0	0	0	0	0	0	0	2	0	1	1	0	6	33%	11	8	3	1	1	0	6	3	3
1947	341	Eddie McGah	http://www.baseball-reference.com/players/m/mcgahed01.shtml	mcgahed01	25	17	BOS	1	0	25%	11	0	0		0	0	0	0	0	0	0	0	0	0	0	0	0	0	50%	1	1	0	0	0	0	1	0	1
1947	342	John McHale*	http://www.baseball-reference.com/players/m/mchaljo01.shtml	mchaljo01	25	103	DET	0	0	29%	23	1	1	50%	1	1	0	0	0	0	0	0	1	0	1	0	0	0	40%	1	1	0	0	0	0	4	2	2
1947	343	Glenn McQuillen	http://www.baseball-reference.com/players/m/mcquigl01.shtml	mcquigl01	32	1	SLB		0		0	0	0		0	0	0	0	0	0	0	0						0		0	0	0	0	0	0	0	0	0
1947	344	George McQuinn*	http://www.baseball-reference.com/players/m/mcquige02.shtml	mcquige02	37	609	NYY	8	0	32%	255	0	2	0%	0	1	0	0	0	1	1	0	7	0	4	1	2	2	46%	41	30	11	10	8	2	31	4	25
1947	345	Joe Medwick	http://www.baseball-reference.com/players/m/medwijo01.shtml	medwijo01	35	166	STL	1	0	26%	49	0			0	0	0	0	0	0	0	0	2	0	1	0	1	0	50%	7	5	2	1	1	0	8	2	6
1947	346	Russ Meers*	http://www.baseball-reference.com/players/m/meersru01.shtml	meersru01	28	14	CHC	0	0	50%	4	0			0	0	0	0	0	0	0	0	0	0	0	0	0	0	0%	0	0	0	0	0	0	1	1	0
1947	347	Sam Mele	http://www.baseball-reference.com/players/m/melesa01.shtml	melesa01	25	498	BOS	3	0	36%	159	0	3	0%	0	4	0	0	0	0	0	0	2	0	0	2	0	3	51%	29	18	10	6	1	5	10	1	8
1947	348	Rube Melton	http://www.baseball-reference.com/players/m/meltoru01.shtml	meltoru01	30	1	BRO	0	0	0%	2	0			0	0	0	0	0	0	0	0	0	0	0	0	0	0	0%	1	1	0	0	0	0	0	0	0
1947	349	Lennie Merullo	http://www.baseball-reference.com/players/m/merulle01.shtml	merulle01	30	393	CHC	6	0	22%	156	4			4	1	0	0	0	0	1	0	3	0	2	1	0	0	37%	18	14	4	5	3	2	7	2	5
1947	350	George Metkovich*	http://www.baseball-reference.com/players/m/metkoca01.shtml	metkoca01	26	514	CLE	5	0	43%	187	5	3	63%	2	3	3	1	0	0	2	0	4	0	0	1	3	6	58%	31	17	14	7	1	5	19	5	14
1947	351	Russ Meyer#	http://www.baseball-reference.com/players/m/meyerru01.shtml	meyerru01	23	12	CHC	0	0	67%	3	0			0	0	0	0	0	0	0	0	0	0	0	0	0	1	0%	1	1	0	1	1	0	0	0	0
1947	352	Cass Michaels	http://www.baseball-reference.com/players/m/michaca01.shtml	michaca01	21	403	CHW	8	0	20%	123	10	5	67%	7	6	0	0	0	0	1	0	7	0	1	4	2	1	43%	25	16	8	1	0	1	11	3	7
1947	353	Ed Mierkowicz	http://www.baseball-reference.com/players/m/mierked01.shtml	mierked01	23	43	DET	0	0	50%	12	1	0	100%	1	0	0	0	0	0	0	0	0	0	0	0	0	0	25%	3	3	0	0	0	0	1	0	1
1947	354	Eddie Miksis	http://www.baseball-reference.com/players/m/miksied01.shtml	miksied01	20	96	BRO	1	0	45%	39	0			0	2	0	0	0	0	0	0	0	0	0	0	0	0	91%	4	1	3	3	0	3	4	0	4
1947	355	Eddie Miller	http://www.baseball-reference.com/players/m/milleed03.shtml	milleed03	30	602	CIN	13	0	28%	210	5			5	2	0	0	0	0	1	0	7	0	1	0	6	6	43%	35	25	10	6	4	1	17	3	14
1947	356	Ox Miller	http://www.baseball-reference.com/players/m/milleox01.shtml	milleox01	32	7	CHC	1	0	100%	3	0			0	0	0	0	0	0	0	0	0	0	0	0	0	0	100%	0	0	0	0	0	0	1	0	1
1947	357	Dale Mitchell*	http://www.baseball-reference.com/players/m/mitchda01.shtml	mitchda01	25	518	CLE	11	0	38%	262	2	5	29%	1	5	1	1	0	0	3	0	6	0	3	1	2	7	57%	36	19	15	8	3	5	19	2	16
1947	358	Johnny Mize*	http://www.baseball-reference.com/players/m/mizejo01.shtml	mizejo01	34	664	NYG	8	0	42%	232	2			2	0	0	0	0	0	1	0	1	0	0	1	0	4	58%	43	22	20	7	4	3	16	1	15
1947	359	Terry Moore	http://www.baseball-reference.com/players/m/moorete01.shtml	moorete01	35	508	STL	6	0	33%	182	1			1	1	0	0	0	0	0	0	3	0	2	0	1	5	36%	25	20	5	10	7	2	12	2	10
1947	360	Wally Moses*	http://www.baseball-reference.com/players/m/moseswa01.shtml	moseswa01	36	285	BOS	1	0	32%	91	3	0	100%	1	0	0	0	0	0	0	0	5	0	1	3	1	4	27%	15	12	2	2	2	0	5	1	4
1947	361	Les Moss	http://www.baseball-reference.com/players/m/mossle01.shtml	mossle01	22	312	SLB	0	0	15%	67	0	0		0	1	0	0	0	0	0	0	1	0	0	0	1	1	30%	12	10	2	0	0	0	8	3	4
1947	362	Glen Moulder	http://www.baseball-reference.com/players/m/mouldgl01.shtml	mouldgl01	29	18	SLB	0	0	25%	1	0	0		0	0	0	0	0	0	0	0	0	0	0	0	0	0		0	0	0	0	0	0	0	0	0
1947	363	Ray Mueller	http://www.baseball-reference.com/players/m/muellra01.shtml	muellra01	35	211	CIN	3	0	19%	53	1			1	0	0	0	0	0	0	0	3	0	0	2	1	1	36%	8	4	3	2	2	0	4	1	2
1947	364	Hugh Mulcahy	http://www.baseball-reference.com/players/m/mulcahu01.shtml	mulcahu01	33	3	PIT	0	0	0%	1	0			0	0	0	0	0	0	0	0	0	0	0	0	0	1		0	0	0	0	0	0	0	0	0
1947	365	Pat Mullin*	http://www.baseball-reference.com/players/m/mullipa01.shtml	mullipa01	29	467	DET	0	0	32%	106	3	8	27%	3	4	0	0	0	0	2	0	4	0	0	3	1	5	48%	19	13	5	1	1	0	11	1	10
1947	366	Bob Muncrief	http://www.baseball-reference.com/players/m/muncrbo01.shtml	muncrbo01	31	65	SLB	0	0	20%	8	0	0		0	0	0	0	0	0	0	0	0	0	0	0	0	0	33%	2	2	0	0	0	0	1	0	1
1947	367	Red Munger	http://www.baseball-reference.com/players/m/mungere01.shtml	mungere01	28	89	STL	1	0	15%	16	0			0	0	0	0	0	0	0	0	0	0	0	0	0	0	33%	1	1	0	0	0	0	2	1	1
1947	368	Johnny Murphy	http://www.baseball-reference.com/players/m/murphjo04.shtml	murphjo04	38	13	BOS	0	0	20%	1	0	0		0	0	0	0	0	0	0	0	0	0	0	0	0	0		0	0	0	0	0	0	0	0	0
1947	369	Danny Murtaugh	http://www.baseball-reference.com/players/m/murtada01.shtml	murtada01	29	9	BSN	0	0	0%	5	0			0	0	0	0	0	0	0	0	0	0	0	0	0	0	0%	1	1	0	0	0	0	0	0	0
1947	370	Stan Musial*	http://www.baseball-reference.com/players/m/musiast01.shtml	musiast01	26	678	STL	6	0	38%	232	4			3	4	0	0	0	0	2	0	2	0	0	1	1	11	69%	30	13	17	11	3	7	26	4	22
1947	371	George Myatt*	http://www.baseball-reference.com/players/m/myattge01.shtml	myattge01	33	11	WSH	0	0	20%	2	0	0		0	0	0	0	0	0	0	0	0	0	0	0	0	0	50%	2	1	1	0	0	0	0	0	0
1947	372	Steve Nagy*	http://www.baseball-reference.com/players/n/nagyst01.shtml	nagyst01	28	4	PIT	0	0	0%	3	0			0	0	0	0	0	0	0	0	0	0	0	0	0	0		0	0	0	0	0	0	0	0	0
1947	373	Tommy Neill*	http://www.baseball-reference.com/players/n/neillto01.shtml	neillto01	27	12	BSN	0	0	25%	2	0			0	0	0	0	0	0	0	0	0	0	0	0	0	0		0	0	0	0	0	0	0	0	0
1947	374	Hal Newhouser*	http://www.baseball-reference.com/players/n/newhoha01.shtml	newhoha01	26	114	DET	1	0	15%	35	0	0		0	0	0	0	0	0	0	0	0	0	0	0	0	0	33%	3	3	0	0	0	0	3	1	2
1947	375	Bobo Newsom	http://www.baseball-reference.com/players/n/newsobo01.shtml	newsobo01	39	74	TOT	1	0	9%	23	0	0		0	0	0	0	0	0	0	0	0	0	0	0	0	1	0%	1	1	0	0	0	0	0	0	0
1947	376	Bobo Newsom	http://www.baseball-reference.com/players/n/newsobo01.shtml	newsobo01	39	31	WSH	1	0	14%	12	0	0		0	0	0	0	0	0	0	0	0	0	0	0	0	1	0%	1	1	0	0	0	0	0	0	0
1947	377	Bobo Newsom	http://www.baseball-reference.com/players/n/newsobo01.shtml	newsobo01	39	43	NYY	0	0	0%	11	0	0		0	0	0	0	0	0	0	0	0	0	0	0	0	0		0	0	0	0	0	0	0	0	0
1947	378	Skeeter Newsome	http://www.baseball-reference.com/players/n/newsosk01.shtml	newsosk01	36	336	PHI	4	0	35%	104	4			2	3	0	0	0	0	1	0	3	0	2	1	0	5	47%	20	13	7	2	1	1	12	4	8
1947	379	Bill Nicholson*	http://www.baseball-reference.com/players/n/nichobi01.shtml	nichobi01	32	581	CHC	5	0	23%	165	1			1	3	0	0	0	0	0	0	4	0	2	0	2	4	35%	19	15	4	9	6	3	18	6	9
1947	380	Ron Northey*	http://www.baseball-reference.com/players/n/northro01.shtml	northro01	27	414	TOT	2	0	31%	148	1			1	1	0	0	0	0	0	0	3	0	1	1	1	5	37%	23	21	2	6	3	2	14	2	12
1947	381	Ron Northey*	http://www.baseball-reference.com/players/n/northro01.shtml	northro01	27	53	PHI	1	0	39%	14	1			1	0	0	0	0	0	0	0	1	0	0	1	0	1	50%	1	1	0	3	2	1	2	0	2
1947	382	Ron Northey*	http://www.baseball-reference.com/players/n/northro01.shtml	northro01	27	361	STL	1	0	29%	134	0			0	1	0	0	0	0	0	0	2	0	1	0	1	4	35%	22	20	2	3	1	1	12	2	10
1947	383	Fritz Ostermueller*	http://www.baseball-reference.com/players/o/osterfr01.shtml	osterfr01	39	74	PIT	0	0	38%	18	0			0	0	0	0	0	0	0	0	0	0	0	0	0	0	33%	1	1	0	1	1	0	1	0	1
1947	384	Mel Ott*	http://www.baseball-reference.com/players/o/ottme01.shtml	ottme01	38	4	NYG	0	0		0	0			0	0	0	0	0	0	0	0	0	0	0	0	0	0		0	0	0	0	0	0	0	0	0
1947	385	Jimmy Outlaw	http://www.baseball-reference.com/players/o/outlaji01.shtml	outlaji01	34	151	DET	5	0	29%	71	3	1	75%	2	1	0	0	0	0	0	0	2	0	0	0	2	2	37%	13	8	5	1	1	0	5	3	2
1947	386	Stubby Overmire	http://www.baseball-reference.com/players/o/overmst01.shtml	overmst01	28	54	DET	1	0	17%	19	0	0		0	0	0	0	0	0	0	0	0	0	0	0	0	0	0%	1	1	0	0	0	0	0	0	0
1947	387	Don Padgett*	http://www.baseball-reference.com/players/p/padgedo01.shtml	padgedo01	35	176	PHI	2	1	21%	69	0			0	0	0	0	0	0	0	0	0	0	0	0	0	0	0%	9	9	0	2	2	0	3	3	0
1947	388	Andy Pafko	http://www.baseball-reference.com/players/p/pafkoan01.shtml	pafkoan01	26	550	CHC	5	0	31%	192	4			3	5	0	0	0	0	0	0	4	0	1	3	0	2	53%	40	24	16	6	2	4	18	4	14
1947	389	Joe Page*	http://www.baseball-reference.com/players/p/pagejo01.shtml	pagejo01	29	50	NYY	1	0	0%	13	0	0		0	0	0	0	0	0	1	0	1	0	1	0	0	0		0	0	0	0	0	0	0	0	0
1947	390	Frank Papish	http://www.baseball-reference.com/players/p/papisfr01.shtml	papisfr01	29	65	CHW	0	0	17%	6	0	0		0	0	0	0	0	0	0	0	1	0	0	0	1	0	20%	2	2	0	0	0	0	3	1	1
1947	391	Mel Parnell*	http://www.baseball-reference.com/players/p/parneme01.shtml	parneme01	25	18	BOS	0	0	100%	2	0	0		0	0	0	0	0	0	0	0	0	0	0	0	0	0		0	0	0	0	0	0	0	0	0
1947	392	Roy Partee	http://www.baseball-reference.com/players/p/partero01.shtml	partero01	29	191	BOS	4	0	24%	77	0	0		0	0	0	0	0	0	1	0	0	0	0	0	0	0	20%	8	8	0	1	1	0	6	3	3
1947	393	Claude Passeau	http://www.baseball-reference.com/players/p/passecl01.shtml	passecl01	38	15	CHC	0	0		3	0			0	0	0	0	0	0	0	0	0	0	0	0	0	1	0%	0	0	0	0	0	0	1	1	0
1947	394	Hal Peck*	http://www.baseball-reference.com/players/p/peckha01.shtml	peckha01	30	422	CLE	2	0	36%	189	3	3	50%	3	4	0	0	0	0	0	0	5	0	1	2	2	2	59%	18	14	4	15	5	10	21	2	18
1947	395	Eddie Pellagrini	http://www.baseball-reference.com/players/p/pellaed01.shtml	pellaed01	29	263	BOS	2	0	35%	72	2	2	50%	1	1	0	0	0	0	0	0	0	0	0	0	0	2	65%	10	6	4	1	0	1	6	0	6
1947	396	Harry Perkowski*	http://www.baseball-reference.com/players/p/perkoha01.shtml	perkoha01	24	2	CIN	0	0	0%	0	0			0	0	0	0	0	0	0	0	0	0	0	0	0	0		0	0	0	0	0	0	0	0	0
1947	397	Johnny Pesky*	http://www.baseball-reference.com/players/p/peskyjo01.shtml	peskyjo01	28	719	BOS	8	0	38%	306	12	9	57%	8	9	2	1	0	0	4	0	3	0	1	2	0	10	52%	35	21	14	16	10	6	22	4	18
1947	398	Rusty Peters	http://www.baseball-reference.com/players/p/peterru02.shtml	peterru02	32	54	SLB	0	0	29%	29	0	0		0	2	0	0	0	0	0	0	0	0	0	0	0	0	11%	6	6	0	2	2	0	1	0	1
1947	399	Kent Peterson	http://www.baseball-reference.com/players/p/peterke01.shtml	peterke01	21	50	CIN	0	0	0%	6	0			0	0	0	0	0	0	0	0	0	0	0	0	0	0		0	0	0	0	0	0	0	0	0
1947	400	Dave Philley#	http://www.baseball-reference.com/players/p/phillda01.shtml	phillda01	27	592	CHW	6	0	30%	159	21	16	57%	18	10	1	2	0	0	2	0	3	0	1	2	0	4	58%	21	11	10	5	1	4	14	5	9
1947	401	Jack Phillips	http://www.baseball-reference.com/players/p/phillja02.shtml	phillja02	25	39	NYY	0	0	29%	15	0	0		0	0	0	0	0	0	0	0	0	0	0	0	0	0	33%	5	4	1	0	0	0	1	0	1
1947	402	Mario Picone	http://www.baseball-reference.com/players/p/piconma01.shtml	piconma01	20	2	NYG	0	0	0%	0	0			0	0	0	0	0	0	0	0						0		0	0	0	0	0	0	0	0	0
1947	403	Marino Pieretti	http://www.baseball-reference.com/players/p/pierema01.shtml	pierema01	26	28	WSH	0	0	17%	7	0	0		0	0	0	0	0	0	0	0	0	0	0	0	0	0	33%	2	2	0	0	0	0	1	0	1
1947	404	Ray Poat	http://www.baseball-reference.com/players/p/poatra01.shtml	poatra01	29	23	NYG	0	0	50%	3	0			0	0	0	0	0	0	0	0	0	0	0	0	0	0		0	0	0	0	0	0	0	0	0
1947	405	Hugh Poland*	http://www.baseball-reference.com/players/p/polanhu01.shtml	polanhu01	37	27	TOT	0	0	14%	5	0			0	0	0	0	0	0	0	0	0	0	0	0	0	0	50%	2	1	1	0	0	0	0	0	0
1947	406	Hugh Poland*	http://www.baseball-reference.com/players/p/polanhu01.shtml	polanhu01	37	8	PHI	0	0		0	0			0	0	0	0	0	0	0	0	0	0	0	0	0	0		0	0	0	0	0	0	0	0	0
1947	407	Hugh Poland*	http://www.baseball-reference.com/players/p/polanhu01.shtml	polanhu01	37	19	CIN	0	0	14%	5	0			0	0	0	0	0	0	0	0	0	0	0	0	0	0	50%	2	1	1	0	0	0	0	0	0
1947	408	Howie Pollet*	http://www.baseball-reference.com/players/p/polleho01.shtml	polleho01	26	66	STL	0	0	31%	31	0			0	0	0	0	0	0	0	0	1	0	0	0	1	0	14%	5	5	0	0	0	0	2	0	1
1947	409	Ray Poole*	http://www.baseball-reference.com/players/p/poolera01.shtml	poolera01	27	14	PHA	0	0	25%	2	0	0		0	0	0	0	0	0	0	0	1	0	1	0	0	0	0%	0	0	0	0	0	0	1	1	0
1947	410	Lou Possehl	http://www.baseball-reference.com/players/p/posselo01.shtml	posselo01	21	1	PHI	0	0	0%	0	0			0	0	0	0	0	0	0	0						0		0	0	0	0	0	0	0	0	0
1947	411	Nels Potter*	http://www.baseball-reference.com/players/p/pottene01.shtml	pottene01	35	42	SLB	0	0	19%	21	0	0		0	0	0	1	0	0	0	0	0	0	0	0	0	1	25%	3	3	0	0	0	0	1	0	1
1947	412	Jerry Priddy	http://www.baseball-reference.com/players/p/priddje01.shtml	priddje01	27	576	WSH	3	0	23%	170	7	6	54%	5	7	0	0	0	0	0	0	6	0	0	3	3	2	51%	26	17	8	6	1	4	11	1	10
1947	413	Mel Queen	http://www.baseball-reference.com/players/q/queenme01.shtml	queenme01	29	28	TOT	0	0	50%	0	0	0		0	0	0	0	0	0	0	0	0	0	0	0	0	0		0	0	0	0	0	0	0	0	0
1947	414	Mel Queen	http://www.baseball-reference.com/players/q/queenme01.shtml	queenme01	29	1	NYY	0	0		0	0	0		0	0	0	0	0	0	0	0	0	0	0	0	0	0		0	0	0	0	0	0	0	0	0
1947	415	Mel Queen	http://www.baseball-reference.com/players/q/queenme01.shtml	queenme01	29	27	PIT	0	0	50%	0	0			0	0	0	0	0	0	0	0	0	0	0	0	0	0		0	0	0	0	0	0	0	0	0
1947	416	Marv Rackley*	http://www.baseball-reference.com/players/r/racklma01.shtml	racklma01	25	10	BRO	0	0	14%	20	0			0	0	0	0	0	0	0	0	1	0	0	0	1	0	0%	2	2	0	0	0	0	1	1	0
1947	417	Ken Raffensberger	http://www.baseball-reference.com/players/r/raffeke01.shtml	raffeke01	29	55	TOT	1	0	27%	14	0			0	0	0	0	0	0	0	0	1	0	1	0	0	1	40%	3	2	1	0	0	0	2	1	1
1947	418	Ken Raffensberger	http://www.baseball-reference.com/players/r/raffeke01.shtml	raffeke01	29	15	PHI	0	0	50%	5	0			0	0	0	0	0	0	0	0	0	0	0	0	0	0	50%	1	1	0	0	0	0	1	0	1
1947	419	Ken Raffensberger	http://www.baseball-reference.com/players/r/raffeke01.shtml	raffeke01	29	40	CIN	1	0	14%	9	0			0	0	0	0	0	0	0	0	1	0	1	0	0	1	33%	2	1	1	0	0	0	1	1	0
1947	420	Willie Ramsdell	http://www.baseball-reference.com/players/r/ramsdwi01.shtml	ramsdwi01	31	1	BRO	0	0	0%	2	0			0	0	0	0	0	0	0	0	0	0	0	0	0	0		0	0	0	0	0	0	0	0	0
1947	421	Vic Raschi	http://www.baseball-reference.com/players/r/raschvi01.shtml	raschvi01	28	42	NYY	0	0	46%	14	0	0		0	0	0	0	0	0	0	0	1	0	0	1	0	1	17%	5	3	1	0	0	0	1	1	0
1947	422	Pee Wee Reese	http://www.baseball-reference.com/players/r/reesepe01.shtml	reesepe01	28	589	BRO	3	0	30%	240	7			8	6	0	1	0	0	3	0	5	0	0	3	2	4	50%	42	26	15	14	4	9	18	5	13
1947	423	Pete Reiser*	http://www.baseball-reference.com/players/r/reisepe01.shtml	reisepe01	28	462	BRO	5	0	34%	182	14			14	6	0	1	0	4	0	0	8	0	2	3	3	7	58%	35	16	17	11	5	6	20	5	15
1947	424	Allie Reynolds	http://www.baseball-reference.com/players/r/reynoal01.shtml	reynoal01	30	103	NYY	3	0	29%	35	0	0		0	1	0	0	0	0	1	0	0	0	0	0	0	1	38%	4	2	2	1	1	0	3	2	1
1947	425	Bobby Rhawn	http://www.baseball-reference.com/players/r/rhawnbo01.shtml	rhawnbo01	28	54	NYG	0	0	29%	19	0			0	0	0	0	0	0	0	0	1	0	0	0	1	0	33%	1	1	0	0	0	0	5	0	2
1947	426	Del Rice	http://www.baseball-reference.com/players/r/ricede01.shtml	ricede01	24	301	STL	1	0	20%	56	1			0	0	0	0	0	0	1	0	2	0	0	1	1	0	32%	13	10	2	4	1	2	5	2	3
1947	427	Don Richmond*	http://www.baseball-reference.com/players/r/richmdo01.shtml	richmdo01	27	24	PHA	2	0	20%	5	0	0		0	0	0	0	0	0	0	0	0	0	0	0	0	0		0	0	0	0	0	0	0	0	0
1947	428	Marv Rickert*	http://www.baseball-reference.com/players/r/rickema01.shtml	rickema01	26	154	CHC	1	0	14%	48	0			0	1	0	0	0	0	0	0	1	0	1	0	0	1	33%	7	5	2	1	1	0	1	0	1
1947	429	Elmer Riddle	http://www.baseball-reference.com/players/r/riddlel01.shtml	riddlel01	32	8	CIN	0	0	100%	4	0			0	0	0	0	0	0	0	0	0	0	0	0	0	0		0	0	0	0	0	0	0	0	0
1947	430	Hank Riebe	http://www.baseball-reference.com/players/r/riebeha01.shtml	riebeha01	25	7	DET	0	0		0	0	0		0	0	0	0	0	0	0	0	0	0	0	0	0	0		0	0	0	0	0	0	0	0	0
1947	431	Bill Rigney	http://www.baseball-reference.com/players/r/rignebi01.shtml	rignebi01	29	597	NYG	8	0	37%	241	7			6	3	2	2	0	0	2	0	3	0	1	1	1	12	38%	34	25	9	6	4	2	24	9	13
1947	432	Johnny Rigney	http://www.baseball-reference.com/players/r/rignejo01.shtml	rignejo01	32	15	CHW	0	0		0	0	0		0	0	0	0	0	0	0	0	0	0	0	0	0	0		0	0	0	0	0	0	0	0	0
1947	433	Culley Rikard*	http://www.baseball-reference.com/players/r/rikarcu01.shtml	rikarcu01	33	376	PIT	6	0	38%	182	1			1	5	0	0	0	0	1	0	3	0	0	1	2	1	48%	23	17	5	8	3	5	11	1	10
1947	434	Phil Rizzuto	http://www.baseball-reference.com/players/r/rizzuph01.shtml	rizzuph01	29	623	NYY	8	0	36%	244	11	6	65%	10	4	1	1	0	0	0	0	9	0	2	3	4	8	61%	22	13	8	9	4	3	23	1	22
1947	435	Sherry Robertson*	http://www.baseball-reference.com/players/r/robersh01.shtml	robersh01	28	304	WSH	6	0	26%	99	4	5	44%	4	4	0	0	0	0	2	0	0	0	0	0	0	3	77%	13	4	9	2	1	1	7	0	7
1947	436	Aaron Robinson*	http://www.baseball-reference.com/players/r/robinaa01.shtml	robinaa01	32	294	NYY	2	0	18%	113	0	1	0%	0	1	0	0	0	0	0	0	2	0	0	1	1	0	21%	19	18	1	3	2	1	7	3	4
1947	437	Eddie Robinson*	http://www.baseball-reference.com/players/r/robined01.shtml	robined01	26	356	CLE	6	0	40%	128	1	0	100%	1	0	0	0	0	0	1	0	2	0	0	1	1	4	52%	27	14	12	3	2	1	12	3	9
1947	438	Jackie Robinson	http://www.baseball-reference.com/players/r/robinja02.shtml	robinja02	28	701	BRO	17	0	46%	276	29			23	10	3	0	3	1	5	0	5	0	0	4	1	7	53%	68	36	29	12	5	7	30	8	22
1947	439	Preacher Roe	http://www.baseball-reference.com/players/r/roepr01.shtml	roepr01	31	46	PIT	1	0	14%	15	0			0	0	0	0	0	0	0	0	0	0	0	0	0	0	0%	5	5	0	0	0	0	0	0	0
1947	440	Stan Rojek	http://www.baseball-reference.com/players/r/rojekst01.shtml	rojekst01	28	88	BRO	0	0	25%	42	1			1	0	0	0	0	1	0	0	1	0	0	1	0	0	83%	4	1	3	0	0	0	2	0	2
1947	441	Buddy Rosar	http://www.baseball-reference.com/players/r/rosarbu01.shtml	rosarbu01	32	410	PHA	5	0	29%	140	1	3	25%	1	2	0	0	0	1	0	0	3	0	1	2	0	2	33%	14	13	1	2	1	1	8	2	6
1947	442	Al Rosen	http://www.baseball-reference.com/players/r/rosenal01.shtml	rosenal01	23	9	CLE	0	0	100%	1	0	0		0	0	0	0	0	0	0	0	0	0	0	0	0	0	0%	1	1	0	0	0	0	0	0	0
1947	443	Schoolboy Rowe	http://www.baseball-reference.com/players/r/rowesc01.shtml	rowesc01	37	94	PHI	1	0	21%	30	0			0	0	0	0	0	0	0	0	1	0	0	0	1	2	22%	4	4	0	2	1	1	3	1	1
1947	444	Bama Rowell*	http://www.baseball-reference.com/players/r/rowelba01.shtml	rowelba01	31	414	BSN	4	0	35%	128	7			6	4	2	0	1	0	2	0	3	0	1	0	2	3	48%	12	8	3	1	1	0	10	2	8
1947	445	Red Ruffing	http://www.baseball-reference.com/players/r/ruffire01.shtml	ruffire01	42	25	CHW	1	0	33%	4	0	0		0	0	0	0	0	0	0	0	0	0	0	0	0	0	100%	1	0	1	0	0	0	0	0	0
1947	446	Jim Russell#	http://www.baseball-reference.com/players/r/russeji01.shtml	russeji01	28	548	PIT	8	0	34%	200	7			7	4	0	0	0	1	2	0	7	0	2	3	2	8	44%	30	20	9	4	2	2	25	9	15
1947	447	Rip Russell	http://www.baseball-reference.com/players/r/russeri01.shtml	russeri01	32	62	BOS	0	0	47%	22	0	0		0	0	0	0	0	0	0	0	0	0	0	0	0	2	80%	3	1	2	1	0	1	1	0	1
1947	448	Hank Ruszkowski	http://www.baseball-reference.com/players/r/ruszkha01.shtml	ruszkha01	21	29	CLE	0	0	33%	7	0	0		0	0	0	0	0	0	0	0	0	0	0	0	0	0	67%	1	0	1	1	1	0	1	0	1
1947	449	Mickey Rutner	http://www.baseball-reference.com/players/r/rutnemi01.shtml	rutnemi01	28	52	PHA	0	0	21%	12	0	0		0	0	0	0	0	0	1	0	0	0	0	0	0	0	75%	1	1	0	0	0	0	3	0	3
1947	450	Connie Ryan	http://www.baseball-reference.com/players/r/ryanco01.shtml	ryanco01	27	625	BSN	5	0	26%	221	5			2	2	2	0	0	0	0	0	4	0	0	1	3	9	49%	27	18	8	4	3	1	22	5	17
1947	451	Johnny Sain	http://www.baseball-reference.com/players/s/sainjo01.shtml	sainjo01	29	118	BSN	3	0	33%	47	0			0	0	0	0	0	0	0	0	0	0	0	0	0	1	44%	2	2	0	0	0	0	7	3	4
1947	452	Bill Salkeld*	http://www.baseball-reference.com/players/s/salkebi01.shtml	salkebi01	30	69	PIT	0	0	26%	16	0			0	0	0	0	0	0	0	0	0	0	0	0	0	0	22%	6	6	0	1	1	0	2	0	2
1947	453	Fred Sanford#	http://www.baseball-reference.com/players/s/sanfofr01.shtml	sanfofr01	27	62	SLB	0	0	42%	21	0	1	0%	0	0	0	0	0	0	0	0	0	0	0	0	0	0	29%	4	4	0	1	0	1	2	1	1
1947	454	Bob Savage	http://www.baseball-reference.com/players/s/savagbo01.shtml	savagbo01	25	44	PHA	0	0	25%	6	0	0		0	0	0	0	0	0	0	0	0	0	0	0	0	0	50%	0	0	0	1	0	1	1	1	0
1947	455	Ray Scarborough	http://www.baseball-reference.com/players/s/scarbra01.shtml	scarbra01	29	54	WSH	0	0	29%	10	0	0		0	0	0	0	0	0	0	0	0	0	0	0	0	0	50%	0	0	0	0	0	0	2	1	1
1947	456	Charley Schanz	http://www.baseball-reference.com/players/s/schanch01.shtml	schanch01	28	29	PHI	0	0	0%	6	0			0	0	0	0	0	0	0	0	0	0	0	0	0	0		0	0	0	0	0	0	0	0	0
1947	457	Bob Scheffing	http://www.baseball-reference.com/players/s/schefbo01.shtml	schefbo01	33	392	CHC	4	0	24%	122	2			2	2	0	2	0	0	0	0	1	0	0	0	1	1	44%	19	13	6	6	3	3	9	2	6
1947	458	Carl Scheib	http://www.baseball-reference.com/players/s/scheica01.shtml	scheica01	20	46	PHA	1	0	57%	11	0	0		0	0	0	0	0	0	0	0	0	0	0	0	0	0	0%	2	2	0	1	1	0	0	0	0
1947	459	Hank Schenz	http://www.baseball-reference.com/players/s/schenha01.shtml	schenha01	28	18	CHC	0	0	33%	4	0			0	0	0	0	0	0	0	0	0	0	0	0	0	0	50%	1	1	0	1	0	1	0	0	0
1947	460	Freddy Schmidt	http://www.baseball-reference.com/players/s/schmifr01.shtml	schmifr01	31	22	TOT	0	0	0%	2	0			0	0	0	0	0	0	0	0	0	0	0	0	0	0		0	0	0	0	0	0	0	0	0
1947	461	Freddy Schmidt	http://www.baseball-reference.com/players/s/schmifr01.shtml	schmifr01	31	20	PHI	0	0	0%	2	0			0	0	0	0	0	0	0	0	0	0	0	0	0	0		0	0	0	0	0	0	0	0	0
1947	462	Freddy Schmidt	http://www.baseball-reference.com/players/s/schmifr01.shtml	schmifr01	31	2	CHC	0	0		0	0			0	0	0	0	0	0	0	0	0	0	0	0	0	0		0	0	0	0	0	0	0	0	0
1947	463	Johnny Schmitz	http://www.baseball-reference.com/players/s/schmijo01.shtml	schmijo01	26	78	CHC	1	0	23%	23	0			0	0	0	0	0	0	0	0	0	0	0	0	0	0	33%	7	5	2	1	1	0	1	0	1
1947	464	Red Schoendienst#	http://www.baseball-reference.com/players/s/schoere01.shtml	schoere01	24	711	STL	6	0	42%	283	6			5	7	0	0	0	0	1	0	3	0	0	2	1	10	47%	44	30	14	8	3	5	22	6	16
1947	465	Howie Schultz	http://www.baseball-reference.com/players/s/schulho01.shtml	schulho01	24	430	TOT	5	0	23%	86	0			0	0	0	0	0	0	0	0	3	0	0	1	2	3	28%	13	11	1	2	2	0	10	3	6
1947	466	Howie Schultz	http://www.baseball-reference.com/players/s/schulho01.shtml	schulho01	24	1	BRO	0	0		0	0			0	0	0	0	0	0	0	0	0	0	0	0	0	0		0	0	0	0	0	0	0	0	0
1947	467	Howie Schultz	http://www.baseball-reference.com/players/s/schulho01.shtml	schulho01	24	429	PHI	5	0	23%	86	0			0	0	0	0	0	0	0	0	3	0	0	1	2	3	28%	13	11	1	2	2	0	10	3	6
1947	468	Joe Schultz*	http://www.baseball-reference.com/players/s/schuljo05.shtml	schuljo05	28	42	SLB	0	0	20%	9	0	0		0	0	0	0	0	0	0	0	0	0	0	0	0	0	33%	2	2	0	0	0	0	1	0	1
1947	469	Pat Seerey	http://www.baseball-reference.com/players/s/seerepa01.shtml	seerepa01	24	251	CLE	1	0	22%	62	0	1	0%	0	1	0	0	0	0	0	0	3	0	1	1	1	3	50%	12	8	4	5	2	3	3	0	3
1947	470	Andy Seminick	http://www.baseball-reference.com/players/s/seminan01.shtml	seminan01	26	405	PHI	4	0	26%	116	4			1	3	1	0	0	1	2	0	4	0	1	2	1	1	53%	27	15	12	3	1	2	10	2	7
1947	471	Ted Sepkowski*	http://www.baseball-reference.com/players/s/sepkote01.shtml	sepkote01	23	9	TOT	0	0	25%	4	0	1	0%	0	1	0	0	0	0	0	0	0	0	0	0	0	1	100%	0	0	0	0	0	0	1	0	1
1947	472	Ted Sepkowski*	http://www.baseball-reference.com/players/s/sepkote01.shtml	sepkote01	23	9	CLE	0	0	0%	0	0	0		0	0	0	0	0	0	0	0	0	0	0	0	0	1		0	0	0	0	0	0	0	0	0
1947	473	Ted Sepkowski*	http://www.baseball-reference.com/players/s/sepkote01.shtml	sepkote01	23	0	NYY	0	0	50%	4	0	1	0%	0	1	0	0	0	0	0	0	0	0	0	0	0	0	100%	0	0	0	0	0	0	1	0	1
1947	474	Rip Sewell*	http://www.baseball-reference.com/players/s/sewelri01.shtml	sewelri01	40	42	PIT	0	0	20%	5	0			0	0	0	0	0	0	0	0	0	0	0	0	0	0	0%	0	0	0	1	1	0	0	0	0
1947	475	Spec Shea	http://www.baseball-reference.com/players/s/sheasp01.shtml	sheasp01	26	69	NYY	2	0	50%	21	0	0		0	0	0	0	0	0	0	0	0	0	0	0	0	1	50%	4	3	1	0	0	0	4	1	3
1947	476	Strick Shofner*	http://www.baseball-reference.com/players/s/shofnst01.shtml	shofnst01	27	13	BOS	0	0	50%	0	0	0		0	0	0	0	0	0	0	0	0	0	0	0	0	0		0	0	0	0	0	0	0	0	0
1947	477	Clyde Shoun*	http://www.baseball-reference.com/players/s/shouncl01.shtml	shouncl01	35	20	TOT	0	0	67%	9	0			0	0	0	0	0	0	1	0	0	0	0	0	0	0	0%	3	3	0	0	0	0	0	0	0
1947	478	Clyde Shoun*	http://www.baseball-reference.com/players/s/shouncl01.shtml	shouncl01	35	20	BSN	0	0	67%	9	0			0	0	0	0	0	0	1	0	0	0	0	0	0	0	0%	3	3	0	0	0	0	0	0	0
1947	479	Ken Silvestri#	http://www.baseball-reference.com/players/s/silveke01.shtml	silveke01	31	12	NYY	0	0	0%	4	0	0		0	0	0	0	0	0	0	0	0	0	0	0	0	0		0	0	0	0	0	0	0	0	0
1947	480	Curt Simmons*	http://www.baseball-reference.com/players/s/simmocu01.shtml	simmocu01	18	3	PHI	0	0	0%	3	0			0	0	0	0	0	0	0	0	0	0	0	0	0	0	0%	1	1	0	0	0	0	0	0	0
1947	481	Elmer Singleton	http://www.baseball-reference.com/players/s/singlel01.shtml	singlel01	29	14	PIT	0	0	11%	16	0			0	0	0	0	0	0	0	0	0	0	0	0	0	0	0%	2	2	0	0	0	0	0	0	0
1947	482	Dick Sisler*	http://www.baseball-reference.com/players/s/sisledi01.shtml	sisledi01	26	77	STL	0	0	22%	14	0			0	0	0	0	0	0	0	0	1	0	1	0	0	0	40%	3	3	0	0	0	0	2	0	2
1947	483	Sibby Sisti	http://www.baseball-reference.com/players/s/sistisi01.shtml	sistisi01	26	180	BSN	1	0	31%	74	2			2	0	0	0	0	0	1	0	2	0	0	1	1	1	54%	13	10	3	4	0	4	7	1	6
1947	484	Enos Slaughter*	http://www.baseball-reference.com/players/s/slaugen01.shtml	slaugen01	31	619	STL	6	0	42%	220	4			2	3	1	0	0	1	1	0	4	0	1	1	2	11	58%	38	21	16	9	5	4	27	3	23
1947	485	Eddie Smith#	http://www.baseball-reference.com/players/s/smithed04.shtml	smithed04	33	13	TOT	0	0	67%	2	0	0		0	0	0	0	0	0	0	0	0	0	0	0	0	0	100%	0	0	0	1	0	1	0	0	0
1947	486	Eddie Smith#	http://www.baseball-reference.com/players/s/smithed04.shtml	smithed04	33	7	CHW	0	0	100%	2	0	0		0	0	0	0	0	0	0	0	0	0	0	0	0	0	100%	0	0	0	1	0	1	0	0	0
1947	487	Eddie Smith#	http://www.baseball-reference.com/players/s/smithed04.shtml	smithed04	33	6	BOS	0	0	50%	0	0	0		0	0	0	0	0	0	0	0	0	0	0	0	0	0		0	0	0	0	0	0	0	0	0
1947	488	Duke Snider*	http://www.baseball-reference.com/players/s/snidedu01.shtml	snidedu01	20	89	BRO	5	0	25%	34	2			2	1	0	0	0	0	1	0	2	0	0	0	2	0	71%	4	1	3	1	1	0	2	0	2
1947	489	Warren Spahn*	http://www.baseball-reference.com/players/s/spahnwa01.shtml	spahnwa01	26	112	BSN	2	0	26%	33	0			0	0	0	0	0	0	0	0	0	0	0	0	0	0	44%	7	4	3	0	0	0	2	1	1
1947	490	Stan Spence*	http://www.baseball-reference.com/players/s/spencst01.shtml	spencst01	32	588	WSH	10	0	22%	220	2	2	50%	2	2	0	0	0	0	1	0	2	0	0	1	1	1	36%	22	18	2	4	3	1	16	4	12
1947	491	Gerry Staley	http://www.baseball-reference.com/players/s/stalege01.shtml	stalege01	26	6	STL	0	0		0	0			0	0	0	0	0	0	0	0	0	0	0	0	0	0		0	0	0	0	0	0	0	0	0
1947	492	Virgil Stallcup	http://www.baseball-reference.com/players/s/stallvi01.shtml	stallvi01	25	1	CIN	0	0	13%	9	0			0	0	0	0	0	0	1	0	0	0	0	0	0	1	0%	0	0	0	0	0	0	1	1	0
1947	493	Eddie Stanky	http://www.baseball-reference.com/players/s/stanked01.shtml	stanked01	31	680	BRO	15	0	38%	383	3			3	4	0	0	0	1	0	0	5	0	3	1	1	12	43%	46	30	16	10	7	3	33	13	19
1947	494	Dick Starr	http://www.baseball-reference.com/players/s/starrdi01.shtml	starrdi01	26	4	NYY	0	0	100%	2	0	0		0	0	0	0	0	0	0	0	0	0	0	0	0	0		0	0	0	0	0	0	0	0	0
1947	495	Ben Steiner*	http://www.baseball-reference.com/players/s/steinbe01.shtml	steinbe01	25	0	DET	0	0	100%	2	0	0		0	0	0	0	0	0	0	0	0	0	0	0	0	0		0	0	0	0	0	0	0	0	0
1947	496	Bryan Stephens	http://www.baseball-reference.com/players/s/stephbr01.shtml	stephbr01	26	28	CLE	1	0	33%	4	0	0		0	0	0	0	0	0	0	0	1	0	0	0	1	0	33%	2	1	1	0	0	0	1	0	0
1947	497	Vern Stephens	http://www.baseball-reference.com/players/s/stephve01.shtml	stephve01	26	634	SLB	13	0	28%	226	8	4	67%	7	3	1	1	0	0	0	0	3	0	0	1	2	9	49%	22	15	7	7	4	3	14	1	11
1947	498	Joe Stephenson	http://www.baseball-reference.com/players/s/stephjo01.shtml	stephjo01	26	37	CHW	1	0	30%	8	0	0		0	0	0	0	0	0	0	0	1	0	0	0	1	0	67%	1	0	1	2	0	1	0	0	0
1947	499	Ed Stevens*	http://www.baseball-reference.com/players/s/steveed01.shtml	steveed01	22	14	BRO	0	0	0%	4	0			0	0	0	0	0	0	0	0	1	0	0	1	0	0	0%	0	0	0	0	0	0	1	0	0
1947	500	Snuffy Stirnweiss	http://www.baseball-reference.com/players/s/stirnsn01.shtml	stirnsn01	28	673	NYY	11	0	42%	304	5	3	63%	3	3	2	0	0	0	0	0	7	0	2	2	3	5	51%	41	25	15	18	11	7	22	2	19
1947	501	Chuck Stobbs*	http://www.baseball-reference.com/players/s/stobbch01.shtml	stobbch01	17	1	BOS	0	0		0	0	0		0	0	0	0	0	0	0	0	0	0	0	0	0	0		0	0	0	0	0	0	0	0	0
1947	502	Nick Strincevich	http://www.baseball-reference.com/players/s/strinni01.shtml	strinni01	32	24	PIT	0	0	0%	5	0			0	0	0	0	0	0	0	0	0	0	0	0	0	0		0	0	0	0	0	0	0	0	0
1947	503	Bobby Sturgeon	http://www.baseball-reference.com/players/s/sturgbo01.shtml	sturgbo01	27	243	CHC	2	0	24%	66	0			0	0	0	0	0	0	0	0	3	0	1	0	2	5	23%	3	3	0	1	1	0	9	4	3
1947	504	Pete Suder	http://www.baseball-reference.com/players/s/suderpe01.shtml	suderpe01	31	579	PHA	4	0	25%	143	0	3	0%	0	3	0	0	0	0	0	0	2	0	0	1	1	0	34%	22	16	5	7	4	3	6	1	4
1947	505	Billy Sullivan*	http://www.baseball-reference.com/players/s/sullibi04.shtml	sullibi04	36	61	PIT	0	0	5%	23	1			1	1	0	0	0	0	0	0	1	0	0	0	1	0	50%	2	1	1	0	0	0	2	1	1
1947	506	John Sullivan	http://www.baseball-reference.com/players/s/sullijo06.shtml	sullijo06	26	157	WSH	3	0	21%	88	0	2	0%	0	2	0	0	0	0	1	0	1	0	1	0	0	0	50%	14	8	6	1	0	1	3	1	2
1947	507	Bud Swartz*	http://www.baseball-reference.com/players/s/swartbu01.shtml	swartbu01	18	1	SLB	0	0	0%	0	0	0		0	0	0	0	0	0	0	0	0	0	0	0	0	0		0	0	0	0	0	0	0	0	0
1947	508	Bob Swift	http://www.baseball-reference.com/players/s/swiftbo01.shtml	swiftbo01	32	323	DET	4	0	22%	85	2	2	50%	1	2	0	0	0	0	1	1	2	0	1	1	0	0	30%	12	10	1	4	3	1	4	0	4
1947	509	Jim Tabor	http://www.baseball-reference.com/players/t/taborji01.shtml	taborji01	30	276	PHI	8	0	30%	97	2			2	2	0	0	0	0	0	0	2	0	1	0	1	1	47%	14	10	4	6	2	4	12	4	7
1947	510	Tommy Tatum	http://www.baseball-reference.com/players/t/tatumto01.shtml	tatumto01	27	200	TOT	2	0	22%	93	7			6	2	1	0	0	1	3	0	2	0	1	1	0	3	50%	11	7	4	3	2	1	6	1	5
1947	511	Tommy Tatum	http://www.baseball-reference.com/players/t/tatumto01.shtml	tatumto01	27	6	BRO	0	0	0%	2	0			0	0	0	0	0	0	0	0	0	0	0	0	0	0		0	0	0	0	0	0	0	0	0
1947	512	Tommy Tatum	http://www.baseball-reference.com/players/t/tatumto01.shtml	tatumto01	27	194	CIN	2	0	22%	91	7			6	2	1	0	0	1	3	0	2	0	1	1	0	3	50%	11	7	4	3	2	1	6	1	5
1947	513	Harry Taylor	http://www.baseball-reference.com/players/t/tayloha03.shtml	tayloha03	28	65	BRO	0	0	33%	18	0			0	0	0	0	0	0	0	0	1	0	0	0	1	0	50%	1	1	0	0	0	0	1	0	1
1947	514	Birdie Tebbetts	http://www.baseball-reference.com/players/t/tebbebi01.shtml	tebbebi01	34	374	TOT	5	0	19%	127	2	5	29%	2	3	0	0	0	0	0	0	1	0	1	0	0	0	41%	16	13	2	0	0	0	11	2	9
1947	515	Birdie Tebbetts	http://www.baseball-reference.com/players/t/tebbebi01.shtml	tebbebi01	34	58	DET	1	0	13%	6	0	1	0%	0	1	0	0	0	0	0	0	0	0	0	0	0	0		0	0	0	0	0	0	0	0	0
1947	516	Birdie Tebbetts	http://www.baseball-reference.com/players/t/tebbebi01.shtml	tebbebi01	34	316	BOS	4	0	20%	121	2	4	33%	2	2	0	0	0	0	0	0	1	0	1	0	0	0	41%	16	13	2	0	0	0	11	2	9
1947	517	Gene Thompson	http://www.baseball-reference.com/players/t/thompju01.shtml	thompju01	30	6	NYG	0	0		0	0			0	0	0	0	0	0	0	0	0	0	0	0	0	0		0	0	0	0	0	0	0	0	0
1947	518	Hank Thompson*	http://www.baseball-reference.com/players/t/thompha02.shtml	thompha02	21	89	SLB	0	0	32%	32	2	1	67%	1	0	0	0	0	0	0	0	0	0	0	0	0	0	50%	4	2	2	0	0	0	0	0	0
1947	519	Bobby Thomson	http://www.baseball-reference.com/players/t/thomsbo01.shtml	thomsbo01	23	591	NYG	9	0	45%	150	1			1	0	0	0	0	0	0	0	3	0	3	0	0	4	70%	29	11	18	8	2	6	17	3	14
1947	520	Hal Toenes	http://www.baseball-reference.com/players/t/toeneha01.shtml	toeneha01	29	3	WSH	0	0	0%	2	0	0		0	0	0	0	0	0	0	0	0	0	0	0	0	0	0%	1	1	0	0	0	0	0	0	0
1947	521	Earl Torgeson*	http://www.baseball-reference.com/players/t/torgeea01.shtml	torgeea01	23	487	BSN	4	0	32%	189	11			6	3	3	1	2	2	1	0	3	0	1	2	0	9	46%	43	27	16	10	5	5	14	3	10
1947	522	Cecil Travis*	http://www.baseball-reference.com/players/t/travice01.shtml	travice01	33	221	WSH	2	0	15%	65	1	3	25%	0	3	0	0	0	0	0	0	3	0	0	2	1	0	27%	7	6	1	2	2	0	6	3	3
1947	523	Mike Tresh	http://www.baseball-reference.com/players/t/treshmi01.shtml	treshmi01	33	304	CHW	2	0	20%	76	2	0	100%	2	0	0	0	0	0	0	0	3	0	0	2	1	0	32%	11	10	1	2	1	1	6	2	4
1947	524	Ken Trinkle	http://www.baseball-reference.com/players/t/trinkke01.shtml	trinkke01	27	16	NYG	0	0	33%	3	0			0	0	0	0	0	0	0	0	0	0	0	0	0	1		0	0	0	0	0	0	0	0	0
1947	525	Dizzy Trout	http://www.baseball-reference.com/players/t/troutdi01.shtml	troutdi01	32	77	DET	2	0	13%	12	0	0		0	0	0	0	0	0	0	0	0	0	0	0	0	0		0	0	0	0	0	0	0	0	0
1947	526	Virgil Trucks	http://www.baseball-reference.com/players/t/truckvi01.shtml	truckvi01	30	71	DET	2	0	35%	21	0	0		0	0	0	0	0	0	0	0	0	0	0	0	0	1	25%	5	5	0	0	0	0	3	1	2
1947	527	Thurman Tucker*	http://www.baseball-reference.com/players/t/tucketh01.shtml	tucketh01	29	293	CHW	3	0	27%	106	10	4	71%	7	3	0	1	0	0	2	0	2	0	0	0	2	1	52%	18	11	7	5	2	3	4	0	4
1947	528	Bob Usher	http://www.baseball-reference.com/players/u/usherbo01.shtml	usherbo01	22	24	CIN	1	0	17%	7	0			0	0	0	0	0	0	0	0	0	0	0	0	0	0	100%	0	0	0	1	0	1	0	0	0
1947	529	Elmer Valo*	http://www.baseball-reference.com/players/v/valoel01.shtml	valoel01	26	450	PHA	7	0	32%	158	11	3	79%	9	3	1	0	0	0	1	0	1	0	1	0	0	6	55%	19	13	6	9	1	8	12	4	8
1947	530	Johnny Vander Meer#	http://www.baseball-reference.com/players/v/vandejo01.shtml	vandejo01	32	69	CIN	1	0	33%	12	0			0	0	0	0	0	0	0	0	1	0	0	0	1	2	0%	1	1	0	0	0	0	1	1	0
1947	531	Arky Vaughan*	http://www.baseball-reference.com/players/v/vaughar01.shtml	vaughar01	35	153	BRO	1	0	33%	71	4			4	0	0	0	0	1	1	0	2	0	1	1	0	5	50%	13	8	4	2	1	1	5	0	5
1947	532	Emil Verban	http://www.baseball-reference.com/players/v/verbaem01.shtml	verbaem01	31	573	PHI	11	0	28%	198	5			3	4	1	0	0	1	0	0	6	0	3	2	1	5	63%	24	12	12	3	0	3	13	3	10
1947	533	Mickey Vernon*	http://www.baseball-reference.com/players/v/vernomi01.shtml	vernomi01	29	652	WSH	9	0	35%	206	12	12	50%	10	6	0	1	0	1	1	0	3	0	1	1	1	3	57%	27	11	15	7	4	3	12	3	8
1947	534	Bill Voiselle	http://www.baseball-reference.com/players/v/voisebi01.shtml	voisebi01	28	71	TOT	0	0	27%	18	0			0	0	0	0	0	0	0	0	0	0	0	0	0	0	0%	3	3	0	1	1	0	2	2	0
1947	535	Bill Voiselle	http://www.baseball-reference.com/players/v/voisebi01.shtml	voisebi01	28	15	NYG	0	0	0%	7	0			0	0	0	0	0	0	0	0	0	0	0	0	0	0	0%	1	1	0	0	0	0	0	0	0
1947	536	Bill Voiselle	http://www.baseball-reference.com/players/v/voisebi01.shtml	voisebi01	28	56	BSN	0	0	33%	11	0			0	0	0	0	0	0	0	0	0	0	0	0	0	0	0%	2	2	0	1	1	0	2	2	0
1947	537	Clyde Vollmer	http://www.baseball-reference.com/players/v/vollmcl01.shtml	vollmcl01	25	169	CIN	5	0	40%	71	0			0	1	0	0	0	0	0	0	1	0	1	0	0	1	47%	8	6	2	2	1	1	5	1	4
1947	538	Hal Wagner*	http://www.baseball-reference.com/players/w/wagneha01.shtml	wagneha01	31	297	TOT	2	0	18%	83	0	1	0%	0	0	0	1	0	0	0	0	3	0	0	2	1	3	44%	9	7	2	3	1	2	6	2	4
1947	539	Hal Wagner*	http://www.baseball-reference.com/players/w/wagneha01.shtml	wagneha01	31	75	BOS	1	0	21%	30	0	0		0	0	0	0	0	0	0	0	2	0	0	2	0	1	50%	3	3	0	0	0	0	3	0	3
1947	540	Hal Wagner*	http://www.baseball-reference.com/players/w/wagneha01.shtml	wagneha01	31	222	DET	1	0	18%	53	0	1	0%	0	0	0	1	0	0	0	0	1	0	0	0	1	2	42%	6	4	2	3	1	2	3	2	1
1947	541	Kermit Wahl	http://www.baseball-reference.com/players/w/wahlke01.shtml	wahlke01	24	88	CIN	0	0	28%	32	0			0	0	0	0	0	0	0	0	2	0	2	0	0	1	83%	3	1	2	1	0	1	2	0	2
1947	542	Eddie Waitkus*	http://www.baseball-reference.com/players/w/waitked01.shtml	waitked01	27	554	CHC	5	0	32%	203	3			1	2	0	0	0	0	0	0	4	0	1	2	1	14	40%	25	19	6	6	2	4	21	8	11
1947	543	Dick Wakefield*	http://www.baseball-reference.com/players/w/wakefdi01.shtml	wakefdi01	26	453	DET	1	0	29%	137	1	4	20%	1	2	0	0	0	0	1	0	3	0	1	1	1	2	29%	33	30	2	7	4	3	16	4	11
1947	544	Dixie Walker*	http://www.baseball-reference.com/players/w/walkedi02.shtml	walkedi02	36	637	BRO	4	0	27%	296	6			3	2	3	0	0	1	0	0	6	1	0	2	3	8	51%	53	30	22	6	1	4	25	8	17
1947	545	Harry Walker*	http://www.baseball-reference.com/players/w/walkeha01.shtml	walkeha01	30	597	TOT	9	0	32%	285	13			9	5	1	0	1	0	3	0	4	1	2	0	1	5	55%	36	19	17	11	8	3	15	1	14
1947	546	Harry Walker*	http://www.baseball-reference.com/players/w/walkeha01.shtml	walkeha01	30	29	STL	0	0	18%	16	0			0	0	0	0	0	0	0	0	1	0	1	0	0	0	100%	0	0	0	0	0	0	1	0	1
1947	547	Harry Walker*	http://www.baseball-reference.com/players/w/walkeha01.shtml	walkeha01	30	568	PHI	9	0	32%	269	13			9	5	1	0	1	0	3	0	3	1	1	0	1	5	54%	36	19	17	11	8	3	14	1	13
1947	548	Jack Wallaesa#	http://www.baseball-reference.com/players/w/wallaja02.shtml	wallaja02	27	229	CHW	3	0	31%	47	2	2	50%	0	1	1	0	0	0	0	0	0	0	0	0	0	1	57%	8	4	4	1	1	0	5	0	4
1947	549	Bucky Walters	http://www.baseball-reference.com/players/w/waltebu01.shtml	waltebu01	38	49	CIN	1	0	21%	19	0			0	0	0	0	0	0	0	0	0	0	0	0	0	2	50%	3	2	1	0	0	0	1	0	1
1947	550	Bennie Warren	http://www.baseball-reference.com/players/w/warrebe01.shtml	warrebe01	35	5	NYG	0	0	0%	4	0			0	0	0	0	0	0	0	0	0	0	0	0	0	0		0	0	0	0	0	0	0	0	0
1947	551	Jimmy Wasdell*	http://www.baseball-reference.com/players/w/wasdeji01.shtml	wasdeji01	33	1	CLE	0	0		0	0	0		0	0	0	0	0	0	0	0	0	0	0	0	0	0		0	0	0	0	0	0	0	0	0
1947	552	Skeeter Webb	http://www.baseball-reference.com/players/w/webbsk01.shtml	webbsk01	37	89	DET	2	0	36%	34	3	0	100%	0	0	1	0	0	0	0	0	0	0	0	0	0	1	56%	3	2	1	0	0	0	6	2	4
1947	553	Butch Wensloff	http://www.baseball-reference.com/players/w/wenslbu01.shtml	wenslbu01	31	21	NYY	0	0	17%	4	0	0		0	0	0	0	0	0	0	0	0	0	0	0	0	0		0	0	0	0	0	0	0	0	0
1947	554	Vic Wertz*	http://www.baseball-reference.com/players/w/wertzvi01.shtml	wertzvi01	22	383	DET	4	0	39%	115	2	0	100%	0	0	0	0	1	0	0	0	1	0	0	1	0	0	53%	12	10	2	5	3	2	17	3	14
1947	555	Wally Westlake	http://www.baseball-reference.com/players/w/westlwa01.shtml	westlwa01	26	443	PIT	6	0	34%	133	5			5	4	0	0	0	0	1	0	5	0	1	3	1	2	59%	23	11	11	2	1	1	9	1	8
1947	556	Wes Westrum	http://www.baseball-reference.com/players/w/westrwe01.shtml	westrwe01	24	12	NYG	1	0	20%	7	0			0	0	0	0	0	0	0	0	0	0	0	0	0	0	0%	1	1	0	0	0	0	0	0	0
1947	557	Ernie White	http://www.baseball-reference.com/players/w/whiteer01.shtml	whiteer01	30	1	BSN	0	0	0%	3	0			0	0	0	0	0	0	0	0	0	0	0	0	0	0	0%	1	1	0	0	0	0	0	0	0
1947	558	Fuzz White*	http://www.baseball-reference.com/players/w/whitefu01.shtml	whitefu01	31	13	NYG	0	0	75%	4	0			0	0	0	0	0	0	0	0	0	0	0	0	0	2	100%	0	0	0	2	0	2	0	0	0
1947	559	Hal White	http://www.baseball-reference.com/players/w/whiteha01.shtml	whiteha01	28	21	DET	0	0	40%	3	0	0		0	0	0	0	0	0	0	0	0	0	0	0	0	0	0%	1	1	0	0	0	0	0	0	0
1947	560	Dick Whitman*	http://www.baseball-reference.com/players/w/whitmdi01.shtml	whitmdi01	26	12	BRO	1	0	20%	7	0			0	0	0	0	0	0	0	0	1	0	1	0	0	0		0	0	0	0	0	0	0	0	0
1947	561	Whitey Wietelmann#	http://www.baseball-reference.com/players/w/wietewh01.shtml	wietewh01	28	140	PIT	1	0	48%	55	0			0	1	0	0	0	0	0	0	1	0	1	0	0	2	68%	8	3	5	4	2	2	7	1	6
1947	562	Bill Wight*	http://www.baseball-reference.com/players/w/wightbi01.shtml	wightbi01	25	4	NYY	0	0	0%	3	0	0		0	0	0	0	0	0	0	0	0	0	0	0	0	0		0	0	0	0	0	0	0	0	0
1947	563	Del Wilber	http://www.baseball-reference.com/players/w/wilbede01.shtml	wilbede01	28	104	STL	0	0	25%	20	0			0	0	0	0	0	0	0	0	2	0	0	2	0	0	60%	3	1	2	0	0	0	2	1	1
1947	564	Ted Wilks	http://www.baseball-reference.com/players/w/wilkste01.shtml	wilkste01	31	7	STL	0	0	50%	4	0			0	0	0	0	0	0	0	0	0	0	0	0	0	0	50%	1	1	0	0	0	0	1	0	1
1947	565	Dewey Williams	http://www.baseball-reference.com/players/w/willide02.shtml	willide02	31	2	CHC	0	0		0	0			0	0	0	0	0	0	0	0	0	0	0	0	0	0		0	0	0	0	0	0	0	0	0
1947	566	Ted Williams*	http://www.baseball-reference.com/players/w/willite01.shtml	willite01	28	692	BOS	7	0	30%	259	0	1	0%	0	0	0	1	0	0	1	0	10	0	1	4	5	6	42%	46	33	13	8	4	1	30	7	21
1947	567	Les Willis*	http://www.baseball-reference.com/players/w/willile04.shtml	willile04	39	12	CLE	0	0	0%	1	0	0		0	0	0	0	0	0	0	0	0	0	0	0	0	0		0	0	0	0	0	0	0	0	0
1947	568	Mickey Witek	http://www.baseball-reference.com/players/w/witekmi01.shtml	witekmi01	31	175	NYG	4	0	40%	74	1			1	0	0	0	0	0	0	0	2	0	0	1	1	1	39%	11	9	2	2	1	1	5	1	4
1947	569	Jerry Witte	http://www.baseball-reference.com/players/w/witteje01.shtml	witteje01	31	111	SLB	1	0	9%	19	0	0		0	0	0	0	0	0	0	0	0	0	0	0	0	0	33%	2	1	1	1	1	0	0	0	0
1947	570	Roger Wolff	http://www.baseball-reference.com/players/w/wolffro01.shtml	wolffro01	36	15	TOT	0	0	0%	1	0	0		0	0	0	0	0	0	0	0	0	0	0	0	0	0		0	0	0	0	0	0	0	0	0
1947	571	Roger Wolff	http://www.baseball-reference.com/players/w/wolffro01.shtml	wolffro01	36	5	CLE	0	0		0	0	0		0	0	0	0	0	0	0	0	0	0	0	0	0	0		0	0	0	0	0	0	0	0	0
1947	572	Roger Wolff	http://www.baseball-reference.com/players/w/wolffro01.shtml	wolffro01	36	10	PIT	0	0	0%	1	0			0	0	0	0	0	0	0	0	0	0	0	0	0	0		0	0	0	0	0	0	0	0	0
1947	573	Gene Woodling*	http://www.baseball-reference.com/players/w/woodlge01.shtml	woodlge01	24	87	PIT	1	0	25%	22	0			0	2	0	0	0	0	0	0	0	0	0	0	0	2	67%	2	1	1	2	1	1	2	0	2
1947	574	Junior Wooten	http://www.baseball-reference.com/players/w/wooteju01.shtml	wooteju01	23	24	WSH	0	0	0%	1	1	0	100%	1	0	0	0	0	0	0	0	1	0	1	0	0	0		0	0	0	0	0	0	0	0	0
1947	575	Ed Wright	http://www.baseball-reference.com/players/w/wrighed01.shtml	wrighed01	28	24	BSN	0	0	75%	4	0			0	0	0	0	0	0	0	0	0	0	0	0	0	0	50%	1	1	0	0	0	0	1	0	1
1947	576	Taffy Wright*	http://www.baseball-reference.com/players/w/wrighta01.shtml	wrighta01	35	455	CHW	5	0	25%	174	8	6	57%	3	6	1	0	0	0	0	0	8	0	3	2	3	1	54%	24	15	9	7	4	3	17	1	14
1947	577	Early Wynn#	http://www.baseball-reference.com/players/w/wynnea01.shtml	wynnea01	27	121	WSH	0	0	13%	33	0	0		0	0	0	0	0	0	0	0	1	0	0	0	1	1	43%	6	4	2	0	0	0	1	0	1
1947	578	Johnny Wyrostek*	http://www.baseball-reference.com/players/w/wyrosjo01.shtml	wyrosjo01	27	524	PHI	5	0	34%	182	7			6	3	1	0	0	1	2	0	2	0	0	1	1	4	51%	24	15	9	11	6	5	14	3	11
1947	579	Hank Wyse	http://www.baseball-reference.com/players/w/wyseha01.shtml	wyseha01	29	51	CHC	2	0	43%	8	0			0	0	0	0	0	0	0	0	0	0	0	0	0	0	14%	3	3	0	2	2	0	2	1	1
1947	580	Rudy York	http://www.baseball-reference.com/players/y/yorkru01.shtml	yorkru01	33	644	TOT	6	0	20%	180	1	0	100%	1	0	0	0	0	0	2	0	8	0	2	2	4	0	29%	24	19	4	2	2	0	16	5	8
1947	581	Rudy York	http://www.baseball-reference.com/players/y/yorkru01.shtml	yorkru01	33	206	BOS	5	0	18%	57	0	0		0	0	0	0	0	0	0	0	1	0	1	0	0	0	29%	9	7	2	1	1	0	4	2	2
1947	582	Rudy York	http://www.baseball-reference.com/players/y/yorkru01.shtml	yorkru01	33	438	CHW	1	0	21%	123	1	0	100%	1	0	0	0	0	0	2	0	7	0	1	2	4	0	29%	15	12	2	1	1	0	12	3	6
1947	583	Eddie Yost	http://www.baseball-reference.com/players/y/yosted01.shtml	yosted01	20	485	WSH	5	0	35%	191	3	5	38%	1	6	0	0	1	0	1	0	1	0	0	0	1	6	44%	19	11	7	4	3	1	18	8	10
1947	584	Babe Young*	http://www.baseball-reference.com/players/y/youngba01.shtml	youngba01	31	418	TOT	4	0	32%	153	0			0	0	0	0	0	0	2	0	2	0	1	1	0	2	47%	24	16	8	6	2	4	15	5	9
1947	585	Babe Young*	http://www.baseball-reference.com/players/y/youngba01.shtml	youngba01	31	14	NYG	0	0	0%	2	0			0	0	0	0	0	0	0	0	0	0	0	0	0	0		0	0	0	0	0	0	0	0	0
1947	586	Babe Young*	http://www.baseball-reference.com/players/y/youngba01.shtml	youngba01	31	404	CIN	4	0	33%	151	0			0	0	0	0	0	0	2	0	2	0	1	1	0	2	47%	24	16	8	6	2	4	15	5	9
1947	587	Sal Yvars	http://www.baseball-reference.com/players/y/yvarssa01.shtml	yvarssa01	23	5	NYG		0	0%	0	0			0	0	0	0	0	0	0	0						0		0	0	0	0	0	0	0	0	0
1947	588	Al Zarilla*	http://www.baseball-reference.com/players/z/zarilal01.shtml	zarilal01	28	434	SLB	6	0	25%	143	3	6	33%	3	4	0	2	0	0	1	0	2	0	0	0	2	1	29%	15	13	2	4	3	1	9	2	5
1947	589	Benny Zientara	http://www.baseball-reference.com/players/z/zientbe01.shtml	zientbe01	29	453	CIN	5	0	45%	166	2			2	0	0	0	0	0	0	0	4	0	2	2	0	6	61%	28	11	16	10	6	4	11	1	10
1947	590	Sam Zoldak*	http://www.baseball-reference.com/players/z/zoldasa01.shtml	zoldasa01	28	62	SLB	1	0	31%	13	0	0		0	0	0	0	0	0	0	0	0	0	0	0	0	0	0%	1	1	0	1	1	0	0	0	0
1947	591	Bill Zuber	http://www.baseball-reference.com/players/z/zuberbi01.shtml	zuberbi01	34	17	BOS	0	0	0%	5	0	0		0	0	0	0	0	0	0	0	0	0	0	0	0	0		0	0	0	0	0	0	0	0	0
