1955,1,Al Aber*,/players/a/aberal01.shtml,aberal01,27,DET,80.0,346,86,,,9,2,10,6,3,5,4,20,8,3,40%,9,1,0,151,2,3,40%,2,2,0,0,0,1,0,0,2,0
1955,2,Ted Abernathy,/players/a/abernte02.shtml,abernte02,22,WSH,119.1,553,136,,,9,1,14,5,4,2,7,41,27,7,66%,9,2,2,242,6,5,55%,4,4,1,1,1,0,2,0,17,0
1955,3,Hank Aguirre*,/players/a/aguirha01.shtml,aguirha01,24,CLE,12.2,54,6,,,0,0,5,0,0,0,0,4,1,0,25%,0,1,0,23,1,0,100%,1,0,0,0,0,0,0,0,1,0
1955,4,Bob Alexander,/players/a/alexabo01.shtml,alexabo01,32,BAL,4.0,22,8,,,0,0,2,0,0,0,0,5,6,0,120%,0,1,0,12,0,0,,0,0,0,0,0,0,0,0,3,0
1955,5,Vicente Amor,/players/a/amorvi01.shtml,amorvi01,22,CHC,6.0,7,11,,,0,0,0,0,0,0,0,1,0,0,0%,0,1,0,1,1,1,50%,1,1,0,0,0,0,0,0,4,24
1955,6,John Andre,/players/a/andrejo01.shtml,andrejo01,32,CHC,45.0,165,45,,,7,0,5,4,0,3,1,11,5,0,45%,3,1,1,67,1,0,100%,1,0,0,0,0,0,0,0,4,42
1955,7,Johnny Antonelli*,/players/a/antonjo02.shtml,antonjo02,25,NYG,235.1,949,206,,,24,0,22,21,3,13,11,44,23,6,52%,18,3,2,337,4,6,40%,3,5,1,0,0,1,3,0,11,38
1955,8,Luis Arroyo*,/players/a/arroylu01.shtml,arroylu01,28,STL,159.0,602,162,,,22,0,16,12,6,6,12,30,13,5,43%,4,6,2,209,3,2,60%,2,0,1,2,0,0,3,1,13,89
1955,9,Fred Baczewski*,/players/b/baczefr01.shtml,baczefr01,29,CIN,1.0,5,2,,,2,0,0,2,0,2,0,0,0,0,,0,0,0,,0,0,,,,,,,,,,,0
1955,10,Frank Baumann*,/players/b/baumafr01.shtml,baumafr01,21,BOS,34.0,156,38,,,2,0,7,2,0,0,2,15,8,2,53%,3,2,1,61,1,1,50%,1,0,0,1,0,0,0,0,8,0
1955,11,Bill Bell,/players/b/bellbi01.shtml,bellbi01,21,PIT,1.0,4,0,,,0,0,0,0,0,0,0,0,0,0,,0,0,0,2,0,0,,0,0,0,0,0,0,0,0,0,0
1955,12,Don Bessent,/players/b/bessedo01.shtml,bessedo01,24,BRO,63.1,255,51,,,7,0,5,5,2,4,3,11,4,0,36%,1,1,0,98,2,1,67%,2,0,0,0,0,1,0,0,2,0
1955,13,Babe Birrer,/players/b/birreba01.shtml,birreba01,25,DET,80.1,343,77,,,9,1,14,7,2,3,6,14,6,1,43%,5,0,0,128,0,0,,0,0,0,0,0,0,0,0,2,0
1955,14,Charlie Bishop,/players/b/bishoch01.shtml,bishoch01,31,KCA,6.2,35,6,,,1,0,6,0,1,1,0,7,3,0,43%,0,0,0,9,1,0,100%,1,0,0,0,0,0,0,0,3,0
1955,15,Bud Black,/players/b/blackbu01.shtml,blackbu01,22,DET,14.0,63,12,,,0,0,3,0,0,0,0,6,3,0,50%,3,1,0,25,0,2,0%,0,0,0,0,0,2,1,0,2,0
1955,16,Joe Black,/players/b/blackjo02.shtml,blackjo02,31,TOT,117.2,498,121,,,14,1,15,8,6,9,5,21,12,2,57%,9,0,0,194,5,2,71%,4,2,1,0,0,0,0,0,8,2
1955,17,Joe Black,/players/b/blackjo02.shtml,blackjo02,31,BRO,15.1,62,15,,,1,0,4,0,1,1,0,7,3,1,43%,0,0,0,24,0,0,,0,0,0,0,0,0,0,0,3,0
1955,18,Joe Black,/players/b/blackjo02.shtml,blackjo02,31,CIN,102.1,436,106,,,13,1,11,8,5,8,5,14,9,1,64%,9,0,0,170,5,2,71%,4,2,1,0,0,0,0,0,5,2
1955,19,Ewell Blackwell,/players/b/blackew01.shtml,blackew01,32,KCA,4.0,18,3,,,1,0,0,0,1,1,0,0,0,0,,0,0,0,10,0,0,,0,0,0,0,0,0,0,0,0,0
1955,20,Roger Bowman*,/players/b/bowmaro01.shtml,bowmaro01,27,PIT,16.2,22,25,,,2,0,0,1,0,0,1,5,1,0,20%,0,4,0,11,1,0,100%,1,0,0,0,0,0,0,0,3,63
1955,21,Cloyd Boyer,/players/b/boyercl01.shtml,boyercl01,27,KCA,98.1,465,107,,,21,0,11,13,8,12,9,24,18,1,75%,8,3,0,204,4,4,50%,3,4,1,0,0,0,0,0,12,0
1955,22,Tom Brewer,/players/b/breweto01.shtml,breweto01,23,BOS,192.2,856,198,,,21,0,22,13,8,13,8,33,18,3,55%,11,7,0,337,3,6,33%,3,5,0,1,0,0,0,0,15,0
1955,23,Dick Brodowski,/players/b/brododi01.shtml,brododi01,22,BOS,32.0,152,36,,,5,0,9,5,0,5,0,16,7,1,44%,1,1,0,67,0,0,,0,0,0,0,0,0,0,0,7,0
1955,24,Hal Brown,/players/b/brownha01.shtml,brownha01,30,TOT,61.0,262,53,,,5,0,8,2,3,3,2,19,11,3,58%,4,3,2,109,0,1,0%,0,0,0,1,0,0,0,0,8,0
1955,25,Hal Brown,/players/b/brownha01.shtml,brownha01,30,BOS,4.0,16,2,,,0,0,0,0,0,0,0,1,1,0,100%,0,0,0,4,0,0,,0,0,0,0,0,0,0,0,0,0
1955,26,Hal Brown,/players/b/brownha01.shtml,brownha01,30,BAL,57.0,246,51,,,5,0,8,2,3,3,2,18,10,3,56%,4,3,2,105,0,1,0%,0,0,0,1,0,0,0,0,8,0
1955,27,Bob Buhl,/players/b/buhlbo01.shtml,buhlbo01,26,MLN,201.2,732,168,,,13,0,15,4,9,4,9,38,18,8,47%,14,2,2,281,4,6,40%,2,5,2,1,0,0,0,0,16,133
1955,28,Jim Bunning,/players/b/bunniji01.shtml,bunniji01,23,DET,51.0,241,59,,,8,0,14,3,5,3,5,18,6,3,33%,1,1,1,89,3,0,100%,2,0,1,0,0,0,0,0,5,0
1955,29,Lew Burdette,/players/b/burdele01.shtml,burdele01,28,MLN,230.0,842,253,,,25,1,8,11,11,5,17,28,19,1,68%,12,3,0,322,2,4,33%,2,2,0,1,0,1,1,0,7,160
1955,30,Pete Burnside*,/players/b/burnspe01.shtml,burnspe01,24,NYG,12.2,36,10,,,1,0,0,1,0,1,0,0,0,0,,1,0,0,15,0,0,,0,0,0,0,0,0,0,0,0,22
1955,31,Moe Burtschy,/players/b/burtsmo01.shtml,burtsmo01,33,KCA,11.1,58,17,,,0,0,8,0,0,0,0,10,6,0,60%,0,0,0,27,0,1,0%,0,0,0,1,0,0,0,0,1,0
1955,32,Harry Byrd,/players/b/byrdha01.shtml,byrdha01,30,TOT,156.1,666,149,,,17,0,11,10,7,8,9,29,15,3,52%,7,1,2,256,4,5,44%,4,5,0,0,0,0,2,1,9,0
1955,33,Harry Byrd,/players/b/byrdha01.shtml,byrdha01,30,BAL,65.1,287,64,,,7,0,6,3,4,2,5,9,4,0,44%,2,0,2,125,1,2,33%,1,2,0,0,0,0,0,0,6,0
1955,34,Harry Byrd,/players/b/byrdha01.shtml,byrdha01,30,CHW,91.0,379,85,,,10,0,5,7,3,6,4,20,11,3,55%,5,1,0,131,3,3,50%,3,3,0,0,0,0,2,1,3,0
1955,35,Tommy Byrne*,/players/b/byrneto01.shtml,byrneto01,35,NYY,160.0,689,137,,,12,1,21,10,2,5,7,38,18,4,47%,9,3,0,265,4,7,36%,4,7,0,0,0,0,0,0,14,0
1955,36,Art Ceccarelli*,/players/c/ceccaar01.shtml,ceccaar01,25,KCA,123.2,557,123,,,20,0,18,17,3,16,4,32,19,2,59%,9,4,1,212,2,2,50%,2,2,0,0,0,0,0,0,13,0
1955,37,Bob Chakales,/players/c/chakabo01.shtml,chakabo01,27,TOT,67.0,292,66,,,6,0,13,6,0,2,4,31,17,2,55%,4,2,0,131,7,2,78%,6,1,1,0,0,1,0,0,5,0
1955,38,Bob Chakales,/players/c/chakabo01.shtml,chakabo01,27,CHW,12.1,50,11,,,2,0,5,2,0,2,0,5,0,1,0%,0,0,0,18,1,0,100%,1,0,0,0,0,0,0,0,0,0
1955,39,Bob Chakales,/players/c/chakabo01.shtml,chakabo01,27,WSH,54.2,242,55,,,4,0,8,4,0,0,4,26,17,1,65%,4,2,0,113,6,2,75%,5,1,1,0,0,1,0,0,5,0
1955,40,Bubba Church,/players/c/churcbu01.shtml,churcbu01,30,CHC,3.1,2,4,,,1,0,0,0,0,0,0,1,0,0,0%,0,0,0,2,0,0,,0,0,0,0,0,0,0,0,0,13
1955,41,Webbo Clarke*,/players/c/clarkwe01.shtml,clarkwe01,27,WSH,21.1,93,17,,,2,0,1,2,0,1,1,4,1,1,25%,0,0,1,38,0,0,,0,0,0,0,0,0,0,0,1,0
1955,42,Hy Cohen,/players/c/cohenhy01.shtml,cohenhy01,24,CHC,17.0,39,28,,,2,0,3,1,0,0,1,9,5,0,56%,1,0,1,17,0,1,0%,0,1,0,0,0,0,0,0,2,47
1955,43,Dave Cole,/players/c/coleda01.shtml,coleda01,24,PHI,18.1,88,21,,,3,0,3,1,2,1,2,6,3,0,50%,2,1,0,42,1,1,50%,1,1,0,0,0,0,0,0,3,0
1955,44,Joe Coleman,/players/c/colemjo04.shtml,colemjo04,32,TOT,37.0,174,41,,,6,0,6,4,2,1,5,8,3,1,38%,1,1,0,83,3,1,75%,3,0,0,1,0,0,0,0,3,0
1955,45,Joe Coleman,/players/c/colemjo04.shtml,colemjo04,32,BAL,11.2,66,19,,,5,0,5,4,1,1,4,4,3,1,75%,1,0,0,35,2,0,100%,2,0,0,0,0,0,0,0,2,0
1955,46,Joe Coleman,/players/c/colemjo04.shtml,colemjo04,32,DET,25.1,108,22,,,1,0,1,0,1,0,1,4,0,0,0%,0,1,0,48,1,1,50%,1,0,0,1,0,0,0,0,1,0
1955,47,Rip Coleman*,/players/c/colemri01.shtml,colemri01,23,NYY,29.0,139,40,,,2,0,3,2,0,0,2,6,3,1,50%,1,0,0,61,2,1,67%,2,1,0,0,0,0,0,0,2,0
1955,48,Jackie Collum*,/players/c/colluja01.shtml,colluja01,28,CIN,134.0,545,128,,,17,0,8,12,5,13,4,20,11,2,55%,9,0,0,203,0,0,,0,0,0,0,0,0,6,0,2,1
1955,49,Gene Conley,/players/c/conlege01.shtml,conlege01,24,MLN,158.0,592,152,,,23,0,7,13,10,6,17,26,10,6,38%,12,2,1,234,7,8,47%,5,7,1,1,1,0,1,1,10,77
1955,50,Sandy Consuegra,/players/c/consusa01.shtml,consusa01,34,CHW,126.1,501,120,,,4,0,11,3,1,2,2,27,16,1,59%,8,2,0,179,2,4,33%,2,4,0,0,0,0,0,0,9,0
1955,51,Al Corwin,/players/c/corwial01.shtml,corwial01,28,NYG,24.2,111,25,,,3,0,11,3,0,2,1,7,2,1,29%,2,0,0,45,0,0,,0,0,0,0,0,0,0,0,3,5
1955,52,Glenn Cox,/players/c/coxgl01.shtml,coxgl01,24,KCA,2.1,19,11,,,0,0,0,0,0,0,0,2,2,0,100%,0,0,0,10,0,0,,0,0,0,0,0,0,0,0,0,0
1955,53,Walt Craddock*,/players/c/craddwa01.shtml,craddwa01,23,KCA,15.0,69,18,,,3,0,0,2,1,2,1,3,1,1,33%,1,0,1,32,0,0,,0,0,0,0,0,0,0,0,3,0
1955,54,Roger Craig,/players/c/craigro01.shtml,craigro01,25,BRO,90.2,388,81,,,8,0,6,4,4,5,3,18,7,1,39%,8,3,1,153,2,0,100%,2,0,0,0,0,0,0,0,5,0
1955,55,Leo Cristante,/players/c/cristle01.shtml,cristle01,28,DET,36.2,159,37,,,1,0,8,1,0,0,1,15,3,0,20%,3,0,0,62,1,0,100%,1,0,0,0,0,0,0,0,1,0
1955,56,Ray Crone,/players/c/cronera01.shtml,cronera01,23,MLN,140.1,476,117,,,11,1,9,4,7,6,5,25,12,1,48%,6,2,1,166,5,3,63%,4,1,1,1,0,0,0,0,4,92
1955,57,Bill Currie,/players/c/curribi01.shtml,curribi01,28,WSH,4.1,24,7,,,3,0,3,1,2,0,3,3,1,2,33%,1,1,0,10,1,0,100%,1,0,0,0,0,0,0,0,1,0
1955,58,Bud Daley*,/players/d/daleybu01.shtml,daleybu01,22,CLE,7.0,32,10,,,1,0,0,1,0,0,1,2,1,0,50%,0,0,0,14,1,0,100%,1,0,0,0,0,0,1,0,0,0
1955,59,Jim Davis*,/players/d/davisji01.shtml,davisji01,30,CHC,133.2,516,122,,,16,0,21,10,6,6,10,42,19,1,45%,7,7,5,182,7,4,64%,4,0,3,4,0,0,3,0,23,52
1955,60,Ike Delock,/players/d/delocik01.shtml,delocik01,25,BOS,143.2,623,136,,,17,0,16,14,3,10,7,37,17,6,46%,7,4,0,236,9,3,75%,8,3,1,0,0,0,1,0,6,0
1955,61,Murry Dickson,/players/d/dicksmu01.shtml,dicksmu01,38,PHI,216.0,886,190,,,27,0,17,10,16,12,14,42,19,5,45%,16,2,6,317,6,4,60%,6,4,0,0,0,0,1,0,18,19
1955,62,Art Ditmar,/players/d/ditmaar01.shtml,ditmaar01,26,KCA,175.1,770,180,,,23,0,21,13,10,11,12,34,19,1,56%,5,7,3,289,6,5,55%,5,5,1,0,0,0,0,0,16,5
1955,63,Sonny Dixon,/players/d/dixonso01.shtml,dixonso01,30,KCA,1.2,11,6,,,1,0,0,1,0,1,0,1,1,0,100%,0,0,0,8,0,0,,0,0,0,0,0,0,0,0,0,0
1955,64,Lino Donoso*,/players/d/donosli01.shtml,donosli01,32,PIT,95.0,333,106,,,16,0,12,8,5,3,10,17,9,2,53%,5,1,2,128,5,2,71%,4,2,1,0,0,0,1,0,12,85
1955,65,Dick Donovan,/players/d/donovdi01.shtml,donovdi01,27,CHW,187.0,774,186,,,17,1,7,8,9,7,10,17,9,1,53%,7,0,1,272,2,3,40%,2,3,0,0,0,0,0,0,7,0
1955,66,Fritz Dorish,/players/d/dorisha01.shtml,dorisha01,33,TOT,82.2,353,74,,,5,0,18,4,1,5,0,22,12,1,55%,6,2,2,137,3,3,50%,3,2,0,0,0,1,0,0,7,0
1955,67,Fritz Dorish,/players/d/dorisha01.shtml,dorisha01,33,CHW,17.0,73,16,,,0,0,5,0,0,0,0,5,2,0,40%,2,1,0,29,0,1,0%,0,1,0,0,0,0,0,0,2,0
1955,68,Fritz Dorish,/players/d/dorisha01.shtml,dorisha01,33,BAL,65.2,280,58,,,5,0,13,4,1,5,0,17,10,1,59%,4,1,2,108,3,2,60%,3,1,0,0,0,1,0,0,5,0
1955,69,John Edelman,/players/e/edelmjo01.shtml,edelmjo01,19,MLN,5.2,28,7,,,0,0,1,0,0,0,0,3,1,0,33%,0,0,1,17,1,0,100%,1,0,0,0,0,0,0,0,1,3
1955,70,Carl Erskine,/players/e/erskica01.shtml,erskica01,28,BRO,194.2,808,185,,,29,0,13,18,11,12,17,33,12,2,36%,9,4,0,274,2,7,22%,2,7,0,0,0,0,1,0,8,0
1955,71,Roy Face,/players/f/facero01.shtml,facero01,27,PIT,125.2,346,128,,,10,0,9,7,2,4,5,24,15,4,63%,4,3,2,145,4,4,50%,3,4,0,0,1,0,2,0,9,177
1955,72,Bob Feller,/players/f/fellebo01.shtml,fellebo01,36,CLE,83.0,340,71,,,7,0,3,3,4,3,4,15,7,0,47%,9,0,1,122,1,8,11%,1,8,0,0,0,0,0,0,5,0
1955,73,Don Ferrarese*,/players/f/ferrado01.shtml,ferrado01,26,BAL,9.0,43,8,,,0,0,7,0,0,0,0,10,2,1,20%,0,0,0,21,1,0,100%,1,0,0,0,0,0,0,0,1,0
1955,74,Maurice Fisher,/players/f/fishema01.shtml,fishema01,24,CIN,2.2,15,5,,,1,0,0,1,0,1,0,0,0,0,,0,0,0,11,0,0,,0,0,0,0,0,0,0,0,0,0
1955,75,Van Fletcher,/players/f/fletcva01.shtml,fletcva01,30,DET,12.0,54,13,,,1,0,1,1,0,0,1,3,2,1,67%,6,0,0,26,0,1,0%,0,1,0,0,0,0,0,0,0,0
1955,76,Ben Flowers,/players/f/flowebe01.shtml,flowebe01,28,TOT,33.1,102,32,,,2,0,0,1,1,2,0,3,3,0,100%,0,0,1,33,0,0,,0,0,0,0,0,0,0,0,2,42
1955,77,Ben Flowers,/players/f/flowebe01.shtml,flowebe01,28,DET,6.0,24,5,,,1,0,0,1,0,1,0,1,1,0,100%,0,0,0,8,0,0,,0,0,0,0,0,0,0,0,1,0
1955,78,Ben Flowers,/players/f/flowebe01.shtml,flowebe01,28,STL,27.1,78,27,,,1,0,0,0,1,1,0,2,2,0,100%,0,0,1,25,0,0,,0,0,0,0,0,0,0,0,1,42
1955,79,Whitey Ford*,/players/f/fordwh01.shtml,fordwh01,26,NYY,253.2,1024,188,,,20,0,20,15,5,7,13,36,11,6,31%,12,7,0,356,1,2,33%,1,2,0,0,0,0,3,0,16,0
1955,80,Mike Fornieles,/players/f/fornimi01.shtml,fornimi01,23,CHW,86.1,364,84,,,12,1,8,8,4,4,8,16,7,1,44%,3,2,0,147,1,0,100%,1,0,0,0,0,0,0,0,6,0
1955,81,Art Fowler,/players/f/fowlear01.shtml,fowlear01,32,CIN,207.2,868,198,,,20,0,15,13,7,8,12,42,20,4,48%,11,6,2,295,11,6,65%,9,5,2,0,0,1,0,0,22,0
1955,82,Paul Foytack,/players/f/foytapa01.shtml,foytapa01,24,DET,49.2,227,48,,,4,0,14,4,0,3,1,13,6,4,46%,0,4,2,95,1,2,33%,0,2,1,0,0,0,1,0,9,0
1955,83,Hersh Freeman,/players/f/freemhe01.shtml,freemhe01,26,TOT,93.1,393,95,,,3,0,19,0,3,1,2,36,14,2,39%,5,2,2,171,2,1,67%,2,1,0,0,0,0,0,0,10,1
1955,84,Hersh Freeman,/players/f/freemhe01.shtml,freemhe01,26,BOS,1.2,6,1,,,0,0,1,0,0,0,0,2,2,0,100%,0,0,1,5,0,0,,0,0,0,0,0,0,0,0,1,0
1955,85,Hersh Freeman,/players/f/freemhe01.shtml,freemhe01,26,CIN,91.2,387,94,,,3,0,18,0,3,1,2,34,12,2,35%,5,2,1,166,2,1,67%,2,1,0,0,0,0,0,0,9,1
1955,86,Marion Fricano,/players/f/fricama01.shtml,fricama01,31,KCA,20.0,83,19,,,2,0,1,2,0,0,2,4,5,0,125%,1,2,0,35,1,2,33%,1,2,0,0,0,0,0,0,3,0
1955,87,Bob Friend,/players/f/frienbo01.shtml,frienbo01,24,PIT,200.1,648,178,,,18,0,12,6,7,5,8,27,19,0,70%,15,0,2,247,10,2,83%,8,2,2,0,0,0,1,0,8,164
1955,88,Bill Froats*,/players/f/froatbi01.shtml,froatbi01,24,DET,2.0,7,0,,,0,0,0,0,0,0,0,0,0,0,,0,0,0,3,0,0,,0,0,0,0,0,0,0,0,0,0
1955,89,Mike Garcia,/players/g/garcimi01.shtml,garcimi01,31,CLE,210.2,894,230,,,17,0,20,8,9,11,6,42,24,4,57%,6,2,5,350,4,2,67%,4,2,0,0,0,0,1,0,9,0
1955,90,Ned Garver,/players/g/garvene01.shtml,garvene01,29,DET,230.2,992,251,,,21,2,32,7,14,12,9,62,36,4,58%,18,6,0,391,5,5,50%,5,3,0,0,0,2,3,0,19,0
1955,91,Al Gettel,/players/g/getteal01.shtml,getteal01,37,STL,17.0,74,26,,,6,0,1,5,1,1,5,4,3,0,75%,1,3,0,34,1,2,33%,1,2,0,0,0,0,0,0,5,12
1955,92,Paul Giel,/players/g/gielpa01.shtml,gielpa01,22,NYG,82.1,331,70,,,8,0,10,7,1,6,2,7,3,1,43%,4,0,1,140,4,2,67%,4,2,0,0,0,0,1,0,2,30
1955,93,Ruben Gomez,/players/g/gomezru01.shtml,gomezru01,27,NYG,185.1,705,207,,,20,1,7,12,6,12,6,30,14,4,47%,10,2,1,277,7,5,58%,5,5,2,0,0,0,2,0,9,104
1955,94,Vince Gonzales*,/players/g/gonzavi01.shtml,gonzavi01,29,WSH,2.0,15,6,,,0,0,1,0,0,0,0,1,0,0,0%,0,0,0,7,0,0,,0,0,0,0,0,0,0,0,0,0
1955,95,Charlie Gorin*,/players/g/gorinch01.shtml,gorinch01,27,MLN,0.1,5,1,,,0,0,1,0,0,0,0,1,1,0,100%,0,0,0,3,0,0,,0,0,0,0,0,0,0,0,0,0
1955,96,Tom Gorman,/players/g/gormato02.shtml,gormato02,30,KCA,109.0,443,98,,,11,0,26,7,3,8,2,46,24,6,52%,6,2,2,203,1,3,25%,1,2,0,0,0,1,0,0,10,7
1955,97,Johnny Gray,/players/g/grayjo01.shtml,grayjo01,28,KCA,26.2,129,28,,,2,0,11,2,0,0,2,15,7,1,47%,4,0,0,50,3,1,75%,2,1,1,0,0,0,0,0,2,0
1955,98,Ted Gray*,/players/g/grayte01.shtml,grayte01,30,TOT,23.1,121,38,,,4,0,2,2,2,2,2,13,6,2,46%,2,2,0,53,0,1,0%,0,1,0,0,0,0,0,0,4,0
1955,99,Ted Gray*,/players/g/grayte01.shtml,grayte01,30,CHW,3.0,20,9,,,0,0,0,0,0,0,0,2,1,0,50%,0,1,0,10,0,0,,0,0,0,0,0,0,0,0,1,0
1955,100,Ted Gray*,/players/g/grayte01.shtml,grayte01,30,CLE,2.0,13,5,,,1,0,0,1,0,0,1,1,1,0,100%,0,0,0,8,0,0,,0,0,0,0,0,0,0,0,0,0
1955,101,Ted Gray*,/players/g/grayte01.shtml,grayte01,30,NYY,3.0,11,3,,,0,0,0,0,0,0,0,1,1,0,100%,0,0,0,3,0,0,,0,0,0,0,0,0,0,0,1,0
1955,102,Ted Gray*,/players/g/grayte01.shtml,grayte01,30,BAL,15.1,77,21,,,3,0,2,1,2,2,1,9,3,2,33%,2,1,0,32,0,1,0%,0,1,0,0,0,0,0,0,2,0
1955,103,Bob Greenwood,/players/g/greenbo01.shtml,greenbo01,27,PHI,2.1,14,7,,,1,0,0,1,0,0,1,0,0,0,,0,0,0,6,0,0,,0,0,0,0,0,0,0,0,0,0
1955,104,Bob Grim,/players/g/grimbo01.shtml,grimbo01,25,NYY,92.1,398,81,,,9,0,16,6,3,4,5,27,13,3,48%,5,2,1,135,1,2,33%,1,2,0,0,0,0,0,0,11,0
1955,105,Marv Grissom,/players/g/grissma01.shtml,grissma01,37,NYG,89.1,305,76,,,6,0,17,3,2,5,0,17,7,3,41%,6,1,2,116,2,5,29%,2,5,0,0,0,0,0,0,7,77
1955,106,Steve Gromek,/players/g/gromest01.shtml,gromest01,35,DET,181.0,761,183,,,26,0,21,10,16,12,14,30,15,3,50%,8,1,0,273,5,4,56%,5,4,0,0,0,0,0,0,8,0
1955,107,Don Gross*,/players/g/grossdo01.shtml,grossdo01,24,CIN,67.1,287,79,,,11,0,3,10,1,7,4,11,5,2,45%,1,0,1,104,1,1,50%,1,1,0,0,0,0,0,0,5,0
1955,108,Al Grunwald*,/players/g/grunwal01.shtml,grunwal01,25,PIT,7.2,5,7,,,1,0,0,0,1,0,1,2,1,0,50%,0,0,0,2,0,0,,0,0,0,0,0,0,0,0,0,31
1955,109,Warren Hacker,/players/h/hackewa02.shtml,hackewa02,30,CHC,213.0,759,202,,,38,1,10,18,15,13,20,30,14,4,47%,12,3,2,225,6,2,75%,6,2,0,0,0,0,0,0,11,126
1955,110,Harvey Haddix*,/players/h/haddiha01.shtml,haddiha01,29,STL,208.0,669,216,,,27,0,12,18,7,13,12,22,14,3,64%,9,2,1,264,5,7,42%,3,7,2,0,0,0,0,0,7,219
1955,111,Dick Hall,/players/h/halldi01.shtml,halldi01,24,PIT,94.1,237,92,,,8,0,9,2,2,2,2,16,7,2,44%,1,0,0,84,1,0,100%,1,0,0,0,0,0,0,0,3,161
1955,112,Bill Harrington,/players/h/harribi02.shtml,harribi02,27,KCA,76.2,337,69,,,6,1,17,4,2,4,2,29,16,2,55%,7,1,2,133,4,1,80%,4,1,0,0,0,0,0,0,13,0
1955,113,Bob Harrison,/players/h/harribo02.shtml,harribo02,24,BAL,2.0,11,3,,,0,0,1,0,0,0,0,1,1,0,100%,0,0,0,5,0,0,,0,0,0,0,0,0,0,0,0,0
1955,114,Jack Harshman*,/players/h/harshja01.shtml,harshja01,27,CHW,179.1,761,144,,,16,2,19,13,3,7,9,34,13,8,38%,9,4,1,276,4,5,44%,3,5,1,0,0,0,0,0,11,0
1955,115,Jim Hearn,/players/h/hearnji01.shtml,hearnji01,34,NYG,226.2,811,225,,,27,0,12,15,9,12,12,31,18,5,58%,13,3,0,291,7,7,50%,6,4,1,1,0,1,0,0,11,141
1955,116,Bill Henry*,/players/h/henrybi01.shtml,henrybi01,27,BOS,59.2,254,56,,,7,0,4,5,2,1,6,12,9,1,75%,5,1,0,90,3,1,75%,2,1,1,0,0,0,0,0,6,0
1955,117,Ray Herbert,/players/h/herbera01.shtml,herbera01,25,KCA,87.2,395,99,,,10,1,13,6,4,6,4,36,20,3,56%,4,4,1,151,1,2,33%,1,2,0,0,0,0,0,0,13,0
1955,118,Dave Hillman,/players/h/hillmda01.shtml,hillmda01,27,CHC,57.2,212,63,,,10,0,2,7,1,2,6,15,8,0,53%,4,1,1,89,3,1,75%,2,1,1,0,0,0,0,0,8,47
1955,119,Billy Hoeft*,/players/h/hoeftbi01.shtml,hoeftbi01,23,DET,220.0,910,187,,,17,0,10,13,4,8,9,31,17,4,55%,7,3,2,336,8,3,73%,7,3,1,0,0,0,0,0,15,0
1955,120,Bob Hooper,/players/h/hoopebo01.shtml,hoopebo01,33,CIN,13.0,65,20,,,2,1,1,1,1,2,0,1,1,0,100%,2,0,0,35,0,0,,0,0,0,0,0,0,0,0,0,0
1955,121,Art Houtteman,/players/h/houttar01.shtml,houttar01,27,CLE,124.1,530,126,,,15,0,8,13,2,8,7,25,14,2,56%,8,0,1,217,4,5,44%,3,5,0,0,1,0,0,0,4,0
1955,122,Dixie Howell,/players/h/howeldi01.shtml,howeldi01,35,CHW,73.2,313,70,,,1,0,18,0,1,0,1,20,10,1,50%,7,3,0,142,0,0,,0,0,0,0,0,0,0,0,12,0
1955,123,Jim Hughes,/players/h/hugheji02.shtml,hugheji02,32,BRO,42.2,182,41,,,10,0,3,7,3,5,5,5,2,0,40%,3,3,0,72,1,0,100%,1,0,0,0,0,0,0,0,3,0
1955,124,Tom Hurd,/players/h/hurdto01.shtml,hurdto01,31,BOS,80.2,344,72,,,7,1,13,6,1,5,2,30,12,3,40%,6,3,0,140,4,2,67%,4,1,0,1,0,0,0,0,8,2
1955,125,Dick Hyde,/players/h/hydedi01.shtml,hydedi01,26,WSH,2.0,9,2,,,0,0,0,0,0,0,0,3,2,0,67%,0,0,0,5,0,0,,0,0,0,0,0,0,0,0,0,0
1955,126,Larry Jackson,/players/j/jacksla01.shtml,jacksla01,24,STL,177.1,678,189,,,25,0,14,10,13,13,10,31,16,4,52%,7,2,1,269,5,4,56%,3,2,2,1,0,1,2,0,9,97
1955,127,Tony Jacobs,/players/j/jacobto01.shtml,jacobto01,29,STL,2.0,13,6,,,1,0,1,1,0,0,1,3,3,0,100%,0,0,0,8,0,0,,0,0,0,0,0,0,0,0,0,0
1955,128,Joey Jay,/players/j/jayjo01.shtml,jayjo01,19,MLN,19.0,86,23,,,2,0,3,1,1,0,2,5,2,0,40%,0,1,1,34,3,2,60%,3,2,0,0,0,0,0,0,5,0
1955,129,Hal Jeffcoat,/players/j/jeffcha01.shtml,jeffcha01,30,CHC,100.2,384,107,,,5,0,13,3,2,1,4,27,14,2,52%,11,2,1,189,3,4,43%,3,2,0,0,0,1,0,0,6,69
1955,130,Connie Johnson,/players/j/johnsco01.shtml,johnsco01,32,CHW,99.0,438,95,,,5,0,11,2,3,1,4,16,6,2,38%,5,0,0,183,4,1,80%,4,0,0,1,0,0,0,0,2,0
1955,131,Don Johnson,/players/j/johnsdo03.shtml,johnsdo03,28,BAL,68.0,315,89,,,4,0,17,3,1,2,2,28,15,1,54%,2,3,1,136,2,3,40%,2,2,0,0,0,1,1,0,9,0
1955,132,Ernie Johnson,/players/j/johnser02.shtml,johnser02,31,MLN,92.0,336,81,,,5,0,19,3,2,3,2,23,10,2,43%,5,3,0,144,1,2,33%,1,2,0,0,0,0,0,0,5,68
1955,133,Dave Jolly,/players/j/jollyda01.shtml,jollyda01,30,MLN,58.1,230,58,,,6,0,13,2,3,2,3,21,11,1,52%,8,4,0,112,2,3,40%,2,3,0,0,0,0,0,0,1,53
1955,134,Gordon Jones,/players/j/jonesgo01.shtml,jonesgo01,25,STL,57.0,166,66,,,10,0,6,3,5,4,4,10,4,3,40%,1,0,0,65,1,1,50%,1,0,0,0,0,0,0,0,1,96
1955,135,Sam Jones,/players/j/jonessa02.shtml,jonessa02,29,CHC,241.2,879,175,,,22,1,22,12,9,9,12,42,17,12,40%,7,5,4,342,11,8,58%,10,8,1,0,0,0,0,0,15,191
1955,136,Don Kaiser,/players/k/kaisedo01.shtml,kaisedo01,20,CHC,18.1,64,20,,,2,0,0,1,1,1,1,1,0,1,0%,1,1,1,24,0,1,0%,0,1,0,0,0,0,0,0,2,15
1955,137,Bob Keegan,/players/k/keegabo01.shtml,keegabo01,34,CHW,58.2,283,83,,,4,0,4,2,2,3,1,13,11,2,85%,2,0,1,148,1,1,50%,1,0,0,1,0,0,0,0,5,0
1955,138,Alex Kellner*,/players/k/kellnal01.shtml,kellnal01,30,KCA,162.2,676,164,,,18,0,14,14,2,13,3,29,15,1,52%,12,3,0,269,2,0,100%,2,0,0,0,0,0,4,0,10,28
1955,139,Russ Kemmerer,/players/k/kemmeru01.shtml,kemmeru01,24,BOS,17.1,82,18,,,3,1,1,1,2,2,1,3,1,0,33%,0,2,1,34,1,0,100%,1,0,0,0,0,0,0,0,4,0
1955,140,Gus Keriazakos,/players/k/keriagu01.shtml,keriagu01,23,KCA,11.2,54,15,,,4,0,1,3,1,0,4,4,3,0,75%,0,1,0,19,1,1,50%,0,1,1,0,0,0,0,0,3,0
1955,141,Leo Kiely*,/players/k/kielyle01.shtml,kielyle01,25,BOS,90.0,379,91,,,5,0,18,5,0,3,2,24,9,3,38%,8,1,0,158,1,2,33%,1,1,0,1,0,0,0,0,2,4
1955,142,Ellis Kinder,/players/k/kindeel01.shtml,kindeel01,40,BOS,66.2,271,57,,,4,0,11,3,1,2,2,26,9,5,35%,3,1,0,129,1,0,100%,1,0,0,0,0,0,0,0,5,0
1955,143,Nellie King,/players/k/kingne01.shtml,kingne01,27,PIT,54.1,221,60,,,2,0,5,0,1,1,0,12,8,1,67%,3,0,1,87,5,4,56%,4,4,1,0,0,0,1,1,5,11
1955,144,Thornton Kipper,/players/k/kippeth01.shtml,kippeth01,26,PHI,39.2,182,47,,,4,0,6,3,1,3,1,13,3,1,23%,0,2,0,73,2,2,50%,2,2,0,0,0,0,0,0,3,0
1955,145,Bobby Kline,/players/k/klinebo02.shtml,klinebo02,26,WSH,1.0,8,4,,,1,0,0,1,0,0,1,0,0,0,,0,0,0,6,0,0,,0,0,0,0,0,0,0,0,0,0
1955,146,Ron Kline,/players/k/klinero01.shtml,klinero01,23,PIT,136.2,451,161,,,13,0,7,1,7,1,7,24,15,0,63%,10,2,1,187,9,6,60%,9,5,0,1,0,0,0,0,11,159
1955,147,Johnny Klippstein,/players/k/klippjo01.shtml,klippjo01,27,CIN,138.0,588,120,,,13,1,21,10,3,9,4,27,17,4,63%,11,6,2,230,2,6,25%,2,4,0,2,0,0,0,0,13,0
1955,148,Jim Konstanty,/players/k/konstji01.shtml,konstji01,38,NYY,73.2,311,68,,,5,0,26,5,0,3,2,30,16,0,53%,6,0,0,128,3,0,100%,3,0,0,0,0,0,0,0,7,0
1955,149,Dave Koslo*,/players/k/kosloda01.shtml,kosloda01,35,MLN,0.0,1,1,,,1,0,0,0,1,0,1,0,0,0,,0,0,0,,0,0,,,,,,,,,,,0
1955,150,Sandy Koufax*,/players/k/koufasa01.shtml,koufasa01,19,BRO,41.2,183,33,,,2,0,6,1,1,0,2,9,3,1,33%,2,2,0,74,1,0,100%,0,0,1,0,0,0,0,0,6,0
1955,151,Lou Kretlow,/players/k/kretllo01.shtml,kretllo01,34,BAL,38.1,192,50,,,3,0,5,3,0,1,2,17,13,2,76%,2,4,1,93,3,1,75%,3,1,0,0,0,0,0,0,13,0
1955,152,Johnny Kucks,/players/k/kucksjo01.shtml,kucksjo01,22,NYY,126.2,537,122,,,8,0,14,4,4,4,4,33,13,1,39%,7,3,0,197,3,0,100%,3,0,0,0,0,0,2,0,5,0
1955,153,Mike Kume,/players/k/kumemi01.shtml,kumemi01,29,KCA,23.2,121,35,,,1,0,1,1,0,0,1,11,7,0,64%,2,5,1,59,0,0,,0,0,0,0,0,0,0,0,11,0
1955,154,Bob Kuzava*,/players/k/kuzavbo01.shtml,kuzavbo01,32,TOT,44.2,201,57,,,5,0,3,3,2,2,3,14,11,0,79%,2,1,0,78,0,1,0%,0,1,0,0,0,0,0,0,4,4
1955,155,Bob Kuzava*,/players/k/kuzavbo01.shtml,kuzavbo01,32,BAL,12.1,50,10,,,0,0,2,0,0,0,0,5,5,0,100%,1,1,0,19,0,1,0%,0,1,0,0,0,0,0,0,4,1
1955,156,Bob Kuzava*,/players/k/kuzavbo01.shtml,kuzavbo01,32,PHI,32.1,151,47,,,5,0,1,3,2,2,3,9,6,0,67%,1,0,0,59,0,0,,0,0,0,0,0,0,0,0,0,3
1955,157,Clem Labine,/players/l/labincl01.shtml,labincl01,28,BRO,144.1,592,121,,,12,1,14,9,3,6,6,25,16,3,64%,9,5,0,212,3,5,38%,2,5,1,0,0,0,1,0,6,0
1955,158,Jerry Lane,/players/l/laneje01.shtml,laneje01,29,CIN,11.0,48,11,,,2,0,1,1,1,2,0,4,2,0,50%,0,0,0,21,0,1,0%,0,1,0,0,0,0,0,0,1,0
1955,159,Paul LaPalme*,/players/l/lapalpa01.shtml,lapalpa01,31,STL,91.2,332,76,,,10,0,17,7,2,4,5,25,11,2,44%,5,1,1,117,7,0,100%,3,0,3,0,1,0,0,0,13,46
1955,160,Don Larsen,/players/l/larsedo01.shtml,larsedo01,25,NYY,97.0,412,81,,,8,0,9,5,3,4,4,13,8,0,62%,2,1,0,159,1,3,25%,1,3,0,0,0,0,1,0,4,0
1955,161,Frank Lary,/players/l/laryfr01.shtml,laryfr01,25,DET,235.0,996,232,,,10,1,21,6,4,5,5,47,27,9,57%,15,7,2,378,9,12,43%,8,10,1,2,0,0,1,0,21,0
1955,162,Tom Lasorda*,/players/l/lasorto01.shtml,lasorto01,27,BRO,4.0,24,5,,,1,0,0,0,1,0,1,7,4,3,57%,0,4,0,8,0,0,,0,0,0,0,0,0,0,0,8,0
1955,163,Vern Law,/players/l/lawve01.shtml,lawve01,25,PIT,200.2,662,221,,,19,0,19,8,7,6,9,48,19,4,40%,11,5,6,275,6,7,46%,5,5,1,2,0,0,1,1,17,204
1955,164,Brooks Lawrence,/players/l/lawrebr01.shtml,lawrebr01,30,STL,96.0,340,102,,,11,1,13,5,3,1,7,29,16,4,55%,5,2,0,139,2,4,33%,2,4,0,0,0,0,1,1,6,101
1955,165,Bob Lemon,/players/l/lemonbo01.shtml,lemonbo01,34,CLE,211.1,909,218,,,17,0,23,9,8,13,4,46,26,4,57%,10,8,0,333,2,7,22%,2,6,0,0,0,1,1,0,12,0
1955,166,Don Liddle*,/players/l/liddldo01.shtml,liddldo01,30,NYG,106.1,456,97,,,18,0,13,13,4,11,6,22,8,2,36%,6,0,1,173,0,0,,0,0,0,0,0,0,0,0,5,11
1955,167,Dick Littlefield*,/players/l/littldi01.shtml,littldi01,29,PIT,130.0,355,148,,,15,1,22,8,1,4,5,34,15,4,44%,10,5,1,142,3,6,33%,3,4,0,1,0,0,0,0,8,243
1955,168,Chuck Locke,/players/l/lockech01.shtml,lockech01,23,BAL,3.0,11,0,,,0,0,0,0,0,0,0,0,0,0,,1,0,0,5,0,0,,0,0,0,0,0,0,0,0,0,0
1955,169,Billy Loes,/players/l/loesbi01.shtml,loesbi01,25,BRO,128.0,539,116,,,16,0,11,8,8,10,6,17,8,1,47%,5,1,1,186,3,3,50%,2,2,1,1,0,0,1,0,5,0
1955,170,Eddie Lopat*,/players/l/lopated01.shtml,lopated01,37,TOT,135.2,574,158,,,20,0,9,14,6,8,12,18,9,1,50%,8,1,2,207,3,5,38%,3,5,0,0,0,0,0,0,10,0
1955,171,Eddie Lopat*,/players/l/lopated01.shtml,lopated01,37,NYY,86.2,364,101,,,12,0,4,8,4,3,9,11,3,1,27%,5,0,1,134,3,3,50%,3,3,0,0,0,0,0,0,2,0
1955,172,Eddie Lopat*,/players/l/lopated01.shtml,lopated01,37,BAL,49.0,210,57,,,8,0,5,6,2,5,3,7,6,0,86%,3,1,1,73,0,2,0%,0,2,0,0,0,0,0,0,8,0
1955,173,Lynn Lovenguth,/players/l/lovenly01.shtml,lovenly01,32,PHI,18.0,82,17,,,1,0,4,0,1,0,1,8,5,2,63%,0,1,0,34,0,1,0%,0,1,0,0,0,0,0,0,4,0
1955,174,Duke Maas,/players/m/maasdu01.shtml,maasdu01,26,DET,86.2,393,91,,,7,1,19,5,2,2,5,21,12,1,57%,4,2,0,140,2,1,67%,2,1,0,0,0,0,0,0,7,0
1955,175,John Mackinson,/players/m/mackijo01.shtml,mackijo01,31,STL,20.2,73,24,,,3,0,5,1,1,0,2,8,6,0,75%,2,1,0,30,1,0,100%,1,0,0,0,0,0,0,0,4,25
1955,176,Sal Maglie,/players/m/maglisa01.shtml,maglisa01,38,TOT,155.1,622,168,,,18,0,11,12,4,9,7,33,14,4,42%,8,0,0,247,6,2,75%,6,2,0,0,0,0,0,0,9,60
1955,177,Sal Maglie,/players/m/maglisa01.shtml,maglisa01,38,NYG,129.2,510,142,,,18,0,7,12,4,9,7,26,10,4,38%,5,0,0,205,4,2,67%,4,2,0,0,0,0,0,0,9,60
1955,178,Sal Maglie,/players/m/maglisa01.shtml,maglisa01,38,CLE,25.2,112,26,,,0,0,4,0,0,0,0,7,4,0,57%,3,0,0,42,2,0,100%,2,0,0,0,0,0,0,0,0,0
1955,179,Dick Marlowe,/players/m/marlodi01.shtml,marlodi01,26,DET,15.0,59,12,,,1,0,1,1,0,1,0,1,0,1,0%,1,1,0,18,0,0,,0,0,0,0,0,0,0,0,1,0
1955,180,Morrie Martin*,/players/m/martimo01.shtml,martimo01,32,CHW,52.0,227,50,,,4,0,11,4,0,3,1,18,7,2,39%,5,0,1,106,3,0,100%,2,0,0,0,1,0,0,0,4,0
1955,181,Paul Martin,/players/m/martipa02.shtml,martipa02,23,PIT,7.0,45,13,,,0,0,3,0,0,0,0,8,6,0,75%,0,1,0,26,3,2,60%,1,2,2,0,0,0,0,0,7,4
1955,182,Windy McCall*,/players/m/mccalwi01.shtml,mccalwi01,29,NYG,95.0,343,86,,,8,0,8,3,4,2,5,13,5,0,38%,3,2,1,126,3,0,100%,2,0,0,0,1,0,0,0,4,57
1955,183,Lindy McDaniel,/players/m/mcdanli01.shtml,mcdanli01,19,STL,19.0,83,22,,,4,1,2,3,1,3,1,7,2,0,29%,2,0,1,28,1,1,50%,1,1,0,0,0,0,1,0,2,1
1955,184,Mickey McDermott*,/players/m/mcdermi03.shtml,mcdermi03,26,WSH,156.0,703,140,,,9,0,18,7,2,0,9,28,17,2,61%,10,4,2,314,4,3,57%,3,3,1,0,0,0,4,1,12,0
1955,185,Jim McDonald,/players/m/mcdonji04.shtml,mcdonji04,28,BAL,51.2,253,76,,,5,0,8,4,1,0,5,16,11,1,69%,3,1,1,104,3,1,75%,3,1,0,0,0,0,1,0,4,0
1955,186,Jack Meyer,/players/m/meyerja01.shtml,meyerja01,23,PHI,110.1,454,75,,,14,0,15,8,3,3,8,28,11,9,39%,4,6,1,190,4,4,50%,4,4,0,0,0,0,1,1,11,16
1955,187,Russ Meyer,/players/m/meyerru01.shtml,meyerru01,31,BRO,73.0,327,86,,,8,1,10,6,2,4,4,24,12,0,50%,2,3,0,129,1,1,50%,0,0,1,0,0,1,1,0,12,0
1955,188,Bill Miller*,/players/m/millebi04.shtml,millebi04,27,BAL,4.0,25,3,,,0,0,5,0,0,0,0,3,2,0,67%,1,0,0,10,0,0,,0,0,0,0,0,0,0,0,0,0
1955,189,Bob Miller,/players/m/millebo02.shtml,millebo02,29,PHI,89.2,355,80,,,6,1,18,4,2,4,2,26,9,3,35%,6,1,1,132,5,1,83%,4,1,1,0,0,0,0,0,9,16
1955,190,Bob Miller*,/players/m/millebo03.shtml,millebo03,19,DET,25.1,112,26,,,4,0,2,3,1,2,2,5,3,0,60%,2,1,0,50,1,1,50%,1,0,0,1,0,0,0,0,2,0
1955,191,Rudy Minarcin,/players/m/minarru01.shtml,minarru01,25,CIN,115.2,505,116,,,17,0,17,7,10,5,12,39,16,2,41%,10,4,3,181,4,3,57%,4,2,0,1,0,0,1,0,13,0
1955,192,Paul Minner*,/players/m/minnepa01.shtml,minnepa01,31,CHC,157.2,484,173,,,15,0,9,8,4,6,6,22,11,1,50%,3,2,0,185,5,2,71%,4,2,1,0,0,0,0,0,8,191
1955,193,Herb Moford,/players/m/moforhe01.shtml,moforhe01,26,STL,24.0,111,29,,,5,1,8,3,2,1,4,18,11,0,61%,3,3,0,39,1,0,100%,0,0,1,0,0,0,0,0,7,7
1955,194,Ramon Monzant,/players/m/monzara01.shtml,monzara01,22,NYG,94.2,290,98,,,11,0,11,4,3,3,4,14,6,1,43%,2,2,0,114,2,5,29%,2,5,0,0,0,0,0,0,4,120
1955,195,Ray Moore,/players/m/moorera02.shtml,moorera02,29,BAL,151.2,658,128,,,14,1,16,10,4,7,7,30,15,3,50%,14,3,2,269,6,6,50%,6,4,0,2,0,0,2,0,11,0
1955,196,Tom Morgan,/players/m/morgato01.shtml,morgato01,25,NYY,72.0,307,72,,,3,1,17,2,1,1,2,27,13,2,48%,5,0,1,128,1,0,100%,1,0,0,0,0,0,0,0,2,0
1955,197,Don Mossi*,/players/m/mossido01.shtml,mossido01,26,CLE,81.2,346,81,,,4,0,10,1,3,2,2,18,11,3,61%,7,2,0,165,1,0,100%,1,0,0,0,0,0,0,0,6,1
1955,198,Ron Mrozinski*,/players/m/mroziro01.shtml,mroziro01,24,PHI,34.1,154,38,,,2,0,4,1,1,1,1,12,6,0,50%,1,1,0,62,1,1,50%,1,1,0,0,0,0,0,0,7,2
1955,199,Ray Narleski,/players/n/narlera01.shtml,narlera01,26,CLE,111.2,472,91,,,11,1,22,8,3,4,7,30,13,5,43%,3,3,2,197,3,1,75%,3,1,0,0,0,0,1,1,11,0
1955,200,Ron Negray,/players/n/negraro01.shtml,negraro01,25,PHI,71.2,295,71,,,13,1,6,5,6,8,3,13,7,0,54%,3,3,1,94,3,2,60%,3,2,0,0,0,0,0,0,6,6
1955,201,Don Newcombe,/players/n/newcodo01.shtml,newcodo01,29,BRO,233.2,943,222,,,35,0,8,26,9,17,18,30,16,6,53%,14,0,2,309,5,5,50%,4,4,0,0,1,1,0,0,9,0
1955,202,Hal Newhouser*,/players/n/newhoha01.shtml,newhoha01,34,CLE,2.1,12,1,,,0,0,1,0,0,0,0,2,1,0,50%,0,1,0,4,0,0,,0,0,0,0,0,0,0,0,3,0
1955,203,Chet Nichols*,/players/n/nichoch02.shtml,nichoch02,24,MLN,144.0,596,139,,,20,1,16,11,9,6,14,36,17,3,47%,13,3,0,230,4,4,50%,3,3,1,1,0,0,2,0,8,29
1955,204,Willard Nixon,/players/n/nixonwi01.shtml,nixonwi01,27,BOS,208.0,901,207,,,10,0,19,4,6,7,3,47,25,6,53%,12,4,2,330,10,5,67%,9,5,1,0,0,0,0,0,14,2
1955,205,Joe Nuxhall*,/players/n/nuxhajo01.shtml,nuxhajo01,26,CIN,257.0,1060,240,,,25,0,13,20,5,13,12,42,18,6,43%,14,5,0,396,5,5,50%,4,5,1,0,0,0,1,0,14,2
1955,206,Jim Owens,/players/o/owensji01.shtml,owensji01,21,PHI,8.2,43,13,,,2,0,0,2,0,2,0,2,1,0,50%,0,0,0,21,0,2,0%,0,1,0,1,0,0,0,0,0,0
1955,207,Phil Paine,/players/p/paineph01.shtml,paineph01,25,MLN,25.1,94,20,,,2,0,5,2,0,1,1,7,4,1,57%,3,1,0,42,0,1,0%,0,1,0,0,0,0,0,0,6,15
1955,208,Erv Palica,/players/p/palicer01.shtml,palicer01,27,BAL,169.2,741,165,,,10,0,12,7,2,2,7,53,32,4,60%,9,5,3,301,8,7,53%,6,7,1,0,1,0,1,0,26,0
1955,209,Al Papai,/players/p/papaial01.shtml,papaial01,38,CHW,11.2,52,10,,,1,0,0,1,0,0,1,5,2,1,40%,1,0,0,24,2,0,100%,2,0,0,0,0,0,0,0,1,0
1955,210,Mel Parnell*,/players/p/parneme01.shtml,parneme01,33,BOS,46.0,226,62,,,12,0,4,12,0,10,2,11,6,1,55%,4,0,0,95,1,0,100%,1,0,0,0,0,0,0,0,5,0
1955,211,Camilo Pascual,/players/p/pascuca02.shtml,pascuca02,21,WSH,129.0,593,158,,,5,0,38,3,2,2,3,57,32,9,56%,8,2,2,258,5,6,45%,5,5,0,1,0,0,0,0,17,11
1955,212,Jim Pearce,/players/p/pearcji01.shtml,pearcji01,30,CIN,3.1,18,8,,,0,0,0,0,0,0,0,4,3,0,75%,1,0,0,6,0,0,,0,0,0,0,0,0,0,0,1,0
1955,213,Laurin Pepper,/players/p/peppela01.shtml,peppela01,24,PIT,20.0,103,30,,,5,1,4,3,2,3,2,10,7,0,70%,1,2,1,47,1,1,50%,1,1,0,0,0,0,0,0,8,8
1955,214,Harry Perkowski*,/players/p/perkoha01.shtml,perkoha01,32,CHC,47.2,100,53,,,3,0,6,1,1,1,1,6,4,1,67%,2,1,0,38,1,0,100%,0,0,0,0,1,0,1,0,3,115
1955,215,Billy Pierce*,/players/p/piercbi02.shtml,piercbi02,28,CHW,205.2,836,162,,,16,0,18,13,3,6,10,26,15,2,58%,13,4,0,283,6,4,60%,5,3,1,1,0,0,3,0,6,0
1955,216,Duane Pillette,/players/p/pilledu01.shtml,pilledu01,32,BAL,20.2,105,31,,,0,0,4,0,0,0,0,10,4,1,40%,1,1,0,54,4,0,100%,3,0,1,0,0,0,0,0,2,0
1955,217,Bud Podbielan,/players/p/podbibu01.shtml,podbibu01,31,CIN,42.0,171,36,,,4,0,7,3,1,1,3,11,4,3,36%,2,2,1,49,0,1,0%,0,1,0,0,0,0,0,0,7,0
1955,218,Johnny Podres*,/players/p/podrejo01.shtml,podrejo01,22,BRO,159.1,684,160,,,15,0,11,13,2,8,7,23,13,5,57%,8,5,1,249,4,2,67%,4,2,0,0,0,0,1,0,9,0
1955,219,Tom Poholsky,/players/p/poholto01.shtml,poholto01,25,STL,151.0,508,143,,,26,0,10,9,10,8,11,29,10,3,34%,7,4,1,163,4,0,100%,4,0,0,0,0,0,0,0,6,118
1955,220,Howie Pollet*,/players/p/polleho01.shtml,polleho01,34,CHC,61.0,137,62,,,11,0,3,4,2,2,4,6,4,0,67%,2,2,1,45,2,1,67%,2,1,0,0,0,0,0,0,5,130
1955,221,Bob Porterfield,/players/p/portebo01.shtml,portebo01,31,WSH,178.0,771,197,,,14,0,9,9,5,6,8,51,27,1,53%,11,0,3,294,3,3,50%,3,2,0,1,0,0,1,0,9,0
1955,222,Arnie Portocarrero,/players/p/portoar01.shtml,portoar01,23,KCA,111.1,504,109,,,12,0,14,7,5,8,4,19,10,1,53%,10,0,0,207,0,3,0%,0,3,0,0,0,0,1,0,6,1
1955,223,Bob Purkey,/players/p/purkebo01.shtml,purkebo01,25,PIT,67.2,223,77,,,5,0,3,3,1,2,2,9,4,0,44%,4,1,2,89,3,1,75%,2,0,1,1,0,0,0,0,2,75
1955,224,Pedro Ramos,/players/r/ramospe01.shtml,ramospe01,20,WSH,130.0,546,121,,,13,0,13,5,8,3,10,36,17,1,47%,9,2,3,214,4,5,44%,4,5,0,0,0,0,0,0,17,1
1955,225,Vic Raschi,/players/r/raschvi01.shtml,raschvi01,36,TOT,103.0,476,137,,,10,1,11,7,3,6,4,24,10,2,42%,9,2,1,190,7,3,70%,6,2,0,1,1,0,1,0,8,1
1955,226,Vic Raschi,/players/r/raschvi01.shtml,raschvi01,36,STL,1.2,11,5,,,0,0,0,0,0,0,0,2,2,0,100%,0,0,0,7,0,0,,0,0,0,0,0,0,0,0,1,0
1955,227,Vic Raschi,/players/r/raschvi01.shtml,raschvi01,36,KCA,101.1,465,132,,,10,1,11,7,3,6,4,22,8,2,36%,9,2,1,183,7,3,70%,6,2,0,1,1,0,1,0,7,1
1955,228,Steve Ridzik,/players/r/ridzist01.shtml,ridzist01,26,TOT,41.0,185,42,,,5,0,9,3,2,4,1,11,6,0,55%,5,3,0,72,1,2,33%,0,2,1,0,0,0,0,0,5,0
1955,229,Steve Ridzik,/players/r/ridzist01.shtml,ridzist01,26,PHI,11.0,51,7,,,1,0,1,0,1,0,1,1,0,0,0%,2,1,0,20,0,0,,0,0,0,0,0,0,0,0,1,0
1955,230,Steve Ridzik,/players/r/ridzist01.shtml,ridzist01,26,CIN,30.0,134,35,,,4,0,8,3,1,4,0,10,6,0,60%,3,2,0,52,1,2,33%,0,2,1,0,0,0,0,0,4,0
1955,231,Robin Roberts,/players/r/roberro01.shtml,roberro01,28,PHI,305.0,1204,292,,,41,1,12,20,17,18,19,50,15,12,30%,19,3,5,394,8,3,73%,7,3,1,0,0,0,0,0,13,52
1955,232,Humberto Robinson,/players/r/robinhu01.shtml,robinhu01,25,MLN,38.0,154,31,,,1,0,7,1,0,1,0,9,6,0,67%,0,1,0,61,1,2,33%,1,2,0,0,0,0,0,0,5,10
1955,233,Ed Roebuck,/players/r/roebued01.shtml,roebued01,23,BRO,84.0,368,96,,,14,1,13,9,5,8,6,29,16,3,55%,9,3,0,161,5,1,83%,4,1,0,0,1,0,0,0,3,0
1955,234,Saul Rogovin,/players/r/rogovsa01.shtml,rogovsa01,33,TOT,144.0,563,139,,,8,1,12,4,4,2,6,32,13,3,41%,5,4,2,191,15,8,65%,12,7,2,1,1,0,1,0,9,30
1955,235,Saul Rogovin,/players/r/rogovsa01.shtml,rogovsa01,33,BAL,71.0,311,79,,,5,1,10,3,2,1,4,18,6,0,33%,4,2,1,115,9,4,69%,7,3,2,1,0,0,1,0,4,0
1955,236,Saul Rogovin,/players/r/rogovsa01.shtml,rogovsa01,33,PHI,73.0,252,60,,,3,0,2,1,2,1,2,14,7,3,50%,1,2,1,76,6,4,60%,5,4,0,0,1,0,0,0,5,30
1955,237,Bob Rush,/players/r/rushbo01.shtml,rushbo01,29,CHC,234.0,819,204,,,19,0,8,7,12,8,11,24,18,2,75%,7,4,2,283,24,5,83%,22,5,2,0,0,0,0,0,14,140
1955,238,Johnny Sain,/players/s/sainjo01.shtml,sainjo01,37,TOT,50.0,216,60,,,14,0,11,11,3,6,8,15,4,3,27%,3,0,1,83,1,1,50%,1,1,0,0,0,0,0,0,2,3
1955,239,Johnny Sain,/players/s/sainjo01.shtml,sainjo01,37,NYY,5.1,22,6,,,4,0,0,3,1,0,4,0,0,0,,0,0,0,5,0,1,0%,0,1,0,0,0,0,0,0,0,0
1955,240,Johnny Sain,/players/s/sainjo01.shtml,sainjo01,37,KCA,44.2,194,54,,,10,0,11,8,2,6,4,15,4,3,27%,3,0,1,78,1,0,100%,1,0,0,0,0,0,0,0,2,3
1955,241,Jose Santiago,/players/s/santijo01.shtml,santijo01,26,CLE,32.2,146,31,,,1,0,12,1,0,0,1,15,6,3,40%,2,2,0,76,0,0,,0,0,0,0,0,0,0,0,6,0
1955,242,Art Schallock*,/players/s/schalar01.shtml,schalar01,31,TOT,83.1,377,96,,,3,0,11,3,0,2,1,17,9,1,53%,7,1,4,156,2,3,40%,1,2,1,1,0,0,0,0,10,0
1955,243,Art Schallock*,/players/s/schalar01.shtml,schalar01,31,NYY,3.0,13,4,,,1,0,0,1,0,1,0,0,0,0,,0,0,0,7,0,0,,0,0,0,0,0,0,0,0,0,0
1955,244,Art Schallock*,/players/s/schalar01.shtml,schalar01,31,BAL,80.1,364,92,,,2,0,11,2,0,1,1,17,9,1,53%,7,1,4,149,2,3,40%,1,2,1,1,0,0,0,0,10,0
1955,245,Willard Schmidt,/players/s/schmiwi01.shtml,schmiwi01,27,STL,129.2,492,89,,,7,0,6,3,4,4,3,19,9,1,47%,4,3,1,195,1,3,25%,1,3,0,0,0,0,0,0,10,30
1955,246,Johnny Schmitz*,/players/s/schmijo01.shtml,schmijo01,34,WSH,165.0,723,187,,,8,1,15,4,4,3,5,43,20,0,47%,10,2,0,303,6,4,60%,4,3,2,1,0,0,1,0,8,0
1955,247,Barney Schultz,/players/s/schulba01.shtml,schulba01,28,STL,29.2,100,28,,,5,1,3,0,3,1,2,7,4,0,57%,0,0,1,40,2,1,67%,1,1,1,0,0,0,0,0,1,34
1955,248,Bob Schultz*,/players/s/schulbo01.shtml,schulbo01,31,DET,1.1,8,2,,,0,0,0,0,0,0,0,0,0,0,,0,1,0,6,0,0,,0,0,0,0,0,0,0,0,1,0
1955,249,Herb Score*,/players/s/scorehe01.shtml,scorehe01,22,CLE,227.1,977,158,,,18,0,17,14,4,9,9,40,16,11,40%,13,12,4,408,8,7,53%,7,5,1,1,0,1,0,0,23,0
1955,250,Bobby Shantz*,/players/s/shantbo01.shtml,shantbo01,29,KCA,125.0,552,124,,,8,0,17,7,1,6,2,34,17,4,50%,8,2,0,203,1,2,33%,1,1,0,1,0,0,2,0,11,0
1955,251,Spec Shea,/players/s/sheasp01.shtml,sheasp01,34,WSH,56.1,243,53,,,4,0,7,3,1,1,3,15,10,0,67%,6,2,1,100,2,1,67%,2,1,0,0,0,0,0,0,8,3
1955,252,Curt Simmons*,/players/s/simmocu01.shtml,simmocu01,26,PHI,130.0,539,148,,,15,0,13,12,3,10,5,33,15,2,45%,6,1,0,197,3,4,43%,2,4,1,0,0,0,0,0,6,33
1955,253,Lou Sleater*,/players/s/sleatlo01.shtml,sleatlo01,28,KCA,25.2,127,33,,,3,0,13,3,0,1,2,13,10,0,77%,1,0,0,53,0,1,0%,0,1,0,0,0,0,0,0,4,0
1955,254,Bob Smith*,/players/s/smithbo03.shtml,smithbo03,24,BOS,1.2,6,1,,,0,0,1,0,0,0,0,1,1,0,100%,0,0,0,2,0,1,0%,0,0,0,1,0,0,0,0,0,0
1955,255,Frank Smith,/players/s/smithfr06.shtml,smithfr06,27,STL,39.0,141,27,,,3,0,4,2,1,1,2,12,7,1,58%,1,2,0,62,1,2,33%,1,1,0,1,0,0,0,0,6,27
1955,256,Warren Spahn*,/players/s/spahnwa01.shtml,spahnwa01,34,MLN,245.2,866,249,,,25,0,17,18,6,12,12,38,18,5,47%,11,4,0,330,3,5,38%,2,4,1,1,0,0,4,0,10,159
1955,257,George Spencer,/players/s/spencge01.shtml,spencge01,28,NYG,1.2,9,1,,,1,0,0,1,0,1,0,0,0,0,,0,0,0,3,0,0,,0,0,0,0,0,0,0,0,0,0
1955,258,Bob Spicer,/players/s/spicebo01.shtml,spicebo01,30,KCA,2.2,22,9,,,2,0,0,2,1,2,1,0,0,0,,0,0,0,11,0,0,,0,0,0,0,0,0,0,0,0,0
1955,259,Karl Spooner*,/players/s/spoonka01.shtml,spoonka01,24,BRO,98.2,420,79,,,8,0,13,6,2,5,3,22,12,5,55%,9,1,0,157,6,0,100%,5,0,1,0,0,0,0,0,3,0
1955,260,Jack Spring*,/players/s/sprinja01.shtml,sprinja01,22,PHI,2.2,11,2,,,2,0,0,1,1,2,0,0,0,0,,0,0,0,3,0,0,,0,0,0,0,0,0,0,0,0,0
1955,261,Gerry Staley,/players/s/stalege01.shtml,stalege01,34,TOT,121.2,532,151,,,23,0,15,13,10,12,11,24,12,1,50%,9,1,0,190,3,4,43%,3,3,0,0,0,0,1,0,7,0
1955,262,Gerry Staley,/players/s/stalege01.shtml,stalege01,34,CIN,119.2,519,146,,,22,0,15,12,10,12,10,24,12,1,50%,8,1,0,182,3,4,43%,3,3,0,0,0,0,1,0,7,0
1955,263,Gerry Staley,/players/s/stalege01.shtml,stalege01,34,NYY,2.0,13,5,,,1,0,0,1,0,0,1,0,0,0,,1,0,0,8,0,0,,0,0,0,0,0,0,0,0,0,0
1955,264,Bunky Stewart*,/players/s/stewabu02.shtml,stewabu02,24,WSH,15.1,69,18,,,0,0,2,0,0,0,0,7,2,0,29%,0,0,0,26,0,0,,0,0,0,0,0,0,0,0,0,0
1955,265,Chuck Stobbs*,/players/s/stobbch01.shtml,stobbch01,25,WSH,140.1,635,169,,,13,0,16,11,2,4,9,32,21,3,66%,7,2,0,259,3,1,75%,3,1,0,0,0,0,2,0,10,0
1955,266,Dean Stone*,/players/s/stonede01.shtml,stonede01,24,WSH,180.0,795,180,,,14,1,26,11,2,3,10,50,37,2,74%,13,9,3,329,8,12,40%,8,11,0,1,0,0,2,0,31,20
1955,267,Tom Sturdivant,/players/s/sturdto01.shtml,sturdto01,25,NYY,68.1,285,48,,,6,0,24,1,5,3,3,22,9,8,41%,1,1,1,91,1,5,17%,1,5,0,0,0,0,0,0,3,0
1955,268,Frank Sullivan,/players/s/sullifr01.shtml,sullifr01,25,BOS,260.0,1100,235,,,23,0,15,13,10,13,10,42,23,8,55%,22,2,1,405,7,8,47%,6,4,1,3,0,1,0,0,11,3
1955,269,Max Surkont,/players/s/surkoma01.shtml,surkoma01,33,PIT,166.1,599,194,,,23,1,15,8,11,6,13,41,17,5,41%,8,6,0,251,9,4,69%,8,3,1,0,0,1,0,0,12,149
1955,270,George Susce,/players/s/suscege02.shtml,suscege02,23,BOS,144.1,601,123,,,12,1,14,9,3,8,4,19,9,2,47%,7,1,0,221,5,6,45%,5,5,0,0,0,1,1,1,6,0
1955,271,Red Swanson,/players/s/swansre01.shtml,swansre01,18,PIT,2.0,10,2,,,1,0,1,0,1,0,1,1,1,0,100%,0,0,0,2,0,0,,0,0,0,0,0,0,0,0,0,0
1955,272,Chuck Templeton*,/players/t/templch01.shtml,templch01,23,BRO,4.2,24,5,,,2,0,0,0,2,0,2,0,0,0,,0,0,0,8,0,0,,0,0,0,0,0,0,1,0,0,0
1955,273,Jake Thies,/players/t/thiesja01.shtml,thiesja01,29,PIT,3.2,20,5,,,0,0,2,0,0,0,0,3,2,0,67%,1,0,0,7,0,1,0%,0,1,0,0,0,0,0,0,2,0
1955,274,Bob Thorpe,/players/t/thorpbo02.shtml,thorpbo02,20,CHC,3.0,9,4,,,0,0,0,0,0,0,0,0,0,0,,1,0,0,6,0,0,,0,0,0,0,0,0,0,0,0,3
1955,275,Bobby Tiefenauer,/players/t/tiefebo01.shtml,tiefebo01,25,STL,32.2,110,31,,,6,0,5,2,4,3,3,14,7,0,50%,2,1,2,36,1,2,33%,1,2,0,0,0,0,0,0,5,27
1955,276,Bill Tremel,/players/t/tremebi01.shtml,tremebi01,25,CHC,38.2,99,33,,,2,1,3,1,0,1,0,4,4,0,100%,3,1,0,40,2,1,67%,2,0,0,1,0,0,0,0,3,64
1955,277,Bob Trice,/players/t/tricebo01.shtml,tricebo01,28,KCA,10.0,51,14,,,4,0,4,4,0,3,1,6,5,0,83%,0,0,1,17,0,0,,0,0,0,0,0,0,0,0,2,0
1955,278,Joe Trimble,/players/t/trimbjo01.shtml,trimbjo01,24,BOS,2.0,8,0,,,0,0,0,0,0,0,0,0,0,0,,0,0,0,4,0,1,0%,0,0,0,1,0,0,0,0,0,0
1955,279,Virgil Trucks,/players/t/truckvi01.shtml,truckvi01,38,CHW,175.0,748,176,,,19,0,16,11,8,6,13,18,7,4,39%,5,1,2,276,3,3,50%,3,3,0,0,0,0,0,0,6,0
1955,280,Bob Turley,/players/t/turlebo01.shtml,turlebo01,24,NYY,246.2,1073,168,,,16,0,32,7,9,8,8,41,21,10,51%,15,7,1,440,7,5,58%,5,5,1,0,1,0,0,0,21,0
1955,281,Corky Valentine,/players/v/valenco01.shtml,valenco01,26,CIN,26.2,127,29,,,5,0,4,3,2,3,2,9,7,0,78%,2,0,0,51,2,0,100%,2,0,0,0,0,0,0,0,4,0
1955,282,Ozzie Van Brabant,/players/v/vanbroz01.shtml,vanbroz01,28,KCA,2.0,12,4,,,1,0,0,0,0,0,0,2,2,0,100%,0,0,0,5,1,0,100%,1,0,0,0,0,0,0,0,1,0
1955,283,Roberto Vargas*,/players/v/vargaro01.shtml,vargaro01,26,MLN,24.2,125,39,,,4,0,12,1,3,0,4,16,12,2,75%,3,4,1,51,0,1,0%,0,1,0,0,0,0,0,0,8,3
1955,284,Ben Wade,/players/w/wadebe01.shtml,wadebe01,32,PIT,28.0,119,26,,,3,0,8,2,1,2,1,8,3,2,38%,2,0,0,52,0,1,0%,0,1,0,0,0,0,0,0,3,4
1955,285,Fred Waters*,/players/w/waterfr02.shtml,waterfr02,28,PIT,5.0,24,7,,,1,0,0,1,0,0,1,2,1,0,50%,0,0,0,10,0,0,,0,0,0,0,0,0,0,0,0,0
1955,286,Herm Wehmeier,/players/w/wehmehe01.shtml,wehmehe01,28,PHI,193.2,785,176,,,21,1,12,11,9,11,9,39,19,7,49%,9,4,3,272,2,1,67%,2,1,0,0,0,0,1,0,16,27
1955,287,Lee Wheat,/players/w/wheatle01.shtml,wheatle01,25,KCA,2.0,17,8,,,1,0,2,0,1,0,1,4,3,0,75%,1,0,0,10,0,0,,0,0,0,0,0,0,0,0,0,0
1955,288,Bob Wiesler*,/players/w/wieslbo01.shtml,wieslbo01,24,NYY,53.0,236,39,,,1,0,9,1,0,1,0,9,4,2,44%,3,2,0,99,0,2,0%,0,1,0,1,0,0,2,1,5,0
1955,289,Bill Wight*,/players/w/wightbi01.shtml,wightbi01,33,TOT,141.1,594,135,,,6,0,9,4,2,3,3,29,17,1,59%,15,6,1,229,2,2,50%,1,2,1,0,0,0,6,0,16,0
1955,290,Bill Wight*,/players/w/wightbi01.shtml,wightbi01,33,CLE,24.0,102,24,,,0,0,3,0,0,0,0,4,1,0,25%,3,1,0,35,2,1,67%,1,1,1,0,0,0,3,0,1,0
1955,291,Bill Wight*,/players/w/wightbi01.shtml,wightbi01,33,BAL,117.1,492,111,,,6,0,6,4,2,3,3,25,16,1,64%,12,5,1,194,0,1,0%,0,1,0,0,0,0,3,0,15,0
1955,292,Hoyt Wilhelm,/players/w/wilheho01.shtml,wilheho01,32,NYG,103.0,343,104,,,10,0,10,3,5,5,3,28,12,3,43%,2,6,11,138,9,2,82%,8,2,1,0,0,0,1,0,25,106
1955,293,Bill Wilson,/players/w/wilsobi02.shtml,wilsobi02,26,KCA,1.0,5,1,,,0,0,0,0,0,0,0,0,0,0,,0,0,0,2,0,0,,0,0,0,0,0,0,0,0,0,0
1955,294,Jim Wilson,/players/w/wilsoji02.shtml,wilsoji02,33,BAL,235.1,991,200,,,17,1,10,9,8,7,10,45,24,8,53%,17,7,1,375,8,2,80%,8,2,0,0,0,0,0,0,20,0
1955,295,Floyd Wooldridge,/players/w/wooldfl01.shtml,wooldfl01,26,STL,57.2,216,64,,,9,0,2,6,2,7,1,13,6,2,46%,3,1,0,89,1,2,33%,0,2,1,0,0,0,0,0,5,44
1955,296,Mel Wright,/players/w/wrighme01.shtml,wrighme01,27,STL,36.1,146,44,,,4,0,7,1,3,2,2,8,5,1,63%,1,0,0,60,0,0,,0,0,0,0,0,0,1,0,0,14
1955,297,Early Wynn,/players/w/wynnea01.shtml,wynnea01,35,CLE,230.0,964,207,,,19,0,7,10,9,8,11,32,15,4,47%,10,3,0,373,4,3,57%,4,3,0,0,0,0,0,0,12,0
1955,298,George Zuverink,/players/z/zuverge01.shtml,zuverge01,30,TOT,114.2,487,118,,,11,0,15,9,2,2,9,29,15,0,52%,13,2,1,188,4,0,100%,3,0,1,0,0,0,0,0,6,0
1955,299,George Zuverink,/players/z/zuverge01.shtml,zuverge01,30,DET,28.1,141,38,,,6,0,5,5,1,2,4,9,6,0,67%,5,0,1,55,2,0,100%,2,0,0,0,0,0,0,0,1,0
1955,300,George Zuverink,/players/z/zuverge01.shtml,zuverge01,30,BAL,86.1,346,80,,,5,0,10,4,1,0,5,20,9,0,45%,8,2,0,133,2,0,100%,1,0,1,0,0,0,0,0,5,0
