1957,1,Al Aber*,/players/a/aberal01.shtml,aberal01,29,TOT,40.0,,31,184,161,37,52,9,1,8,0,0,13,15,.323,.373,.540,.913,.314,87,6,1,7,2,3,4
1957,2,Al Aber*,/players/a/aberal01.shtml,aberal01,29,DET,37.0,,28,167,146,33,46,6,1,6,0,0,11,15,.315,.363,.493,.856,.315,72,6,1,7,2,3,4
1957,3,Al Aber*,/players/a/aberal01.shtml,aberal01,29,KCA,3.0,,3,17,15,4,6,3,0,2,0,0,2,0,.400,.471,1.000,1.471,.308,15,0,0,0,0,0,0
1957,4,Ted Abernathy,/players/a/abernte02.shtml,abernte02,24,WSH,85.0,,26,403,323,65,100,12,10,9,4,3,65,50,.310,.428,.492,.920,.341,159,8,4,8,3,1,0
1957,5,Tom Acker,/players/a/ackerto01.shtml,ackerto01,27,CIN,108.2,,49,487,417,63,122,21,4,16,5,1,41,67,.293,.360,.477,.837,.309,199,7,8,12,9,8,2
1957,6,Hank Aguirre*,/players/a/aguirha01.shtml,aguirha01,26,CLE,20.1,,10,100,82,15,26,7,1,0,1,1,13,9,.317,.394,.427,.821,.338,35,2,0,1,4,3,3
1957,7,Bob Alexander,/players/a/alexabo01.shtml,alexabo01,34,CLE,7.0,,5,35,28,7,10,1,0,0,3,0,5,1,.357,.457,.393,.850,.357,11,1,1,0,1,2,0
1957,8,Vicente Amor,/players/a/amorvi01.shtml,amorvi01,24,CIN,27.1,,9,130,113,19,39,6,1,2,0,1,10,9,.345,.402,.469,.871,.356,53,3,2,3,2,1,2
1957,9,Bob Anderson,/players/a/anderbo01.shtml,anderbo01,21,CHC,16.1,,8,76,63,16,20,3,1,2,0,1,8,7,.317,.397,.492,.889,.327,31,4,1,3,1,1,3
1957,10,Johnny Antonelli*,/players/a/antonjo02.shtml,antonjo02,27,NYG,212.1,14,40,915,826,98,228,27,8,19,5,2,67,114,.276,.330,.397,.727,.298,328,17,3,11,8,7,13
1957,11,Luis Arroyo*,/players/a/arroylu01.shtml,arroylu01,30,PIT,130.2,32,54,579,529,76,151,18,3,19,2,5,31,101,.285,.333,.439,.771,.322,232,6,7,10,1,9,12
1957,12,Curt Barclay,/players/b/barclcu01.shtml,barclcu01,25,NYG,183.0,45,37,779,716,85,196,25,8,21,1,3,48,67,.274,.319,.419,.738,.276,300,23,2,7,6,4,14
1957,13,Frank Barnes,/players/b/barnefr02.shtml,barnefr02,30,STL,10.0,,3,50,41,5,13,2,1,0,0,0,9,5,.317,.440,.415,.855,.361,17,1,0,0,0,1,0
1957,14,Frank Baumann*,/players/b/baumafr01.shtml,baumafr01,23,BOS,12.0,,4,52,47,5,13,3,1,1,0,1,3,7,.277,.333,.447,.780,.308,21,0,1,1,0,0,1
1957,15,Charlie Beamon,/players/b/beamoch01.shtml,beamoch01,22,BAL,8.2,,4,43,35,6,8,3,0,1,2,0,7,5,.229,.372,.400,.772,.241,14,0,1,0,0,0,1
1957,16,Don Bessent,/players/b/bessedo01.shtml,bessedo01,26,BRO,44.0,,27,204,177,28,58,9,3,5,1,2,19,24,.328,.387,.497,.884,.351,88,2,0,5,3,3,1
1957,17,Joe Black,/players/b/blackjo02.shtml,blackjo02,33,WSH,12.2,,7,60,56,11,22,2,1,4,0,0,1,2,.393,.397,.679,1.075,.353,38,2,0,2,1,0,1
1957,18,Ed Blake,/players/b/blakeed01.shtml,blakeed01,31,KCA,1.2,,2,8,6,1,1,0,0,1,1,0,2,0,.167,.375,.667,1.042,.000,4,0,0,0,0,1,1
1957,19,Tom Brewer,/players/b/breweto01.shtml,breweto01,25,BOS,238.1,33,32,1014,900,113,225,40,5,24,4,5,93,128,.250,.324,.386,.709,.267,347,24,7,9,4,9,15
1957,20,John Briggs,/players/b/briggjo01.shtml,briggjo01,23,CHC,4.1,,3,23,19,6,7,1,0,2,0,0,3,1,.368,.435,.737,1.172,.294,14,0,0,0,1,0,0
1957,21,Dick Brodowski,/players/b/brododi01.shtml,brododi01,24,WSH,11.1,,6,57,46,15,12,1,0,2,3,0,10,4,.261,.404,.413,.817,.250,19,2,1,0,0,0,2
1957,22,Jim Brosnan,/players/b/brosnji01.shtml,brosnji01,27,CHC,98.2,46,41,414,361,38,79,12,0,11,3,1,46,73,.219,.307,.343,.651,.244,124,6,1,4,2,4,2
1957,23,Hal Brown,/players/b/brownha01.shtml,brownha01,32,BAL,150.0,,25,608,559,68,132,21,5,17,5,3,37,62,.236,.284,.383,.666,.237,214,13,2,4,5,3,5
1957,24,George Brunet*,/players/b/brunege01.shtml,brunege01,22,KCA,11.1,,4,51,47,7,13,2,2,2,1,0,4,3,.277,.333,.532,.865,.262,25,1,0,0,0,0,1
1957,25,Bob Buhl,/players/b/buhlbo01.shtml,buhlbo01,28,MLN,216.2,,34,926,794,77,191,23,3,15,4,11,121,117,.241,.338,.334,.672,.263,265,33,0,4,7,4,13
1957,26,Jim Bunning,/players/b/bunniji01.shtml,bunniji01,25,DET,267.1,,45,1081,980,91,214,30,5,33,8,9,72,182,.218,.277,.360,.638,.234,353,11,11,10,8,5,11
1957,27,Lew Burdette,/players/b/burdele01.shtml,burdele01,30,MLN,256.2,,37,1064,981,117,260,33,7,25,6,7,59,78,.265,.305,.389,.694,.264,382,30,2,11,11,8,18
1957,28,Wally Burnette,/players/b/burnewa01.shtml,burnewa01,28,KCA,113.0,25,38,489,432,62,115,18,3,8,2,2,44,57,.266,.331,.377,.709,.287,163,13,1,5,6,3,8
1957,29,Pete Burnside*,/players/b/burnspe01.shtml,burnspe01,26,NYG,30.2,18,10,150,133,30,47,4,1,5,1,2,13,18,.353,.415,.511,.926,.382,68,1,1,3,0,0,1
1957,30,Bud Byerly,/players/b/byerlbu01.shtml,byerlbu01,36,WSH,95.0,,47,398,356,38,94,17,3,6,7,1,22,39,.264,.305,.379,.685,.279,135,11,1,15,4,5,9
1957,31,Harry Byrd,/players/b/byrdha01.shtml,byrdha01,32,DET,59.0,,37,252,213,23,53,3,2,6,1,4,28,20,.249,.339,.366,.705,.249,78,3,2,7,2,4,3
1957,32,Tommy Byrne*,/players/b/byrneto01.shtml,byrneto01,37,NYY,84.2,,30,386,312,41,70,8,1,8,7,3,60,57,.224,.361,.333,.694,.250,104,5,7,6,1,2,4
1957,33,Don Cardwell,/players/c/cardwdo01.shtml,cardwdo01,21,PHI,128.1,,30,540,486,71,122,15,0,17,9,3,42,92,.251,.313,.387,.700,.275,188,8,4,3,5,1,2
1957,34,Art Ceccarelli*,/players/c/ceccaar01.shtml,ceccaar01,27,BAL,58.0,1,20,263,223,34,62,11,3,3,4,2,31,30,.278,.371,.395,.766,.311,88,7,2,7,0,3,7
1957,35,Bob Chakales,/players/c/chakabo01.shtml,chakabo01,29,TOT,50.1,,22,240,213,43,73,16,3,7,3,1,21,28,.343,.403,.545,.947,.369,116,4,1,4,1,1,2
1957,36,Bob Chakales,/players/c/chakabo01.shtml,chakabo01,29,WSH,18.1,,4,85,73,13,20,5,2,2,1,0,10,12,.274,.361,.479,.841,.305,35,1,0,2,0,1,1
1957,37,Bob Chakales,/players/c/chakabo01.shtml,chakabo01,29,BOS,32.0,,18,155,140,30,53,11,1,5,2,1,11,16,.379,.425,.579,1.003,.400,81,3,1,2,1,0,1
1957,38,Tom Cheney,/players/c/cheneto01.shtml,cheneto01,22,STL,9.0,,4,44,29,6,6,0,1,0,0,2,15,10,.207,.477,.276,.753,.316,8,2,0,0,0,0,0
1957,39,Chuck Churn,/players/c/churnch01.shtml,churnch01,27,PIT,8.1,,5,34,27,4,9,2,0,1,1,0,4,4,.333,.406,.519,.925,.348,14,1,0,2,1,1,0
1957,40,Al Cicotte,/players/c/cicotal01.shtml,cicotal01,27,NYY,65.1,1,20,275,240,25,57,5,3,5,3,4,30,36,.238,.324,.346,.669,.260,83,8,1,3,1,1,6
1957,41,Tex Clevenger,/players/c/clevete01.shtml,clevete01,24,WSH,139.2,6,52,599,532,69,139,25,5,11,5,3,47,75,.261,.322,.389,.711,.283,207,13,4,9,7,4,8
1957,42,Rip Coleman*,/players/c/colemri01.shtml,colemri01,25,KCA,41.0,,19,193,162,32,53,5,3,5,9,2,25,15,.327,.411,.488,.898,.331,79,6,0,3,3,0,4
1957,43,Jackie Collum*,/players/c/colluja01.shtml,colluja01,30,TOT,15.0,,12,72,57,12,15,3,1,1,0,0,10,10,.263,.371,.404,.775,.292,23,0,1,2,2,1,0
1957,44,Jackie Collum*,/players/c/colluja01.shtml,colluja01,30,CHC,10.2,,9,51,38,8,8,3,0,0,0,0,9,7,.211,.367,.289,.657,.250,11,0,1,2,1,1,0
1957,45,Jackie Collum*,/players/c/colluja01.shtml,colluja01,30,BRO,4.1,,3,21,19,4,7,0,1,1,0,0,1,3,.368,.381,.632,1.013,.375,12,0,0,0,1,0,0
1957,46,Gene Conley,/players/c/conlege01.shtml,conlege01,26,MLN,148.0,,35,629,546,63,133,20,2,9,15,8,64,61,.244,.323,.337,.660,.258,184,13,2,12,5,5,10
1957,47,Jim Constable*,/players/c/constji01.shtml,constji01,24,NYG,28.1,20,16,115,104,10,27,4,2,2,0,2,7,13,.260,.330,.394,.725,.281,41,4,4,1,0,0,0
1957,48,Sandy Consuegra,/players/c/consusa01.shtml,consusa01,36,TOT,8.2,,9,40,37,6,11,3,0,1,0,0,1,1,.297,.300,.459,.759,.270,17,1,0,0,2,1,2
1957,49,Sandy Consuegra,/players/c/consusa01.shtml,consusa01,36,BAL,5.0,,5,20,19,1,4,1,0,0,0,0,0,0,.211,.200,.263,.463,.200,5,0,0,0,1,0,1
1957,50,Sandy Consuegra,/players/c/consusa01.shtml,consusa01,36,NYG,3.2,,4,20,18,5,7,2,0,1,0,0,1,1,.389,.400,.667,1.067,.353,12,1,0,0,1,1,1
1957,51,Glenn Cox,/players/c/coxgl01.shtml,coxgl01,26,KCA,14.1,16,10,66,56,9,18,2,0,1,0,0,9,8,.321,.415,.411,.826,.362,23,1,0,1,0,1,0
1957,52,Roger Craig,/players/c/craigro01.shtml,craigro01,27,BRO,111.1,,32,465,410,58,102,23,3,18,4,7,47,69,.249,.328,.451,.779,.258,185,9,2,4,2,5,3
1957,53,Jack Crimian,/players/c/crimija01.shtml,crimija01,31,DET,5.2,,4,29,24,8,9,3,0,1,1,0,4,1,.375,.448,.625,1.073,.348,15,1,0,0,1,2,0
1957,54,Ray Crone,/players/c/cronera01.shtml,cronera01,25,TOT,163.0,39,36,720,656,91,185,16,4,19,7,0,55,71,.282,.339,.405,.744,.292,266,19,3,3,3,3,17
1957,55,Ray Crone,/players/c/cronera01.shtml,cronera01,25,MLN,42.1,,11,189,173,23,54,3,0,8,3,0,15,15,.312,.365,.468,.833,.305,81,5,0,0,1,2,2
1957,56,Ray Crone,/players/c/cronera01.shtml,cronera01,25,NYG,120.2,39,25,531,483,68,131,13,4,11,4,0,40,56,.271,.330,.383,.713,.287,185,14,3,3,2,1,15
1957,57,Bud Daley*,/players/d/daleybu01.shtml,daleybu01,24,CLE,87.1,,34,401,349,59,99,17,3,6,4,5,40,54,.284,.373,.401,.774,.321,140,9,10,3,1,4,13
1957,58,Chuck Daniel,/players/d/daniech02.shtml,daniech02,23,DET,2.1,,1,9,9,2,3,1,0,1,0,1,0,2,.333,.333,.778,1.111,.333,7,0,0,0,0,0,0
1957,59,Bennie Daniels,/players/d/daniebe02.shtml,daniebe02,25,PIT,7.0,,1,28,24,2,5,2,0,0,0,0,3,2,.208,.296,.292,.588,.227,7,1,0,1,0,0,0
1957,60,Jim Davis*,/players/d/davisji01.shtml,davisji01,32,TOT,24.2,14,20,112,98,17,31,6,1,3,1,0,11,11,.316,.382,.490,.872,.329,48,3,0,2,1,1,0
1957,61,Jim Davis*,/players/d/davisji01.shtml,davisji01,32,STL,13.2,,10,61,53,8,18,4,0,1,0,0,6,5,.340,.400,.472,.872,.354,25,3,0,1,1,0,0
1957,62,Jim Davis*,/players/d/davisji01.shtml,davisji01,32,NYG,11.0,14,10,51,45,9,13,2,1,2,1,0,5,6,.289,.360,.511,.871,.297,23,0,0,1,0,1,0
1957,63,Ike Delock,/players/d/delocik01.shtml,delocik01,27,BOS,94.0,,49,402,348,40,80,17,2,11,2,1,45,62,.230,.322,.385,.707,.250,134,9,3,5,1,7,6
1957,64,Jim Derrington*,/players/d/derriji01.shtml,derriji01,17,CHW,37.0,,20,166,134,21,29,7,0,4,2,2,29,14,.216,.358,.358,.716,.214,48,3,1,1,1,0,3
1957,65,Murry Dickson,/players/d/dicksmu01.shtml,dicksmu01,40,STL,74.0,,14,326,295,41,87,15,4,8,3,1,25,29,.295,.350,.454,.804,.304,134,10,1,3,2,0,4
1957,66,Art Ditmar,/players/d/ditmaar01.shtml,ditmaar01,28,NYY,127.1,,46,532,491,55,128,18,4,9,2,3,35,64,.261,.312,.369,.681,.284,181,15,2,3,1,1,8
1957,67,Dick Donovan,/players/d/donovdi01.shtml,donovdi01,29,CHW,220.2,,28,894,822,76,203,26,3,17,13,6,45,88,.247,.291,.348,.639,.258,286,24,8,13,5,8,9
1957,68,Whammy Douglas,/players/d/douglwh01.shtml,douglwh01,22,PIT,47.0,49,11,214,178,23,48,7,1,5,6,5,30,28,.270,.384,.404,.788,.297,72,1,3,2,0,2,3
1957,69,Moe Drabowsky,/players/d/drabomo01.shtml,drabomo01,21,CHC,239.2,63,36,1016,893,103,214,24,8,22,8,7,94,170,.240,.317,.358,.675,.272,320,18,10,13,6,6,8
1957,70,Dick Drott,/players/d/drottdi01.shtml,drottdi01,20,CHC,229.0,91,38,1006,852,107,200,39,6,22,14,6,129,170,.235,.338,.372,.710,.267,317,18,7,11,7,2,13
1957,71,Don Drysdale,/players/d/drysddo01.shtml,drysddo01,20,BRO,221.0,,34,911,834,76,197,33,10,17,6,3,61,148,.236,.293,.361,.654,.268,301,19,7,6,3,3,13
1957,72,Ryne Duren,/players/d/durenry01.shtml,durenry01,28,KCA,42.2,,14,193,157,26,37,4,1,4,4,1,30,37,.236,.359,.350,.710,.277,55,3,2,1,3,1,0
1957,73,Don Elston,/players/e/elstodo01.shtml,elstodo01,28,TOT,145.0,18,40,609,538,61,140,21,3,15,7,10,55,103,.260,.332,.394,.726,.295,212,10,5,7,4,4,3
1957,74,Don Elston,/players/e/elstodo01.shtml,elstodo01,28,BRO,1.0,,1,4,4,0,1,1,0,0,1,0,0,1,.250,.250,.500,.750,.333,2,0,0,0,0,0,0
1957,75,Don Elston,/players/e/elstodo01.shtml,elstodo01,28,CHC,144.0,18,39,605,534,61,139,20,3,15,6,10,55,102,.260,.333,.393,.726,.295,210,10,5,7,4,4,3
1957,76,Carl Erskine,/players/e/erskica01.shtml,erskica01,30,BRO,66.0,,15,274,250,27,62,10,1,8,3,1,20,26,.248,.301,.392,.693,.248,98,7,0,2,2,1,3
1957,77,Roy Face,/players/f/facero01.shtml,facero01,29,PIT,93.2,13,59,395,359,41,97,17,4,9,1,1,24,53,.270,.311,.415,.726,.289,149,7,1,3,8,5,9
1957,78,Turk Farrell,/players/f/farretu01.shtml,farretu01,23,PHI,83.1,,52,353,305,29,74,7,4,2,6,3,36,54,.243,.324,.311,.635,.286,95,9,2,7,3,9,8
1957,79,Don Ferrarese*,/players/f/ferrado01.shtml,ferrado01,28,BAL,19.0,,8,84,71,13,14,1,0,1,0,0,12,13,.197,.313,.254,.567,.228,18,0,0,1,0,1,2
1957,80,Bill Fischer,/players/f/fischbi01.shtml,fischbi01,26,CHW,124.0,,33,525,477,50,139,21,5,1,3,3,35,48,.291,.342,.363,.704,.320,173,24,3,7,3,6,7
1957,81,Whitey Ford*,/players/f/fordwh01.shtml,fordwh01,28,NYY,129.1,,24,539,482,46,114,12,4,10,2,2,53,84,.237,.313,.340,.653,.267,164,19,1,2,1,3,8
1957,82,Mike Fornieles,/players/f/fornimi01.shtml,fornimi01,25,TOT,182.1,,40,796,723,91,193,27,6,11,7,7,55,107,.267,.319,.367,.686,.298,265,15,3,10,5,5,22
1957,83,Mike Fornieles,/players/f/fornimi01.shtml,fornimi01,25,BAL,57.0,,15,240,222,30,57,8,1,4,1,4,17,43,.257,.308,.356,.664,.301,79,5,0,0,1,2,4
1957,84,Mike Fornieles,/players/f/fornimi01.shtml,fornimi01,25,BOS,125.1,,25,556,501,61,136,19,5,7,6,3,38,64,.271,.324,.371,.695,.297,186,10,3,10,4,3,18
1957,85,Art Fowler,/players/f/fowlear01.shtml,fowlear01,34,CIN,87.2,,33,391,357,65,111,12,4,11,4,1,24,45,.311,.356,.459,.815,.330,164,5,2,6,2,2,0
1957,86,Paul Foytack,/players/f/foytapa01.shtml,foytapa01,26,DET,212.0,,38,904,773,79,175,31,4,19,4,6,104,118,.226,.318,.351,.668,.241,271,11,4,13,10,12,10
1957,87,Hersh Freeman,/players/f/freemhe01.shtml,freemhe01,28,CIN,83.2,,52,353,325,49,90,9,3,14,3,1,14,36,.277,.308,.452,.761,.271,147,1,3,6,5,4,1
1957,88,Bob Friend,/players/f/frienbo01.shtml,frienbo01,26,PIT,277.0,148,40,1151,1064,121,273,39,7,28,3,3,68,143,.257,.301,.385,.686,.273,410,24,1,13,5,8,22
1957,89,Mike Garcia,/players/g/garcimi01.shtml,garcimi01,33,CLE,211.1,,38,912,818,98,221,31,4,14,10,5,73,110,.270,.332,.369,.701,.296,302,25,6,9,6,6,13
1957,90,Ned Garver,/players/g/garvene01.shtml,garvene01,31,KCA,145.1,31,24,608,539,72,120,24,4,13,4,2,55,61,.223,.298,.354,.652,.227,191,10,5,3,6,5,9
1957,91,Ruben Gomez,/players/g/gomezru01.shtml,gomezru01,29,NYG,238.1,61,38,1011,918,110,233,34,10,28,9,4,71,92,.254,.308,.404,.713,.254,371,24,5,9,8,10,17
1957,92,Tom Gorman,/players/g/gormato02.shtml,gormato02,32,KCA,124.2,72,38,523,479,59,125,16,2,18,5,6,33,66,.261,.307,.415,.722,.268,199,7,1,5,5,7,5
1957,93,Johnny Gray,/players/g/grayjo01.shtml,grayjo01,30,CLE,20.0,,7,90,73,17,21,4,0,1,1,1,13,3,.288,.395,.384,.779,.290,28,3,0,4,0,1,1
1957,94,Hal Griggs,/players/g/griggha01.shtml,griggha01,28,WSH,13.2,,2,55,48,5,11,2,1,1,1,3,7,12,.229,.327,.375,.702,.286,18,1,0,0,0,0,0
1957,95,Bob Grim,/players/g/grimbo01.shtml,grimbo01,27,NYY,72.0,,46,299,251,22,60,9,1,5,3,2,36,52,.239,.330,.343,.673,.278,86,11,0,8,4,5,2
1957,96,Marv Grissom,/players/g/grissma01.shtml,grissma01,39,NYG,82.2,41,55,339,307,36,74,8,2,6,2,3,23,51,.241,.297,.339,.636,.271,104,7,2,6,1,6,7
1957,97,Steve Gromek,/players/g/gromest01.shtml,gromest01,37,DET,23.2,,15,113,96,16,32,7,0,3,0,1,13,11,.333,.414,.500,.914,.349,48,2,1,2,1,3,0
1957,98,Don Gross*,/players/g/grossdo01.shtml,grossdo01,26,CIN,148.1,,43,626,576,75,152,28,6,21,2,4,33,73,.264,.304,.443,.747,.268,255,9,3,8,6,3,10
1957,99,Warren Hacker,/players/h/hackewa02.shtml,hackewa02,32,TOT,117.1,,35,495,450,66,122,22,4,15,2,0,31,51,.271,.320,.438,.758,.275,197,8,4,5,5,5,2
1957,100,Warren Hacker,/players/h/hackewa02.shtml,hackewa02,32,CIN,43.1,,15,191,170,26,50,7,0,5,1,0,13,18,.294,.347,.424,.771,.298,72,4,3,1,4,3,1
1957,101,Warren Hacker,/players/h/hackewa02.shtml,hackewa02,32,PHI,74.0,,20,304,280,40,72,15,4,10,1,0,18,33,.257,.303,.446,.750,.261,125,4,1,4,1,2,1
1957,102,Harvey Haddix*,/players/h/haddiha01.shtml,haddiha01,31,PHI,170.2,,27,720,667,84,176,26,13,18,3,4,39,136,.264,.303,.423,.725,.304,282,9,1,6,7,4,8
1957,103,Dick Hall,/players/h/halldi01.shtml,halldi01,26,PIT,10.0,15,8,53,47,12,17,1,1,4,2,0,5,7,.362,.434,.681,1.115,.361,32,0,1,0,0,1,0
1957,104,Granny Hamner,/players/h/hamnegr01.shtml,hamnegr01,30,PHI,1.0,,1,4,4,0,1,0,0,0,0,0,0,1,.250,.250,.250,.500,.333,1,0,0,0,0,0,0
1957,105,Bill Harris,/players/h/harribi03.shtml,harribi03,25,BRO,7.0,,1,30,28,3,9,0,0,1,0,1,1,3,.321,.345,.429,.773,.333,12,2,0,1,0,0,2
1957,106,Jack Harshman*,/players/h/harshja01.shtml,harshja01,29,CHW,151.1,,30,668,569,78,142,32,3,16,2,3,82,83,.250,.344,.401,.745,.263,228,12,5,3,9,2,7
1957,107,Jim Hearn,/players/h/hearnji01.shtml,hearnji01,36,PHI,74.0,,36,314,289,35,79,16,2,7,6,1,18,46,.273,.319,.415,.735,.304,120,6,2,4,1,4,9
1957,108,Jim Heise,/players/h/heiseji01.shtml,heiseji01,26,WSH,19.0,,8,96,76,19,25,2,2,2,0,2,16,8,.329,.441,.487,.928,.343,37,2,0,3,1,1,3
1957,109,Evelio Hernandez,/players/h/hernaev01.shtml,hernaev01,26,WSH,36.0,,14,164,142,18,38,4,1,2,2,2,20,15,.268,.356,.352,.708,.286,50,3,0,1,1,1,1
1957,110,Dave Hill*,/players/h/hillda01.shtml,hillda01,19,KCA,2.1,6,2,16,13,7,6,0,0,3,0,0,3,1,.462,.563,1.154,1.716,.333,15,0,0,0,0,0,0
1957,111,Dave Hillman,/players/h/hillmda01.shtml,hillmda01,29,CHC,103.1,53,32,451,410,52,115,12,5,13,2,6,37,53,.280,.338,.429,.767,.294,176,6,0,1,3,2,9
1957,112,Glen Hobbie,/players/h/hobbigl01.shtml,hobbigl01,21,CHC,4.1,,2,24,18,5,6,2,0,0,0,0,5,3,.333,.458,.444,.903,.375,8,0,0,0,1,0,0
1957,113,Billy Hoeft*,/players/h/hoeftbi01.shtml,hoeftbi01,25,DET,207.0,,34,869,771,85,188,26,4,15,4,3,69,111,.244,.308,.346,.654,.266,267,22,5,18,6,2,12
1957,114,Jay Hook,/players/h/hookja01.shtml,hookja01,20,CIN,10.0,,3,45,34,7,6,3,0,0,0,0,8,6,.176,.326,.265,.590,.207,9,0,0,2,1,0,1
1957,115,Gene Host*,/players/h/hostge01.shtml,hostge01,24,KCA,23.2,3,11,110,94,19,29,7,0,5,0,0,14,9,.309,.391,.543,.933,.293,51,2,0,1,2,0,1
1957,116,Art Houtteman,/players/h/houttar01.shtml,houttar01,29,TOT,10.2,,8,61,55,16,26,7,2,1,0,1,6,6,.473,.525,.727,1.252,.521,40,1,0,0,0,0,0
1957,117,Art Houtteman,/players/h/houttar01.shtml,houttar01,29,CLE,4.0,,3,20,17,3,6,1,0,1,0,0,3,3,.353,.450,.588,1.038,.385,10,0,0,0,0,0,0
1957,118,Art Houtteman,/players/h/houttar01.shtml,houttar01,29,BAL,6.2,,5,41,38,13,20,6,2,0,0,1,3,3,.526,.561,.789,1.350,.571,30,1,0,0,0,0,0
1957,119,Dixie Howell,/players/h/howeldi01.shtml,howeldi01,37,CHW,68.1,,37,286,252,25,64,10,4,6,4,0,30,37,.254,.331,.397,.728,.275,100,9,0,2,2,4,0
1957,120,Jim Hughes,/players/h/hugheji02.shtml,hugheji02,34,CHW,5.0,,4,29,26,6,12,0,0,0,0,0,3,2,.462,.517,.462,.979,.500,12,0,0,0,0,0,0
1957,121,Dick Hyde,/players/h/hydedi01.shtml,hydedi01,28,WSH,109.1,5,52,482,399,54,104,15,5,4,6,3,56,46,.261,.356,.353,.709,.281,141,14,7,13,7,7,5
1957,122,Larry Jackson,/players/j/jacksla01.shtml,jacksla01,26,STL,210.1,,41,861,789,84,196,29,4,21,5,5,57,96,.248,.301,.375,.676,.259,296,26,4,8,3,8,9
1957,123,Joey Jay,/players/j/jayjo01.shtml,jayjo01,21,MLN,0.2,,1,2,2,0,0,0,0,0,0,0,0,0,.000,.000,.000,.000,.000,0,0,0,0,0,0,0
1957,124,Hal Jeffcoat,/players/j/jeffcha01.shtml,jeffcha01,32,CIN,207.0,,37,873,803,117,236,36,7,29,5,7,46,63,.294,.335,.465,.800,.289,373,34,7,11,6,7,10
1957,125,Connie Johnson,/players/j/johnsco01.shtml,johnsco01,34,BAL,242.0,,35,989,906,93,212,33,3,17,1,12,66,177,.234,.287,.333,.620,.272,302,12,3,9,5,1,9
1957,126,Ernie Johnson,/players/j/johnser02.shtml,johnser02,33,MLN,65.0,,30,283,252,29,67,5,1,9,3,0,26,44,.266,.336,.401,.737,.290,101,5,1,3,1,5,2
1957,127,Dave Jolly,/players/j/jollyda01.shtml,jollyda01,32,MLN,37.2,,23,170,140,22,37,8,2,4,3,0,21,27,.264,.367,.436,.803,.297,61,3,3,4,2,0,1
1957,128,Gordon Jones,/players/j/jonesgo01.shtml,jonesgo01,27,NYG,11.2,,10,57,50,9,16,4,0,1,1,0,3,5,.320,.364,.460,.824,.333,23,1,1,2,1,1,2
1957,129,Sam Jones,/players/j/jonessa02.shtml,jonessa02,31,STL,182.2,1,28,767,685,77,164,28,5,17,2,5,71,154,.239,.315,.369,.685,.285,253,19,6,3,2,1,7
1957,130,Don Kaiser,/players/k/kaisedo01.shtml,kaisedo01,22,CHC,72.0,30,20,322,289,48,91,15,1,4,1,2,28,23,.315,.371,.415,.786,.327,120,12,0,1,4,3,6
1957,131,Bob Keegan,/players/k/keegabo01.shtml,keegabo01,36,CHW,142.2,,30,587,542,62,131,26,3,22,2,1,37,36,.242,.291,.423,.713,.223,229,14,2,2,4,2,8
1957,132,Alex Kellner*,/players/k/kellnal01.shtml,kellnal01,32,KCA,132.2,,28,560,508,65,141,20,7,18,1,3,41,72,.278,.331,.451,.782,.291,229,22,2,4,5,3,12
1957,133,Russ Kemmerer,/players/k/kemmeru01.shtml,kemmeru01,26,TOT,176.1,,40,795,707,112,219,35,5,20,5,8,73,82,.310,.373,.458,.831,.326,324,21,2,7,6,5,8
1957,134,Russ Kemmerer,/players/k/kemmeru01.shtml,kemmeru01,26,BOS,4.0,,1,19,15,2,5,1,0,0,0,0,2,1,.333,.389,.400,.789,.333,6,0,0,1,1,1,0
1957,135,Russ Kemmerer,/players/k/kemmeru01.shtml,kemmeru01,26,WSH,172.1,,39,776,692,110,214,34,5,20,5,8,71,81,.309,.373,.460,.832,.326,318,21,2,6,5,4,8
1957,136,Bill Kennedy*,/players/k/kennebi02.shtml,kennebi02,36,CIN,12.2,,8,60,51,9,16,2,1,1,0,0,5,8,.314,.379,.451,.830,.349,23,0,1,2,1,1,2
1957,137,Ellis Kinder,/players/k/kindeel01.shtml,kindeel01,42,CHW,1.0,,1,5,3,0,0,0,0,0,0,0,1,0,.000,.250,.000,.250,.000,0,0,0,1,0,1,1
1957,138,Nellie King,/players/k/kingne01.shtml,kingne01,29,PIT,52.0,16,36,230,206,27,69,15,1,7,7,1,16,23,.335,.385,.519,.904,.348,107,4,2,4,2,6,2
1957,139,Fred Kipp*,/players/k/kippfr01.shtml,kippfr01,25,BRO,4.0,,1,18,18,4,6,0,0,2,0,0,0,3,.333,.333,.667,1.000,.308,12,1,0,0,0,0,1
1957,140,Ron Kline,/players/k/klinero01.shtml,klinero01,25,PIT,205.0,74,40,870,797,107,214,29,3,27,3,3,61,88,.269,.319,.414,.733,.272,330,16,1,5,6,6,11
1957,141,Johnny Klippstein,/players/k/klippjo01.shtml,klippjo01,29,CIN,146.0,,46,643,559,84,146,28,4,17,7,2,68,99,.261,.342,.417,.759,.288,233,8,3,8,5,6,6
1957,142,Sandy Koufax*,/players/k/koufasa01.shtml,koufasa01,21,BRO,104.1,,34,444,385,49,83,13,4,14,5,1,51,122,.216,.309,.379,.688,.275,146,4,2,4,2,1,3
1957,143,Johnny Kucks,/players/k/kucksjo01.shtml,kucksjo01,24,NYY,179.1,,37,759,672,82,169,19,9,13,6,3,59,78,.251,.316,.365,.680,.264,245,20,8,11,9,2,11
1957,144,Bob Kuzava*,/players/k/kuzavbo01.shtml,kuzavbo01,34,TOT,4.1,,7,25,20,3,7,2,0,0,0,0,5,3,.350,.480,.450,.930,.412,9,0,0,0,0,0,0
1957,145,Bob Kuzava*,/players/k/kuzavbo01.shtml,kuzavbo01,34,PIT,2.0,,4,12,9,2,3,1,0,0,0,0,3,1,.333,.500,.444,.944,.375,4,0,0,0,0,0,0
1957,146,Bob Kuzava*,/players/k/kuzavbo01.shtml,kuzavbo01,34,STL,2.1,,3,13,11,1,4,1,0,0,0,0,2,2,.364,.462,.455,.916,.444,5,0,0,0,0,0,0
1957,147,Clem Labine,/players/l/labincl01.shtml,labincl01,30,BRO,104.2,,58,444,402,50,104,20,3,8,1,3,27,67,.259,.301,.383,.684,.287,154,9,1,6,8,6,10
1957,148,Paul LaPalme*,/players/l/lapalpa01.shtml,lapalpa01,33,CHW,40.1,,35,168,147,16,35,4,1,5,2,2,19,19,.238,.329,.381,.710,.244,56,8,1,1,0,1,4
1957,149,Don Larsen,/players/l/larsedo01.shtml,larsedo01,27,NYY,139.2,,27,605,513,68,113,14,3,12,5,8,87,81,.220,.332,.329,.662,.239,169,11,0,3,2,0,9
1957,150,Frank Lary,/players/l/laryfr01.shtml,laryfr01,27,DET,237.2,,40,1012,907,111,250,29,5,23,5,6,72,107,.276,.336,.395,.730,.291,358,35,12,17,4,9,15
1957,151,Barry Latman,/players/l/latmaba01.shtml,latmaba01,21,CHW,12.1,,7,60,45,11,12,2,1,2,0,0,13,9,.267,.441,.489,.930,.294,22,2,1,1,0,0,0
1957,152,Vern Law,/players/l/lawve01.shtml,lawve01,27,PIT,172.2,83,31,716,673,72,172,25,5,18,2,1,32,55,.256,.290,.388,.678,.255,261,12,2,6,3,8,7
1957,153,Brooks Lawrence,/players/l/lawrebr01.shtml,lawrebr01,32,CIN,250.1,,49,1045,946,111,234,32,5,26,5,0,76,121,.247,.306,.374,.680,.257,354,21,8,5,10,5,12
1957,154,Don Lee,/players/l/leedo01.shtml,leedo01,23,DET,38.2,,11,178,155,22,48,5,1,6,0,2,18,19,.310,.381,.471,.852,.318,73,4,1,2,2,0,2
1957,155,Ken Lehman*,/players/l/lehmake01.shtml,lehmake01,29,TOT,75.0,,33,303,273,21,64,19,0,1,0,3,23,35,.234,.293,.315,.608,.265,86,8,0,6,1,2,4
1957,156,Ken Lehman*,/players/l/lehmake01.shtml,lehmake01,29,BRO,7.0,,3,28,27,0,7,4,0,0,0,0,1,3,.259,.286,.407,.693,.292,11,0,0,0,0,0,0
1957,157,Ken Lehman*,/players/l/lehmake01.shtml,lehmake01,29,BAL,68.0,,30,275,246,21,57,15,0,1,0,3,22,32,.232,.294,.305,.599,.262,75,8,0,6,1,2,4
1957,158,Bob Lemon,/players/l/lemonbo01.shtml,lemonbo01,36,CLE,117.1,,21,539,449,70,129,23,4,9,7,3,64,45,.287,.380,.416,.796,.299,187,13,7,12,7,6,11
1957,159,Dick Littlefield*,/players/l/littldi01.shtml,littldi01,31,CHC,65.2,29,48,306,259,46,76,11,3,12,1,1,37,51,.293,.379,.498,.877,.320,129,5,1,5,4,4,3
1957,160,Billy Loes,/players/l/loesbi01.shtml,loesbi01,27,BAL,155.1,2,31,629,580,59,142,25,5,8,4,6,37,86,.245,.292,.347,.639,.273,201,17,4,3,5,4,6
1957,161,Lynn Lovenguth,/players/l/lovenly01.shtml,lovenly01,34,STL,9.0,,2,39,33,3,6,2,0,0,0,1,6,6,.182,.308,.242,.550,.222,8,0,0,0,0,0,2
1957,162,Turk Lown,/players/l/lowntu01.shtml,lowntu01,33,CHC,93.0,50,67,393,334,45,74,9,5,10,3,0,51,51,.222,.322,.368,.690,.232,123,5,0,5,3,4,3
1957,163,Ralph Lumenti*,/players/l/lumenra01.shtml,lumenra01,20,WSH,9.1,,3,42,36,7,9,0,0,1,2,0,5,8,.250,.357,.333,.690,.296,12,1,1,0,0,0,0
1957,164,Duke Maas,/players/m/maasdu01.shtml,maasdu01,28,DET,219.1,,45,925,834,92,210,34,4,23,3,5,65,116,.252,.307,.385,.691,.266,321,16,4,15,7,7,15
1957,165,Sal Maglie,/players/m/maglisa01.shtml,maglisa01,40,TOT,127.1,,25,527,481,48,116,29,2,13,3,1,33,59,.241,.295,.391,.686,.250,188,14,5,5,3,1,10
1957,166,Sal Maglie,/players/m/maglisa01.shtml,maglisa01,40,BRO,101.1,,19,421,384,42,94,24,2,12,2,1,26,50,.245,.298,.411,.710,.253,158,9,4,5,2,1,7
1957,167,Sal Maglie,/players/m/maglisa01.shtml,maglisa01,40,NYY,26.0,,6,106,97,6,22,5,0,1,1,0,7,9,.227,.283,.309,.592,.239,30,5,1,0,1,0,3
1957,168,Joe Margoneri*,/players/m/margojo01.shtml,margojo01,27,NYG,34.1,,13,165,139,23,44,5,2,1,0,2,21,18,.317,.405,.403,.808,.352,56,2,1,2,2,2,2
1957,169,Morrie Martin*,/players/m/martimo01.shtml,martimo01,34,STL,10.2,,4,41,35,3,5,1,0,0,0,0,4,7,.143,.244,.171,.415,.172,6,1,1,0,1,0,0
1957,170,Ed Mayer*,/players/m/mayered02.shtml,mayered02,25,CHC,7.2,,3,34,31,5,8,2,1,2,2,0,2,3,.258,.324,.581,.904,.231,18,0,1,0,0,0,0
1957,171,Windy McCall*,/players/m/mccalwi01.shtml,mccalwi01,31,NYG,3.0,,5,19,15,5,8,2,0,1,0,0,2,2,.533,.579,.867,1.446,.538,13,0,1,0,1,0,0
1957,172,Mike McCormick*,/players/m/mccormi03.shtml,mccormi03,18,NYG,74.2,35,24,321,283,37,79,9,1,7,0,5,32,50,.279,.356,.392,.748,.316,111,5,3,2,2,2,3
1957,173,Lindy McDaniel,/players/m/mcdanli01.shtml,mcdanli01,21,STL,191.0,,30,804,739,87,196,36,5,13,7,2,53,75,.265,.315,.380,.696,.279,281,23,3,5,4,4,14
1957,174,Von McDaniel,/players/m/mcdanvo01.shtml,mcdanvo01,18,STL,86.2,,17,356,316,37,71,15,4,7,1,2,31,45,.225,.293,.364,.657,.240,115,7,1,5,3,3,3
1957,175,Mickey McDermott*,/players/m/mcdermi03.shtml,mcdermi03,28,KCA,69.0,9,29,317,256,47,68,11,3,9,0,0,50,29,.266,.382,.438,.819,.267,112,8,0,8,3,2,6
1957,176,Danny McDevitt*,/players/m/mcdevda01.shtml,mcdevda01,24,BRO,119.0,,22,526,441,55,105,15,1,5,1,3,72,90,.238,.351,.311,.662,.287,137,11,6,5,2,1,10
1957,177,Jim McDonald,/players/m/mcdonji04.shtml,mcdonji04,30,CHW,22.1,,10,92,77,8,18,3,0,2,1,2,10,12,.234,.315,.351,.665,.246,27,1,0,3,2,1,1
1957,178,Stover McIlwain,/players/m/mcilwst01.shtml,mcilwst01,17,CHW,1.0,,1,5,4,0,2,0,0,0,0,1,1,0,.500,.600,.500,1.100,.500,2,0,0,0,0,0,0
1957,179,Cal McLish,/players/m/mclisca01.shtml,mclisca01,31,CLE,144.1,,42,612,531,55,118,14,4,11,4,2,67,88,.222,.311,.326,.636,.247,173,17,2,10,2,10,12
1957,180,Don McMahon,/players/m/mcmahdo02.shtml,mcmahdo02,27,MLN,46.2,,32,200,168,13,33,2,0,0,2,1,29,46,.196,.312,.208,.520,.266,35,4,0,1,2,4,4
1957,181,Lloyd Merritt,/players/m/merrill02.shtml,merrill02,24,STL,65.1,,44,280,239,29,60,6,2,7,1,2,28,35,.251,.337,.381,.718,.266,91,5,4,7,2,5,3
1957,182,Jack Meyer,/players/m/meyerja01.shtml,meyerja01,25,PHI,37.2,,19,180,148,30,44,9,0,6,1,1,28,34,.297,.408,.480,.888,.345,71,2,1,1,2,2,2
1957,183,Russ Meyer,/players/m/meyerru01.shtml,meyerru01,33,BOS,5.0,,2,28,24,5,10,0,0,0,3,0,3,1,.417,.464,.417,.881,.417,10,0,0,0,1,0,1
1957,184,Bob Miller,/players/m/millebo04.shtml,millebo04,18,STL,9.0,,5,46,40,9,13,2,0,2,0,0,5,7,.325,.391,.525,.916,.344,21,0,0,0,1,0,1
1957,185,Bob Miller,/players/m/millebo02.shtml,millebo02,31,PHI,60.1,,32,254,230,18,61,11,4,4,3,2,17,12,.265,.315,.400,.715,.263,92,4,1,3,3,5,3
1957,186,Stu Miller,/players/m/millest01.shtml,millest01,29,NYG,124.0,60,38,514,453,53,110,16,3,15,4,3,45,60,.243,.314,.391,.705,.250,177,11,3,11,2,6,6
1957,187,Rudy Minarcin,/players/m/minarru01.shtml,minarru01,27,BOS,44.2,19,26,205,165,30,44,9,0,5,0,0,30,20,.267,.375,.412,.787,.271,68,7,1,5,4,4,4
1957,188,Don Minnick,/players/m/minnido01.shtml,minnido01,26,WSH,9.1,,2,44,41,8,14,1,0,1,0,0,2,7,.341,.372,.439,.811,.394,18,0,0,1,0,0,1
1957,189,Vinegar Bend Mizell*,/players/m/mizelvi01.shtml,mizelvi01,26,STL,149.1,,33,627,564,69,136,27,8,18,7,4,51,87,.241,.303,.413,.716,.254,233,11,1,6,5,4,9
1957,190,Ramon Monzant,/players/m/monzara01.shtml,monzara01,24,NYG,49.2,39,24,217,191,27,55,7,1,6,1,1,16,37,.288,.341,.429,.770,.320,82,5,2,2,5,1,1
1957,191,Ray Moore,/players/m/moorera02.shtml,moorera02,31,BAL,227.1,,34,961,832,99,196,27,5,17,14,11,112,117,.236,.326,.341,.668,.255,284,21,2,12,4,5,10
1957,192,Seth Morehead*,/players/m/morehse01.shtml,morehse01,22,PHI,58.2,,34,253,224,27,57,16,3,1,1,1,20,36,.254,.315,.366,.681,.292,82,1,2,2,5,4,3
1957,193,Tom Morgan,/players/m/morgato01.shtml,morgato01,27,KCA,143.2,45,46,629,546,76,160,31,1,19,5,3,61,32,.293,.364,.458,.822,.281,250,17,3,13,6,9,3
1957,194,Don Mossi*,/players/m/mossido01.shtml,mossido01,28,CLE,159.0,1,36,686,617,82,165,26,1,16,7,4,57,97,.267,.330,.391,.720,.294,241,12,2,7,3,5,3
1957,195,Billy Muffett,/players/m/muffebi01.shtml,muffebi01,26,STL,44.0,,23,174,158,11,35,6,1,1,0,0,13,21,.222,.279,.291,.570,.248,46,5,0,2,1,4,1
1957,196,Red Murff,/players/m/murffre01.shtml,murffre01,36,MLN,26.0,,12,115,103,14,31,5,0,3,1,0,11,13,.301,.368,.437,.805,.322,45,4,0,1,0,1,1
1957,197,Ray Narleski,/players/n/narlera01.shtml,narlera01,28,CLE,154.1,23,46,670,585,65,136,13,3,15,3,2,70,93,.232,.316,.342,.658,.251,200,9,4,5,5,6,10
1957,198,Don Newcombe,/players/n/newcodo01.shtml,newcodo01,31,BRO,198.2,,28,815,770,86,199,25,6,28,3,6,33,90,.258,.288,.416,.704,.261,320,8,1,7,4,4,9
1957,199,Willard Nixon,/players/n/nixonwi01.shtml,nixonwi01,29,BOS,191.0,80,29,812,741,86,207,42,5,10,5,7,56,96,.279,.334,.390,.724,.308,289,20,7,4,4,3,9
1957,200,Joe Nuxhall*,/players/n/nuxhajo01.shtml,nuxhajo01,28,CIN,174.1,1,39,768,699,104,192,32,6,24,6,2,53,99,.275,.331,.441,.772,.291,308,6,7,7,2,3,11
1957,201,Eddie O'Brien,/players/o/o'bried01.shtml,o'bried01,26,PIT,12.1,12,3,51,48,3,11,1,0,2,0,0,3,10,.229,.275,.375,.650,.250,18,1,0,0,0,0,1
1957,202,Johnny O'Brien,/players/o/o'brijo03.shtml,o'brijo03,26,PIT,40.0,14,16,188,157,32,46,4,3,7,2,1,24,19,.293,.384,.490,.874,.291,77,2,1,3,3,2,4
1957,203,Billy O'Dell*,/players/o/o'delbi01.shtml,o'delbi01,24,BAL,140.1,,35,560,504,48,107,12,0,12,3,3,39,97,.212,.275,.308,.582,.239,155,10,5,10,2,2,10
1957,204,Claude Osteen*,/players/o/osteecl01.shtml,osteecl01,17,CIN,4.0,,3,19,16,1,4,1,0,0,0,0,3,3,.250,.368,.313,.681,.308,5,0,0,0,0,0,1
1957,205,Phil Paine,/players/p/paineph01.shtml,paineph01,27,MLN,2.0,,1,10,7,0,1,1,0,0,0,0,3,2,.143,.400,.286,.686,.200,2,0,0,0,0,0,0
1957,206,Milt Pappas,/players/p/pappami01.shtml,pappami01,18,BAL,9.0,,4,34,30,1,6,0,0,0,1,1,3,3,.200,.273,.200,.473,.222,6,0,0,1,0,0,0
1957,207,Camilo Pascual,/players/p/pascuca02.shtml,pascuca02,23,WSH,175.2,24,29,752,651,85,168,35,5,11,8,10,76,113,.258,.333,.378,.711,.291,246,13,3,10,12,5,8
1957,208,Laurin Pepper,/players/p/peppela01.shtml,peppela01,26,PIT,9.0,7,5,43,37,8,11,0,0,1,0,0,5,4,.297,.381,.378,.759,.313,14,0,0,1,0,2,1
1957,209,Taylor Phillips*,/players/p/phillta01.shtml,phillta01,24,MLN,73.0,,27,327,276,46,82,9,2,3,4,1,40,36,.297,.384,.377,.761,.329,104,13,1,7,3,3,4
1957,210,Billy Pierce*,/players/p/piercbi02.shtml,piercbi02,30,CHW,257.0,,37,1062,973,98,228,38,9,18,3,5,71,171,.234,.287,.347,.634,.268,338,12,1,16,1,9,15
1957,211,Stan Pitula,/players/p/pitulst01.shtml,pitulst01,26,CLE,59.2,1,23,267,226,37,67,10,3,8,3,1,32,17,.296,.383,.473,.856,.288,107,9,2,3,4,4,2
1957,212,Juan Pizarro*,/players/p/pizarju01.shtml,pizarju01,20,MLN,99.1,,24,441,381,58,99,17,0,16,8,3,51,68,.260,.347,.430,.778,.278,164,6,1,6,2,2,4
1957,213,Bud Podbielan,/players/p/podbibu01.shtml,podbibu01,33,CIN,16.0,,5,67,62,11,18,3,0,4,0,2,4,13,.290,.333,.532,.866,.311,33,1,0,1,0,0,0
1957,214,Johnny Podres*,/players/p/podrejo01.shtml,podrejo01,24,BRO,196.0,1,31,783,732,64,168,36,5,15,6,4,44,109,.230,.273,.354,.627,.250,259,18,1,3,3,1,9
1957,215,Tom Poholsky,/players/p/poholto01.shtml,poholto01,27,CHC,84.0,16,28,387,352,55,117,18,2,9,3,2,22,28,.332,.369,.472,.841,.336,166,4,2,4,6,4,7
1957,216,Bob Porterfield,/players/p/portebo01.shtml,portebo01,33,BOS,102.1,44,28,435,393,54,107,18,0,8,0,1,30,28,.272,.324,.379,.703,.276,149,11,1,9,2,2,8
1957,217,Arnie Portocarrero,/players/p/portoar01.shtml,portoar01,25,KCA,114.2,20,33,475,430,55,103,13,4,10,3,4,34,42,.240,.297,.358,.655,.243,154,5,3,4,4,2,3
1957,218,Joe Presko,/players/p/preskjo01.shtml,preskjo01,28,DET,11.0,,7,46,36,3,10,0,0,0,0,0,4,3,.278,.357,.278,.635,.294,10,1,1,4,1,1,0
1957,219,Bob Purkey,/players/p/purkebo01.shtml,purkebo01,27,PIT,179.2,56,48,760,697,84,194,28,5,10,4,0,38,51,.278,.317,.376,.693,.284,262,12,7,7,11,9,7
1957,220,Tom Qualters,/players/q/qualtto01.shtml,qualtto01,22,PHI,7.1,,6,35,30,6,12,2,1,0,2,0,4,6,.400,.471,.533,1.004,.500,16,0,0,1,0,1,0
1957,221,Charlie Rabe*,/players/r/rabech01.shtml,rabech01,25,CIN,8.1,,2,30,30,2,5,1,0,2,0,0,0,6,.167,.167,.400,.567,.136,12,0,0,0,0,0,0
1957,222,Hal Raether,/players/r/raethha01.shtml,raethha01,24,KCA,2.0,,1,8,8,2,2,0,1,1,0,0,0,0,.250,.250,.875,1.125,.143,7,0,0,0,0,0,0
1957,223,Pedro Ramos,/players/r/ramospe01.shtml,ramospe01,22,WSH,231.0,31,43,992,906,131,251,34,8,43,11,6,69,91,.277,.331,.475,.806,.268,430,22,7,5,5,4,10
1957,224,Steve Ridzik,/players/r/ridzist01.shtml,ridzist01,28,NYG,26.2,,15,112,90,14,19,2,0,3,1,1,19,13,.211,.357,.333,.690,.213,30,6,2,0,1,1,1
1957,225,Robin Roberts,/players/r/roberro01.shtml,roberro01,30,PHI,249.2,,39,1034,978,122,246,47,9,40,18,3,43,128,.252,.283,.441,.724,.253,431,8,1,8,3,16,13
1957,226,Ed Roebuck,/players/r/roebued01.shtml,roebued01,25,BRO,96.1,1,44,395,342,37,70,9,4,9,3,1,46,73,.205,.303,.333,.636,.235,114,10,2,5,0,6,4
1957,227,Saul Rogovin,/players/r/rogovsa01.shtml,rogovsa01,35,PHI,8.0,,4,38,33,8,11,0,2,1,2,0,3,0,.333,.378,.545,.924,.303,18,0,0,1,1,1,0
1957,228,Don Rudolph*,/players/r/rudoldo01.shtml,rudoldo01,25,CHW,12.0,,5,43,41,3,6,1,0,2,0,0,2,2,.146,.186,.317,.503,.108,13,1,0,0,0,0,1
1957,229,Bob Rush,/players/r/rushbo01.shtml,rushbo01,31,CHC,205.1,102,31,885,794,111,211,33,5,16,15,10,66,103,.266,.319,.380,.700,.284,302,7,2,11,12,6,12
1957,230,Raul Sanchez,/players/s/sanchra01.shtml,sanchra01,26,CIN,62.1,,38,270,233,37,61,9,2,7,7,3,25,37,.262,.341,.408,.749,.283,95,5,4,6,2,3,3
1957,231,Jack Sanford,/players/s/sanfoja02.shtml,sanfoja02,28,PHI,236.2,,33,989,878,94,194,25,9,22,12,3,94,188,.221,.297,.345,.642,.256,303,13,3,9,5,2,12
1957,232,Willard Schmidt,/players/s/schmiwi01.shtml,schmiwi01,29,STL,116.2,,40,527,467,67,146,26,3,13,3,4,49,63,.313,.377,.465,.842,.337,217,15,2,5,4,6,7
1957,233,Herb Score*,/players/s/scorehe01.shtml,scorehe01,24,CLE,36.0,,5,150,121,9,18,7,0,0,3,3,26,39,.149,.304,.207,.511,.220,25,3,1,2,0,2,2
1957,234,Bobby Shantz*,/players/s/shantbo01.shtml,shantbo01,31,NYY,173.0,,30,698,644,58,157,22,4,15,3,2,40,72,.244,.292,.360,.652,.253,232,22,6,3,5,1,7
1957,235,Bob Shaw,/players/s/shawbo01.shtml,shawbo01,24,DET,9.2,,7,46,38,9,11,2,0,2,1,0,7,4,.289,.400,.500,.900,.281,19,2,0,1,0,1,1
1957,236,Garland Shifflett,/players/s/shiffga01.shtml,shiffga01,22,WSH,8.0,,6,39,27,9,6,1,2,0,2,1,10,2,.222,.421,.407,.828,.231,11,0,0,1,1,0,0
1957,237,Curt Simmons*,/players/s/simmocu01.shtml,simmocu01,28,PHI,212.0,,32,884,810,92,214,32,14,11,4,4,50,92,.264,.305,.379,.684,.284,307,20,2,13,9,11,14
1957,238,Elmer Singleton,/players/s/singlel01.shtml,singlel01,39,CHC,13.1,,5,62,60,11,20,3,1,3,1,0,2,6,.333,.355,.567,.922,.333,34,2,0,0,0,0,2
1957,239,Dave Sisler,/players/s/sisleda01.shtml,sisleda01,25,BOS,122.1,,22,554,482,68,135,18,2,15,5,3,61,55,.280,.361,.419,.780,.288,202,13,2,5,4,1,10
1957,240,Dave Skaugstad*,/players/s/skaugda01.shtml,skaugda01,17,CIN,5.2,,2,27,21,1,4,1,0,0,0,0,6,4,.190,.370,.238,.608,.235,5,0,0,0,0,0,0
1957,241,Lou Sleater*,/players/s/sleatlo01.shtml,sleatlo01,30,DET,69.1,,41,292,253,33,61,9,2,9,4,1,28,43,.241,.316,.399,.715,.255,101,6,1,7,3,7,7
1957,242,Bob Smith*,/players/s/smithbo03.shtml,smithbo03,26,TOT,64.2,4,26,290,255,32,60,11,3,3,4,1,31,46,.235,.323,.337,.660,.277,86,2,2,2,0,4,7
1957,243,Bob Smith*,/players/s/smithbo03.shtml,smithbo03,26,STL,9.2,,6,53,45,10,12,4,1,0,2,0,6,11,.267,.365,.400,.765,.353,18,0,1,1,0,1,4
1957,244,Bob Smith*,/players/s/smithbo03.shtml,smithbo03,26,PIT,55.0,4,20,237,210,22,48,7,2,3,2,1,25,35,.229,.314,.324,.637,.262,68,2,1,1,0,3,3
1957,245,Warren Spahn*,/players/s/spahnwa01.shtml,spahnwa01,36,MLN,271.0,,39,1111,1016,94,241,33,5,23,5,5,78,111,.237,.291,.347,.639,.245,353,24,2,9,6,4,14
1957,246,Jack Spring*,/players/s/sprinja01.shtml,sprinja01,24,BOS,1.0,,1,3,3,0,0,0,0,0,0,0,0,2,.000,.000,.000,.000,.000,0,0,0,0,0,0,0
1957,247,Gerry Staley,/players/s/stalege01.shtml,stalege01,36,CHW,105.0,,47,424,389,27,95,12,0,7,1,3,27,44,.244,.293,.329,.622,.260,128,16,0,8,0,9,8
1957,248,Chuck Stobbs*,/players/s/stobbch01.shtml,stobbch01,27,WSH,211.2,,42,946,843,140,235,48,5,28,10,6,80,114,.279,.343,.447,.790,.293,377,10,5,12,6,10,14
1957,249,Dean Stone*,/players/s/stonede01.shtml,stonede01,26,TOT,54.2,,20,256,211,45,61,13,1,5,2,2,37,35,.289,.387,.431,.819,.318,91,8,0,3,5,1,3
1957,250,Dean Stone*,/players/s/stonede01.shtml,stonede01,26,WSH,3.1,,3,17,14,3,5,0,0,0,0,0,2,3,.357,.412,.357,.769,.417,5,0,0,0,1,1,0
1957,251,Dean Stone*,/players/s/stonede01.shtml,stonede01,26,BOS,51.1,,17,239,197,42,56,13,1,5,2,2,35,32,.284,.386,.437,.822,.311,86,8,0,3,4,0,3
1957,252,Jim Stump,/players/s/stumpji01.shtml,stumpji01,25,DET,13.1,,6,59,48,4,11,2,1,0,1,1,8,2,.229,.339,.313,.652,.239,15,0,0,3,0,0,1
1957,253,Tom Sturdivant,/players/s/sturdto01.shtml,sturdto01,27,NYY,201.2,,28,828,734,65,170,21,4,14,5,15,80,118,.232,.309,.328,.637,.257,241,19,4,5,5,2,11
1957,254,Frank Sullivan,/players/s/sullifr01.shtml,sullifr01,27,BOS,240.2,36,31,963,897,76,206,38,5,16,2,3,48,127,.230,.273,.337,.609,.250,302,18,7,6,5,4,14
1957,255,Max Surkont,/players/s/surkoma01.shtml,surkoma01,35,NYG,6.1,,5,30,28,7,9,1,1,2,0,0,2,8,.321,.367,.643,1.010,.389,18,0,0,0,0,0,0
1957,256,George Susce,/players/s/suscege02.shtml,suscege02,25,BOS,88.1,1,29,390,339,45,93,15,3,6,1,3,41,40,.274,.354,.389,.743,.293,132,10,3,3,4,5,4
1957,257,Red Swanson,/players/s/swansre01.shtml,swansre01,20,PIT,72.2,42,32,309,274,35,68,10,2,9,6,2,31,29,.248,.327,.398,.725,.250,109,11,1,3,0,3,5
1957,258,Harry Taylor,/players/t/tayloha05.shtml,tayloha05,21,KCA,8.2,,2,40,35,4,11,2,1,0,2,0,4,4,.314,.400,.429,.829,.355,15,1,1,0,0,0,0
1957,259,Ralph Terry,/players/t/terryra01.shtml,terryra01,21,TOT,151.1,78,28,639,572,70,137,22,6,16,3,4,55,87,.240,.309,.383,.692,.256,219,8,4,4,4,3,13
1957,260,Ralph Terry,/players/t/terryra01.shtml,terryra01,21,NYY,20.2,,7,85,75,7,18,2,0,1,0,1,8,7,.240,.310,.307,.616,.250,23,3,0,1,1,1,2
1957,261,Ralph Terry,/players/t/terryra01.shtml,terryra01,21,KCA,130.2,78,21,554,497,63,119,20,6,15,3,3,47,80,.239,.309,.394,.703,.257,196,5,4,3,3,2,11
1957,262,Dick Tomanek*,/players/t/tomandi01.shtml,tomandi01,26,CLE,69.2,7,34,310,270,51,67,11,2,13,1,2,37,55,.248,.341,.448,.789,.267,121,7,1,2,0,3,7
1957,263,Joe Trimble,/players/t/trimbjo01.shtml,trimbjo01,26,PIT,19.2,25,5,95,79,19,23,0,0,7,0,0,13,9,.291,.398,.557,.955,.254,44,3,1,2,0,1,3
1957,264,Dizzy Trout,/players/t/troutdi01.shtml,troutdi01,42,BAL,0.1,,2,5,5,3,4,1,1,0,0,0,0,0,.800,.800,1.400,2.200,.800,7,0,0,0,0,0,0
1957,265,Bob Trowbridge,/players/t/trowbbo01.shtml,trowbbo01,27,MLN,126.0,,32,537,476,57,118,16,4,9,4,3,52,75,.248,.321,.355,.676,.276,169,7,1,5,3,5,5
1957,266,Virgil Trucks,/players/t/truckvi01.shtml,truckvi01,40,KCA,116.0,47,48,501,427,45,106,15,4,12,4,1,62,55,.248,.345,.386,.731,.260,165,12,2,8,2,8,5
1957,267,John Tsitouris,/players/t/tsitojo01.shtml,tsitojo01,21,DET,3.1,,2,18,16,3,8,3,0,0,1,0,2,2,.500,.556,.688,1.243,.571,11,1,0,0,0,0,0
1957,268,Bob Turley,/players/t/turlebo01.shtml,turlebo01,26,NYY,176.1,,32,723,618,59,120,16,6,17,4,7,85,152,.194,.299,.322,.621,.227,199,10,9,6,4,1,6
1957,269,Jack Urban,/players/u/urbanja01.shtml,urbanja01,28,KCA,129.1,39,31,531,468,55,111,19,6,7,6,3,45,55,.237,.300,.348,.648,.251,163,8,1,8,9,3,5
1957,270,Rene Valdes,/players/v/valdere01.shtml,valdere01,28,BRO,13.0,,5,59,49,8,13,3,0,1,2,0,7,10,.265,.351,.388,.739,.308,19,0,0,2,1,1,2
1957,271,Vito Valentinetti,/players/v/valenvi01.shtml,valenvi01,28,TOT,35.2,36,20,164,137,19,38,9,0,4,4,1,20,17,.277,.371,.431,.802,.291,59,1,1,5,1,1,3
1957,272,Vito Valentinetti,/players/v/valenvi01.shtml,valenvi01,28,CHC,12.0,,9,55,47,5,12,2,0,1,1,1,7,8,.255,.352,.362,.714,.289,17,0,0,1,0,1,1
1957,273,Vito Valentinetti,/players/v/valenvi01.shtml,valenvi01,28,CLE,23.2,36,11,109,90,14,26,7,0,3,3,0,13,9,.289,.381,.467,.848,.291,42,1,1,4,1,0,2
1957,274,Jerry Walker,/players/w/walkeje01.shtml,walkeje01,18,BAL,27.2,,13,115,99,9,24,2,0,1,2,2,14,13,.242,.333,.293,.626,.267,29,4,0,1,1,1,1
1957,275,Murray Wall,/players/w/wallmu01.shtml,wallmu01,30,BOS,24.1,,11,97,91,11,21,4,0,3,0,1,2,13,.231,.245,.374,.618,.237,34,0,0,3,1,0,2
1957,276,Herm Wehmeier,/players/w/wehmehe01.shtml,wehmehe01,30,STL,165.0,,36,716,651,91,165,30,7,25,12,2,54,91,.253,.311,.436,.747,.260,284,8,2,5,4,7,15
1957,277,Bob Wiesler*,/players/w/wieslbo01.shtml,wieslbo01,26,WSH,16.1,,3,72,60,8,15,3,0,2,1,1,11,9,.250,.375,.400,.775,.265,24,4,1,0,0,0,2
1957,278,Bill Wight*,/players/w/wightbi01.shtml,wightbi01,35,BAL,121.0,,27,523,450,53,122,9,4,4,2,6,54,50,.271,.351,.336,.686,.294,151,12,4,10,5,1,6
1957,279,Hoyt Wilhelm,/players/w/wilheho01.shtml,wilheho01,34,TOT,58.2,8,42,246,218,29,54,5,3,8,3,0,22,29,.248,.328,.408,.736,.254,89,6,4,2,0,1,1
1957,280,Hoyt Wilhelm,/players/w/wilheho01.shtml,wilheho01,34,STL,55.0,,40,231,205,28,52,5,3,7,3,0,21,29,.254,.332,.410,.742,.266,84,6,3,2,0,1,1
1957,281,Hoyt Wilhelm,/players/w/wilheho01.shtml,wilheho01,34,CLE,3.2,8,2,15,13,1,2,0,0,1,0,0,1,0,.154,.267,.385,.651,.083,5,0,1,0,0,0,0
1957,282,Jim Wilson,/players/w/wilsoji02.shtml,wilsoji02,35,CHW,201.2,,30,842,760,85,189,27,6,22,5,4,65,100,.249,.309,.387,.696,.260,294,20,3,10,4,8,11
1957,283,Red Witt,/players/w/wittge01.shtml,wittge01,25,PIT,1.1,,1,13,8,6,4,0,0,1,,,5,1,.500,.692,.875,1.567,.500,7,,0,0,0,0,
1957,284,Pete Wojey,/players/w/wojeype01.shtml,wojeype01,37,DET,1.1,,2,6,5,0,1,0,0,0,0,0,0,0,.200,.200,.200,.400,.200,1,0,0,1,0,0,1
1957,285,Al Worthington,/players/w/worthal01.shtml,worthal01,28,NYG,157.2,90,55,662,588,75,140,23,3,19,4,4,56,90,.238,.307,.384,.691,.249,226,10,5,7,6,7,5
1957,286,Early Wynn,/players/w/wynnea01.shtml,wynnea01,37,CLE,263.0,,40,1146,1019,139,270,43,9,32,11,7,104,184,.265,.335,.419,.754,.295,427,16,5,13,5,7,12
1957,287,George Zuverink,/players/z/zuverge01.shtml,zuverge01,32,BAL,112.2,,56,472,406,37,105,10,3,9,2,3,39,36,.259,.327,.365,.691,.263,148,10,4,19,4,13,7
