1961	1	Hank Aaron	http://www.baseball-reference.com/players/a/aaronha01.shtml	aaronha01	27	162	703	632	122	208	41	11	36	128	22	10	59	67	.329	.383	.600	.983	146	155	155
1961	2	Jerry Adair	http://www.baseball-reference.com/players/a/adairje01.shtml	adairje01	24	133	425	384	40	100	21	1	9	36	5	2	34	51	.260	.321	.391	.711	48	133	133
1961	3	Joe Adcock	http://www.baseball-reference.com/players/a/adcocjo01.shtml	adcocjo01	33	159	661	590	82	170	21	0	37	116	2	1	63	98	.288	.358	.512	.870	108	152	152
1961	4	Hank Aguirre	http://www.baseball-reference.com/players/a/aguirha01.shtml	aguirha01	30	45	13	9	0	0	0	0	0	1	0		0	8	.000	.000	.000	.000	0	45	45
1961	5	Bob Allen*	http://www.baseball-reference.com/players/a/allenbo04.shtml	allenbo04	23	48	13	12	0	0	0	0	0	0	0		0	5	.000	.000	.000	.000	0	48	48
1961	6	Bob Allison	http://www.baseball-reference.com/players/a/allisbo01.shtml	allisbo01	26	159	661	547	74	127	20	3	27	94	2	7	96	100	.232	.348	.428	.775	81	159	159
1961	7	Felipe Alou	http://www.baseball-reference.com/players/a/aloufe01.shtml	aloufe01	26	138	465	432	61	124	20	0	19	54	11	4	27	43	.287	.330	.465	.796	66	132	132
1961	8	Matty Alou*	http://www.baseball-reference.com/players/a/alouma01.shtml	alouma01	22	85	225	208	39	64	7	2	6	25	3	2	15	19	.308	.353	.447	.800	33	81	81
1961	9	George Altman*	http://www.baseball-reference.com/players/a/altmage01.shtml	altmage01	28	144	590	535	75	158	28	12	27	94	6	2	40	96	.295	.345	.544	.889	100	138	138
1961	10	Joe Altobelli*	http://www.baseball-reference.com/players/a/altobjo01.shtml	altobjo01	29	41	107	94	9	20	2	1	3	13	0	0	12	14	.213	.299	.351	.650	10	41	41
1961	11	George Alusik	http://www.baseball-reference.com/players/a/alusige01.shtml	alusige01	26	15	16	14	0	0	0	0	0	0	0		1	4	.000	.063	.000	.063	0	15	15
1961	12	Joey Amalfitano	http://www.baseball-reference.com/players/a/amalfjo01.shtml	amalfjo01	27	114	450	400	66	101	11	4	2	24	7	4	45	62	.253	.327	.315	.642	42	109	109
1961	13	Ruben Amaro	http://www.baseball-reference.com/players/a/amaroru01.shtml	amaroru01	25	141	465	397	35	101	14	9	1	33	1	0	55	62	.254	.348	.343	.691	47	135	135
1961	14	Bob Anderson	http://www.baseball-reference.com/players/a/anderbo01.shtml	anderbo01	25	60	47	44	5	6	0	0	2	5	0	0	1	23	.136	.156	.273	.428	2	57	57
1961	15	Craig Anderson	http://www.baseball-reference.com/players/a/andercr01.shtml	andercr01	22	26	9	9	2	3	1	0	0	0	0	0	0	1	.333	.333	.444	.778	1	25	25
1961	16	Harry Anderson*	http://www.baseball-reference.com/players/a/anderha02.shtml	anderha02	29	4	4	4	0	0	0	0	0	0	0		0	1	.000	.000	.000	.000	0	4	4
1961	17	Johnny Antonelli*	http://www.baseball-reference.com/players/a/antonjo02.shtml	antonjo02	31	21	18	17	5	5	2	0	0	0	0	0	0	3	.294	.294	.412	.706	2	21	21
1961	18	Luis Aparicio	http://www.baseball-reference.com/players/a/aparilu01.shtml	aparilu01	27	156	667	621	86	166	23	4	6	43	52	13	37	33	.267	.308	.346	.654	66	156	156
1961	19	Jim Archer	http://www.baseball-reference.com/players/a/archeji02.shtml	archeji02	29	39	72	63	0	0	0	0	0	0	0		2	19	.000	.030	.000	.030	0	39	39
1961	20	Dan Ardell*	http://www.baseball-reference.com/players/a/ardelda01.shtml	ardelda01	20	7	6	4	0	0	0	0	0	0	0		1	2	.000	.200	.000	.200	0	7	7
1961	21	Gerry Arrigo*	http://www.baseball-reference.com/players/a/arrigge01.shtml	arrigge01	20	7	2	2	0	0	0	0	0	0	0		0	0	.000	.000	.000	.000	0	7	7
1961	22	Luis Arroyo*	http://www.baseball-reference.com/players/a/arroylu01.shtml	arroylu01	34	65	27	24	2	6	2	0	0	0	0	0	0	4	.250	.250	.333	.583	2	65	65
1961	23	Richie Ashburn*	http://www.baseball-reference.com/players/a/ashburi01.shtml	ashburi01	34	114	380	318	49	80	7	4	0	19	7	6	56	28	.252	.367	.299	.665	34	109	109
1961	24	Bob Aspromonte	http://www.baseball-reference.com/players/a/asprobo01.shtml	asprobo01	23	49	63	59	6	13	3	0	0	2	0	0	4	13	.220	.270	.271	.541	4	47	47
1961	25	Ken Aspromonte	http://www.baseball-reference.com/players/a/asproke01.shtml	asproke01	29	88	345	302	29	63	15	1	2	16	0	0	36	24	.209	.296	.285	.581	25	88	88
1961	26	Earl Averill	http://www.baseball-reference.com/players/a/averiea02.shtml	averiea02	29	115	378	315	48	78	8	0	19	51	1	0	56	70	.248	.361	.454	.815	52	115	115
1961	27	Ed Bailey*	http://www.baseball-reference.com/players/b/baileed01.shtml	baileed01	30	124	456	399	44	97	13	1	13	54	1	5	46	48	.243	.323	.378	.702	49	119	119
1961	28	Gene Baker	http://www.baseball-reference.com/players/b/bakerge02.shtml	bakerge02	36	9	13	10	0	0	0	0	0	0	0		3	2	.000	.231	.000	.231	0	9	9
1961	29	Jack Baldschun	http://www.baseball-reference.com/players/b/baldsja01.shtml	baldsja01	24	68	13	11	0	0	0	0	0	0	0		1	7	.000	.083	.000	.083	0	65	65
1961	30	Ernie Banks	http://www.baseball-reference.com/players/b/bankser01.shtml	bankser01	30	144	591	529	73	143	22	4	29	78	1	2	54	78	.270	.337	.491	.828	88	138	138
1961	31	Steve Barber*	http://www.baseball-reference.com/players/b/barbest01.shtml	barbest01	23	37	95	80	6	13	1	0	2	6	0	0	5	42	.163	.221	.250	.471	4	37	37
1961	32	Cuno Barragan	http://www.baseball-reference.com/players/b/barracu01.shtml	barracu01	29	10	32	29	3	6	0	0	1	2	0	0	2	7	.207	.258	.310	.568	2	10	10
1961	33	Norm Bass	http://www.baseball-reference.com/players/b/bassno01.shtml	bassno01	22	41	62	58	3	6	0	0	1	5	0	0	1	34	.103	.119	.155	.274	1	41	41
1961	34	Earl Battey	http://www.baseball-reference.com/players/b/batteea01.shtml	batteea01	26	133	508	450	62	129	22	1	16	49	3	3	49	66	.287	.360	.447	.807	72	133	133
1961	35	Hank Bauer	http://www.baseball-reference.com/players/b/bauerha01.shtml	bauerha01	38	43	117	105	11	27	3	1	3	17	1	0	9	8	.257	.313	.390	.704	13	43	43
1961	36	Frank Baumann*	http://www.baseball-reference.com/players/b/baumafr01.shtml	baumafr01	27	55	66	60	7	15	2	0	2	9	1	0	5	25	.250	.308	.383	.691	7	55	55
1961	37	Jim Baumer	http://www.baseball-reference.com/players/b/baumeji01.shtml	baumeji01	30	10	26	25	0	0	0	0	0	0	0		0	9	.000	.000	.000	.000	0	10	10
1961	38	Ed Bauta	http://www.baseball-reference.com/players/b/bautaed01.shtml	bautaed01	26	14	4	4	0	2	0	0	0	0	0	0	0	1	.500	.500	.500	1.000	1	13	13
1961	39	Julio Becquer*	http://www.baseball-reference.com/players/b/becquju01.shtml	becquju01	29	68	95	91	11	19	1	2	5	16	0	1	3	17	.209	.232	.429	.660	9	68	68
1961	40	Gary Bell	http://www.baseball-reference.com/players/b/bellga01.shtml	bellga01	24	34	95	81	8	16	1	0	0	9	0	0	4	17	.198	.233	.210	.442	4	34	34
1961	41	Gus Bell*	http://www.baseball-reference.com/players/b/bellgu01.shtml	bellgu01	32	108	270	243	26	60	10	1	3	32	1	1	18	22	.247	.289	.333	.622	24	103	103
1961	42	Yogi Berra*	http://www.baseball-reference.com/players/b/berrayo01.shtml	berrayo01	36	119	436	394	61	106	11	0	22	60	2	0	35	28	.269	.328	.464	.792	60	119	119
1961	43	Dick Bertell	http://www.baseball-reference.com/players/b/bertedi01.shtml	bertedi01	25	96	297	277	20	74	7	1	2	33	0	0	15	34	.267	.301	.321	.622	27	92	92
1961	44	Reno Bertoia	http://www.baseball-reference.com/players/b/bertore01.shtml	bertore01	26	98	310	266	32	57	5	0	2	23	3	0	30	35	.214	.288	.256	.544	20	98	98
1961	45	Hal Bevan	http://www.baseball-reference.com/players/b/bevanha01.shtml	bevanha01	30	3	3	3	1	1	0	0	1	1	0	0	0	2	.333	.333	1.333	1.667	1	3	3
1961	46	Steve Bilko	http://www.baseball-reference.com/players/b/bilkost01.shtml	bilkost01	32	114	340	286	42	74	14	1	18	50	1	1	52	81	.259	.371	.503	.874	54	114	114
1961	47	Johnny Blanchard*	http://www.baseball-reference.com/players/b/blancjo01.shtml	blancjo01	28	93	274	242	37	73	10	1	21	53	1	0	27	28	.302	.380	.612	.991	55	93	93
1961	48	Don Blasingame*	http://www.baseball-reference.com/players/b/blasido01.shtml	blasido01	29	132	521	467	58	100	18	4	1	20	4	3	41	41	.214	.279	.276	.556	36	126	126
1961	49	Chet Boak	http://www.baseball-reference.com/players/b/boakch01.shtml	boakch01	26	5	8	7	0	0	0	0	0	0	1		1	1	.000	.125	.000	.125	0	5	5
1961	50	Bobby Bolin	http://www.baseball-reference.com/players/b/bolinbo01.shtml	bolinbo01	22	39	8	8	0	3	0	0	0	4	0	0	0	2	.375	.375	.375	.750	1	37	37
1961	51	Frank Bolling	http://www.baseball-reference.com/players/b/bollifr01.shtml	bollifr01	29	155	690	614	92	162	17	4	16	60	7	3	60	65	.264	.331	.383	.714	77	148	148
1961	52	Walt Bond*	http://www.baseball-reference.com/players/b/bondwa01.shtml	bondwa01	23	38	60	52	8	9	1	1	2	8	1	0	6	10	.173	.267	.346	.613	5	38	38
1961	53	Steve Boros	http://www.baseball-reference.com/players/b/borosst01.shtml	borosst01	24	116	477	391	47	102	17	2	5	57	4	2	65	42	.261	.372	.353	.724	50	116	116
1961	54	Ed Bouchee*	http://www.baseball-reference.com/players/b/bouched01.shtml	bouched01	28	117	398	330	48	79	12	3	12	37	1	4	58	80	.239	.360	.403	.763	47	112	112
1961	55	Carl Bouldin#	http://www.baseball-reference.com/players/b/bouldca01.shtml	bouldca01	21	2	1	1	0	0	0	0	0	0	0		0	0	.000	.000	.000	.000	0	2	2
1961	56	Ernie Bowman	http://www.baseball-reference.com/players/b/bowmaer01.shtml	bowmaer01	25	40	42	40	11	9	0	2	0	2	2	0	1	8	.225	.244	.325	.569	3	38	38
1961	57	Ted Bowsfield	http://www.baseball-reference.com/players/b/bowsfte01.shtml	bowsfte01	26	46	52	49	3	5	1	1	0	1	0	0	1	19	.102	.120	.163	.283	1	46	46
1961	58	Bob Boyd*	http://www.baseball-reference.com/players/b/boydbo01.shtml	boydbo01	41	63	95	91	11	22	2	0	0	13	0	2	2	9	.242	.253	.264	.516	6	62	62
1961	59	Clete Boyer	http://www.baseball-reference.com/players/b/boyercl02.shtml	boyercl02	24	148	578	504	61	113	19	5	11	55	1	3	63	83	.224	.308	.347	.656	54	148	148
1961	60	Ken Boyer	http://www.baseball-reference.com/players/b/boyerke01.shtml	boyerke01	30	160	669	598	98	185	25	10	23	86	6	3	65	95	.309	.375	.500	.875	113	153	153
1961	61	Jackie Brandt	http://www.baseball-reference.com/players/b/brandja01.shtml	brandja01	27	139	581	514	91	151	18	5	16	70	10	2	61	51	.294	.368	.442	.810	83	139	139
1961	62	Marv Breeding	http://www.baseball-reference.com/players/b/breedma01.shtml	breedma01	27	90	260	243	31	50	8	0	1	15	5	2	14	33	.206	.247	.251	.498	15	90	90
1961	63	Eddie Bressoud	http://www.baseball-reference.com/players/b/bressed01.shtml	bressed01	29	62	133	119	15	25	6	0	3	12	1	1	11	24	.210	.273	.336	.609	11	59	59
1961	64	Jim Brewer*	http://www.baseball-reference.com/players/b/breweji01.shtml	breweji01	23	38	26	23	1	4	0	0	0	0	0	0	2	10	.174	.240	.174	.414	1	36	36
1961	65	Tom Brewer	http://www.baseball-reference.com/players/b/breweto01.shtml	breweto01	29	18	15	14	7	4	1	1	0	2	0	0	0	3	.286	.267	.500	.767	2	18	18
1961	66	Fritz Brickell	http://www.baseball-reference.com/players/b/brickfr02.shtml	brickfr02	26	21	53	48	2	5	0	0	0	2	0	0	5	9	.104	.189	.104	.293	1	21	21
1961	67	Marshall Bridges#	http://www.baseball-reference.com/players/b/bridgma01.shtml	bridgma01	30	14	2	2	0	0	0	0	0	0	0		0	1	.000	.000	.000	.000	0	13	13
1961	68	Rocky Bridges	http://www.baseball-reference.com/players/b/bridgro01.shtml	bridgro01	33	84	251	223	17	49	4	1	2	12	1	0	23	37	.220	.296	.274	.569	18	84	84
1961	69	Harry Bright	http://www.baseball-reference.com/players/b/brighha01.shtml	brighha01	31	72	204	183	20	44	6	0	4	21	0	2	19	23	.240	.310	.339	.649	19	72	72
1961	70	Ed Brinkman	http://www.baseball-reference.com/players/b/brinked01.shtml	brinked01	19	4	12	11	0	0	0	0	0	0	0		1	1	.000	.083	.000	.083	0	4	4
1961	71	Lou Brock*	http://www.baseball-reference.com/players/b/brocklo01.shtml	brocklo01	22	4	12	11	0	0	0	0	0	0	0		1	3	.000	.083	.000	.083	0	4	4
1961	72	Ernie Broglio	http://www.baseball-reference.com/players/b/brogler01.shtml	brogler01	25	30	73	65	3	10	1	0	0	6	0	0	3	11	.154	.188	.169	.358	2	29	29
1961	73	Jim Brosnan	http://www.baseball-reference.com/players/b/brosnji01.shtml	brosnji01	31	55	16	14	0	0	0	0	0	0	0		1	6	.000	.067	.000	.067	0	53	53
1961	74	Dick Brown	http://www.baseball-reference.com/players/b/browndi01.shtml	browndi01	26	93	331	304	29	78	11	2	15	41	0	2	21	57	.257	.302	.454	.756	42	93	93
1961	75	Hal Brown	http://www.baseball-reference.com/players/b/brownha01.shtml	brownha01	36	27	58	51	4	8	2	0	0	1	0	0	3	11	.157	.200	.196	.396	2	27	27
1961	76	Paul Brown	http://www.baseball-reference.com/players/b/brownpa01.shtml	brownpa01	20	5	2	2	0	0	0	0	0	0	0		0	0	.000	.000	.000	.000	0	5	5
1961	77	Bob Bruce	http://www.baseball-reference.com/players/b/brucebo01.shtml	brucebo01	28	14	12	9	0	0	0	0	0	0	0		2	2	.000	.182	.000	.182	0	14	14
1961	78	Bill Bruton*	http://www.baseball-reference.com/players/b/brutobi01.shtml	brutobi01	35	160	657	588	90	145	14	5	16	57	21	6	58	66	.247	.316	.369	.685	68	160	160
1961	79	Billy Bryan*	http://www.baseball-reference.com/players/b/bryanbi01.shtml	bryanbi01	22	9	19	18	1	2	0	0	1	1	0	0	1	7	.111	.158	.278	.436	1	9	9
1961	80	Jerry Buchek	http://www.baseball-reference.com/players/b/bucheje01.shtml	bucheje01	19	32	98	95	7	13	2	0	0	10	0	0	0	29	.137	.153	.158	.311	2	31	31
1961	81	Don Buddin	http://www.baseball-reference.com/players/b/buddido01.shtml	buddido01	27	115	413	335	54	85	21	3	6	39	2	1	69	45	.254	.383	.388	.771	49	115	115
1961	82	Bob Buhl	http://www.baseball-reference.com/players/b/buhlbo01.shtml	buhlbo01	32	33	75	65	4	6	0	0	0	4	0	0	8	31	.092	.192	.092	.284	1	32	32
1961	83	Jim Bunning	http://www.baseball-reference.com/players/b/bunniji01.shtml	bunniji01	29	38	104	100	6	13	1	0	0	4	0	0	2	30	.130	.147	.140	.287	2	38	38
1961	84	Lew Burdette	http://www.baseball-reference.com/players/b/burdele01.shtml	burdele01	34	44	113	108	11	22	5	0	3	12	0	0	2	41	.204	.218	.333	.552	8	42	42
1961	85	Smoky Burgess*	http://www.baseball-reference.com/players/b/burgesm01.shtml	burgesm01	34	105	367	334	37	99	17	3	12	52	1	0	30	17	.296	.357	.473	.830	56	100	100
1961	86	Leo Burke	http://www.baseball-reference.com/players/b/burkele02.shtml	burkele02	27	6	5	5	0	0	0	0	0	0	0		0	1	.000	.000	.000	.000	0	6	6
1961	87	Pete Burnside	http://www.baseball-reference.com/players/b/burnspe01.shtml	burnspe01	30	33	38	34	0	0	0	0	0	0	0		1	15	.000	.029	.000	.029	0	33	33
1961	88	Dick Burwell	http://www.baseball-reference.com/players/b/burwedi01.shtml	burwedi01	21	2	1	1	0	0	0	0	0	0	0		0	1	.000	.000	.000	.000	0	2	2
1961	89	Jim Busby	http://www.baseball-reference.com/players/b/busbyji01.shtml	busbyji01	34	75	99	89	15	23	3	1	0	6	2	0	8	10	.258	.316	.315	.631	9	75	75
1961	90	John Buzhardt	http://www.baseball-reference.com/players/b/buzhajo01.shtml	buzhajo01	24	43	70	59	2	6	2	0	0	1	0	0	3	30	.102	.159	.136	.294	1	41	41
1961	91	Johnny Callison*	http://www.baseball-reference.com/players/c/callijo01.shtml	callijo01	22	144	558	473	75	124	20	11	9	48	10	4	71	79	.262	.359	.408	.767	70	138	138
1961	92	Doug Camilli	http://www.baseball-reference.com/players/c/camildo02.shtml	camildo02	24	14	32	31	3	4	0	0	3	4	0	0	1	9	.129	.156	.419	.576	2	13	13
1961	93	Chris Cannizzaro	http://www.baseball-reference.com/players/c/cannich01.shtml	cannich01	23	6	2	2	0	0	0	0	0	0	0		0	0	.000	.000	.000	.000	0	6	6
1961	94	Leo Cardenas	http://www.baseball-reference.com/players/c/cardele01.shtml	cardele01	22	77	222	204	22	61	18	1	5	23	1	0	15	41	.299	.344	.471	.814	33	74	74
1961	95	Don Cardwell	http://www.baseball-reference.com/players/c/cardwdo01.shtml	cardwdo01	25	42	110	99	5	10	3	0	3	5	0	0	6	57	.101	.160	.222	.383	3	40	40
1961	96	Andy Carey	http://www.baseball-reference.com/players/c/careyan01.shtml	careyan01	29	95	301	264	39	66	17	5	3	24	0	1	25	47	.250	.322	.386	.708	32	95	95
1961	97	Cam Carreon	http://www.baseball-reference.com/players/c/carreca01.shtml	carreca01	23	78	252	228	31	61	5	1	4	26	0	1	21	24	.268	.328	.351	.679	26	78	78
1961	98	Jerry Casale	http://www.baseball-reference.com/players/c/casalje01.shtml	casalje01	27	16	17	16	2	6	2	0	1	2	0	0	1	7	.375	.412	.688	1.099	5	16	16
1961	99	Norm Cash*	http://www.baseball-reference.com/players/c/cashno01.shtml	cashno01	26	159	651	523	108	181	21	8	38	120	10	5	116	85	.346	.470	.635	1.105	155	159	159
1961	100	Wayne Causey*	http://www.baseball-reference.com/players/c/causewa01.shtml	causewa01	24	104	357	309	35	83	14	1	8	46	0	0	36	28	.269	.341	.398	.739	42	104	104
1961	101	Orlando Cepeda	http://www.baseball-reference.com/players/c/cepedor01.shtml	cepedor01	23	159	660	608	107	187	29	4	47	145	12	8	40	95	.308	.358	.600	.958	129	152	152
1961	102	Bob Cerv	http://www.baseball-reference.com/players/c/cervbo01.shtml	cervbo01	36	75	190	174	19	40	8	1	8	24	1	0	13	25	.230	.286	.425	.711	21	75	75
1961	103	Elio Chacon	http://www.baseball-reference.com/players/c/chacoel01.shtml	chacoel01	24	64	162	136	26	35	4	2	2	5	1	4	21	23	.257	.365	.360	.725	18	61	61
1961	104	Dean Chance	http://www.baseball-reference.com/players/c/chancde01.shtml	chancde01	20	5	5	5	0	0	0	0	0	0	0		0	2	.000	.000	.000	.000	0	5	5
1961	105	Tom Cheney	http://www.baseball-reference.com/players/c/cheneto01.shtml	cheneto01	26	14	8	7	1	3	1	0	0	2	0	0	0	2	.429	.429	.571	1.000	2	14	14
1961	106	Harry Chiti	http://www.baseball-reference.com/players/c/chitiha01.shtml	chitiha01	28	5	13	12	0	0	0	0	0	0	0		1	2	.000	.077	.000	.077	0	5	5
1961	107	Neil Chrisley*	http://www.baseball-reference.com/players/c/chrisne01.shtml	chrisne01	29	10	12	10	2	3	0	0	0	0	0	0	2	1	.300	.417	.300	.717	1	10	10
1961	108	Joe Christopher	http://www.baseball-reference.com/players/c/chrisjo01.shtml	chrisjo01	25	79	212	192	24	49	7	3	0	14	6	4	18	25	.255	.318	.323	.640	20	76	76
1961	109	Al Cicotte	http://www.baseball-reference.com/players/c/cicotal01.shtml	cicotal01	31	30	22	22	2	6	1	0	0	2	0	0	0	6	.273	.273	.318	.591	2	29	29
1961	110	Gino Cimoli	http://www.baseball-reference.com/players/c/cimolgi01.shtml	cimolgi01	31	61	209	192	17	45	8	1	3	11	1	0	14	29	.234	.286	.333	.620	19	58	58
1961	111	Frank Cipriani	http://www.baseball-reference.com/players/c/ciprifr01.shtml	ciprifr01	20	13	37	35	2	8	0	0	0	2	0	0	2	4	.229	.270	.229	.499	2	13	13
1961	112	Galen Cisco	http://www.baseball-reference.com/players/c/ciscoga01.shtml	ciscoga01	25	18	15	10	0	0	0	0	0	0	0		2	5	.000	.167	.000	.167	0	18	18
1961	113	Doug Clemens*	http://www.baseball-reference.com/players/c/clemedo01.shtml	clemedo01	22	6	15	12	1	2	1	0	0	0	0	0	3	1	.167	.333	.250	.583	1	6	6
1961	114	Roberto Clemente	http://www.baseball-reference.com/players/c/clemero01.shtml	clemero01	26	153	633	591	99	203	30	10	23	88	4	1	35	62	.343	.381	.545	.926	123	146	146
1961	115	Donn Clendenon	http://www.baseball-reference.com/players/c/clenddo01.shtml	clenddo01	25	9	41	36	7	11	1	1	0	2	0	0	5	10	.306	.390	.389	.779	5	9	9
1961	116	Tex Clevenger	http://www.baseball-reference.com/players/c/clevete01.shtml	clevete01	28	33	7	7	0	0	0	0	0	0	0		0	2	.000	.000	.000	.000	0	33	33
1961	117	Ty Cline*	http://www.baseball-reference.com/players/c/clinety01.shtml	clinety01	22	12	51	43	9	9	2	1	0	1	1	0	6	1	.209	.333	.302	.636	4	12	12
1961	118	Lou Clinton	http://www.baseball-reference.com/players/c/clintlo01.shtml	clintlo01	23	17	53	50	3	12	2	1	0	2	0	0	2	10	.240	.269	.320	.589	4	17	17
1961	119	Tony Cloninger	http://www.baseball-reference.com/players/c/clonito01.shtml	clonito01	20	20	34	31	4	5	0	0	0	4	0	0	1	6	.161	.188	.161	.349	1	19	19
1961	120	Jim Coates	http://www.baseball-reference.com/players/c/coateji01.shtml	coateji01	28	43	45	35	0	0	0	0	0	0	0		1	21	.000	.054	.000	.054	0	43	43
1961	121	Jimmie Coker	http://www.baseball-reference.com/players/c/cokerji01.shtml	cokerji01	25	11	34	26	3	10	1	0	1	4	1	0	7	4	.385	.515	.538	1.054	7	11	11
1961	122	Rocky Colavito	http://www.baseball-reference.com/players/c/colavro01.shtml	colavro01	27	163	693	574	118	160	28	2	43	128	1	2	107	75	.279	.389	.559	.949	125	163	163
1961	123	Choo-Choo Coleman*	http://www.baseball-reference.com/players/c/colemch01.shtml	colemch01	23	36	52	49	3	6	1	0	0	4	0	0	2	8	.122	.173	.143	.316	1	34	34
1961	124	Gordy Coleman*	http://www.baseball-reference.com/players/c/colemgo01.shtml	colemgo01	26	157	595	537	61	149	27	4	26	85	1	3	45	70	.277	.332	.488	.820	88	150	150
1961	125	Gene Conley	http://www.baseball-reference.com/players/c/conlege01.shtml	conlege01	30	33	79	73	8	16	3	0	2	8	0	0	2	22	.219	.247	.342	.589	6	33	33
1961	126	Billy Consolo	http://www.baseball-reference.com/players/c/consobi01.shtml	consobi01	26	11	5	5	1	0	0	0	0	0	0		0	1	.000	.000	.000	.000	0	11	11
1961	127	Cliff Cook	http://www.baseball-reference.com/players/c/cookcl01.shtml	cookcl01	24	4	5	5	0	0	0	0	0	0	0		0	4	.000	.000	.000	.000	0	4	4
1961	128	Chuck Cottier	http://www.baseball-reference.com/players/c/cottich01.shtml	cottich01	25	111	386	343	38	80	14	4	2	34	9	1	31	52	.233	.296	.315	.610	32	111	111
1961	129	Clint Courtney*	http://www.baseball-reference.com/players/c/courtcl01.shtml	courtcl01	34	23	54	45	3	11	2	0	0	4	0	0	9	3	.244	.370	.289	.659	5	23	23
1961	130	Wes Covington*	http://www.baseball-reference.com/players/c/covinwe01.shtml	covinwe01	29	108	330	297	34	80	11	0	12	47	0	0	26	34	.269	.329	.428	.757	42	105	105
1961	131	Roger Craig	http://www.baseball-reference.com/players/c/craigro01.shtml	craigro01	31	42	34	28	3	4	1	0	0	0	0	0	3	13	.143	.226	.179	.404	1	40	40
1961	132	Del Crandall	http://www.baseball-reference.com/players/c/crandde01.shtml	crandde01	31	16	33	31	3	6	3	0	0	1	0	0	1	0	.194	.219	.290	.509	2	15	15
1961	133	George Crowe*	http://www.baseball-reference.com/players/c/crowege01.shtml	crowege01	40	7	7	7	0	0	0	0	0	0	0		0	1	.000	.000	.000	.000	0	7	7
1961	134	Bert Cueto	http://www.baseball-reference.com/players/c/cuetobe01.shtml	cuetobe01	23	7	8	5	1	0	0	0	0	0	0		1	1	.000	.167	.000	.167	0	7	7
1961	135	Joe Cunningham*	http://www.baseball-reference.com/players/c/cunnijo01.shtml	cunnijo01	29	118	394	328	54	88	11	2	7	36	1	0	51	33	.268	.384	.378	.762	45	113	113
1961	136	Tony Curry*	http://www.baseball-reference.com/players/c/curryto01.shtml	curryto01	23	16	38	37	3	7	2	0	0	3	0	0	1	8	.189	.211	.243	.454	2	15	15
1961	137	Jack Curtis*	http://www.baseball-reference.com/players/c/curtija01.shtml	curtija01	24	32	74	62	8	10	2	0	2	4	0	0	10	24	.161	.278	.290	.568	5	31	31
1961	138	Bill Dailey	http://www.baseball-reference.com/players/d/dailebi01.shtml	dailebi01	26	12	2	2	0	0	0	0	0	0	0		0	2	.000	.000	.000	.000	0	12	12
1961	139	Bud Daley*	http://www.baseball-reference.com/players/d/daleybu01.shtml	daleybu01	28	39	66	61	3	6	1	0	0	2	0	0	2	3	.098	.127	.115	.242	1	39	39
1961	140	Pete Daley	http://www.baseball-reference.com/players/d/daleype01.shtml	daleype01	31	72	219	203	12	39	7	1	2	17	0	1	14	37	.192	.244	.266	.510	13	72	72
1961	141	Clay Dalrymple*	http://www.baseball-reference.com/players/d/dalrycl01.shtml	dalrycl01	24	135	440	394	23	86	11	1	5	43	0	2	31	31	.218	.279	.289	.569	31	129	129
1961	142	Bennie Daniels*	http://www.baseball-reference.com/players/d/daniebe02.shtml	daniebe02	29	32	85	75	6	14	0	0	2	5	0	0	6	34	.187	.244	.267	.511	5	32	32
1961	143	Jim Davenport	http://www.baseball-reference.com/players/d/davenji01.shtml	davenji01	27	143	523	454	65	125	29	4	12	66	4	3	46	68	.275	.339	.436	.775	68	137	137
1961	144	Tommy Davis	http://www.baseball-reference.com/players/d/davisto02.shtml	davisto02	22	138	517	470	55	123	12	2	14	53	10	4	31	55	.262	.307	.385	.692	56	132	132
1961	145	Willie Davis*	http://www.baseball-reference.com/players/d/daviswi02.shtml	daviswi02	21	134	387	347	51	83	18	6	12	41	12	5	26	48	.239	.299	.429	.729	43	128	128
1961	146	Mike de la Hoz	http://www.baseball-reference.com/players/d/dela_mi01.shtml	dela_mi01	22	61	182	172	19	44	10	0	3	22	0	0	7	10	.256	.291	.366	.657	18	61	61
1961	147	Bobby Del Greco	http://www.baseball-reference.com/players/d/delgrbo01.shtml	delgrbo01	28	117	406	353	46	82	19	1	7	31	1	0	41	49	.232	.318	.351	.669	39	115	115
1961	148	Ike Delock	http://www.baseball-reference.com/players/d/delocik01.shtml	delocik01	31	28	57	48	3	5	0	0	0	2	0	0	4	24	.104	.173	.104	.277	1	28	28
1961	149	Joe DeMaestri	http://www.baseball-reference.com/players/d/demaejo01.shtml	demaejo01	32	30	41	41	1	6	0	0	0	2	0	0	0	13	.146	.146	.146	.293	1	30	30
1961	150	John DeMerit	http://www.baseball-reference.com/players/d/demerjo01.shtml	demerjo01	25	33	84	78	6	13	3	0	2	6	0	0	5	20	.167	.226	.282	.508	5	32	32
1961	151	Don Demeter	http://www.baseball-reference.com/players/d/demetdo01.shtml	demetdo01	26	126	462	428	58	106	19	4	22	71	2	1	23	84	.248	.294	.465	.759	56	121	121
1961	152	Don Dillard*	http://www.baseball-reference.com/players/d/dillado01.shtml	dillado01	24	74	162	147	27	40	5	0	7	17	0	0	15	28	.272	.340	.449	.788	22	74	74
1961	153	Art Ditmar	http://www.baseball-reference.com/players/d/ditmaar01.shtml	ditmaar01	32	32	33	31	0	0	0	0	0	0	0		1	7	.000	.031	.000	.031	0	32	32
1961	154	Dan Dobbek*	http://www.baseball-reference.com/players/d/dobbeda01.shtml	dobbeda01	26	72	138	123	10	19	3	1	4	12	1	2	12	18	.154	.239	.293	.532	8	72	72
1961	155	Jim Donohue	http://www.baseball-reference.com/players/d/donohji01.shtml	donohji01	22	52	29	29	0	5	1	0	0	1	0	0	0	7	.172	.172	.207	.379	1	52	52
1961	156	Dick Donovan*	http://www.baseball-reference.com/players/d/donovdi01.shtml	donovdi01	33	24	65	57	7	11	1	0	1	8	0	0	7	23	.193	.281	.263	.544	4	24	24
1961	157	Gary Dotter*	http://www.baseball-reference.com/players/d/dottega01.shtml	dottega01	18	2	1	1	0	0	0	0	0	0	0		0	0	.000	.000	.000	.000	0	2	2
1961	158	Dutch Dotterer	http://www.baseball-reference.com/players/d/dottedu01.shtml	dottedu01	29	7	24	20	1	6	2	0	0	1	0	0	4	5	.300	.417	.400	.817	3	7	7
1961	159	Al Downing	http://www.baseball-reference.com/players/d/downial01.shtml	downial01	20	5	1	1	0	0	0	0	0	0	0		0	0	.000	.000	.000	.000	0	5	5
1961	160	Moe Drabowsky	http://www.baseball-reference.com/players/d/drabomo01.shtml	drabomo01	25	17	5	4	0	0	0	0	0	0	0		1	1	.000	.200	.000	.200	0	16	16
1961	161	Sammy Drake#	http://www.baseball-reference.com/players/d/drakesa01.shtml	drakesa01	26	14	6	5	1	0	0	0	0	0	0		1	1	.000	.167	.000	.167	0	13	13
1961	162	Walt Dropo	http://www.baseball-reference.com/players/d/dropowa01.shtml	dropowa01	38	14	29	26	1	6	0	0	1	2	0	0	3	3	.231	.310	.346	.656	3	14	14
1961	163	Dick Drott	http://www.baseball-reference.com/players/d/drottdi01.shtml	drottdi01	24	37	24	23	1	6	0	1	0	1	0	0	1	7	.261	.292	.348	.639	2	35	35
1961	164	Don Drysdale	http://www.baseball-reference.com/players/d/drysddo01.shtml	drysddo01	24	42	98	86	8	16	1	0	5	11	0	0	6	25	.186	.237	.372	.609	7	40	40
1961	165	Jim Duffalo	http://www.baseball-reference.com/players/d/duffaji01.shtml	duffaji01	25	26	19	18	2	5	2	0	1	4	0	0	1	7	.278	.316	.556	.871	3	25	25
1961	166	Ryne Duren	http://www.baseball-reference.com/players/d/durenry01.shtml	durenry01	32	44	29	25	0	0	0	0	0	0	0		3	15	.000	.107	.000	.107	0	44	44
1961	167	Arnold Earley*	http://www.baseball-reference.com/players/e/earlear01.shtml	earlear01	28	33	6	6	0	0	0	0	0	0	0		0	2	.000	.000	.000	.000	0	33	33
1961	168	Johnny Edwards*	http://www.baseball-reference.com/players/e/edwarjo01.shtml	edwarjo01	23	54	170	150	14	27	5	0	2	14	1	0	18	29	.180	.271	.253	.524	10	52	52
1961	169	Dick Ellsworth*	http://www.baseball-reference.com/players/e/ellswdi01.shtml	ellswdi01	21	39	68	59	0	0	0	0	0	0	0		3	30	.000	.063	.000	.063	0	37	37
1961	170	Don Elston	http://www.baseball-reference.com/players/e/elstodo01.shtml	elstodo01	32	61	14	11	0	0	0	0	0	0	0		0	4	.000	.000	.000	.000	0	58	58
1961	171	Sammy Esposito	http://www.baseball-reference.com/players/e/espossa01.shtml	espossa01	29	63	109	94	11	16	5	0	1	8	0	0	12	21	.170	.259	.255	.515	6	63	63
1961	172	Chuck Essegian	http://www.baseball-reference.com/players/e/essegch01.shtml	essegch01	29	65	188	172	25	49	8	1	12	35	0	0	11	35	.285	.326	.552	.879	31	65	65
1961	173	Chuck Estrada	http://www.baseball-reference.com/players/e/estrach01.shtml	estrach01	23	33	80	69	3	7	1	0	0	0	0	0	2	32	.101	.127	.116	.243	1	33	33
1961	174	Roy Face	http://www.baseball-reference.com/players/f/facero01.shtml	facero01	33	65	12	12	0	4	0	0	0	1	0	0	0	2	.333	.333	.333	.667	1	62	62
1961	175	Ron Fairly*	http://www.baseball-reference.com/players/f/fairlro01.shtml	fairlro01	22	116	303	249	39	76	14	2	10	44	0	0	46	23	.305	.414	.498	.912	51	111	111
1961	176	Bob Farley*	http://www.baseball-reference.com/players/f/farlebo01.shtml	farlebo01	23	14	24	21	0	0	0	0	0	0	0		3	5	.000	.125	.000	.125	0	13	13
1961	177	Turk Farrell	http://www.baseball-reference.com/players/f/farretu01.shtml	farretu01	27	57	24	21	0	0	0	0	0	0	0		0	6	.000	.000	.000	.000	0	55	55
1961	178	Chico Fernandez	http://www.baseball-reference.com/players/f/fernach01.shtml	fernach01	29	133	468	429	37	102	14	4	3	36	8	5	34	45	.238	.293	.310	.603	39	133	133
1961	179	Don Ferrarese	http://www.baseball-reference.com/players/f/ferrado01.shtml	ferrado01	32	45	41	36	1	6	0	0	0	1	0	0	1	4	.167	.189	.167	.356	1	43	43
1961	180	Bill Fischer	http://www.baseball-reference.com/players/f/fischbi01.shtml	fischbi01	30	41	10	9	0	0	0	0	0	0	0		0	3	.000	.000	.000	.000	0	41	41
1961	181	Eddie Fisher	http://www.baseball-reference.com/players/f/fisheed02.shtml	fisheed02	24	16	7	7	0	0	0	0	0	0	0		0	4	.000	.000	.000	.000	0	15	15
1961	182	Jack Fisher	http://www.baseball-reference.com/players/f/fisheja01.shtml	fisheja01	22	36	73	57	3	6	0	0	0	3	0	0	5	25	.105	.190	.105	.296	1	36	36
1961	183	Curt Flood	http://www.baseball-reference.com/players/f/floodcu01.shtml	floodcu01	23	138	383	340	47	103	14	5	2	19	6	2	33	34	.303	.370	.391	.761	48	132	132
1961	184	Hank Foiles	http://www.baseball-reference.com/players/f/foileha01.shtml	foileha01	32	43	137	123	17	33	6	0	6	18	0	2	12	27	.268	.331	.463	.794	19	43	43
1961	185	Whitey Ford*	http://www.baseball-reference.com/players/f/fordwh01.shtml	fordwh01	32	39	114	96	11	17	1	0	0	10	0	0	12	17	.177	.266	.188	.454	5	39	39
1961	186	Mike Fornieles	http://www.baseball-reference.com/players/f/fornimi01.shtml	fornimi01	29	57	32	31	1	4	1	0	1	3	0	0	0	8	.129	.129	.258	.387	1	57	57
1961	187	Larry Foss	http://www.baseball-reference.com/players/f/fossla01.shtml	fossla01	25	3	6	6	0	0	0	0	0	0	0		0	2	.000	.000	.000	.000	0	3	3
1961	188	Art Fowler	http://www.baseball-reference.com/players/f/fowlear01.shtml	fowlear01	38	53	16	13	0	0	0	0	0	0	0		0	3	.000	.000	.000	.000	0	53	53
1961	189	Nellie Fox*	http://www.baseball-reference.com/players/f/foxne01.shtml	foxne01	33	159	690	602	64	148	11	5	2	48	2	3	57	12	.246	.317	.291	.608	54	159	159
1961	190	Terry Fox	http://www.baseball-reference.com/players/f/foxte01.shtml	foxte01	25	39	14	12	0	0	0	0	0	0	0		1	7	.000	.077	.000	.077	0	39	39
1961	191	Paul Foytack	http://www.baseball-reference.com/players/f/foytapa01.shtml	foytapa01	30	32	60	53	3	11	1	0	1	2	0	0	1	11	.208	.222	.283	.505	3	32	32
1961	192	Earl Francis	http://www.baseball-reference.com/players/f/francea01.shtml	francea01	25	24	32	29	0	0	0	0	0	0	1		2	18	.000	.094	.000	.094	0	23	23
1961	193	Tito Francona*	http://www.baseball-reference.com/players/f/francti01.shtml	francti01	27	155	662	588	84	174	29	8	16	82	2	1	55	52	.296	.358	.454	.813	95	155	155
1961	194	Bill Freehan	http://www.baseball-reference.com/players/f/freehbi01.shtml	freehbi01	19	4	11	10	1	4	0	0	0	4	0	0	1	0	.400	.455	.400	.855	2	4	4
1961	195	Gene Freese	http://www.baseball-reference.com/players/f/freesge02.shtml	freesge02	27	159	625	594	76	159	27	2	26	85	8	2	27	82	.268	.298	.451	.749	80	152	152
1961	196	George Freese	http://www.baseball-reference.com/players/f/freesge01.shtml	freesge01	34	9	10	8	0	3	0	0	0	1	0	0	2	4	.375	.500	.375	.875	1	9	9
1961	197	Jim Fregosi	http://www.baseball-reference.com/players/f/fregoji01.shtml	fregoji01	19	11	28	26	5	5	0	0	0	2	0	0	1	4	.192	.222	.192	.415	1	11	11
1961	198	Bob Friend	http://www.baseball-reference.com/players/f/frienbo01.shtml	frienbo01	30	43	93	83	6	12	0	1	0	8	0	0	1	38	.145	.155	.169	.323	2	41	41
1961	199	Frank Funk	http://www.baseball-reference.com/players/f/funkfr01.shtml	funkfr01	25	56	18	17	0	0	0	0	0	0	0		1	10	.000	.056	.000	.056	0	56	56
1961	200	John Gabler#	http://www.baseball-reference.com/players/g/gablega02.shtml	gablega02	30	34	27	26	4	6	0	1	0	1	1	0	1	11	.231	.259	.308	.567	2	34	34
1961	201	Joe Gaines	http://www.baseball-reference.com/players/g/gainejo01.shtml	gainejo01	24	5	5	3	2	0	0	0	0	0	0		2	1	.000	.400	.000	.400	0	5	5
1961	202	Billy Gardner	http://www.baseball-reference.com/players/g/gardnbi02.shtml	gardnbi02	33	86	276	250	22	54	13	0	2	12	0	0	15	32	.216	.269	.292	.561	19	86	86
1961	203	Ned Garver	http://www.baseball-reference.com/players/g/garvene01.shtml	garvene01	35	12	7	6	0	0	0	0	0	0	0		0	3	.000	.000	.000	.000	0	12	12
1961	204	Gary Geiger*	http://www.baseball-reference.com/players/g/geigega01.shtml	geigega01	24	140	590	494	76	111	20	6	17	59	15	4	83	91	.225	.339	.393	.732	65	140	140
1961	205	Jim Gentile*	http://www.baseball-reference.com/players/g/gentiji01.shtml	gentiji01	27	148	598	484	94	145	25	2	45	138	1	1	95	106	.300	.420	.638	1.058	128	148	148
1961	206	Dick Gernert	http://www.baseball-reference.com/players/g/gernedi01.shtml	gernedi01	32	48	80	70	5	20	1	0	1	8	0	0	8	11	.286	.350	.343	.693	8	46	46
1961	207	Joe Gibbon	http://www.baseball-reference.com/players/g/gibbojo01.shtml	gibbojo01	26	32	74	62	1	9	1	1	0	8	0	0	1	23	.145	.156	.194	.350	2	31	31
1961	208	Bob Gibson	http://www.baseball-reference.com/players/g/gibsobo01.shtml	gibsobo01	25	42	76	67	3	12	5	0	1	9	0	0	3	24	.179	.219	.299	.518	4	40	40
1961	209	Paul Giel	http://www.baseball-reference.com/players/g/gielpa01.shtml	gielpa01	28	16	2	2	0	0	0	0	0	0	0		0	1	.000	.000	.000	.000	0	16	16
1961	210	Don Gile	http://www.baseball-reference.com/players/g/giledo01.shtml	giledo01	26	8	18	17	2	4	0	0	1	1	0	0	1	5	.235	.278	.412	.690	2	8	8
1961	211	Jim Gilliam#	http://www.baseball-reference.com/players/g/gilliji01.shtml	gilliji01	32	151	542	451	68	104	25	3	4	30	8	4	77	36	.231	.342	.326	.668	50	144	144
1961	212	Joe Ginsberg*	http://www.baseball-reference.com/players/g/ginsbjo01.shtml	ginsbjo01	34	25	28	26	1	5	0	0	0	3	0	0	1	4	.192	.222	.192	.415	1	25	25
1961	213	Fred Gladding*	http://www.baseball-reference.com/players/g/gladdfr01.shtml	gladdfr01	25	8	3	3	0	0	0	0	0	0	0		0	3	.000	.000	.000	.000	0	8	8
1961	214	Jim Golden*	http://www.baseball-reference.com/players/g/goldeji01.shtml	goldeji01	25	29	3	3	0	0	0	0	0	0	0		0	1	.000	.000	.000	.000	0	28	28
1961	215	Jesse Gonder*	http://www.baseball-reference.com/players/g/gondeje01.shtml	gondeje01	25	15	15	12	2	4	1	0	0	3	0	0	3	1	.333	.467	.417	.883	2	15	15
1961	216	Tony Gonzalez*	http://www.baseball-reference.com/players/g/gonzato01.shtml	gonzato01	24	132	503	443	58	121	16	8	12	58	15	5	50	69	.273	.353	.427	.780	66	126	126
1961	217	Billy Goodman*	http://www.baseball-reference.com/players/g/goodmbi01.shtml	goodmbi01	35	41	59	51	4	13	4	0	1	10	0	0	7	6	.255	.339	.392	.731	7	41	41
1961	218	Julio Gotay	http://www.baseball-reference.com/players/g/gotayju01.shtml	gotayju01	22	10	50	47	5	11	4	0	0	5	0	0	3	5	.234	.280	.319	.599	4	10	10
1961	219	Alex Grammas	http://www.baseball-reference.com/players/g/grammal01.shtml	grammal01	35	93	200	174	21	34	9	1	0	19	0	1	18	22	.195	.273	.259	.532	13	89	89
1961	220	Mudcat Grant	http://www.baseball-reference.com/players/g/grantmu01.shtml	grantmu01	25	48	98	88	8	15	2	0	1	6	0	0	4	29	.170	.204	.227	.432	4	48	48
1961	221	Eli Grba	http://www.baseball-reference.com/players/g/grbael01.shtml	grbael01	26	42	77	62	7	13	3	0	2	9	0	0	5	17	.210	.275	.355	.630	6	42	42
1961	222	Dallas Green*	http://www.baseball-reference.com/players/g/greenda02.shtml	greenda02	26	44	39	33	3	4	0	0	0	2	0	0	4	14	.121	.237	.121	.358	1	42	42
1961	223	Fred Green	http://www.baseball-reference.com/players/g/greenfr01.shtml	greenfr01	27	14	3	3	0	0	0	0	0	0	0		0	3	.000	.000	.000	.000	0	13	13
1961	224	Gene Green	http://www.baseball-reference.com/players/g/greenge01.shtml	greenge01	28	110	405	364	52	102	16	3	18	62	0	2	35	65	.280	.341	.489	.830	61	110	110
1961	225	Lenny Green*	http://www.baseball-reference.com/players/g/greenle01.shtml	greenle01	28	156	674	588	82	159	26	7	8	44	16	10	75	50	.270	.358	.379	.737	79	156	156
1961	226	Pumpsie Green#	http://www.baseball-reference.com/players/g/greenpu01.shtml	greenpu01	27	88	261	217	31	55	12	3	6	25	4	2	41	32	.253	.369	.419	.789	33	88	88
1961	227	Dick Groat	http://www.baseball-reference.com/players/g/groatdi01.shtml	groatdi01	30	155	672	619	71	167	25	6	6	55	0	4	41	46	.270	.314	.359	.673	70	148	148
1961	228	Joe Grzenda	http://www.baseball-reference.com/players/g/grzenjo01.shtml	grzenjo01	24	4	1	1	0	1	0	0	0	0	0	0	0	0	1.000	1.000	1.000	2.000	1	4	4
1961	229	Warren Hacker	http://www.baseball-reference.com/players/h/hackewa02.shtml	hackewa02	36	42	9	9	0	0	0	0	0	0	0		0	1	.000	.000	.000	.000	0	42	42
1961	230	Harvey Haddix*	http://www.baseball-reference.com/players/h/haddiha01.shtml	haddiha01	35	32	67	57	2	7	3	0	0	3	0	0	5	15	.123	.194	.175	.369	2	31	31
1961	231	Bob Hale*	http://www.baseball-reference.com/players/h/halebo01.shtml	halebo01	27	53	53	49	2	8	0	0	1	7	0	0	1	7	.163	.189	.224	.413	2	53	53
1961	232	Dick Hall	http://www.baseball-reference.com/players/h/halldi01.shtml	halldi01	30	30	43	36	4	5	0	0	0	1	0	0	3	13	.139	.205	.139	.344	1	30	30
1961	233	Tom Haller*	http://www.baseball-reference.com/players/h/halleto01.shtml	halleto01	24	31	75	64	5	9	1	0	2	8	0	1	9	24	.141	.253	.250	.503	4	30	30
1961	234	Steve Hamilton*	http://www.baseball-reference.com/players/h/hamilst01.shtml	hamilst01	26	2	1	1	1	1	0	0	0	0	0	0	0	0	1.000	1.000	1.000	2.000	1	2	2
1961	235	Ken Hamlin	http://www.baseball-reference.com/players/h/hamlike01.shtml	hamlike01	26	42	102	89	3	17	3	0	1	4	0	1	10	9	.191	.277	.258	.536	6	42	42
1961	236	Jay Hankins*	http://www.baseball-reference.com/players/h/hankija01.shtml	hankija01	25	76	189	172	22	31	0	3	3	6	2	0	8	17	.180	.221	.267	.488	10	76	76
1961	237	Ron Hansen	http://www.baseball-reference.com/players/h/hansero02.shtml	hansero02	23	155	606	532	50	131	13	2	12	50	1	3	66	96	.246	.328	.346	.674	60	155	155
1961	238	Carroll Hardy	http://www.baseball-reference.com/players/h/hardyca01.shtml	hardyca01	28	85	307	277	42	70	19	2	3	33	4	2	25	53	.253	.319	.368	.687	32	85	85
1961	239	Tim Harkness*	http://www.baseball-reference.com/players/h/harknti01.shtml	harknti01	23	5	11	8	3	4	2	0	0	0	1	0	3	1	.500	.636	.750	1.386	3	5	5
1961	240	Billy Harrell	http://www.baseball-reference.com/players/h/harrebi01.shtml	harrebi01	32	37	37	36	7	5	2	0	0	1	1	0	1	8	.139	.162	.194	.357	1	37	37
1961	241	Wynn Hawkins	http://www.baseball-reference.com/players/h/hawkiwy01.shtml	hawkiwy01	25	30	43	38	5	5	0	0	0	2	0	0	2	18	.132	.175	.132	.307	1	30	30
1961	242	Roy Heiser	http://www.baseball-reference.com/players/h/heisero01.shtml	heisero01	19	3	2	2	0	0	0	0	0	0	0		0	1	.000	.000	.000	.000	0	3	3
1961	243	Al Heist	http://www.baseball-reference.com/players/h/heistal01.shtml	heistal01	33	114	378	333	47	83	14	3	7	36	3	3	39	53	.249	.329	.372	.701	41	109	109
1961	244	Woodie Held	http://www.baseball-reference.com/players/h/heldwo01.shtml	heldwo01	29	146	587	507	65	134	23	5	23	76	0	0	68	111	.264	.351	.465	.817	82	146	146
1961	245	Russ Heman	http://www.baseball-reference.com/players/h/hemanru01.shtml	hemanru01	28	12	2	2	0	0	0	0	0	0	0		0	1	.000	.000	.000	.000	0	12	12
1961	246	Bob Hendley	http://www.baseball-reference.com/players/h/hendlbo01.shtml	hendlbo01	22	20	36	32	0	0	0	0	0	0	0		2	10	.000	.059	.000	.059	0	19	19
1961	247	Bill Henry*	http://www.baseball-reference.com/players/h/henrybi01.shtml	henrybi01	33	50	5	5	0	0	0	0	0	0	0		0	3	.000	.000	.000	.000	0	48	48
1961	248	Ron Henry	http://www.baseball-reference.com/players/h/henryro01.shtml	henryro01	24	20	32	29	1	5	0	0	0	4	0	0	2	7	.172	.219	.172	.391	1	20	20
1961	249	Ray Herbert	http://www.baseball-reference.com/players/h/herbera01.shtml	herbera01	31	34	89	81	7	15	2	0	2	6	0	0	4	13	.185	.233	.284	.517	5	34	34
1961	250	Pancho Herrera	http://www.baseball-reference.com/players/h/herrepa01.shtml	herrepa01	27	132	479	416	57	106	17	2	13	52	5	1	57	125	.255	.349	.399	.748	57	126	126
1961	251	Mike Hershberger	http://www.baseball-reference.com/players/h/hershmi01.shtml	hershmi01	21	15	57	54	8	16	3	0	0	4	1	1	2	2	.296	.321	.352	.673	6	15	15
1961	252	Whitey Herzog*	http://www.baseball-reference.com/players/h/herzowh01.shtml	herzowh01	29	113	375	322	38	93	11	6	5	34	1	4	49	41	.289	.383	.407	.790	50	113	113
1961	253	Joe Hicks*	http://www.baseball-reference.com/players/h/hicksjo01.shtml	hicksjo01	28	12	28	28	1	4	0	0	1	1	0	1	0	4	.143	.143	.250	.393	1	12	12
1961	254	Chuck Hiller*	http://www.baseball-reference.com/players/h/hillech01.shtml	hillech01	26	73	291	250	39	59	12	1	2	12	4	4	33	31	.236	.326	.316	.642	26	70	70
1961	255	Dave Hillman	http://www.baseball-reference.com/players/h/hillmda01.shtml	hillmda01	33	28	21	17	3	0	0	0	0	0	0		2	7	.000	.105	.000	.105	0	28	28
1961	256	Chuck Hinton	http://www.baseball-reference.com/players/h/hintoch01.shtml	hintoch01	27	106	384	340	52	89	13	5	6	34	22	5	40	81	.262	.339	.382	.721	44	106	106
1961	257	Don Hoak	http://www.baseball-reference.com/players/h/hoakdo01.shtml	hoakdo01	33	152	603	520	71	151	27	7	12	60	4	2	73	55	.290	.378	.438	.817	87	145	145
1961	258	Ed Hobaugh	http://www.baseball-reference.com/players/h/hobaued01.shtml	hobaued01	27	27	47	41	0	0	0	0	0	0	1		1	12	.000	.024	.000	.024	0	27	27
1961	259	Glen Hobbie	http://www.baseball-reference.com/players/h/hobbigl01.shtml	hobbigl01	25	38	76	68	5	11	3	0	2	6	0	0	5	31	.162	.219	.294	.513	4	36	36
1961	260	Gil Hodges	http://www.baseball-reference.com/players/h/hodgegi01.shtml	hodgegi01	37	114	249	220	23	50	4	0	8	28	3	1	23	45	.227	.296	.355	.650	23	109	109
1961	261	Billy Hoeft*	http://www.baseball-reference.com/players/h/hoeftbi01.shtml	hoeftbi01	29	35	46	39	1	7	0	0	0	4	0	0	4	13	.179	.250	.179	.429	2	35	35
1961	262	Jay Hook*	http://www.baseball-reference.com/players/h/hookja01.shtml	hookja01	24	23	16	16	0	0	0	0	0	0	0		0	5	.000	.000	.000	.000	0	22	22
1961	263	Joe Horlen	http://www.baseball-reference.com/players/h/horlejo01.shtml	horlejo01	23	5	8	7	0	0	0	0	0	0	0		0	2	.000	.000	.000	.000	0	5	5
1961	264	Frank House*	http://www.baseball-reference.com/players/h/housefr03.shtml	housefr03	31	17	28	22	3	5	1	1	0	3	0	0	4	2	.227	.333	.364	.697	3	17	17
1961	265	Elston Howard	http://www.baseball-reference.com/players/h/howarel01.shtml	howarel01	32	129	480	444	63	153	17	5	21	76	0	3	28	65	.345	.384	.547	.931	93	129	129
1961	266	Frank Howard	http://www.baseball-reference.com/players/h/howarfr01.shtml	howarfr01	24	96	296	272	33	76	10	2	14	41	0	1	20	52	.279	.329	.485	.814	44	92	92
1961	267	Dick Howser	http://www.baseball-reference.com/players/h/howsedi01.shtml	howsedi01	25	158	710	605	102	165	28	6	3	42	36	9	89	38	.273	.369	.354	.723	78	158	158
1961	268	Ken Hubbs	http://www.baseball-reference.com/players/h/hubbske01.shtml	hubbske01	19	10	29	29	4	5	1	1	1	2	0	0	0	8	.172	.172	.379	.552	2	10	10
1961	269	Ken Hunt	http://www.baseball-reference.com/players/h/huntke01.shtml	huntke01	26	149	526	468	60	111	26	3	23	72	7	2	45	120	.237	.306	.453	.759	64	149	149
1961	270	Ken Hunt	http://www.baseball-reference.com/players/h/huntke02.shtml	huntke02	22	30	45	40	0	7	2	0	0	3	0	0	2	20	.175	.214	.225	.439	2	29	29
1961	271	Dick Hyde	http://www.baseball-reference.com/players/h/hydedi01.shtml	hydedi01	32	15	1	1	1	1	0	0	0	0	1	0	0	0	1.000	1.000	1.000	2.000	1	15	15
1961	272	Al Jackson*	http://www.baseball-reference.com/players/j/jacksal01.shtml	jacksal01	25	5	9	8	1	0	0	0	0	0	0		1	4	.000	.111	.000	.111	0	5	5
1961	273	Larry Jackson	http://www.baseball-reference.com/players/j/jacksla01.shtml	jacksla01	30	36	85	76	7	12	3	2	0	5	0	0	2	15	.158	.190	.250	.440	3	34	34
1961	274	Jake Jacobs	http://www.baseball-reference.com/players/j/jacobja01.shtml	jacobja01	24	4	8	8	0	0	0	0	0	0	0		0	2	.000	.000	.000	.000	0	4	4
1961	275	Charlie James	http://www.baseball-reference.com/players/j/jamesch01.shtml	jamesch01	23	113	379	358	39	86	18	2	4	40	2	2	14	62	.240	.272	.335	.607	32	108	108
1961	276	Johnny James*	http://www.baseball-reference.com/players/j/jamesjo01.shtml	jamesjo01	27	44	14	13	3	0	0	0	0	0	0		0	5	.000	.071	.000	.071	0	44	44
1961	277	Julian Javier	http://www.baseball-reference.com/players/j/javieju01.shtml	javieju01	24	118	492	454	52	119	13	3	2	37	11	4	29	53	.262	.308	.317	.625	44	113	113
1961	278	Joey Jay#	http://www.baseball-reference.com/players/j/jayjo01.shtml	jayjo01	25	36	97	93	3	8	3	0	0	4	0	0	2	30	.086	.105	.118	.224	1	34	34
1961	279	Jackie Jensen	http://www.baseball-reference.com/players/j/jenseja01.shtml	jenseja01	34	137	564	492	59	125	20	2	12	61	9	8	63	69	.254	.340	.376	.716	63	137	137
1961	280	Bob Johnson	http://www.baseball-reference.com/players/j/johnsbo02.shtml	johnsbo02	25	61	248	224	27	66	13	1	6	28	4	2	19	26	.295	.350	.442	.792	35	61	61
1961	281	Darrell Johnson	http://www.baseball-reference.com/players/j/johnsda01.shtml	johnsda01	32	43	127	121	7	33	3	0	1	9	0	0	4	10	.273	.299	.322	.622	11	41	41
1961	282	Deron Johnson	http://www.baseball-reference.com/players/j/johnsde01.shtml	johnsde01	22	96	324	301	31	62	11	3	8	42	0	1	16	49	.206	.245	.342	.587	25	96	96
1961	283	Ken Johnson	http://www.baseball-reference.com/players/j/johnske02.shtml	johnske02	28	22	29	28	1	7	1	0	0	6	0	0	0	13	.250	.250	.286	.536	2	21	21
1961	284	Stan Johnson*	http://www.baseball-reference.com/players/j/johnsst01.shtml	johnsst01	24	3	5	3	1	0	0	0	0	0	0		2	1	.000	.400	.000	.400	0	3	3
1961	285	Hal Jones	http://www.baseball-reference.com/players/j/jonesha01.shtml	jonesha01	25	12	38	36	2	7	0	0	2	5	0	0	2	12	.194	.237	.361	.598	3	12	12
1961	286	Mack Jones*	http://www.baseball-reference.com/players/j/jonesma01.shtml	jonesma01	22	29	126	110	14	26	3	2	0	13	4	4	13	29	.236	.328	.300	.628	10	28	28
1961	287	Sam Jones	http://www.baseball-reference.com/players/j/jonessa02.shtml	jonessa02	35	39	43	37	0	5	2	0	0	0	0	0	1	7	.135	.158	.189	.347	1	37	37
1961	288	Sherman Jones*	http://www.baseball-reference.com/players/j/jonessh02.shtml	jonessh02	26	25	12	11	0	0	0	0	0	0	0		1	3	.000	.083	.000	.083	0	24	24
1961	289	Willie Jones	http://www.baseball-reference.com/players/j/joneswi01.shtml	joneswi01	35	9	9	7	1	0	0	0	0	0	0		2	3	.000	.222	.000	.222	0	9	9
1961	290	Jim Kaat*	http://www.baseball-reference.com/players/k/kaatji01.shtml	kaatji01	22	47	70	62	9	14	3	1	0	1	0	0	4	13	.226	.284	.306	.590	5	47	47
1961	291	Al Kaline	http://www.baseball-reference.com/players/k/kalinal01.shtml	kalinal01	26	153	650	575	106	179	39	7	18	75	13	1	62	42	.311	.379	.497	.877	108	153	153
1961	292	Eddie Kasko	http://www.baseball-reference.com/players/k/kaskoed01.shtml	kaskoed01	30	132	526	484	62	127	22	1	2	26	4	3	32	38	.262	.311	.324	.635	48	126	126
1961	293	Russ Kemmerer	http://www.baseball-reference.com/players/k/kemmeru01.shtml	kemmeru01	30	47	17	15	1	3	1	0	0	1	0	0	2	7	.200	.294	.267	.561	1	47	47
1961	294	Al Kenders	http://www.baseball-reference.com/players/k/kendeal01.shtml	kendeal01	24	10	25	24	0	4	1	0	0	1	0	0	1	0	.167	.200	.208	.408	1	10	10
1961	295	Marty Keough*	http://www.baseball-reference.com/players/k/keougma01.shtml	keougma01	27	135	431	390	57	97	18	9	9	34	12	5	32	60	.249	.307	.410	.717	49	135	135
1961	296	Harmon Killebrew	http://www.baseball-reference.com/players/k/killeha01.shtml	killeha01	25	150	637	530	84	145	19	7	43	109	1	2	99	109	.274	.388	.579	.967	119	150	150
1961	297	Jerry Kindall	http://www.baseball-reference.com/players/k/kindaje01.shtml	kindaje01	26	100	345	322	37	76	22	3	9	44	2	2	18	93	.236	.281	.407	.688	37	96	96
1961	298	Jim King*	http://www.baseball-reference.com/players/k/kingji01.shtml	kingji01	28	110	306	263	43	71	12	1	11	46	4	0	38	45	.270	.363	.449	.811	43	110	110
1961	299	Willie Kirkland*	http://www.baseball-reference.com/players/k/kirklwi01.shtml	kirklwi01	27	146	581	522	81	133	22	5	26	91	7	0	47	77	.255	.314	.466	.779	77	146	146
1961	300	Billy Klaus*	http://www.baseball-reference.com/players/k/klausbi01.shtml	klausbi01	32	91	287	251	26	57	8	2	7	30	2	2	30	34	.227	.311	.359	.670	28	91	91
1961	301	Lou Klimchock*	http://www.baseball-reference.com/players/k/klimclo01.shtml	klimclo01	21	57	127	120	7	25	4	1	1	15	0	0	5	13	.208	.238	.283	.521	8	57	57
1961	302	Ron Kline	http://www.baseball-reference.com/players/k/klinero01.shtml	klinero01	29	36	57	49	2	6	1	0	0	2	0	0	1	25	.122	.157	.143	.300	1	36	36
1961	303	Johnny Klippstein	http://www.baseball-reference.com/players/k/klippjo01.shtml	klippjo01	33	42	7	7	0	0	0	0	0	0	0		0	4	.000	.000	.000	.000	0	42	42
1961	304	Ted Kluszewski*	http://www.baseball-reference.com/players/k/kluszte01.shtml	kluszte01	36	107	283	258	28	59	11	0	14	34	0	0	22	23	.229	.286	.434	.720	32	107	107
1961	305	Howie Koplitz	http://www.baseball-reference.com/players/k/kopliho01.shtml	kopliho01	23	4	4	4	0	0	0	0	0	0	0		0	1	.000	.000	.000	.000	0	4	4
1961	306	Joe Koppe	http://www.baseball-reference.com/players/k/koppejo01.shtml	koppejo01	30	97	384	334	41	78	11	2	5	35	3	3	41	77	.234	.317	.323	.641	34	97	97
1961	307	Sandy Koufax	http://www.baseball-reference.com/players/k/koufasa01.shtml	koufasa01	25	44	100	81	4	6	0	0	0	3	0	1	11	37	.074	.185	.074	.259	1	42	42
1961	308	Jack Kralick*	http://www.baseball-reference.com/players/k/kralija01.shtml	kralija01	26	33	92	84	6	11	0	0	1	4	0	0	2	15	.131	.151	.167	.318	2	33	33
1961	309	Lew Krausse	http://www.baseball-reference.com/players/k/krausle02.shtml	krausle02	18	13	19	17	0	0	0	0	0	0	0		1	8	.000	.056	.000	.056	0	13	13
1961	310	Tony Kubek*	http://www.baseball-reference.com/players/k/kubekto01.shtml	kubekto01	25	153	657	616	83	169	38	6	8	46	1	3	27	60	.274	.304	.394	.699	74	153	153
1961	311	Jack Kubiszyn	http://www.baseball-reference.com/players/k/kubisja01.shtml	kubisja01	24	25	43	41	4	8	0	0	0	0	0	0	2	5	.195	.233	.195	.428	2	25	25
1961	312	Harvey Kuenn	http://www.baseball-reference.com/players/k/kuennha01.shtml	kuennha01	30	137	551	491	61	129	23	4	5	47	5	4	49	36	.263	.327	.356	.683	57	131	131
1961	313	Bill Kunkel	http://www.baseball-reference.com/players/k/kunkebi01.shtml	kunkebi01	24	58	10	8	0	0	0	0	0	0	0		1	4	.000	.111	.000	.111	0	58	58
1961	314	Marty Kutyna	http://www.baseball-reference.com/players/k/kutynma01.shtml	kutynma01	28	50	37	33	0	6	0	0	0	2	0	0	0	1	.182	.182	.182	.364	1	50	50
1961	315	Clem Labine	http://www.baseball-reference.com/players/l/labincl01.shtml	labincl01	34	59	11	10	0	0	0	0	0	0	0		1	7	.000	.091	.000	.091	0	56	56
1961	316	Jim Landis	http://www.baseball-reference.com/players/l/landiji01.shtml	landiji01	27	140	612	530	84	147	18	8	21	82	18	5	63	71	.277	.355	.460	.816	87	140	140
1961	317	Hobie Landrith*	http://www.baseball-reference.com/players/l/landrho01.shtml	landrho01	31	45	90	73	11	17	4	0	2	10	0	0	12	7	.233	.330	.370	.699	9	43	43
1961	318	Don Landrum*	http://www.baseball-reference.com/players/l/landrdo01.shtml	landrdo01	25	29	75	67	4	10	2	0	1	3	1	0	5	15	.149	.208	.224	.432	3	28	28
1961	319	Norm Larker*	http://www.baseball-reference.com/players/l/larkeno01.shtml	larkeno01	30	101	317	288	26	73	15	1	5	35	0	0	23	23	.253	.308	.365	.673	32	97	97
1961	320	Don Larsen	http://www.baseball-reference.com/players/l/larsedo01.shtml	larsedo01	31	43	47	44	4	13	0	0	2	7	0	0	1	10	.295	.311	.432	.743	6	43	43
1961	321	Frank Lary	http://www.baseball-reference.com/players/l/laryfr01.shtml	laryfr01	31	42	114	107	12	24	2	0	1	5	0	0	3	27	.224	.252	.271	.523	7	42	42
1961	322	Barry Latman	http://www.baseball-reference.com/players/l/latmaba01.shtml	latmaba01	25	45	61	56	3	5	0	1	0	1	0	0	4	17	.089	.150	.125	.275	1	45	45
1961	323	Charlie Lau*	http://www.baseball-reference.com/players/l/lauch01.shtml	lauch01	28	46	154	132	6	25	5	0	1	9	1	1	15	14	.189	.273	.250	.523	9	45	45
1961	324	Vern Law	http://www.baseball-reference.com/players/l/lawve01.shtml	lawve01	31	11	26	21	0	6	1	0	0	6	0	0	1	4	.286	.333	.333	.667	2	11	11
1961	325	Don Lee	http://www.baseball-reference.com/players/l/leedo01.shtml	leedo01	27	37	34	30	0	0	0	0	0	0	0		0	11	.000	.000	.000	.000	0	37	37
1961	326	Gene Leek	http://www.baseball-reference.com/players/l/leekge01.shtml	leekge01	24	57	206	195	13	41	8	1	5	17	0	1	6	54	.210	.241	.338	.580	15	57	57
1961	327	Ken Lehman*	http://www.baseball-reference.com/players/l/lehmake01.shtml	lehmake01	33	44	6	6	1	0	0	0	0	0	0		0	1	.000	.000	.000	.000	0	42	42
1961	328	Dick LeMay*	http://www.baseball-reference.com/players/l/lemaydi01.shtml	lemaydi01	22	28	30	27	0	0	0	0	0	0	0		2	15	.000	.069	.000	.069	0	27	27
1961	329	Jim Lemon	http://www.baseball-reference.com/players/l/lemonji01.shtml	lemonji01	33	129	468	415	51	101	24	1	13	46	1	1	41	98	.243	.313	.400	.713	52	129	129
1961	330	Ted Lepcio	http://www.baseball-reference.com/players/l/lepcite01.shtml	lepcite01	31	52	124	113	10	18	3	1	7	17	1	0	9	31	.159	.226	.389	.615	9	52	52
1961	331	Don Leppert	http://www.baseball-reference.com/players/l/leppedo02.shtml	leppedo02	29	23	65	63	6	17	2	1	3	5	0	0	1	11	.270	.281	.476	.757	8	22	22
1961	332	Bob Lillis	http://www.baseball-reference.com/players/l/lillibo01.shtml	lillibo01	31	110	261	244	21	48	4	0	0	19	3	3	8	15	.197	.227	.213	.440	11	105	105
1961	333	Bobby Locke	http://www.baseball-reference.com/players/l/lockebo01.shtml	lockebo01	27	37	20	19	1	4	0	0	0	2	0	0	1	7	.211	.250	.211	.461	1	37	37
1961	334	Billy Loes	http://www.baseball-reference.com/players/l/loesbi01.shtml	loesbi01	31	27	39	33	0	5	0	0	0	0	0	1	2	3	.152	.200	.152	.352	1	26	26
1961	335	Johnny Logan	http://www.baseball-reference.com/players/l/loganjo01.shtml	loganjo01	35	47	80	75	5	15	5	0	0	6	0	0	5	11	.200	.250	.267	.517	5	45	45
1961	336	Sherm Lollar	http://www.baseball-reference.com/players/l/lollash01.shtml	lollash01	36	116	380	334	36	92	10	1	7	39	0	0	36	22	.275	.354	.374	.728	43	116	116
1961	337	Dale Long*	http://www.baseball-reference.com/players/l/longda02.shtml	longda02	35	123	423	377	52	94	20	4	17	49	0	0	39	41	.249	.317	.459	.776	55	123	123
1961	338	Dean Look	http://www.baseball-reference.com/players/l/lookde01.shtml	lookde01	23	3	6	6	0	0	0	0	0	0	0		0	1	.000	.000	.000	.000	0	3	3
1961	339	Hector Lopez	http://www.baseball-reference.com/players/l/lopezhe01.shtml	lopezhe01	31	93	272	242	26	53	7	2	3	21	1	0	24	38	.219	.289	.302	.591	21	93	93
1961	340	Turk Lown	http://www.baseball-reference.com/players/l/lowntu01.shtml	lowntu01	37	60	15	14	0	0	0	0	0	0	0		0	5	.000	.000	.000	.000	0	60	60
1961	341	Jerry Lumpe*	http://www.baseball-reference.com/players/l/lumpeje01.shtml	lumpeje01	28	148	619	563	76	161	28	9	3	51	1	0	46	39	.286	.340	.384	.723	73	148	148
1961	342	Al Luplow*	http://www.baseball-reference.com/players/l/luploal01.shtml	luploal01	22	5	20	18	0	0	0	0	0	0	0		2	6	.000	.100	.000	.100	0	5	5
1961	343	Jerry Lynch*	http://www.baseball-reference.com/players/l/lynchje01.shtml	lynchje01	30	100	216	187	32	57	13	2	13	48	2	2	27	26	.305	.395	.604	1.000	44	96	96
1961	344	Gordon MacKenzie	http://www.baseball-reference.com/players/m/mackego01.shtml	mackego01	23	11	25	24	0	0	0	0	0	0	0		1	6	.000	.040	.000	.040	0	11	11
1961	345	Ken MacKenzie	http://www.baseball-reference.com/players/m/mackeke01.shtml	mackeke01	27	5	2	2	1	0	0	0	0	0	0		0	0	.000	.000	.000	.000	0	5	5
1961	346	Hector Maestri	http://www.baseball-reference.com/players/m/maesthe01.shtml	maesthe01	26	1	1	1	0	0	0	0	0	0	0		0	0	.000	.000	.000	.000	0	1	1
1961	347	Art Mahaffey	http://www.baseball-reference.com/players/m/mahafar01.shtml	mahafar01	23	38	83	66	4	9	2	0	0	4	0	0	3	21	.136	.171	.167	.338	2	36	36
1961	348	Jim Mahoney	http://www.baseball-reference.com/players/m/mahonji01.shtml	mahonji01	27	43	115	109	10	27	0	1	0	6	1	2	5	23	.248	.281	.266	.547	8	43	43
1961	349	Bobby Malkmus	http://www.baseball-reference.com/players/m/malkmbo01.shtml	malkmbo01	29	126	390	357	40	82	8	2	7	32	1	3	21	45	.230	.275	.322	.597	31	121	121
1961	350	Jim Maloney*	http://www.baseball-reference.com/players/m/malonji01.shtml	malonji01	21	31	33	29	5	10	0	0	1	4	0	0	2	4	.345	.406	.448	.855	5	30	30
1961	351	Frank Malzone	http://www.baseball-reference.com/players/m/malzofr01.shtml	malzofr01	31	151	635	583	69	150	20	4	13	81	1	3	42	49	.257	.304	.372	.676	67	151	151
1961	352	Felix Mantilla	http://www.baseball-reference.com/players/m/mantife01.shtml	mantife01	26	47	111	98	14	22	3	0	1	6	1	1	11	17	.224	.309	.286	.595	8	45	45
1961	353	Mickey Mantle#	http://www.baseball-reference.com/players/m/mantlmi01.shtml	mantlmi01	29	153	644	513	130	162	16	6	54	127	12	1	125	112	.316	.446	.686	1.133	158	153	153
1961	354	Juan Marichal	http://www.baseball-reference.com/players/m/maricju01.shtml	maricju01	23	31	70	61	3	7	0	0	0	3	1	0	3	16	.115	.154	.115	.269	1	30	30
1961	355	Roger Maris*	http://www.baseball-reference.com/players/m/marisro01.shtml	marisro01	26	161	696	589	131	158	16	4	61	140	0	0	93	67	.268	.371	.620	.990	134	161	161
1961	356	Jim Marshall*	http://www.baseball-reference.com/players/m/marshji01.shtml	marshji01	30	46	41	37	5	8	0	0	1	7	0	0	3	8	.216	.268	.297	.566	3	44	44
1961	357	Billy Martin	http://www.baseball-reference.com/players/m/martibi02.shtml	martibi02	33	114	398	375	41	87	14	5	6	32	3	2	12	43	.232	.260	.344	.604	33	114	114
1961	358	J.C. Martin*	http://www.baseball-reference.com/players/m/martij.01.shtml	martij.01	24	110	297	272	25	61	8	3	5	31	1	2	20	31	.224	.282	.331	.613	25	110	110
1961	359	Eddie Mathews*	http://www.baseball-reference.com/players/m/matheed01.shtml	matheed01	29	159	705	600	110	185	24	6	34	97	13	7	98	99	.308	.405	.538	.943	132	152	152
1961	360	Nelson Mathews	http://www.baseball-reference.com/players/m/mathene01.shtml	mathene01	19	3	9	9	0	0	0	0	0	0	0		0	2	.000	.000	.000	.000	0	3	3
1961	361	Carl Mathias#	http://www.baseball-reference.com/players/m/mathica01.shtml	mathica01	25	4	5	5	0	0	0	0	0	0	0		0	0	.000	.000	.000	.000	0	4	4
1961	362	Charlie Maxwell*	http://www.baseball-reference.com/players/m/maxwech01.shtml	maxwech01	34	79	150	129	10	28	4	2	5	16	0	0	19	24	.217	.320	.395	.715	16	79	79
1961	363	Lee Maye*	http://www.baseball-reference.com/players/m/mayele01.shtml	mayele01	26	115	437	391	72	107	12	5	15	44	11	1	38	52	.274	.340	.445	.785	59	110	110
1961	364	Willie Mays	http://www.baseball-reference.com/players/m/mayswi01.shtml	mayswi01	30	161	686	596	132	182	33	3	41	126	19	9	84	80	.305	.391	.577	.968	135	154	154
1961	365	Bill Mazeroski	http://www.baseball-reference.com/players/m/mazerbi01.shtml	mazerbi01	24	159	616	579	70	150	21	2	13	59	2	1	26	57	.259	.292	.370	.661	63	152	152
1961	366	Jim McAnany	http://www.baseball-reference.com/players/m/mcanaji01.shtml	mcanaji01	24	11	11	10	1	3	1	0	0	0	0	0	1	3	.300	.364	.400	.764	1	11	11
1961	367	Dick McAuliffe*	http://www.baseball-reference.com/players/m/mcauldi01.shtml	mcauldi01	21	80	310	281	33	69	11	4	6	30	2	3	23	39	.246	.311	.377	.688	32	80	80
1961	368	Al McBean	http://www.baseball-reference.com/players/m/mcbeaal01.shtml	mcbeaal01	23	29	16	15	2	4	0	0	1	3	0	0	0	3	.267	.267	.467	.733	2	28	28
1961	369	Ken McBride	http://www.baseball-reference.com/players/m/mcbrike01.shtml	mcbrike01	25	45	91	82	4	6	3	0	0	2	0	0	3	35	.073	.106	.110	.216	1	45	45
1961	370	Tim McCarver*	http://www.baseball-reference.com/players/m/mccarti01.shtml	mccarti01	19	23	70	69	5	16	2	1	1	6	0	0	0	5	.232	.232	.333	.565	5	22	22
1961	371	Joe McClain	http://www.baseball-reference.com/players/m/mcclajo01.shtml	mcclajo01	28	33	72	68	4	14	4	0	0	4	0	0	1	16	.206	.214	.265	.479	4	33	33
1961	372	Mike McCormick*	http://www.baseball-reference.com/players/m/mccormi03.shtml	mccormi03	22	42	93	84	3	16	2	0	0	4	0	0	4	26	.190	.227	.214	.442	4	40	40
1961	373	Willie McCovey*	http://www.baseball-reference.com/players/m/mccovwi01.shtml	mccovwi01	23	111	388	341	60	91	12	3	18	51	1	2	38	63	.267	.345	.478	.823	56	106	106
1961	374	Lindy McDaniel	http://www.baseball-reference.com/players/m/mcdanli01.shtml	mcdanli01	25	57	21	18	1	4	0	0	0	0	0	0	0	5	.222	.222	.222	.444	1	55	55
1961	375	Mickey McDermott*	http://www.baseball-reference.com/players/m/mcdermi03.shtml	mcdermi03	32	30	23	21	1	3	3	0	0	5	0	0	2	6	.143	.217	.286	.503	1	29	29
1961	376	Danny McDevitt*	http://www.baseball-reference.com/players/m/mcdevda01.shtml	mcdevda01	28	24	5	4	1	0	0	0	0	0	0		1	4	.000	.200	.000	.200	0	24	24
1961	377	Sam McDowell*	http://www.baseball-reference.com/players/m/mcdowsa01.shtml	mcdowsa01	18	1	2	2	0	0	0	0	0	0	0		0	2	.000	.000	.000	.000	0	1	1
1961	378	Cal McLish#	http://www.baseball-reference.com/players/m/mclisca01.shtml	mclisca01	35	31	58	54	2	9	1	0	0	5	0	0	1	24	.167	.182	.185	.367	2	31	31
1961	379	Don McMahon	http://www.baseball-reference.com/players/m/mcmahdo02.shtml	mcmahdo02	31	55	19	18	1	4	1	0	0	1	0	0	0	4	.222	.222	.278	.500	1	53	53
1961	380	Roy McMillan	http://www.baseball-reference.com/players/m/mcmilro01.shtml	mcmilro01	31	161	617	530	45	118	17	0	7	51	2	4	65	90	.223	.309	.294	.603	48	154	154
1961	381	Roman Mejias	http://www.baseball-reference.com/players/m/mejiaro01.shtml	mejiaro01	30	4	1	1	1	0	0	0	0	0	0		0	1	.000	.000	.000	.000	0	4	4
1961	382	Bob Miller	http://www.baseball-reference.com/players/m/millebo04.shtml	millebo04	22	37	18	14	2	5	0	1	0	0	0	0	2	5	.357	.438	.500	.938	3	35	35
1961	383	Stu Miller	http://www.baseball-reference.com/players/m/millest01.shtml	millest01	33	67	28	22	3	5	1	0	0	1	1	1	5	5	.227	.370	.273	.643	2	64	64
1961	384	Don Mincher*	http://www.baseball-reference.com/players/m/minchdo01.shtml	minchdo01	23	35	121	100	16	18	5	1	5	10	0	1	21	11	.180	.322	.400	.722	12	35	35
1961	385	Minnie Minoso	http://www.baseball-reference.com/players/m/minosmi01.shtml	minosmi01	35	152	629	536	87	147	27	3	14	78	9	4	65	46	.274	.362	.414	.777	78	152	152
1961	386	Vinegar Bend Mizell	http://www.baseball-reference.com/players/m/mizelvi01.shtml	mizelvi01	30	26	34	25	2	4	0	0	0	2	0	0	3	9	.160	.241	.160	.401	1	25	25
1961	387	Ron Moeller*	http://www.baseball-reference.com/players/m/moellro01.shtml	moellro01	22	35	36	28	2	5	1	0	0	2	0	0	7	14	.179	.343	.214	.557	2	35	35
1961	388	Bill Monbouquette	http://www.baseball-reference.com/players/m/monbobi01.shtml	monbobi01	24	33	93	69	6	9	0	0	0	5	0	0	10	29	.130	.241	.130	.371	2	33	33
1961	389	Wally Moon*	http://www.baseball-reference.com/players/m/moonwa01.shtml	moonwa01	31	140	567	472	73	147	24	3	16	81	7	5	86	83	.311	.416	.477	.892	94	134	134
1961	390	Ray Moore	http://www.baseball-reference.com/players/m/moorera02.shtml	moorera02	35	46	7	4	0	0	0	0	0	0	0		2	1	.000	.333	.000	.333	0	46	46
1961	391	Billy Moran	http://www.baseball-reference.com/players/m/moranbi02.shtml	moranbi02	27	54	192	169	15	41	6	1	2	19	0	0	15	16	.243	.306	.325	.632	17	54	54
1961	392	Joe Morgan*	http://www.baseball-reference.com/players/m/morgajo01.shtml	morgajo01	30	4	13	11	0	3	0	0	0	0	0	0	2	3	.273	.385	.273	.657	1	4	4
1961	393	Tom Morgan	http://www.baseball-reference.com/players/m/morgato01.shtml	morgato01	31	59	13	12	0	0	0	0	0	0	0		1	4	.000	.077	.000	.077	0	59	59
1961	394	Moe Morhardt*	http://www.baseball-reference.com/players/m/morhamo01.shtml	morhamo01	24	7	22	19	3	5	0	0	0	1	0	0	3	5	.263	.364	.263	.627	2	7	7
1961	395	Bubba Morton	http://www.baseball-reference.com/players/m/mortobu01.shtml	mortobu01	29	77	119	107	24	30	5	1	2	18	3	1	9	25	.280	.336	.402	.738	14	77	77
1961	396	Walt Moryn*	http://www.baseball-reference.com/players/m/morynwa01.shtml	morynwa01	35	60	106	102	6	18	3	0	3	11	0	0	3	16	.176	.208	.294	.502	6	57	57
1961	397	Don Mossi*	http://www.baseball-reference.com/players/m/mossido01.shtml	mossido01	32	35	91	79	8	13	2	0	1	8	0	0	6	28	.165	.224	.228	.451	4	35	35
1961	398	Billy Muffett	http://www.baseball-reference.com/players/m/muffebi01.shtml	muffebi01	30	38	25	22	3	4	0	0	1	2	0	0	2	9	.182	.250	.318	.568	2	38	38
1961	399	Danny Murphy*	http://www.baseball-reference.com/players/m/murphda04.shtml	murphda04	18	4	14	13	3	5	0	0	2	3	0	0	1	5	.385	.429	.846	1.275	4	4	4
1961	400	Stan Musial*	http://www.baseball-reference.com/players/m/musiast01.shtml	musiast01	40	129	436	379	42	102	21	4	14	63	0	0	50	37	.269	.351	.456	.807	62	123	123
1961	401	Hal Naragon*	http://www.baseball-reference.com/players/n/naragha01.shtml	naragha01	32	57	144	136	9	39	2	1	2	10	0	0	4	8	.287	.312	.360	.672	15	57	57
1961	402	Charlie Neal	http://www.baseball-reference.com/players/n/nealch01.shtml	nealch01	30	113	386	351	37	78	6	1	10	44	3	2	29	51	.222	.282	.330	.612	32	108	108
1961	403	Cal Neeman	http://www.baseball-reference.com/players/n/neemaca01.shtml	neemaca01	32	20	35	31	0	6	1	0	0	2	1	0	3	8	.194	.257	.226	.483	2	19	19
1961	404	Rocky Nelson*	http://www.baseball-reference.com/players/n/nelsoro01.shtml	nelsoro01	36	78	151	132	15	25	5	1	5	13	0	0	17	11	.189	.291	.356	.647	14	75	75
1961	405	Chet Nichols#	http://www.baseball-reference.com/players/n/nichoch02.shtml	nichoch02	30	26	10	9	0	0	0	0	0	0	0		1	1	.000	.100	.000	.100	0	26	26
1961	406	Bob Nieman	http://www.baseball-reference.com/players/n/niemabo01.shtml	niemabo01	34	45	88	81	2	30	7	0	2	12	1	0	7	6	.370	.420	.531	.951	18	45	45
1961	407	Ron Nischwitz#	http://www.baseball-reference.com/players/n/nischro01.shtml	nischro01	23	6	2	2	0	0	0	0	0	0	0		0	2	.000	.000	.000	.000	0	6	6
1961	408	Russ Nixon*	http://www.baseball-reference.com/players/n/nixonru01.shtml	nixonru01	26	87	258	239	22	67	11	2	1	18	0	1	12	19	.280	.316	.356	.672	27	87	87
1961	409	Don Nottebart	http://www.baseball-reference.com/players/n/nottedo01.shtml	nottedo01	25	40	44	40	5	8	0	0	0	1	0	0	3	9	.200	.256	.200	.456	2	38	38
1961	410	Howie Nunn	http://www.baseball-reference.com/players/n/nunnho01.shtml	nunnho01	25	25	8	8	0	0	0	0	0	0	0		0	2	.000	.000	.000	.000	0	24	24
1961	411	Joe Nuxhall*	http://www.baseball-reference.com/players/n/nuxhajo01.shtml	nuxhajo01	32	56	76	65	5	19	2	1	2	13	0	0	6	18	.292	.352	.446	.798	10	56	56
1961	412	Danny O'Connell	http://www.baseball-reference.com/players/o/o'conda02.shtml	o'conda02	32	138	593	494	61	129	30	1	1	37	15	5	78	62	.261	.363	.332	.695	59	138	138
1961	413	Billy O'Dell#	http://www.baseball-reference.com/players/o/o'delbi01.shtml	o'delbi01	28	51	47	41	0	0	0	0	0	0	0		1	10	.000	.023	.000	.023	0	49	49
1961	414	Jim O'Toole#	http://www.baseball-reference.com/players/o/o'tooji01.shtml	o'tooji01	24	41	104	96	7	16	1	0	0	6	0	0	3	30	.167	.200	.177	.377	3	39	39
1961	415	Bob Oldis	http://www.baseball-reference.com/players/o/oldisbo01.shtml	oldisbo01	33	4	5	5	0	0	0	0	0	0	0		0	0	.000	.000	.000	.000	0	4	4
1961	416	Ed Olivares	http://www.baseball-reference.com/players/o/olivaed01.shtml	olivaed01	22	22	33	32	3	6	0	0	0	1	1	0	0	4	.188	.182	.188	.369	1	21	21
1961	417	Gene Oliver	http://www.baseball-reference.com/players/o/olivege01.shtml	olivege01	26	23	62	53	7	13	2	0	4	8	0	0	6	10	.245	.344	.509	.854	8	22	22
1961	418	John Orsino	http://www.baseball-reference.com/players/o/orsinjo01.shtml	orsinjo01	23	26	90	86	5	23	3	2	4	12	0	0	3	14	.267	.300	.488	.788	13	25	25
1961	419	Phil Ortega	http://www.baseball-reference.com/players/o/ortegph01.shtml	ortegph01	21	4	4	4	0	0	0	0	0	0	0		0	2	.000	.000	.000	.000	0	4	4
1961	420	Bobo Osborne*	http://www.baseball-reference.com/players/o/osborbo02.shtml	osborbo02	25	71	112	92	8	19	7	0	2	12	1	0	19	15	.207	.342	.348	.690	11	71	71
1961	421	Claude Osteen*	http://www.baseball-reference.com/players/o/osteecl01.shtml	osteecl01	21	9	8	7	0	0	0	0	0	0	0		0	3	.000	.000	.000	.000	0	9	9
1961	422	Jim Owens	http://www.baseball-reference.com/players/o/owensji01.shtml	owensji01	27	22	37	28	0	0	0	0	0	0	0		4	13	.000	.125	.000	.125	0	21	21
1961	423	Jose Pagan	http://www.baseball-reference.com/players/p/paganjo01.shtml	paganjo01	26	140	494	453	39	114	16	2	5	47	8	5	32	47	.252	.304	.329	.633	45	134	134
1961	424	Jim Pagliaroni	http://www.baseball-reference.com/players/p/pagliji01.shtml	pagliji01	23	120	434	372	46	87	16	0	15	54	1	1	53	74	.234	.333	.398	.731	49	120	120
1961	425	Ed Palmquist	http://www.baseball-reference.com/players/p/palmqed01.shtml	palmqed01	28	14	5	3	1	0	0	0	0	0	0		0	0	.000	.000	.000	.000	0	14	14
1961	426	Milt Pappas	http://www.baseball-reference.com/players/p/pappami01.shtml	pappami01	22	26	70	66	7	9	2	0	3	7	0	0	0	29	.136	.134	.303	.437	3	26	26
1961	427	Camilo Pascual	http://www.baseball-reference.com/players/p/pascuca02.shtml	pascuca02	27	35	94	84	3	13	3	0	0	3	0	0	5	15	.155	.202	.190	.393	3	35	35
1961	428	Albie Pearson*	http://www.baseball-reference.com/players/p/pearsal02.shtml	pearsal02	26	144	514	415	78	111	19	3	6	35	10	3	87	40	.267	.396	.371	.768	61	144	144
1961	429	Ron Perranoski*	http://www.baseball-reference.com/players/p/perraro01.shtml	perraro01	25	55	15	13	0	0	0	0	0	0	0		2	8	.000	.133	.000	.133	0	53	53
1961	430	Jim Perry#	http://www.baseball-reference.com/players/p/perryji01.shtml	perryji01	25	35	78	72	3	11	2	0	0	2	0	0	1	14	.153	.164	.181	.345	2	35	35
1961	431	Gary Peters*	http://www.baseball-reference.com/players/p/peterga01.shtml	peterga01	24	3	3	3	0	0	0	0	0	0	0		0	1	.000	.000	.000	.000	0	3	3
1961	432	Dave Philley#	http://www.baseball-reference.com/players/p/phillda01.shtml	phillda01	41	99	156	143	13	35	9	2	1	22	2	0	10	20	.245	.288	.357	.645	15	99	99
1961	433	Bubba Phillips	http://www.baseball-reference.com/players/p/phillbu02.shtml	phillbu02	33	143	586	543	62	141	23	1	18	70	1	0	28	61	.260	.301	.405	.706	65	143	143
1961	434	Ron Piche	http://www.baseball-reference.com/players/p/pichero01.shtml	pichero01	26	13	6	5	0	0	0	0	0	0	0		0	2	.000	.000	.000	.000	0	12	12
1961	435	Billy Pierce*	http://www.baseball-reference.com/players/p/piercbi02.shtml	piercbi02	34	39	62	55	2	7	0	0	0	2	0	0	1	11	.127	.143	.127	.270	1	39	39
1961	436	Jim Piersall	http://www.baseball-reference.com/players/p/piersji01.shtml	piersji01	31	121	532	481	78	153	26	7	6	39	8	2	42	46	.318	.373	.439	.812	78	121	121
1961	437	Joe Pignatano	http://www.baseball-reference.com/players/p/pignajo01.shtml	pignajo01	31	92	289	241	29	57	10	3	4	21	2	2	35	42	.237	.340	.353	.693	28	92	92
1961	438	Al Pilarcik*	http://www.baseball-reference.com/players/p/pilaral01.shtml	pilaral01	30	82	140	121	17	22	2	1	1	14	2	1	14	12	.182	.265	.240	.504	8	82	82
1961	439	Vada Pinson*	http://www.baseball-reference.com/players/p/pinsova01.shtml	pinsova01	22	161	677	625	98	208	34	8	16	85	23	10	39	66	.333	.368	.490	.858	114	154	154
1961	440	Juan Pizarro*	http://www.baseball-reference.com/players/p/pizarju01.shtml	pizarju01	24	40	76	68	9	16	3	1	0	5	1	0	5	19	.235	.293	.309	.602	6	40	40
1961	441	Bill Pleis*	http://www.baseball-reference.com/players/p/pleisbi01.shtml	pleisbi01	23	37	9	9	0	0	0	0	0	0	0		0	5	.000	.000	.000	.000	0	37	37
1961	442	Johnny Podres*	http://www.baseball-reference.com/players/p/podrejo01.shtml	podrejo01	28	33	78	71	3	16	2	0	0	6	0	0	2	8	.225	.243	.254	.497	4	32	32
1961	443	Leo Posada	http://www.baseball-reference.com/players/p/posadle01.shtml	posadle01	25	116	394	340	34	83	10	4	7	49	0	0	34	84	.244	.310	.359	.669	38	116	116
1961	444	Wally Post	http://www.baseball-reference.com/players/p/postwa01.shtml	postwa01	31	103	315	291	43	83	16	3	20	55	0	1	22	64	.285	.337	.567	.904	55	99	99
1961	445	Boog Powell*	http://www.baseball-reference.com/players/p/powelbo01.shtml	powelbo01	19	4	13	13	0	0	0	0	0	0	0		0	2	.000	.000	.000	.000	0	4	4
1961	446	Vic Power	http://www.baseball-reference.com/players/p/powervi01.shtml	powervi01	33	147	618	560	62	148	33	4	5	61	4	3	37	16	.264	.305	.364	.669	63	147	147
1961	447	Bobby Prescott	http://www.baseball-reference.com/players/p/prescbo01.shtml	prescbo01	30	10	14	12	0	0	0	0	0	0	0		2	5	.000	.143	.000	.143	0	10	10
1961	448	Bob Purkey	http://www.baseball-reference.com/players/p/purkebo01.shtml	purkebo01	31	38	92	82	4	7	2	0	1	3	0	0	2	33	.085	.118	.146	.264	1	36	36
1961	449	Ed Rakow#	http://www.baseball-reference.com/players/r/rakowed01.shtml	rakowed01	26	45	34	29	0	0	0	0	0	0	0		1	10	.000	.032	.000	.032	0	45	45
1961	450	Pedro Ramos#	http://www.baseball-reference.com/players/r/ramospe01.shtml	ramospe01	26	53	100	93	8	16	1	0	3	11	0	0	3	42	.172	.204	.280	.484	5	53	53
1961	451	Claude Raymond	http://www.baseball-reference.com/players/r/raymocl01.shtml	raymocl01	24	14	3	3	1	0	0	0	0	0	0		0	1	.000	.000	.000	.000	0	13	13
1961	452	Jack Reed	http://www.baseball-reference.com/players/r/reedja01.shtml	reedja01	28	28	14	13	0	0	0	0	0	0	0		1	1	.000	.071	.000	.071	0	28	28
1961	453	Phil Regan	http://www.baseball-reference.com/players/r/reganph01.shtml	reganph01	24	33	48	41	7	4	1	0	0	2	0	0	4	15	.098	.178	.122	.300	1	33	33
1961	454	Hal Reniff	http://www.baseball-reference.com/players/r/renifha01.shtml	renifha01	22	25	5	5	0	0	0	0	0	0	0		0	2	.000	.000	.000	.000	0	25	25
1961	455	Rip Repulski	http://www.baseball-reference.com/players/r/repulri01.shtml	repulri01	32	15	25	24	2	6	1	0	0	1	0	2	1	5	.250	.280	.292	.572	2	15	15
1961	456	Ken Retzer*	http://www.baseball-reference.com/players/r/retzeke01.shtml	retzeke01	27	16	57	53	7	18	4	0	1	3	1	0	4	5	.340	.386	.472	.858	10	16	16
1961	457	Del Rice	http://www.baseball-reference.com/players/r/ricede01.shtml	ricede01	38	44	103	81	9	18	4	0	4	9	0	1	18	19	.222	.360	.420	.780	12	44	44
1961	458	Bobby Richardson	http://www.baseball-reference.com/players/r/richabo01.shtml	richabo01	25	162	705	661	80	172	17	5	3	49	9	7	30	23	.260	.294	.315	.608	61	162	162
1961	459	Jim Rivera*	http://www.baseball-reference.com/players/r/riverji01.shtml	riverji01	39	65	163	140	19	33	8	0	2	9	6	3	23	14	.236	.344	.336	.679	16	65	65
1961	460	Mel Roach	http://www.baseball-reference.com/players/r/roachme01.shtml	roachme01	28	38	87	78	4	11	2	0	1	7	1	0	5	14	.141	.209	.205	.414	3	36	36
1961	461	Mike Roarke	http://www.baseball-reference.com/players/r/roarkmi01.shtml	roarkmi01	30	86	250	227	19	49	6	1	2	20	0	0	19	31	.216	.274	.278	.552	17	86	86
1961	462	Robin Roberts#	http://www.baseball-reference.com/players/r/roberro01.shtml	roberro01	34	27	37	34	0	0	0	0	0	0	0		1	11	.000	.056	.000	.056	0	26	26
1961	463	Brooks Robinson	http://www.baseball-reference.com/players/r/robinbr01.shtml	robinbr01	24	163	734	666	87	190	38	7	7	60	1	3	47	57	.285	.332	.395	.727	87	163	163
1961	464	Earl Robinson	http://www.baseball-reference.com/players/r/robinea01.shtml	robinea01	24	96	254	221	36	58	12	3	8	29	4	3	30	54	.262	.349	.452	.802	35	96	96
1961	465	Floyd Robinson*	http://www.baseball-reference.com/players/r/robinfl01.shtml	robinfl01	25	132	486	428	66	130	19	7	11	57	7	4	50	32	.304	.381	.458	.839	74	132	132
1961	466	Frank Robinson	http://www.baseball-reference.com/players/r/robinfr02.shtml	robinfr02	25	160	653	562	114	176	32	7	37	120	22	3	71	67	.313	.394	.593	.986	130	153	153
1961	467	Andre Rodgers	http://www.baseball-reference.com/players/r/rodgean01.shtml	rodgean01	26	76	251	222	27	58	17	0	6	23	1	1	25	56	.261	.336	.419	.755	31	73	73
1961	468	Buck Rodgers#	http://www.baseball-reference.com/players/r/rodgebu01.shtml	rodgebu01	22	16	55	54	6	16	2	0	2	10	0	0	1	6	.296	.309	.444	.754	7	16	16
1961	469	Ed Roebuck	http://www.baseball-reference.com/players/r/roebued01.shtml	roebued01	29	5	2	2	0	0	0	0	0	0	0		0	1	.000	.000	.000	.000	0	5	5
1961	470	Rich Rollins	http://www.baseball-reference.com/players/r/rolliri01.shtml	rolliri01	23	13	20	17	3	5	1	0	0	3	0	0	2	2	.294	.400	.353	.753	2	13	13
1961	471	John Romano	http://www.baseball-reference.com/players/r/romanjo01.shtml	romanjo01	26	142	576	506	74	149	28	1	21	77	0	0	60	60	.294	.372	.478	.850	89	142	142
1961	472	John Roseboro*	http://www.baseball-reference.com/players/r/rosebjo01.shtml	rosebjo01	28	134	470	404	54	96	16	6	17	54	6	4	54	65	.238	.329	.433	.762	57	128	128
1961	473	Bob Roselli	http://www.baseball-reference.com/players/r/roselbo01.shtml	roselbo01	29	22	38	37	2	9	3	0	0	4	0	0	0	11	.243	.243	.324	.568	3	22	22
1961	474	Pete Runnels*	http://www.baseball-reference.com/players/r/runnepe01.shtml	runnepe01	33	143	407	355	46	109	19	3	3	36	5	1	44	32	.307	.385	.403	.788	55	143	143
1961	475	Ray Sadecki*	http://www.baseball-reference.com/players/s/sadecra01.shtml	sadecra01	20	38	92	89	6	21	4	0	0	11	0	0	1	7	.236	.244	.281	.525	6	36	36
1961	476	Bob Sadowski*	http://www.baseball-reference.com/players/s/sadowbo01.shtml	sadowbo01	24	17	59	55	3	6	0	0	0	0	1	0	3	7	.109	.169	.109	.279	1	16	16
1961	477	Ed Sadowski	http://www.baseball-reference.com/players/s/sadowed01.shtml	sadowed01	30	69	174	161	14	35	12	0	4	10	2	3	10	33	.217	.262	.366	.628	15	69	69
1961	478	Ted Sadowski	http://www.baseball-reference.com/players/s/sadowte01.shtml	sadowte01	25	15	6	6	0	0	0	0	0	0	0		0	2	.000	.000	.000	.000	0	15	15
1961	479	Jack Sanford	http://www.baseball-reference.com/players/s/sanfoja02.shtml	sanfoja02	32	41	88	77	13	16	2	0	3	6	0	0	5	23	.208	.253	.351	.604	7	39	39
1961	480	Ron Santo	http://www.baseball-reference.com/players/s/santoro01.shtml	santoro01	21	161	675	598	83	165	32	6	23	82	2	3	73	80	.276	.353	.465	.818	99	154	154
1961	481	Tom Satriano*	http://www.baseball-reference.com/players/s/satrito01.shtml	satrito01	20	35	107	94	13	17	4	1	1	7	2	0	11	16	.181	.274	.277	.550	7	35	35
1961	482	Carl Sawatski*	http://www.baseball-reference.com/players/s/sawatca01.shtml	sawatca01	33	90	203	178	21	50	8	0	10	30	0	0	24	18	.281	.365	.494	.859	31	86	86
1961	483	Jimmie Schaffer	http://www.baseball-reference.com/players/s/schafji01.shtml	schafji01	25	71	171	157	14	38	7	0	1	15	0	0	9	30	.242	.287	.306	.593	14	68	68
1961	484	Joe Schaffernoth	http://www.baseball-reference.com/players/s/schafjo01.shtml	schafjo01	23	37	6	6	1	0	0	0	0	0	0		0	2	.000	.000	.000	.000	0	36	36
1961	485	Chuck Schilling	http://www.baseball-reference.com/players/s/schilch01.shtml	schilch01	23	158	726	638	80	159	24	2	5	57	7	6	74	77	.249	.329	.317	.645	66	158	158
1961	486	Bob Schmidt	http://www.baseball-reference.com/players/s/schmibo02.shtml	schmibo02	28	30	91	80	5	11	0	0	1	6	0	0	9	16	.138	.222	.175	.397	3	29	29
1961	487	Red Schoendienst#	http://www.baseball-reference.com/players/s/schoere01.shtml	schoere01	38	75	134	122	8	34	8	0	1	11	1	0	11	6	.279	.338	.369	.707	16	72	72
1961	488	Dick Schofield#	http://www.baseball-reference.com/players/s/schofdi01.shtml	schofdi01	26	63	93	81	15	15	2	1	0	2	0	1	10	20	.185	.275	.235	.509	5	60	60
1961	489	Al Schroll	http://www.baseball-reference.com/players/s/schroal01.shtml	schroal01	29	11	20	18	3	5	1	0	1	3	0	0	2	4	.278	.350	.500	.850	3	11	11
1961	490	Barney Schultz	http://www.baseball-reference.com/players/s/schulba01.shtml	schulba01	34	43	12	10	0	0	0	0	0	0	0		0	5	.000	.000	.000	.000	0	41	41
1961	491	Don Schwall	http://www.baseball-reference.com/players/s/schwado01.shtml	schwado01	25	27	72	60	4	10	2	0	0	5	0	0	1	10	.167	.180	.200	.380	2	27	27
1961	492	Herb Score*	http://www.baseball-reference.com/players/s/scorehe01.shtml	scorehe01	28	8	7	6	0	0	0	0	0	0	0		0	5	.000	.000	.000	.000	0	8	8
1961	493	Bobby Shantz	http://www.baseball-reference.com/players/s/shantbo01.shtml	shantbo01	35	46	20	16	3	7	1	0	0	3	0	0	2	1	.438	.526	.500	1.026	4	44	44
1961	494	Bob Shaw	http://www.baseball-reference.com/players/s/shawbo01.shtml	shawbo01	28	42	79	73	5	11	0	0	0	0	0	0	3	12	.151	.184	.151	.335	2	42	42
1961	495	Rollie Sheldon	http://www.baseball-reference.com/players/s/sheldro01.shtml	sheldro01	24	36	60	56	1	7	0	0	0	4	0	0	2	24	.125	.155	.125	.280	1	36	36
1961	496	Larry Sherry	http://www.baseball-reference.com/players/s/sherrla01.shtml	sherrla01	25	55	16	14	0	0	0	0	0	0	0		1	2	.000	.125	.000	.125	0	53	53
1961	497	Norm Sherry	http://www.baseball-reference.com/players/s/sherrno01.shtml	sherrno01	29	49	133	124	9	30	2	0	5	19	0	0	9	31	.242	.293	.379	.672	14	47	47
1961	498	Barry Shetrone*	http://www.baseball-reference.com/players/s/shetrba01.shtml	shetrba01	22	3	7	7	0	0	0	0	0	0	0		0	2	.000	.000	.000	.000	0	3	3
1961	499	Charlie Shoemaker*	http://www.baseball-reference.com/players/s/shoemch01.shtml	shoemch01	21	7	28	26	5	10	2	0	0	1	0	0	2	2	.385	.429	.462	.890	5	7	7
1961	500	Chris Short	http://www.baseball-reference.com/players/s/shortch02.shtml	shortch02	23	42	46	38	1	6	0	0	0	2	1	0	1	10	.158	.179	.158	.337	1	40	40
1961	501	Norm Siebern*	http://www.baseball-reference.com/players/s/siebeno01.shtml	siebeno01	27	153	639	553	64	159	34	5	17	92	2	4	79	91	.288	.374	.459	.833	96	153	153
1961	502	Roy Sievers	http://www.baseball-reference.com/players/s/sievero01.shtml	sievero01	34	141	557	488	73	141	25	6	26	88	1	0	59	62	.289	.370	.525	.894	94	141	141
1961	503	Curt Simmons*	http://www.baseball-reference.com/players/s/simmocu01.shtml	simmocu01	32	33	79	68	9	20	3	0	0	6	0	0	8	23	.294	.368	.338	.707	8	32	32
1961	504	Dave Sisler	http://www.baseball-reference.com/players/s/sisleda01.shtml	sisleda01	29	45	9	6	0	0	0	0	0	0	0		3	2	.000	.333	.000	.333	0	45	45
1961	505	Bob Skinner*	http://www.baseball-reference.com/players/s/skinnbo01.shtml	skinnbo01	29	124	457	395	60	103	20	3	3	42	3	5	52	51	.261	.351	.349	.700	48	119	119
1961	506	Bill Skowron	http://www.baseball-reference.com/players/s/skowrbi01.shtml	skowrbi01	30	150	606	560	76	149	23	4	28	88	0	0	35	108	.266	.317	.471	.788	81	150	150
1961	507	Al Smith	http://www.baseball-reference.com/players/s/smithal04.shtml	smithal04	33	147	596	528	84	144	28	4	27	89	4	4	54	67	.273	.342	.494	.836	89	147	147
1961	508	Bobby Smith	http://www.baseball-reference.com/players/s/smithbo04.shtml	smithbo04	27	83	199	181	16	45	7	0	2	18	0	1	15	33	.249	.307	.320	.627	18	79	79
1961	509	Charley Smith	http://www.baseball-reference.com/players/s/smithch04.shtml	smithch04	23	126	494	452	47	110	14	4	11	50	3	4	24	86	.243	.287	.365	.652	47	121	121
1961	510	Hal Smith	http://www.baseball-reference.com/players/s/smithha09.shtml	smithha09	30	47	145	128	5	30	4	1	0	9	0	0	11	13	.234	.296	.281	.577	10	45	45
1961	511	Hal Smith	http://www.baseball-reference.com/players/s/smithha08.shtml	smithha08	30	70	216	201	12	44	10	0	3	26	0	0	11	40	.219	.262	.313	.575	17	67	67
1961	512	Duke Snider*	http://www.baseball-reference.com/players/s/snidedu01.shtml	snidedu01	34	89	270	238	32	67	8	3	16	51	1	1	28	45	.282	.358	.542	.900	45	85	85
1961	513	Jim Snyder	http://www.baseball-reference.com/players/s/snydeji02.shtml	snydeji02	28	3	5	5	0	0	0	0	0	0	0		0	1	.000	.000	.000	.000	0	3	3
1961	514	Russ Snyder*	http://www.baseball-reference.com/players/s/snyderu01.shtml	snyderu01	27	115	339	310	45	89	13	5	1	13	5	3	20	32	.287	.329	.371	.700	38	115	115
1961	515	Warren Spahn*	http://www.baseball-reference.com/players/s/spahnwa01.shtml	spahnwa01	40	41	110	98	13	22	7	0	4	16	0	0	7	34	.224	.278	.418	.696	11	39	39
1961	516	Al Spangler*	http://www.baseball-reference.com/players/s/spangal01.shtml	spangal01	27	71	130	101	24	27	2	0	0	6	4	2	29	9	.267	.431	.287	.718	13	68	68
1961	517	Daryl Spencer	http://www.baseball-reference.com/players/s/spencda01.shtml	spencda01	32	101	376	327	42	76	11	0	12	44	1	1	41	54	.232	.324	.376	.701	39	97	97
1961	518	Jack Spring	http://www.baseball-reference.com/players/s/sprinja01.shtml	sprinja01	28	18	12	8	0	0	0	0	0	0	0		1	5	.000	.111	.000	.111	0	18	18
1961	519	Bob Sprout*	http://www.baseball-reference.com/players/s/sproubo01.shtml	sproubo01	19	1	1	0	0	0	0	0	0	0	0		0	0					0	1	1
1961	520	Bill Stafford	http://www.baseball-reference.com/players/s/staffbi01.shtml	staffbi01	22	36	75	68	6	13	2	1	0	3	0	0	4	11	.191	.236	.250	.486	4	36	36
1961	521	Gerry Staley	http://www.baseball-reference.com/players/s/stalege01.shtml	stalege01	40	52	3	2	1	0	0	0	0	0	0		1	1	.000	.333	.000	.333	0	52	52
1961	522	Tracy Stallard	http://www.baseball-reference.com/players/s/stalltr01.shtml	stalltr01	23	43	40	36	0	0	0	0	0	0	0		0	12	.000	.000	.000	.000	0	43	43
1961	523	Lee Stange	http://www.baseball-reference.com/players/s/stangle01.shtml	stangle01	24	7	1	1	0	0	0	0	0	0	0		0	1	.000	.000	.000	.000	0	7	7
1961	524	Gene Stephens*	http://www.baseball-reference.com/players/s/stephge01.shtml	stephge01	28	94	272	239	24	47	8	1	4	26	4	3	29	34	.197	.289	.289	.578	19	94	94
1961	525	R C Stevens	http://www.baseball-reference.com/players/s/stever_01.shtml	stever_01	26	33	69	62	2	8	1	0	0	2	1	0	7	15	.129	.217	.145	.363	2	33	33
1961	526	Dick Stigman	http://www.baseball-reference.com/players/s/stigmdi01.shtml	stigmdi01	25	22	16	16	0	0	0	0	0	0	0		0	7	.000	.000	.000	.000	0	22	22
1961	527	Ron Stillwell	http://www.baseball-reference.com/players/s/stillro01.shtml	stillro01	21	8	19	17	6	3	2	0	0	2	0	0	2	4	.176	.263	.294	.557	1	8	8
1961	528	Chuck Stobbs*	http://www.baseball-reference.com/players/s/stobbch01.shtml	stobbch01	31	24	9	8	2	3	1	0	0	1	0	0	1	2	.375	.444	.500	.944	2	24	24
1961	529	Wes Stock	http://www.baseball-reference.com/players/s/stockwe01.shtml	stockwe01	27	35	12	11	0	0	0	0	0	0	0		1	10	.000	.083	.000	.083	0	35	35
1961	530	Dick Stuart	http://www.baseball-reference.com/players/s/stuardi01.shtml	stuardi01	28	144	597	552	83	163	29	8	36	117	0	3	35	126	.295	.339	.572	.911	106	138	138
1961	531	Tom Sturdivant*	http://www.baseball-reference.com/players/s/sturdto01.shtml	sturdto01	31	29	66	59	3	10	0	0	0	1	0	1	2	13	.169	.197	.169	.366	2	28	28
1961	532	Frank Sullivan	http://www.baseball-reference.com/players/s/sullifr01.shtml	sullifr01	31	51	40	33	2	4	0	0	0	2	0	0	4	10	.121	.216	.121	.337	1	49	49
1961	533	Haywood Sullivan	http://www.baseball-reference.com/players/s/sulliha02.shtml	sulliha02	30	117	374	328	39	77	15	2	6	38	1	0	44	45	.235	.324	.348	.672	37	117	117
1961	534	Chuck Tanner*	http://www.baseball-reference.com/players/t/tannech01.shtml	tannech01	32	7	10	8	0	0	0	0	0	0	0		2	2	.000	.200	.000	.200	0	7	7
1961	535	Willie Tasby	http://www.baseball-reference.com/players/t/tasbywi01.shtml	tasbywi01	28	141	561	494	54	124	13	2	17	63	4	10	58	94	.251	.330	.389	.718	63	141	141
1961	536	Don Taussig	http://www.baseball-reference.com/players/t/taussdo01.shtml	taussdo01	29	102	213	192	24	52	13	5	2	23	2	2	15	36	.271	.319	.422	.741	26	98	98
1961	537	Hawk Taylor	http://www.baseball-reference.com/players/t/tayloha04.shtml	tayloha04	22	21	30	27	1	5	0	0	1	1	0	1	3	11	.185	.267	.296	.563	2	20	20
1961	538	Sammy Taylor*	http://www.baseball-reference.com/players/t/taylosa02.shtml	taylosa02	28	93	272	243	25	56	8	2	8	22	0	0	23	41	.230	.306	.379	.685	27	89	89
1961	539	Tony Taylor	http://www.baseball-reference.com/players/t/tayloto02.shtml	tayloto02	25	111	455	417	48	103	18	3	2	27	11	5	30	62	.247	.301	.319	.620	40	106	106
1961	540	Johnny Temple	http://www.baseball-reference.com/players/t/templjo01.shtml	templjo01	33	129	584	515	70	140	22	3	3	29	9	5	60	36	.272	.347	.344	.690	61	129	129
1961	541	Ralph Terry	http://www.baseball-reference.com/players/t/terryra01.shtml	terryra01	25	31	73	66	3	15	2	0	0	5	0	0	1	16	.227	.235	.258	.493	4	31	31
1961	542	Moe Thacker	http://www.baseball-reference.com/players/t/thackmo01.shtml	thackmo01	27	26	48	36	3	6	0	0	0	2	0	0	11	11	.167	.375	.167	.542	2	25	25
1961	543	Frank Thomas	http://www.baseball-reference.com/players/t/thomafr03.shtml	thomafr03	32	145	541	496	69	141	16	3	29	78	2	4	33	82	.284	.334	.504	.838	82	139	139
1961	544	George Thomas	http://www.baseball-reference.com/players/t/thomage01.shtml	thomage01	23	96	309	282	35	73	11	1	12	50	3	6	19	70	.259	.310	.433	.743	37	96	96
1961	545	Lee Thomas*	http://www.baseball-reference.com/players/t/thomale03.shtml	thomale03	25	132	490	440	66	117	10	5	22	60	0	5	43	74	.266	.332	.461	.793	67	132	132
1961	546	Valmy Thomas	http://www.baseball-reference.com/players/t/thomava01.shtml	thomava01	35	27	92	86	7	18	3	0	2	6	0	0	6	7	.209	.261	.314	.575	7	27	27
1961	547	Faye Throneberry*	http://www.baseball-reference.com/players/t/thronfa01.shtml	thronfa01	30	24	37	31	1	6	1	0	0	0	0	0	5	10	.194	.306	.226	.531	2	24	24
1961	548	Marv Throneberry*	http://www.baseball-reference.com/players/t/thronma01.shtml	thronma01	27	96	256	225	25	50	5	1	11	34	0	0	30	50	.222	.314	.400	.714	28	96	96
1961	549	Earl Torgeson*	http://www.baseball-reference.com/players/t/torgeea01.shtml	torgeea01	37	42	45	33	4	3	0	0	0	1	0	1	11	8	.091	.311	.091	.402	1	42	42
1961	550	Joe Torre	http://www.baseball-reference.com/players/t/torrejo01.shtml	torrejo01	20	118	463	426	43	120	22	4	11	45	3	5	30	63	.282	.334	.430	.764	60	113	113
1961	551	Tom Tresh#	http://www.baseball-reference.com/players/t/treshto01.shtml	treshto01	22	9	8	8	0	0	0	0	0	0	0		0	1	.000	.000	.000	.000	0	9	9
1961	552	Gus Triandos	http://www.baseball-reference.com/players/t/triangu01.shtml	triangu01	30	115	444	396	34	96	21	0	17	62	0	0	44	60	.242	.318	.424	.743	53	115	115
1961	553	Bob Turley	http://www.baseball-reference.com/players/t/turlebo01.shtml	turlebo01	30	15	25	21	0	0	0	0	0	0	0		0	11	.000	.000	.000	.000	0	15	15
1961	554	Bill Tuttle	http://www.baseball-reference.com/players/t/tuttlbi01.shtml	tuttlbi01	31	138	511	448	48	107	13	5	5	42	1	3	49	50	.239	.311	.324	.634	45	138	138
1961	555	Jim Umbricht	http://www.baseball-reference.com/players/u/umbriji01.shtml	umbriji01	30	1	1	1	0	1	0	0	0	0	0	0	0	0	1.000	1.000	1.000	2.000	1	1	1
1961	556	Jose Valdivielso	http://www.baseball-reference.com/players/v/valdijo01.shtml	valdijo01	27	76	157	148	14	28	5	0	1	8	1	1	8	19	.189	.229	.243	.473	8	76	76
1961	557	Elmer Valo*	http://www.baseball-reference.com/players/v/valoel01.shtml	valoel01	40	85	90	77	4	13	4	0	1	11	0	0	11	9	.169	.289	.260	.549	5	83	83
1961	558	Coot Veal	http://www.baseball-reference.com/players/v/vealco01.shtml	vealco01	28	69	251	217	20	43	10	0	0	8	1	8	19	29	.198	.270	.244	.514	14	69	69
1961	559	Zoilo Versalles	http://www.baseball-reference.com/players/v/versazo01.shtml	versazo01	21	129	531	501	58	134	23	5	7	47	15	8	23	61	.267	.300	.375	.675	56	129	129
1961	560	Bill Virdon*	http://www.baseball-reference.com/players/v/virdobi01.shtml	virdobi01	30	153	683	621	80	158	22	8	9	57	5	8	50	47	.254	.307	.359	.666	69	146	146
1961	561	Ozzie Virgil	http://www.baseball-reference.com/players/v/virgioz01.shtml	virgioz01	29	31	51	50	1	6	0	0	1	1	0	0	1	8	.120	.137	.180	.317	1	31	31
1961	562	Leon Wagner*	http://www.baseball-reference.com/players/w/wagnele01.shtml	wagnele01	27	133	496	442	63	116	17	2	26	68	5	1	44	65	.262	.329	.486	.815	70	133	133
1961	563	Jerry Walker#	http://www.baseball-reference.com/players/w/walkeje01.shtml	walkeje01	22	45	68	64	6	16	2	0	0	7	0	0	3	9	.250	.284	.281	.565	5	45	45
1961	564	Lee Walls	http://www.baseball-reference.com/players/w/wallsle01.shtml	wallsle01	28	95	294	270	32	74	6	4	8	30	2	2	19	50	.274	.322	.415	.737	37	91	91
1961	565	Ken Walters	http://www.baseball-reference.com/players/w/walteke01.shtml	walteke01	27	90	197	187	23	42	8	2	2	14	2	2	5	26	.225	.247	.321	.568	15	86	86
1961	566	Carl Warwick	http://www.baseball-reference.com/players/w/warwica01.shtml	warwica01	24	77	193	167	26	37	6	2	4	15	3	0	19	38	.222	.296	.353	.650	18	74	74
1961	567	Ray Washburn	http://www.baseball-reference.com/players/w/washbra01.shtml	washbra01	23	3	8	8	0	0	0	0	0	0	0		0	4	.000	.000	.000	.000	0	3	3
1961	568	Vic Wertz*	http://www.baseball-reference.com/players/w/wertzvi01.shtml	wertzvi01	36	107	363	319	31	80	15	2	10	56	0	0	36	44	.251	.325	.404	.729	43	107	107
1961	569	Pete Whisenant	http://www.baseball-reference.com/players/w/whisepe01.shtml	whisepe01	31	37	27	23	8	4	0	0	0	1	1	0	4	6	.174	.296	.174	.470	1	36	36
1961	570	Bill White*	http://www.baseball-reference.com/players/w/whitebi03.shtml	whitebi03	27	160	672	603	81	162	27	11	19	82	8	11	61	88	.269	.334	.444	.779	90	153	153
1961	571	Sammy White	http://www.baseball-reference.com/players/w/whitesa02.shtml	whitesa02	33	22	72	67	1	16	1	0	1	6	0	0	2	9	.239	.257	.299	.556	5	21	21
1961	572	Dave Wickersham	http://www.baseball-reference.com/players/w/wickeda01.shtml	wickeda01	25	17	3	3	1	2	1	0	0	3	0	0	0	0	.667	.667	1.000	1.667	2	17	17
1961	573	Hoyt Wilhelm	http://www.baseball-reference.com/players/w/wilheho01.shtml	wilheho01	38	51	24	20	0	0	0	0	0	0	0		2	10	.000	.091	.000	.091	0	51	51
1961	574	Bob Will*	http://www.baseball-reference.com/players/w/willbo01.shtml	willbo01	29	90	134	117	9	29	9	0	0	8	0	1	15	20	.248	.331	.325	.656	13	86	86
1961	575	Carl Willey	http://www.baseball-reference.com/players/w/willeca01.shtml	willeca01	30	37	60	56	0	0	0	0	0	0	0		1	27	.000	.018	.000	.018	0	35	35
1961	576	Billy Williams*	http://www.baseball-reference.com/players/w/willibi01.shtml	willibi01	23	153	602	547	73	148	20	7	25	84	6	0	45	73	.271	.329	.470	.799	84	146	146
1961	577	Dick Williams	http://www.baseball-reference.com/players/w/willidi02.shtml	willidi02	32	103	340	310	37	64	15	2	8	24	0	4	20	38	.206	.251	.345	.596	27	103	103
1961	578	George Williams	http://www.baseball-reference.com/players/w/willige01.shtml	willige01	21	18	43	38	4	10	0	0	0	1	0	0	4	4	.263	.333	.263	.596	3	17	17
1961	579	Stan Williams	http://www.baseball-reference.com/players/w/willist02.shtml	willist02	24	43	92	80	3	12	2	0	0	4	0	0	6	41	.150	.209	.175	.384	3	41	41
1961	580	Maury Wills#	http://www.baseball-reference.com/players/w/willsma01.shtml	willsma01	28	155	700	627	96	167	12	10	1	28	34	14	57	52	.266	.328	.322	.650	66	148	148
1961	581	Ted Wills*	http://www.baseball-reference.com/players/w/willste01.shtml	willste01	27	17	2	2	0	0	0	0	0	0	0		0	2	.000	.000	.000	.000	0	17	17
1961	582	Gordie Windhorn	http://www.baseball-reference.com/players/w/windhgo01.shtml	windhgo01	27	36	38	34	9	8	2	1	2	5	0	1	4	3	.235	.316	.529	.845	5	34	34
1961	583	Red Witt	http://www.baseball-reference.com/players/w/wittge01.shtml	wittge01	29	9	3	2	0	1	1	0	0	0	0	0	0	0	.500	.500	1.000	1.500	1	9	9
1961	584	Jake Wood	http://www.baseball-reference.com/players/w/woodja01.shtml	woodja01	24	162	719	654	87	162	16	13	10	63	28	9	55	141	.248	.308	.358	.666	72	162	162
1961	585	Wilbur Wood	http://www.baseball-reference.com/players/w/woodwi01.shtml	woodwi01	19	6	3	3	0	0	0	0	0	0	0		0	2	.000	.000	.000	.000	0	6	6
1961	586	Hal Woodeshick	http://www.baseball-reference.com/players/w/woodeha01.shtml	woodeha01	28	19	21	20	0	0	0	0	0	0	0		1	10	.000	.048	.000	.048	0	19	19
1961	587	Gene Woodling*	http://www.baseball-reference.com/players/w/woodlge01.shtml	woodlge01	38	110	395	341	39	106	16	4	10	57	1	0	50	24	.311	.401	.469	.870	64	110	110
1961	588	Jim Woods	http://www.baseball-reference.com/players/w/woodsji01.shtml	woodsji01	21	24	58	51	7	12	3	0	2	10	0	0	4	16	.235	.298	.412	.710	6	23	23
1961	589	Mel Wright	http://www.baseball-reference.com/players/w/wrighme01.shtml	wrighme01	33	11	2	2	0	0	0	0	0	0	0		0	1	.000	.000	.000	.000	0	11	11
1961	590	Early Wynn#	http://www.baseball-reference.com/players/w/wynnea01.shtml	wynnea01	41	17	39	36	3	5	0	0	0	1	0	0	2	11	.139	.184	.139	.323	1	17	17
1961	591	Carl Yastrzemski*	http://www.baseball-reference.com/players/y/yastrca01.shtml	yastrca01	21	148	635	577	66	149	30	6	11	75	6	5	48	96	.258	.316	.388	.704	70	148	148
1961	592	Eddie Yost	http://www.baseball-reference.com/players/y/yosted01.shtml	yosted01	34	76	258	209	25	39	4	0	3	13	0	1	45	48	.187	.336	.249	.585	17	76	76
1961	593	Don Zimmer	http://www.baseball-reference.com/players/z/zimmedo01.shtml	zimmedo01	30	134	529	494	56	121	25	4	13	39	5	1	25	73	.245	.284	.391	.674	54	128	128
1961	594	Jerry Zimmerman	http://www.baseball-reference.com/players/z/zimmeje01.shtml	zimmeje01	26	79	230	212	8	43	5	0	0	10	1	1	11	22	.203	.248	.226	.474	11	76	76
1961	595	Bud Zipfel*	http://www.baseball-reference.com/players/z/zipfebu01.shtml	zipfebu01	22	50	190	170	17	34	7	5	4	18	1	1	15	49	.200	.262	.371	.633	17	50	50
1961	596	Frank Zupo*	http://www.baseball-reference.com/players/z/zupofr01.shtml	zupofr01	21	5	5	4	1	2	1	0	0	0	0	0	1	1	.500	.600	.750	1.350	2	5	5
