1974,1,Glenn Abbott,/players/a/abbotgl01.shtml,abbotgl01,23,OAK,96.0,58%,1.0%,9.5%,8.5%,6.7%,30%,,1.08,80%,,,,60,6,10%
1974,2,Cy Acosta,/players/a/acostcy01.shtml,acostcy01,27,CHW,45.2,73%,1.5%,9.6%,9.1%,5.6%,26%,,0.66,76%,,,,40,5,13%
1974,3,Jack Aker,/players/a/akerja01.shtml,akerja01,33,TOT,58.0,63%,2.9%,10.3%,9.4%,6.2%,30%,,1.82,75%,,,,53,9,17%
1974,4,Jack Aker,/players/a/akerja01.shtml,akerja01,33,ATL,16.2,62%,4.2%,9.9%,12.7%,9.9%,41%,,2.08,69%,,,,22,5,23%
1974,5,Jack Aker,/players/a/akerja01.shtml,akerja01,33,NYM,41.1,63%,2.3%,10.4%,8.1%,4.6%,24%,,1.74,77%,,,,31,4,13%
1974,6,Vic Albury*,/players/a/alburvi01.shtml,alburvi01,27,MIN,164.0,21%,2.7%,12.0%,11.3%,6.7%,30%,,0.57,73%,,,,131,12,9%
1974,7,Doyle Alexander,/players/a/alexado01.shtml,alexado01,23,BAL,114.1,61%,1.4%,8.1%,8.7%,5.2%,21%,,1.32,79%,,,,106,18,17%
1974,8,Lloyd Allen,/players/a/allenll01.shtml,allenll01,24,TOT,29.0,56%,1.3%,14.1%,20.1%,4.0%,19%,,0.78,62%,,,,45,2,4%
1974,9,Lloyd Allen,/players/a/allenll01.shtml,allenll01,24,TEX,22.0,57%,1.8%,16.5%,16.5%,4.6%,21%,,0.62,63%,,,,31,1,3%
1974,10,Lloyd Allen,/players/a/allenll01.shtml,allenll01,24,CHW,7.0,55%,0.0%,7.5%,30.0%,2.5%,14%,,1.43,60%,,,,14,1,7%
1974,11,Larry Anderson,/players/a/anderla01.shtml,anderla01,21,MIL,2.1,78%,0.0%,33.3%,11.1%,0.0%,0%,,0.50,56%,,,,0,0,
1974,12,Bob Apodaca,/players/a/apodabo01.shtml,apodabo01,24,NYM,103.0,54%,1.6%,12.4%,9.7%,6.5%,30%,,1.31,74%,,,,74,9,12%
1974,13,Steve Arlin,/players/a/arlinst01.shtml,arlinst01,28,TOT,107.2,54%,1.2%,7.5%,11.6%,6.7%,24%,,1.09,78%,,,,106,9,8%
1974,14,Steve Arlin,/players/a/arlinst01.shtml,arlinst01,28,SDP,64.0,51%,1.6%,5.8%,11.9%,8.1%,29%,,1.09,78%,,,,58,2,3%
1974,15,Steve Arlin,/players/a/arlinst01.shtml,arlinst01,28,CLE,43.2,59%,0.5%,10.0%,11.0%,4.5%,15%,,1.10,79%,,,,48,7,15%
1974,16,Stan Bahnsen,/players/b/bahnsst01.shtml,bahnsst01,29,CHW,216.1,59%,1.8%,10.7%,11.5%,5.4%,23%,,1.07,75%,,,,232,32,14%
1974,17,Dick Baney,/players/b/baneydi01.shtml,baneydi01,27,CIN,41.0,74%,2.1%,6.4%,9.0%,5.3%,20%,,0.91,81%,,,,41,4,10%
1974,18,Steve Barber*,/players/b/barbest01.shtml,barbest01,36,SFG,13.2,25%,0.0%,19.4%,17.9%,3.0%,15%,,0.87,60%,,,,23,1,4%
1974,19,Ray Bare,/players/b/barera01.shtml,barera01,25,STL,24.1,66%,2.0%,5.9%,8.8%,4.9%,20%,,1.32,80%,,,,23,2,9%
1974,20,Jim Barr,/players/b/barrji01.shtml,barrji01,26,SFG,239.2,53%,1.8%,8.8%,4.9%,5.8%,25%,,1.53,83%,,,,166,22,13%
1974,21,Steve Barr*,/players/b/barrst01.shtml,barrst01,22,BOS,9.0,10%,0.0%,7.7%,15.4%,0.0%,0%,,1.40,77%,,,,10,1,10%
1974,22,Francisco Barrios,/players/b/barrifr01.shtml,barrifr01,21,CHW,2.0,20%,0.0%,13.3%,13.3%,13.3%,29%,,0.33,73%,,,,4,0,0%
1974,23,Mike Beard*,/players/b/beardmi01.shtml,beardmi01,24,ATL,9.1,21%,2.9%,20.6%,2.9%,5.9%,40%,,2.50,71%,,,,7,1,14%
1974,24,Fred Beene,/players/b/beenefr01.shtml,beenefr01,31,TOT,83.0,60%,2.3%,12.9%,8.1%,6.9%,31%,,1.41,76%,,,,66,4,6%
1974,25,Fred Beene,/players/b/beenefr01.shtml,beenefr01,31,NYY,10.0,71%,2.4%,23.8%,4.8%,7.1%,33%,,1.86,67%,,,,4,0,0%
1974,26,Fred Beene,/players/b/beenefr01.shtml,beenefr01,31,CLE,73.0,59%,2.3%,11.4%,8.5%,6.9%,31%,,1.37,77%,,,,62,4,6%
1974,27,Jerry Bell,/players/b/bellje01.shtml,bellje01,26,MIL,14.0,69%,3.4%,6.8%,8.5%,6.8%,24%,,1.43,81%,,,,8,2,25%
1974,28,Jim Bibby,/players/b/bibbyji01.shtml,bibbyji01,29,TEX,264.0,56%,2.2%,13.1%,10.0%,7.6%,34%,,0.89,73%,,,,203,21,10%
1974,29,Jack Billingham,/players/b/billija01.shtml,billija01,31,CIN,212.1,57%,1.8%,11.5%,7.1%,6.6%,25%,,2.19,77%,,,,182,30,16%
1974,30,Doug Bird,/players/b/birddo01.shtml,birddo01,24,KCR,92.1,59%,1.5%,15.9%,6.9%,6.4%,25%,,0.97,74%,,,,99,9,9%
1974,31,Dennis Blair,/players/b/blairde01.shtml,blairde01,20,MON,146.0,54%,1.1%,12.2%,11.6%,5.1%,28%,,1.45,74%,,,,107,12,11%
1974,32,Steve Blass,/players/b/blassst01.shtml,blassst01,32,PIT,5.0,64%,7.1%,7.1%,25.0%,14.3%,80%,,0.86,61%,,,,7,1,14%
1974,33,Vida Blue*,/players/b/bluevi01.shtml,bluevi01,24,OAK,282.1,17%,1.5%,15.0%,8.5%,4.4%,21%,,0.81,74%,,,,243,35,14%
1974,34,Bert Blyleven,/players/b/blylebe01.shtml,blylebe01,23,MIN,281.0,55%,1.2%,21.7%,6.7%,4.8%,23%,,1.30,68%,,,,189,22,12%
1974,35,Bill Bonham,/players/b/bonhabi01.shtml,bonhabi01,25,CHC,242.2,52%,1.2%,17.7%,10.1%,4.5%,20%,,1.77,68%,,,,202,17,8%
1974,36,Pedro Borbon,/players/b/borbope01.shtml,borbope01,27,CIN,139.0,62%,1.9%,9.3%,5.6%,5.6%,24%,,1.22,81%,,,,120,18,15%
1974,37,Dick Bosman,/players/b/bosmadi01.shtml,bosmadi01,30,CLE,127.1,60%,2.5%,10.6%,5.5%,7.9%,33%,,1.01,81%,,,,76,7,9%
1974,38,Tom Bradley,/players/b/bradlto01.shtml,bradlto01,27,SFG,134.1,52%,2.5%,11.8%,8.5%,8.9%,36%,,0.72,75%,,,,103,7,7%
1974,39,Ken Brett*,/players/b/brettke01.shtml,brettke01,25,PIT,191.0,18%,1.1%,11.9%,6.4%,4.0%,17%,,0.85,80%,,,,173,11,6%
1974,40,Jim Brewer*,/players/b/breweji01.shtml,breweji01,36,LAD,39.1,34%,3.2%,16.7%,6.4%,7.1%,38%,,0.72,71%,,,,30,1,3%
1974,41,Nelson Briles,/players/b/brilene01.shtml,brilene01,30,KCR,103.0,56%,2.1%,9.5%,4.9%,7.9%,29%,,0.90,82%,,,,78,13,17%
1974,42,Pete Broberg,/players/b/brobepe01.shtml,brobepe01,24,TEX,29.0,60%,5.5%,11.7%,10.2%,14.1%,62%,,1.26,70%,,,,19,3,16%
1974,43,Jackie Brown,/players/b/brownja01.shtml,brownja01,31,TEX,216.2,58%,1.4%,14.7%,8.1%,6.0%,25%,,1.78,75%,,,,157,23,15%
1974,44,Ron Bryant*,/players/b/bryanro01.shtml,bryanro01,26,SFG,126.2,25%,1.9%,12.7%,11.5%,7.3%,30%,,1.19,70%,,,,133,12,9%
1974,45,Tom Burgmeier*,/players/b/burgmto01.shtml,burgmto01,30,MIN,91.2,30%,1.8%,8.9%,6.8%,8.1%,34%,,1.60,81%,,,,87,14,16%
1974,46,Ray Burris,/players/b/burrira01.shtml,burrira01,23,CHC,75.0,52%,2.3%,11.6%,7.6%,8.1%,31%,,0.74,75%,,,,56,3,5%
1974,47,Steve Busby,/players/b/busbyst01.shtml,busbyst01,24,KCR,292.1,56%,1.2%,16.2%,7.5%,5.3%,23%,,1.02,73%,,,,238,20,8%
1974,48,Tom Buskey,/players/b/busketo01.shtml,busketo01,27,TOT,98.2,64%,2.6%,10.0%,8.4%,8.1%,34%,,1.06,77%,,,,81,8,10%
1974,49,Tom Buskey,/players/b/busketo01.shtml,busketo01,27,NYY,5.2,70%,3.3%,10.0%,10.0%,16.7%,50%,,0.44,70%,,,,6,0,0%
1974,50,Tom Buskey,/players/b/busketo01.shtml,busketo01,27,CLE,93.0,64%,2.5%,10.0%,8.3%,7.5%,32%,,1.11,78%,,,,75,8,11%
1974,51,Bill Butler*,/players/b/butlebi02.shtml,butlebi02,27,MIN,98.2,22%,2.1%,18.5%,13.1%,7.7%,36%,,0.53,65%,,,,79,7,9%
1974,52,Mike Caldwell*,/players/c/caldwmi01.shtml,caldwmi01,25,SFG,189.1,15%,2.2%,10.5%,8.0%,7.5%,34%,,1.75,78%,,,,141,28,20%
1974,53,Bill Campbell,/players/c/campbbi02.shtml,campbbi02,25,MIN,120.1,58%,0.8%,17.3%,10.7%,4.5%,21%,,1.02,70%,,,,131,12,9%
1974,54,Buzz Capra,/players/c/caprabu01.shtml,caprabu01,26,ATL,217.0,53%,1.5%,15.5%,9.5%,4.7%,26%,,0.77,72%,,,,161,14,9%
1974,55,Steve Carlton*,/players/c/carltst01.shtml,carltst01,29,PHI,291.0,20%,1.7%,19.6%,11.1%,6.1%,30%,,1.09,66%,,,,212,27,13%
1974,56,Don Carrithers,/players/c/carrido01.shtml,carrido01,24,MON,60.0,53%,2.4%,12.3%,6.8%,4.8%,21%,,0.91,76%,,,,36,3,8%
1974,57,Clay Carroll,/players/c/carrocl02.shtml,carrocl02,33,CIN,100.2,61%,0.7%,11.0%,7.2%,4.3%,19%,,1.89,79%,,,,84,11,13%
1974,58,Tom Carroll,/players/c/carroto02.shtml,carroto02,21,CIN,78.1,56%,3.2%,10.8%,12.8%,6.1%,31%,,0.82,72%,,,,60,3,5%
1974,59,Bill Castro,/players/c/castrbi01.shtml,castrbi01,22,MIL,18.0,83%,2.6%,12.8%,6.4%,9.0%,37%,,0.87,78%,,,,8,1,13%
1974,60,Bill Champion,/players/c/champbi01.shtml,champbi01,26,MIL,161.2,58%,1.8%,8.8%,7.2%,5.4%,22%,,0.88,82%,,,,132,14,11%
1974,61,Larry Christenson,/players/c/chrisla01.shtml,chrisla01,20,PHI,23.0,52%,2.0%,18.2%,15.2%,5.1%,25%,,0.82,64%,,,,21,3,14%
1974,62,Lance Clemons*,/players/c/clemola01.shtml,clemola01,26,BOS,6.1,56%,3.1%,3.1%,12.5%,12.5%,50%,,1.25,78%,,,,6,1,17%
1974,63,Reggie Cleveland,/players/c/clevere01.shtml,clevere01,26,BOS,221.1,63%,2.6%,10.7%,7.2%,7.9%,33%,,1.09,77%,,,,172,15,9%
1974,64,David Clyde*,/players/c/clydeda01.shtml,clydeda01,19,TEX,117.0,25%,2.7%,10.2%,9.2%,6.8%,27%,,0.76,76%,,,,107,9,8%
1974,65,Jim Colborn,/players/c/colboji01.shtml,colboji01,28,MIL,224.0,54%,2.9%,8.9%,6.4%,6.9%,28%,,0.91,80%,,,,167,18,11%
1974,66,Joe Coleman,/players/c/colemjo05.shtml,colemjo05,27,DET,285.2,55%,2.4%,14.0%,12.5%,6.6%,31%,,1.02,69%,,,,233,26,11%
1974,67,Ray Corbin,/players/c/corbira01.shtml,corbira01,25,MIN,112.1,59%,1.6%,9.8%,7.9%,6.9%,26%,,1.27,79%,,,,110,10,9%
1974,68,Mike Corkins,/players/c/corkimi01.shtml,corkimi01,28,SDP,56.1,60%,2.0%,16.7%,13.0%,6.1%,28%,,0.76,67%,,,,41,5,12%
1974,69,Mike Cosgrove*,/players/c/cosgrmi01.shtml,cosgrmi01,23,HOU,90.0,28%,0.5%,12.6%,10.5%,5.6%,28%,,0.91,76%,,,,83,13,16%
1974,70,Jerry Cram,/players/c/cramje01.shtml,cramje01,26,NYM,22.1,60%,1.2%,9.5%,4.8%,6.0%,23%,,2.24,83%,,,,22,7,32%
1974,71,Mike Cuellar*,/players/c/cuellmi01.shtml,cuellmi01,37,BAL,269.1,21%,1.5%,9.5%,7.7%,5.0%,22%,,1.06,80%,,,,204,31,15%
1974,72,George Culver,/players/c/culvege01.shtml,culvege01,30,PHI,21.2,55%,1.0%,9.2%,16.3%,6.1%,30%,,1.70,69%,,,,26,3,12%
1974,73,John Cumberland*,/players/c/cumbejo01.shtml,cumbejo01,27,CAL,21.2,34%,2.1%,12.8%,10.6%,7.5%,29%,,1.32,74%,,,,29,4,14%
1974,74,John Curtis*,/players/c/curtijo01.shtml,curtijo01,26,STL,195.0,17%,1.8%,10.5%,9.8%,5.7%,24%,,1.38,76%,,,,166,28,17%
1974,75,John D'Acquisto,/players/d/d'acqjo01.shtml,d'acqjo01,22,SFG,215.0,52%,1.4%,17.8%,13.2%,5.0%,26%,,0.65,67%,,,,165,15,9%
1974,76,Bruce Dal Canton,/players/d/dalcabr01.shtml,dalcabr01,33,KCR,175.1,57%,0.7%,13.0%,11.1%,3.3%,18%,,1.06,74%,,,,137,13,9%
1974,77,Pat Darcy,/players/d/darcypa01.shtml,darcypa01,24,CIN,17.0,55%,2.7%,19.2%,11.0%,8.2%,35%,,1.85,67%,,,,13,3,23%
1974,78,Ramon de los Santos*,/players/d/delosra01.shtml,delosra01,25,HOU,12.1,47%,0.0%,12.3%,15.8%,5.3%,27%,,1.00,72%,,,,13,2,15%
1974,79,Joe Decker,/players/d/deckejo01.shtml,deckejo01,27,MIN,248.2,55%,2.3%,15.1%,9.3%,5.2%,23%,,1.11,72%,,,,202,25,12%
1974,80,Larry Demery,/players/d/demerla01.shtml,demerla01,21,PIT,95.1,53%,2.9%,12.1%,12.1%,6.0%,26%,,1.08,72%,,,,85,10,12%
1974,81,Don DeMola,/players/d/demoldo01.shtml,demoldo01,21,MON,57.2,56%,3.0%,20.3%,9.1%,6.5%,33%,,0.82,66%,,,,35,4,11%
1974,82,John Denny,/players/d/dennyjo01.shtml,dennyjo01,21,STL,2.0,73%,0.0%,9.1%,0.0%,0.0%,0%,,1.50,91%,,,,3,0,0%
1974,83,Tom Dettore,/players/d/dettoto01.shtml,dettoto01,26,CHC,64.2,56%,1.4%,14.7%,10.6%,5.5%,25%,,1.11,70%,,,,67,4,6%
1974,84,Larry Dierker,/players/d/dierkla01.shtml,dierkla01,27,HOU,223.2,55%,2.0%,16.4%,9.0%,5.7%,28%,,0.98,71%,,,,166,24,14%
1974,85,Ron Diorio,/players/d/dioriro01.shtml,dioriro01,27,PHI,1.0,67%,16.7%,0.0%,16.7%,16.7%,50%,,2.00,67%,,,,4,0,0%
1974,86,Chuck Dobson,/players/d/dobsoch01.shtml,dobsoch01,30,CAL,30.0,56%,2.2%,11.7%,9.5%,8.0%,28%,,1.09,77%,,,,27,4,15%
1974,87,Pat Dobson,/players/d/dobsopa01.shtml,dobsopa01,32,NYY,281.0,57%,2.0%,13.4%,6.4%,4.6%,19%,,1.36,77%,,,,224,27,12%
1974,88,Al Downing*,/players/d/downial01.shtml,downial01,33,LAD,98.1,17%,1.6%,14.8%,10.5%,4.9%,22%,,1.34,71%,,,,85,10,12%
1974,89,Dick Drago,/players/d/dragodi01.shtml,dragodi01,29,BOS,175.2,59%,2.3%,12.4%,7.7%,8.0%,35%,,1.03,76%,,,,99,11,11%
1974,90,Steve Dunning,/players/d/dunnist01.shtml,dunnist01,25,TEX,2.1,25%,16.7%,8.3%,25.0%,25.0%,100%,,5.00,50%,,,,1,1,100%
1974,91,Jamie Easterly*,/players/e/easteja01.shtml,easteja01,21,ATL,2.2,26%,0.0%,0.0%,21.1%,5.3%,17%,,1.67,79%,,,,8,0,0%
1974,92,Rawly Eastwick,/players/e/eastwra01.shtml,eastwra01,23,CIN,17.2,64%,1.4%,19.7%,7.0%,2.8%,17%,,0.81,70%,,,,7,0,0%
1974,93,Bruce Ellingsen*,/players/e/ellinbr01.shtml,ellinbr01,25,CLE,42.0,44%,2.7%,8.7%,9.2%,7.0%,29%,,0.50,78%,,,,30,2,7%
1974,94,Dock Ellis,/players/e/ellisdo01.shtml,ellisdo01,29,PIT,176.2,55%,1.8%,12.5%,5.6%,5.6%,25%,,1.16,78%,,,,122,12,10%
1974,95,Terry Enyart*,/players/e/enyarte01.shtml,enyarte01,23,MON,1.2,38%,0.0%,15.4%,30.8%,7.7%,25%,,0.50,54%,,,,3,0,0%
1974,96,Nino Espinosa,/players/e/espinni01.shtml,espinni01,20,NYM,9.0,72%,2.6%,5.1%,0.0%,7.7%,25%,,1.00,87%,,,,4,0,0%
1974,97,Ed Farmer,/players/f/farmeed01.shtml,farmeed01,24,PHI,31.0,56%,3.1%,12.6%,17.0%,8.2%,32%,,0.89,66%,,,,30,1,3%
1974,98,Danny Fife,/players/f/fifeda01.shtml,fifeda01,24,MIN,4.2,76%,0.0%,10.3%,13.8%,6.9%,20%,,0.57,72%,,,,5,1,20%
1974,99,Ed Figueroa,/players/f/figueed01.shtml,figueed01,25,CAL,105.1,59%,0.7%,10.8%,7.9%,3.7%,14%,,1.21,78%,,,,92,9,10%
1974,100,Rollie Fingers,/players/f/fingero01.shtml,fingero01,27,OAK,119.0,61%,1.0%,19.7%,6.0%,3.9%,18%,,1.02,71%,,,,104,11,11%
1974,101,Al Fitzmorris,/players/f/fitzmal01.shtml,fitzmal01,28,KCR,190.0,55%,1.0%,6.6%,7.8%,4.0%,17%,,1.53,83%,,,,168,18,11%
1974,102,Rich Folkers*,/players/f/folkeri01.shtml,folkeri01,27,STL,90.0,37%,1.1%,15.7%,10.5%,5.2%,29%,,0.96,71%,,,,75,13,17%
1974,103,Bob Forsch,/players/f/forscbo01.shtml,forscbo01,24,STL,100.0,53%,1.2%,9.6%,8.3%,5.4%,26%,,1.61,80%,,,,75,14,19%
1974,104,Ken Forsch,/players/f/forscke01.shtml,forscke01,27,HOU,103.1,60%,0.7%,11.0%,8.5%,4.6%,20%,,1.61,78%,,,,100,12,12%
1974,105,Terry Forster*,/players/f/forstte01.shtml,forstte01,22,CHW,134.1,21%,1.1%,18.7%,8.5%,4.3%,20%,,1.41,69%,,,,138,16,12%
1974,106,Alan Foster,/players/f/fosteal01.shtml,fosteal01,27,STL,162.1,52%,2.3%,11.2%,8.8%,6.7%,28%,,0.99,76%,,,,126,16,13%
1974,107,Steve Foucault,/players/f/foucast01.shtml,foucast01,24,TEX,144.1,57%,1.4%,18.2%,6.9%,5.7%,27%,,1.16,71%,,,,134,15,11%
1974,108,Ken Frailing*,/players/f/frailke01.shtml,frailke01,26,CHC,125.1,25%,2.0%,12.8%,7.7%,5.2%,19%,,1.43,77%,,,,127,10,8%
1974,109,Dave Freisleben,/players/f/freisda01.shtml,freisda01,22,SDP,211.2,51%,1.4%,14.0%,12.0%,5.5%,26%,,1.03,71%,,,,166,14,8%
1974,110,Danny Frisella,/players/f/friseda01.shtml,friseda01,28,ATL,41.2,58%,2.1%,14.4%,15.0%,5.4%,27%,,1.50,66%,,,,44,4,9%
1974,111,Woodie Fryman*,/players/f/frymawo01.shtml,frymawo01,34,DET,141.2,19%,2.7%,15.4%,11.2%,5.7%,28%,,0.88,69%,,,,102,8,8%
1974,112,Gene Garber,/players/g/garbege01.shtml,garbege01,26,TOT,76.0,62%,1.2%,12.2%,13.1%,5.3%,24%,,1.80,69%,,,,74,11,15%
1974,113,Gene Garber,/players/g/garbege01.shtml,garbege01,26,KCR,28.0,64%,2.3%,10.6%,9.9%,7.6%,29%,,1.69,72%,,,,32,5,16%
1974,114,Gene Garber,/players/g/garbege01.shtml,garbege01,26,PHI,48.0,60%,0.5%,13.2%,15.1%,3.9%,21%,,1.87,68%,,,,42,6,14%
1974,115,Ralph Garcia,/players/g/garcira02.shtml,garcira02,25,SDP,10.1,64%,1.9%,17.0%,13.2%,5.7%,20%,,1.44,64%,,,,13,0,0%
1974,116,Wayne Garland,/players/g/garlawa01.shtml,garlawa01,23,BAL,91.0,59%,1.4%,11.1%,7.2%,5.3%,28%,,0.89,78%,,,,62,9,15%
1974,117,Mike Garman,/players/g/garmami01.shtml,garmami01,24,STL,81.2,62%,1.2%,13.7%,8.2%,3.7%,18%,,1.31,73%,,,,83,12,14%
1974,118,Bob Gebhard,/players/g/gebhabo01.shtml,gebhabo01,31,MON,2.0,45%,9.1%,0.0%,0.0%,9.1%,20%,,2.00,82%,,,,1,0,0%
1974,119,Gary Gentry,/players/g/gentrga01.shtml,gentrga01,27,ATL,6.2,56%,3.7%,0.0%,7.4%,3.7%,25%,,0.82,85%,,,,2,0,0%
1974,120,Rusty Gerhardt*,/players/g/gerharu01.shtml,gerharu01,23,SDP,35.2,31%,0.6%,13.3%,10.3%,6.7%,25%,,0.78,74%,,,,42,5,12%
1974,121,Bob Gibson,/players/g/gibsobo01.shtml,gibsobo01,38,STL,240.0,50%,2.3%,12.4%,10.0%,5.3%,23%,,0.84,74%,,,,188,18,10%
1974,122,Bill Gilbreth*,/players/g/gilbrbi01.shtml,gilbrbi01,26,CAL,1.1,57%,0.0%,0.0%,14.3%,14.3%,50%,,0.00,86%,,,,3,0,0%
1974,123,Dave Giusti,/players/g/giustda01.shtml,giustda01,34,PIT,105.2,57%,0.5%,11.9%,9.0%,4.5%,20%,,0.87,77%,,,,91,7,8%
1974,124,Bill Gogolewski,/players/g/gogolbi01.shtml,gogolbi01,26,CLE,13.2,66%,1.8%,5.4%,3.6%,10.7%,40%,,3.00,88%,,,,6,2,33%
1974,125,Dave Goltz,/players/g/goltzda01.shtml,goltzda01,25,MIN,174.1,56%,1.9%,11.9%,6.0%,5.9%,23%,,1.23,78%,,,,131,14,11%
1974,126,Rich Gossage,/players/g/gossari01.shtml,gossari01,22,CHW,89.1,65%,1.0%,16.1%,11.8%,4.0%,17%,,0.99,69%,,,,85,9,11%
1974,127,Wayne Granger,/players/g/grangwa01.shtml,grangwa01,30,CHW,7.2,63%,2.5%,10.0%,7.5%,5.0%,13%,,0.90,80%,,,,10,1,10%
1974,128,Bill Greif,/players/g/greifbi01.shtml,greifbi01,24,SDP,226.0,54%,1.7%,13.6%,9.4%,6.2%,25%,,0.89,72%,,,,201,12,6%
1974,129,Tom Griffin,/players/g/griffto02.shtml,griffto02,26,HOU,211.0,56%,1.5%,12.0%,9.7%,5.9%,27%,,1.45,75%,,,,173,16,9%
1974,130,Ross Grimsley*,/players/g/grimsro02.shtml,grimsro02,24,BAL,295.2,18%,2.2%,13.2%,6.3%,5.4%,24%,,1.07,77%,,,,191,20,10%
1974,131,Don Gullett*,/players/g/gulledo01.shtml,gulledo01,23,CIN,243.0,16%,2.2%,18.1%,8.7%,6.3%,32%,,0.74,70%,,,,176,10,6%
1974,132,Larry Gura*,/players/g/gurala01.shtml,gurala01,26,NYY,56.0,7%,0.9%,7.4%,5.2%,4.4%,19%,,0.72,87%,,,,30,0,0%
1974,133,Ed Halicki,/players/h/haliced01.shtml,haliced01,23,SFG,74.1,49%,1.7%,11.5%,8.9%,5.8%,24%,,0.98,76%,,,,61,0,0%
1974,134,Tom Hall*,/players/h/hallto01.shtml,hallto01,26,CIN,64.0,33%,3.4%,17.8%,11.2%,7.1%,35%,,0.64,66%,,,,48,4,8%
1974,135,Dave Hamilton*,/players/h/hamilda01.shtml,hamilda01,26,OAK,117.0,23%,2.0%,14.1%,9.8%,5.3%,25%,,0.96,73%,,,,100,10,10%
1974,136,Bill Hands,/players/h/handsbi01.shtml,handsbi01,34,TOT,129.1,63%,1.6%,14.2%,5.1%,5.7%,22%,,1.77,77%,,,,92,12,13%
1974,137,Bill Hands,/players/h/handsbi01.shtml,handsbi01,34,MIN,115.1,64%,1.8%,15.0%,5.1%,6.1%,23%,,1.79,76%,,,,85,12,14%
1974,138,Bill Hands,/players/h/handsbi01.shtml,handsbi01,34,TEX,14.0,55%,0.0%,7.1%,5.4%,1.8%,9%,,1.64,88%,,,,7,0,0%
1974,139,Larry Hardy,/players/h/hardyla01.shtml,hardyla01,26,SDP,101.2,61%,1.9%,12.2%,9.4%,7.1%,26%,,1.52,74%,,,,103,10,10%
1974,140,Steve Hargan,/players/h/hargast01.shtml,hargast01,31,TEX,186.2,53%,1.9%,12.2%,6.0%,6.8%,27%,,1.29,78%,,,,154,21,14%
1974,141,Roric Harrison,/players/h/harriro01.shtml,harriro01,27,ATL,126.0,56%,2.1%,8.2%,8.7%,7.1%,27%,,0.69,80%,,,,93,7,8%
1974,142,Andy Hassler*,/players/h/hasslan01.shtml,hasslan01,22,CAL,162.0,14%,1.5%,11.1%,11.6%,4.0%,21%,,1.69,73%,,,,149,28,19%
1974,143,Joe Henderson,/players/h/hendejo01.shtml,hendejo01,27,CHW,15.0,64%,2.6%,15.8%,14.5%,7.9%,29%,,1.36,66%,,,,16,2,13%
1974,144,Jesus Hernaiz,/players/h/hernaje01.shtml,hernaje01,29,PHI,41.1,64%,3.1%,8.3%,13.0%,8.9%,32%,,1.37,74%,,,,44,6,14%
1974,145,Ramon Hernandez*,/players/h/hernara01.shtml,hernara01,33,PIT,68.2,30%,1.0%,11.5%,6.3%,7.3%,31%,,1.05,79%,,,,51,4,8%
1974,146,Tom Hilgendorf*,/players/h/hilgeto01.shtml,hilgeto01,32,CLE,48.1,41%,2.8%,10.6%,7.8%,5.5%,21%,,0.88,77%,,,,56,3,5%
1974,147,John Hiller*,/players/h/hillejo01.shtml,hillejo01,31,DET,150.0,21%,1.6%,21.2%,9.8%,4.1%,21%,,0.69,65%,,,,140,10,7%
1974,148,Joe Hoerner*,/players/h/hoernjo01.shtml,hoernjo01,37,KCR,35.1,46%,2.0%,15.7%,7.8%,5.2%,25%,,0.40,70%,,,,28,1,4%
1974,149,Fred Holdsworth,/players/h/holdsfr01.shtml,holdsfr01,22,DET,35.2,64%,2.5%,10.1%,8.9%,5.7%,23%,,0.93,76%,,,,23,2,9%
1974,150,Ken Holtzman*,/players/h/holtzke01.shtml,holtzke01,28,OAK,255.1,17%,1.3%,10.9%,4.8%,5.7%,22%,,1.16,82%,,,,185,17,9%
1974,151,Don Hood*,/players/h/hooddo01.shtml,hooddo01,24,BAL,57.1,39%,0.4%,11.1%,8.6%,3.4%,17%,,0.87,79%,,,,58,5,9%
1974,152,Leon Hooten,/players/h/hootele01.shtml,hootele01,26,OAK,8.1,77%,2.9%,2.9%,11.4%,5.7%,33%,,1.00,80%,,,,8,1,13%
1974,153,Burt Hooton,/players/h/hootobu01.shtml,hootobu01,24,CHC,176.1,53%,2.0%,11.9%,6.5%,6.5%,24%,,1.49,78%,,,,165,14,8%
1974,154,Charlie Hough,/players/h/houghch01.shtml,houghch01,26,LAD,96.0,61%,3.1%,16.2%,10.3%,6.9%,42%,,0.80,68%,,,,67,5,7%
1974,155,Tom House*,/players/h/houseto01.shtml,houseto01,27,ATL,102.2,30%,1.2%,15.8%,6.7%,5.0%,27%,,1.16,74%,,,,77,9,12%
1974,156,Al Hrabosky*,/players/h/hraboal01.shtml,hraboal01,24,STL,88.1,39%,0.8%,22.3%,10.3%,5.4%,28%,,0.64,65%,,,,78,6,8%
1974,157,Rex Hudson,/players/h/hudsore01.shtml,hudsore01,20,LAD,2.0,75%,16.7%,0.0%,0.0%,33.3%,67%,,0.20,83%,,,,2,0,0%
1974,158,Jim Hughes,/players/h/hugheji03.shtml,hugheji03,22,MIN,10.1,52%,4.8%,19.1%,9.5%,4.8%,25%,,2.33,64%,,,,8,0,0%
1974,159,Catfish Hunter,/players/h/hunteca01.shtml,hunteca01,28,OAK,318.1,55%,2.0%,11.5%,3.7%,6.1%,28%,,0.61,82%,,,,166,15,9%
1974,160,Herb Hutson,/players/h/hutsohe01.shtml,hutsohe01,24,CHC,28.2,61%,2.4%,17.5%,11.9%,7.1%,38%,,0.83,65%,,,,36,3,8%
1974,161,Grant Jackson*,/players/j/jacksgr01.shtml,jacksgr01,31,BAL,66.2,34%,2.6%,20.6%,8.1%,7.0%,40%,,0.45,67%,,,,62,3,5%
1974,162,Jesse Jefferson,/players/j/jeffeje01.shtml,jeffeje01,25,BAL,57.1,64%,0.8%,12.3%,15.0%,5.9%,27%,,1.00,71%,,,,56,8,14%
1974,163,Fergie Jenkins,/players/j/jenkife01.shtml,jenkife01,31,TEX,328.1,55%,2.1%,17.2%,3.5%,6.5%,30%,,0.79,76%,,,,208,17,8%
1974,164,Juan Jimenez,/players/j/jimenju01.shtml,jimenju01,25,PIT,4.0,58%,0.0%,10.5%,10.5%,5.3%,17%,,4.00,79%,,,,4,1,25%
1974,165,Tommy John*,/players/j/johnto01.shtml,johnto01,31,LAD,153.0,20%,0.7%,12.7%,6.8%,5.0%,23%,,1.67,79%,,,,103,10,10%
1974,166,Bart Johnson,/players/j/johnsba01.shtml,johnsba01,24,CHW,121.2,50%,1.2%,15.4%,6.5%,4.5%,21%,,0.67,76%,,,,86,11,13%
1974,167,Bob Johnson,/players/j/johnsbo03.shtml,johnsbo03,31,CLE,72.0,55%,3.7%,11.1%,11.4%,6.2%,27%,,0.90,71%,,,,57,5,9%
1974,168,Dave Johnson,/players/j/johnsda03.shtml,johnsda03,25,BAL,15.1,58%,1.5%,9.0%,7.5%,4.5%,18%,,1.35,82%,,,,10,1,10%
1974,169,Jerry Johnson,/players/j/johnsje01.shtml,johnsje01,30,HOU,45.0,66%,1.0%,15.9%,11.9%,9.5%,40%,,1.53,69%,,,,38,5,13%
1974,170,Mike Johnson,/players/j/johnsmi01.shtml,johnsmi01,23,SDP,21.1,72%,0.9%,13.8%,13.8%,3.7%,14%,,1.33,69%,,,,34,4,12%
1974,171,Tom Johnson,/players/j/johnsto02.shtml,johnsto02,23,MIN,7.0,67%,0.0%,16.7%,0.0%,0.0%,0%,,1.43,83%,,,,1,1,100%
1974,172,Randy Jones*,/players/j/jonesra01.shtml,jonesra01,24,SDP,208.1,20%,1.8%,13.7%,8.6%,6.9%,29%,,1.83,74%,,,,157,18,11%
1974,173,Jim Kaat*,/players/k/kaatji01.shtml,kaatji01,35,CHW,277.1,15%,1.6%,12.5%,5.5%,5.3%,23%,,0.92,79%,,,,215,26,12%
1974,174,Jim Kern,/players/k/kernji01.shtml,kernji01,25,CLE,15.1,59%,1.3%,14.5%,18.4%,5.3%,25%,,0.48,66%,,,,20,1,5%
1974,175,Clay Kirby,/players/k/kirbycl01.shtml,kirbycl01,26,CIN,230.2,51%,1.5%,16.3%,9.3%,4.8%,22%,,0.82,71%,,,,178,14,8%
1974,176,Don Kirkwood,/players/k/kirkwdo01.shtml,kirkwdo01,24,CAL,7.1,45%,0.0%,10.5%,15.8%,0.0%,0%,,1.00,74%,,,,14,1,7%
1974,177,Bruce Kison,/players/k/kisonbr01.shtml,kisonbr01,24,PIT,129.0,53%,1.4%,12.4%,9.9%,6.3%,29%,,1.24,74%,,,,115,12,10%
1974,178,Steve Kline,/players/k/klinest01.shtml,klinest01,26,TOT,97.0,64%,2.9%,5.6%,8.8%,5.6%,24%,,1.30,80%,,,,78,16,21%
1974,179,Steve Kline,/players/k/klinest01.shtml,klinest01,26,NYY,26.0,74%,2.8%,5.7%,4.7%,4.7%,19%,,1.12,85%,,,,19,3,16%
1974,180,Steve Kline,/players/k/klinest01.shtml,klinest01,26,CLE,71.0,60%,3.0%,5.6%,10.2%,5.9%,26%,,1.37,79%,,,,59,13,22%
1974,181,Darold Knowles*,/players/k/knowlda01.shtml,knowlda01,32,OAK,53.1,27%,2.4%,7.2%,14.0%,6.4%,26%,,1.25,74%,,,,64,6,9%
1974,182,Kevin Kobel*,/players/k/kobelke01.shtml,kobelke01,20,MIL,169.1,19%,2.3%,10.4%,7.6%,6.7%,29%,,0.81,79%,,,,140,14,10%
1974,183,Doug Konieczny,/players/k/koniedo01.shtml,koniedo01,22,HOU,16.0,56%,0.0%,10.4%,15.6%,5.2%,22%,,1.06,70%,,,,14,1,7%
1974,184,Jerry Koosman*,/players/k/koosmje01.shtml,koosmje01,31,NYM,265.0,19%,1.4%,16.8%,7.6%,5.5%,24%,,0.97,72%,,,,222,21,9%
1974,185,Lew Krausse,/players/k/krausle02.shtml,krausle02,31,ATL,66.2,57%,1.0%,9.2%,10.9%,6.1%,28%,,1.15,76%,,,,45,5,11%
1974,186,Jim Kremmel*,/players/k/kremmji01.shtml,kremmji01,25,CHC,31.0,35%,2.0%,15.0%,12.2%,5.4%,22%,,1.00,69%,,,,28,4,14%
1974,187,Jack Kucek,/players/k/kucekja01.shtml,kucekja01,21,CHW,37.2,46%,1.7%,14.3%,12.0%,8.0%,29%,,1.16,71%,,,,37,2,5%
1974,188,Lerrin LaGrow,/players/l/lagrole01.shtml,lagrole01,25,DET,216.1,54%,2.2%,9.0%,8.4%,7.0%,27%,,1.17,79%,,,,169,22,13%
1974,189,Dick Lange,/players/l/langedi01.shtml,langedi01,25,CAL,113.2,57%,2.0%,11.3%,9.3%,5.4%,24%,,1.20,76%,,,,99,7,7%
1974,190,Dave LaRoche*,/players/l/larocda01.shtml,larocda01,26,CHC,92.0,32%,2.1%,11.6%,11.1%,7.4%,30%,,0.79,72%,,,,84,8,10%
1974,191,Gary Lavelle*,/players/l/lavelga01.shtml,lavelga01,25,SFG,16.2,37%,1.3%,16.0%,13.3%,5.3%,29%,,1.24,67%,,,,20,3,15%
1974,192,Bill Laxton*,/players/l/laxtobi01.shtml,laxtobi01,26,SDP,44.2,31%,2.4%,19.1%,18.1%,6.2%,35%,,0.53,58%,,,,48,3,6%
1974,193,Bill Lee*,/players/l/leebi03.shtml,leebi03,27,BOS,282.1,19%,2.1%,8.0%,5.6%,6.7%,25%,,1.58,83%,,,,214,39,18%
1974,194,Dave Lemanczyk,/players/l/lemanda01.shtml,lemanda01,23,DET,78.2,70%,3.4%,14.8%,12.5%,8.0%,35%,,1.32,68%,,,,73,12,16%
1974,195,Max Leon,/players/l/leonma01.shtml,leonma01,24,ATL,75.0,60%,1.7%,12.8%,4.7%,6.0%,27%,,1.49,80%,,,,42,6,14%
1974,196,Dennis Leonard,/players/l/leonade01.shtml,leonade01,23,KCR,22.0,50%,0.0%,7.6%,11.4%,1.9%,7%,,1.64,73%,,,,31,4,13%
1974,197,Barry Lersch,/players/l/lerscba01.shtml,lerscba01,29,STL,1.1,75%,8.3%,0.0%,41.7%,16.7%,67%,,0.33,50%,,,,4,0,0%
1974,198,Paul Lindblad*,/players/l/lindbpa01.shtml,lindbpa01,32,OAK,100.2,24%,1.0%,11.2%,7.3%,4.6%,22%,,1.17,79%,,,,89,11,12%
1974,199,Frank Linzy,/players/l/linzyfr01.shtml,linzyfr01,33,PHI,24.2,59%,1.0%,11.7%,6.8%,6.8%,26%,,1.68,80%,,,,19,3,16%
1974,200,Skip Lockwood,/players/l/lockwsk01.shtml,lockwsk01,27,CAL,81.1,61%,2.3%,11.0%,9.0%,6.2%,27%,,0.84,74%,,,,59,3,5%
1974,201,Mickey Lolich*,/players/l/lolicmi01.shtml,lolicmi01,33,DET,308.0,18%,3.0%,16.0%,6.2%,7.6%,31%,,0.89,73%,,,,209,24,11%
1974,202,Jim Lonborg,/players/l/lonboji01.shtml,lonboji01,32,PHI,283.0,52%,1.9%,10.4%,6.0%,6.8%,28%,,1.21,80%,,,,194,29,15%
1974,203,Aurelio Lopez,/players/l/lopezau01.shtml,lopezau01,25,KCR,16.0,57%,0.0%,6.6%,13.2%,9.2%,33%,,1.86,76%,,,,19,3,16%
1974,204,Sparky Lyle*,/players/l/lylesp01.shtml,lylesp01,29,NYY,114.0,21%,1.3%,18.9%,9.1%,3.6%,18%,,1.36,69%,,,,118,9,8%
1974,205,Juan Marichal,/players/m/maricju01.shtml,maricju01,36,BOS,57.1,68%,1.2%,8.6%,5.7%,6.6%,26%,,1.01,83%,,,,49,3,6%
1974,206,Mike Marshall,/players/m/marshmi01.shtml,marshmi01,31,LAD,208.1,54%,1.1%,16.7%,6.5%,4.1%,18%,,1.15,73%,,,,200,18,9%
1974,207,Tippy Martinez*,/players/m/martiti01.shtml,martiti01,24,NYY,12.2,38%,0.0%,16.7%,15.0%,3.3%,14%,,1.60,67%,,,,8,0,0%
1974,208,Jon Matlack*,/players/m/matlajo01.shtml,matlajo01,24,NYM,265.1,16%,0.7%,18.1%,7.1%,3.8%,19%,,1.12,73%,,,,187,18,10%
1974,209,Rudy May*,/players/m/mayru01.shtml,mayru01,29,TOT,141.1,16%,1.2%,17.6%,10.0%,5.5%,31%,,0.89,69%,,,,120,9,8%
1974,210,Rudy May*,/players/m/mayru01.shtml,mayru01,29,CAL,27.0,30%,1.6%,9.8%,8.2%,9.0%,38%,,1.09,79%,,,,31,1,3%
1974,211,Rudy May*,/players/m/mayru01.shtml,mayru01,29,NYY,114.1,12%,1.1%,19.6%,10.5%,4.6%,28%,,0.84,67%,,,,89,8,9%
1974,212,Ernie McAnally,/players/m/mcanaer01.shtml,mcanaer01,27,MON,128.2,52%,1.8%,14.1%,10.0%,7.0%,31%,,1.50,72%,,,,104,9,9%
1974,213,Jim McAndrew,/players/m/mcandji01.shtml,mcandji01,30,SDP,41.2,64%,3.7%,8.5%,6.9%,10.1%,40%,,0.84,79%,,,,27,0,0%
1974,214,Lindy McDaniel,/players/m/mcdanli01.shtml,mcdanli01,38,KCR,106.2,58%,1.4%,10.6%,5.4%,5.6%,23%,,1.42,82%,,,,92,9,10%
1974,215,Sam McDowell*,/players/m/mcdowsa01.shtml,mcdowsa01,31,NYY,48.0,22%,2.7%,14.7%,18.3%,6.3%,33%,,1.02,62%,,,,57,5,9%
1974,216,Will McEnaney*,/players/m/mcenawi01.shtml,mcenawi01,22,CIN,27.0,36%,3.7%,11.9%,8.3%,7.3%,33%,,1.23,73%,,,,27,4,15%
1974,217,Lynn McGlothen,/players/m/mcgloly01.shtml,mcgloly01,24,STL,237.1,50%,1.2%,14.4%,9.0%,4.9%,23%,,1.21,74%,,,,171,22,13%
1974,218,Tug McGraw*,/players/m/mcgratu01.shtml,mcgratu01,29,NYM,88.2,25%,3.1%,13.9%,8.2%,6.7%,27%,,1.05,72%,,,,66,10,15%
1974,219,Joe McIntosh,/players/m/mcintjo01.shtml,mcintjo01,22,SDP,37.1,63%,1.8%,13.4%,10.4%,7.3%,33%,,0.82,74%,,,,28,3,11%
1974,220,Don McMahon,/players/m/mcmahdo02.shtml,mcmahdo02,44,SFG,11.2,76%,4.0%,10.0%,4.0%,6.0%,23%,,0.71,80%,,,,5,0,0%
1974,221,Dave McNally*,/players/m/mcnalda01.shtml,mcnalda01,31,BAL,259.0,21%,1.8%,10.3%,7.6%,6.4%,27%,,1.20,78%,,,,194,32,16%
1974,222,Mike McQueen*,/players/m/mcquemi01.shtml,mcquemi01,23,CIN,15.0,32%,5.6%,7.0%,15.5%,11.3%,47%,,0.52,72%,,,,15,1,7%
1974,223,Doc Medich,/players/m/medicdo01.shtml,medicdo01,25,NYY,279.2,56%,2.1%,13.1%,7.8%,6.0%,26%,,0.89,76%,,,,209,25,12%
1974,224,Jim Merritt*,/players/m/merriji01.shtml,merriji01,30,TEX,32.2,48%,2.0%,12.1%,4.0%,6.7%,22%,,1.14,82%,,,,45,3,7%
1974,225,Andy Messersmith,/players/m/messean01.shtml,messean01,28,LAD,292.1,50%,2.0%,18.7%,8.0%,4.6%,24%,,1.22,70%,,,,178,16,9%
1974,226,Butch Metzger,/players/m/metzgbu01.shtml,metzgbu01,22,SFG,12.2,63%,0.0%,8.3%,20.0%,8.3%,46%,,1.00,68%,,,,10,0,0%
1974,227,Bob Miller,/players/m/millebo04.shtml,millebo04,35,NYM,78.0,61%,0.6%,9.9%,11.1%,4.5%,18%,,1.21,75%,,,,82,4,5%
1974,228,Roger Miller,/players/m/millero04.shtml,millero04,19,MIL,2.1,82%,9.1%,18.2%,0.0%,9.1%,33%,,0.25,64%,,,,1,0,0%
1974,229,Steve Mingori*,/players/m/mingost01.shtml,mingost01,30,KCR,67.1,39%,1.4%,15.3%,8.2%,5.0%,26%,,0.95,73%,,,,62,6,10%
1974,230,Jim Minshall,/players/m/minshji01.shtml,minshji01,26,PIT,4.1,73%,0.0%,20.0%,13.3%,0.0%,0%,,1.50,67%,,,,5,2,40%
1974,231,Randy Moffitt,/players/m/moffira01.shtml,moffira01,25,SFG,102.0,59%,2.1%,11.4%,6.7%,4.4%,19%,,1.18,77%,,,,92,7,8%
1974,232,John Montague,/players/m/montajo01.shtml,montajo01,26,MON,82.2,58%,1.4%,12.3%,10.8%,6.3%,30%,,1.16,74%,,,,81,9,11%
1974,233,John Montefusco,/players/m/montejo01.shtml,montejo01,24,SFG,39.1,58%,1.7%,19.0%,10.6%,6.2%,27%,,0.62,69%,,,,45,1,2%
1974,234,Balor Moore*,/players/m/mooreba02.shtml,mooreba02,23,MON,13.2,35%,1.5%,23.5%,22.1%,5.9%,31%,,0.67,53%,,,,13,2,15%
1974,235,Bob Moose,/players/m/moosebo01.shtml,moosebo01,26,PIT,35.2,51%,2.4%,8.9%,4.1%,8.9%,25%,,2.67,82%,,,,45,4,9%
1974,236,Bill Moran,/players/m/moranbi03.shtml,moranbi03,23,CHW,46.1,66%,2.3%,7.7%,10.4%,7.7%,30%,,0.67,76%,,,,49,4,8%
1974,237,Roger Moret*,/players/m/moretro01.shtml,moretro01,24,BOS,173.1,21%,2.0%,14.9%,10.6%,6.6%,31%,,0.49,71%,,,,130,9,7%
1974,238,John Morlan,/players/m/morlajo01.shtml,morlajo01,26,PIT,65.0,62%,0.7%,12.8%,16.2%,4.7%,26%,,0.85,68%,,,,67,7,10%
1974,239,John Morris*,/players/m/morrijo06.shtml,morrijo06,32,SFG,20.2,45%,1.2%,10.8%,4.8%,2.4%,12%,,0.96,83%,,,,18,2,11%
1974,240,Carl Morton,/players/m/mortoca01.shtml,mortoca01,30,ATL,274.2,55%,0.9%,9.6%,7.6%,4.5%,18%,,1.51,80%,,,,230,35,15%
1974,241,Tom Murphy,/players/m/murphto02.shtml,murphto02,28,MIL,123.0,55%,1.2%,9.5%,10.3%,3.8%,20%,,1.49,77%,,,,122,19,16%
1974,242,Dale Murray,/players/m/murrada01.shtml,murrada01,24,MON,69.2,50%,0.4%,11.4%,8.5%,1.9%,11%,,2.67,79%,,,,51,8,16%
1974,243,Mike Nagy,/players/n/nagymi01.shtml,nagymi01,26,HOU,12.2,66%,4.8%,8.1%,8.1%,8.1%,29%,,1.06,77%,,,,14,0,0%
1974,244,Roger Nelson,/players/n/nelsoro02.shtml,nelsoro02,30,CIN,85.1,57%,2.0%,11.9%,9.9%,4.8%,25%,,1.11,76%,,,,56,7,13%
1974,245,Don Newhauser,/players/n/newhado01.shtml,newhado01,26,BOS,3.2,65%,0.0%,10.0%,20.0%,10.0%,40%,,0.80,65%,,,,5,0,0%
1974,246,Joe Niekro,/players/n/niekrjo01.shtml,niekrjo01,29,ATL,43.0,64%,2.8%,17.4%,10.1%,5.6%,28%,,1.02,66%,,,,43,6,14%
1974,247,Phil Niekro,/players/n/niekrph01.shtml,niekrph01,35,ATL,302.1,55%,1.6%,16.0%,7.2%,5.7%,28%,,1.03,74%,,,,179,22,12%
1974,248,Fred Norman*,/players/n/normafr01.shtml,normafr01,31,CIN,186.1,22%,1.9%,17.8%,8.6%,6.6%,31%,,0.85,70%,,,,173,10,6%
1974,249,Blue Moon Odom,/players/o/odombl01.shtml,odombl01,29,OAK,87.1,71%,1.0%,13.5%,13.5%,4.4%,20%,,1.49,69%,,,,101,13,13%
1974,250,Pat Osburn*,/players/o/osburpa01.shtml,osburpa01,25,CIN,9.0,33%,4.8%,9.5%,9.5%,14.3%,55%,,0.92,76%,,,,14,0,0%
1974,251,Claude Osteen*,/players/o/osteecl01.shtml,osteecl01,34,TOT,161.0,21%,1.3%,7.2%,8.2%,6.9%,27%,,1.19,82%,,,,136,18,13%
1974,252,Claude Osteen*,/players/o/osteecl01.shtml,osteecl01,34,HOU,138.1,18%,1.3%,7.5%,7.8%,7.1%,27%,,1.20,82%,,,,112,17,15%
1974,253,Claude Osteen*,/players/o/osteecl01.shtml,osteecl01,34,STL,22.2,35%,1.0%,5.8%,10.6%,5.8%,23%,,1.14,81%,,,,24,1,4%
1974,254,Jim Otten,/players/o/ottenji01.shtml,ottenji01,22,CHW,16.1,64%,0.0%,13.8%,15.0%,6.3%,23%,,1.33,70%,,,,15,1,7%
1974,255,Dave Pagan,/players/p/paganda01.shtml,paganda01,24,NYY,49.1,58%,0.5%,18.2%,13.1%,6.1%,27%,,0.91,68%,,,,54,3,6%
1974,256,Jim Palmer,/players/p/palmeji01.shtml,palmeji01,28,BAL,178.2,55%,1.6%,10.9%,9.0%,5.1%,22%,,0.86,77%,,,,155,15,10%
1974,257,Lowell Palmer,/players/p/palmelo01.shtml,palmelo01,26,SDP,73.0,52%,2.6%,15.2%,17.2%,5.8%,29%,,0.79,61%,,,,81,8,10%
1974,258,Harry Parker,/players/p/parkeha01.shtml,parkeha01,26,NYM,131.0,60%,1.7%,10.1%,8.0%,7.1%,28%,,1.03,78%,,,,124,11,9%
1974,259,Bill Parsons,/players/p/parsobi01.shtml,parsobi01,25,OAK,2.0,40%,0.0%,20.0%,30.0%,10.0%,100%,,0.00,50%,,,,3,0,0%
1974,260,Daryl Patterson,/players/p/patteda02.shtml,patteda02,30,PIT,21.0,63%,2.9%,7.7%,8.7%,9.6%,29%,,1.08,80%,,,,21,3,14%
1974,261,Marty Pattin,/players/p/pattima01.shtml,pattima01,31,KCR,117.1,54%,2.0%,10.1%,5.7%,6.5%,26%,,0.80,81%,,,,82,5,6%
1974,262,Mike Paul*,/players/p/paulmi01.shtml,paulmi01,29,CHC,1.1,67%,11.1%,11.1%,11.1%,11.1%,25%,,,67%,,,,3,0,0%
1974,263,Orlando Pena,/players/p/penaor01.shtml,penaor01,40,TOT,53.0,59%,0.0%,12.5%,9.4%,2.7%,12%,,1.06,77%,,,,52,8,15%
1974,264,Orlando Pena,/players/p/penaor01.shtml,penaor01,40,STL,45.0,59%,0.0%,11.8%,10.3%,2.6%,11%,,0.91,76%,,,,48,6,13%
1974,265,Orlando Pena,/players/p/penaor01.shtml,penaor01,40,CAL,8.0,59%,0.0%,17.2%,3.5%,3.5%,17%,,2.80,79%,,,,4,2,50%
1974,266,Gaylord Perry,/players/p/perryga01.shtml,perryga01,35,CLE,322.1,53%,2.0%,17.1%,7.8%,5.2%,29%,,1.04,71%,,,,211,27,13%
1974,267,Jim Perry,/players/p/perryji01.shtml,perryji01,38,CLE,252.0,55%,1.1%,6.8%,6.1%,4.2%,18%,,1.13,84%,,,,186,17,9%
1974,268,Stan Perzanowski,/players/p/perzast01.shtml,perzast01,23,CHW,2.1,71%,5.9%,11.8%,11.8%,11.8%,25%,,1.50,71%,,,,10,0,0%
1974,269,Fritz Peterson*,/players/p/peterfr01.shtml,peterfr01,32,TOT,160.1,15%,2.4%,8.1%,5.6%,7.0%,25%,,1.02,83%,,,,146,14,10%
1974,270,Fritz Peterson*,/players/p/peterfr01.shtml,peterfr01,32,NYY,7.2,21%,2.6%,13.2%,5.3%,2.6%,8%,,1.00,79%,,,,11,0,0%
1974,271,Fritz Peterson*,/players/p/peterfr01.shtml,peterfr01,32,CLE,152.2,15%,2.4%,7.8%,5.6%,7.2%,26%,,1.03,83%,,,,135,14,10%
1974,272,Horacio Pina,/players/p/pinaho01.shtml,pinaho01,29,TOT,59.0,66%,1.9%,14.5%,11.8%,5.7%,26%,,1.00,70%,,,,50,3,6%
1974,273,Horacio Pina,/players/p/pinaho01.shtml,pinaho01,29,CHC,47.1,65%,1.8%,14.8%,12.9%,6.0%,27%,,0.79,69%,,,,42,2,5%
1974,274,Horacio Pina,/players/p/pinaho01.shtml,pinaho01,29,CAL,11.2,74%,2.2%,13.0%,6.5%,4.4%,22%,,2.50,78%,,,,8,1,13%
1974,275,Skip Pitlock*,/players/p/pitlosk01.shtml,pitlosk01,26,CHW,105.2,33%,1.5%,14.4%,11.7%,5.7%,26%,,0.67,70%,,,,95,8,8%
1974,276,Juan Pizarro*,/players/p/pizarju01.shtml,pizarju01,37,PIT,24.0,28%,1.9%,6.7%,10.5%,6.7%,35%,,0.63,80%,,,,24,1,4%
1974,277,Dick Pole,/players/p/poledi01.shtml,poledi01,23,BOS,45.0,57%,3.0%,16.2%,6.6%,9.1%,33%,,1.25,73%,,,,48,6,13%
1974,278,Luis Quintana*,/players/q/quintlu01.shtml,quintlu01,22,CAL,12.2,47%,0.0%,16.2%,20.6%,1.5%,6%,,0.59,62%,,,,25,0,0%
1974,279,Doug Rau*,/players/r/raudo01.shtml,raudo01,25,LAD,198.1,20%,2.4%,14.9%,8.3%,6.0%,27%,,1.04,73%,,,,147,12,8%
1974,280,Jim Ray,/players/r/rayji01.shtml,rayji01,29,DET,52.1,66%,1.8%,11.4%,12.7%,5.7%,27%,,1.31,72%,,,,48,4,8%
1974,281,Barry Raziano,/players/r/raziaba01.shtml,raziaba01,27,CAL,16.2,67%,1.5%,13.0%,11.6%,5.8%,27%,,1.29,74%,,,,18,2,11%
1974,282,Ron Reed,/players/r/reedro01.shtml,reedro01,31,ATL,186.0,53%,2.1%,10.3%,5.4%,6.5%,29%,,1.03,81%,,,,108,17,16%
1974,283,Steve Renko,/players/r/renkost01.shtml,renkost01,29,MON,227.2,52%,1.8%,14.4%,8.4%,6.0%,26%,,0.99,75%,,,,181,14,8%
1974,284,Rick Reuschel,/players/r/reuscri01.shtml,reuscri01,25,CHC,240.2,54%,1.7%,15.1%,7.8%,6.0%,24%,,1.44,74%,,,,208,15,7%
1974,285,Jerry Reuss*,/players/r/reussje01.shtml,reussje01,25,PIT,260.0,21%,1.8%,9.3%,9.0%,5.9%,26%,,1.04,78%,,,,224,29,13%
1974,286,Bob Reynolds,/players/r/reynobo01.shtml,reynobo01,27,BAL,69.1,67%,1.4%,14.8%,4.8%,3.1%,12%,,1.12,78%,,,,58,6,10%
1974,287,Rick Rhoden,/players/r/rhoderi01.shtml,rhoderi01,21,LAD,9.0,63%,2.9%,20.0%,11.4%,2.9%,20%,,0.46,66%,,,,4,0,0%
1974,288,J.R. Richard,/players/r/richaj.01.shtml,richaj.01,24,HOU,64.2,57%,1.1%,15.1%,13.0%,4.0%,19%,,1.30,70%,,,,53,7,13%
1974,289,Pete Richert*,/players/r/richepe01.shtml,richepe01,34,TOT,31.2,49%,0.8%,9.8%,11.3%,5.3%,28%,,0.93,77%,,,,29,3,10%
1974,290,Pete Richert*,/players/r/richepe01.shtml,richepe01,34,STL,11.1,42%,1.8%,7.3%,20.0%,7.3%,40%,,0.88,69%,,,,13,2,15%
1974,291,Pete Richert*,/players/r/richepe01.shtml,richepe01,34,PHI,20.1,54%,0.0%,11.5%,5.1%,3.9%,20%,,0.96,83%,,,,16,1,6%
1974,292,Dave Roberts*,/players/r/roberda05.shtml,roberda05,29,HOU,204.0,20%,0.7%,8.3%,7.5%,5.1%,20%,,1.27,82%,,,,170,20,12%
1974,293,Eduardo Rodriguez,/players/r/rodried01.shtml,rodried01,22,MIL,111.2,65%,1.5%,12.2%,10.8%,6.1%,30%,,0.82,72%,,,,85,7,8%
1974,294,Steve Rogers,/players/r/rogerst01.shtml,rogerst01,24,MON,253.2,50%,1.8%,14.5%,7.5%,5.5%,23%,,1.81,75%,,,,208,30,14%
1974,295,Vicente Romo,/players/r/romovi01.shtml,romovi01,31,SDP,71.0,62%,1.9%,8.0%,11.4%,7.1%,30%,,1.61,75%,,,,82,4,5%
1974,296,Jim Rooker*,/players/r/rookeji01.shtml,rookeji01,31,PIT,262.2,17%,1.0%,13.0%,7.8%,4.7%,22%,,1.02,76%,,,,188,21,11%
1974,297,Don Rose,/players/r/rosedo01.shtml,rosedo01,27,SFG,1.0,57%,0.0%,0.0%,14.3%,0.0%,0%,,0.00,86%,,,,2,0,0%
1974,298,Gary Ross,/players/r/rossga01.shtml,rossga01,26,SDP,18.0,57%,1.2%,13.4%,7.3%,8.5%,30%,,2.23,76%,,,,10,1,10%
1974,299,Vern Ruhle,/players/r/ruhleve01.shtml,ruhleve01,23,DET,33.0,48%,0.7%,7.3%,4.4%,3.6%,14%,,1.69,86%,,,,30,2,7%
1974,300,Dick Ruthven,/players/r/ruthvdi01.shtml,ruthvdi01,23,PHI,212.2,55%,1.2%,16.6%,12.6%,4.7%,24%,,1.17,69%,,,,166,15,9%
1974,301,Nolan Ryan,/players/r/ryanno01.shtml,ryanno01,27,CAL,332.2,55%,1.3%,26.4%,14.5%,4.5%,28%,,0.94,56%,,,,267,24,9%
1974,302,Ray Sadecki*,/players/s/sadecra01.shtml,sadecra01,33,NYM,103.0,25%,1.6%,10.5%,8.0%,7.1%,29%,,0.65,78%,,,,87,7,8%
1974,303,Jim Sadowski,/players/s/sadowji01.shtml,sadowji01,22,PIT,9.0,58%,2.3%,2.3%,20.9%,7.0%,43%,,0.53,67%,,,,10,0,0%
1974,304,Ken Sanders,/players/s/sandeke01.shtml,sandeke01,32,TOT,20.2,71%,5.0%,8.0%,8.0%,8.0%,26%,,1.12,77%,,,,21,0,0%
1974,305,Ken Sanders,/players/s/sandeke01.shtml,sandeke01,32,CLE,11.0,71%,8.6%,6.9%,8.6%,12.1%,33%,,1.07,74%,,,,12,0,0%
1974,306,Ken Sanders,/players/s/sandeke01.shtml,sandeke01,32,CAL,9.2,71%,0.0%,9.5%,7.1%,2.4%,10%,,1.18,81%,,,,9,0,0%
1974,307,Rick Sawyer,/players/s/sawyeri01.shtml,sawyeri01,26,NYY,1.2,88%,0.0%,12.5%,12.5%,0.0%,0%,,3.00,38%,,,,3,0,0%
1974,308,Mac Scarce*,/players/s/scarcma01.shtml,scarcma01,25,PHI,70.1,40%,2.0%,16.2%,11.4%,6.8%,29%,,1.52,69%,,,,73,9,12%
1974,309,Fred Scherman*,/players/s/scherfr01.shtml,scherfr01,29,HOU,61.1,31%,1.8%,12.7%,9.4%,5.4%,22%,,1.25,71%,,,,65,3,5%
1974,310,Ron Schueler,/players/s/schuero01.shtml,schuero01,26,PHI,203.1,54%,1.9%,12.4%,11.1%,6.9%,30%,,0.99,73%,,,,157,23,15%
1974,311,Tom Seaver,/players/s/seaveto01.shtml,seaveto01,29,NYM,236.0,53%,2.0%,21.0%,7.9%,5.1%,25%,,1.21,68%,,,,148,21,14%
1974,312,Chuck Seelbach,/players/s/seelbch01.shtml,seelbch01,26,DET,7.2,71%,5.9%,0.0%,8.8%,11.8%,44%,,0.83,82%,,,,9,1,11%
1974,313,Diego Segui,/players/s/seguidi01.shtml,seguidi01,36,BOS,108.0,63%,1.9%,16.1%,10.4%,7.2%,32%,,0.79,70%,,,,107,11,10%
1974,314,Dave Sells,/players/s/sellsda01.shtml,sellsda01,27,CAL,39.0,69%,1.7%,7.8%,8.9%,6.2%,23%,,1.53,78%,,,,48,6,13%
1974,315,Dick Selma,/players/s/selmadi01.shtml,selmadi01,30,TOT,25.1,69%,1.7%,14.8%,14.8%,7.8%,33%,,2.00,64%,,,,30,4,13%
1974,316,Dick Selma,/players/s/selmadi01.shtml,selmadi01,30,CAL,23.0,66%,2.0%,14.7%,16.7%,5.9%,27%,,2.25,63%,,,,26,4,15%
1974,317,Dick Selma,/players/s/selmadi01.shtml,selmadi01,30,MIL,2.1,92%,0.0%,15.4%,0.0%,23.1%,60%,,0.67,77%,,,,4,0,0%
1974,318,Greg Shanahan,/players/s/shanagr01.shtml,shanagr01,26,LAD,7.0,68%,2.9%,5.9%,14.7%,5.9%,29%,,1.11,74%,,,,7,0,0%
1974,319,Jim Shellenback*,/players/s/shellji01.shtml,shellji01,30,TEX,24.2,41%,4.5%,12.5%,10.7%,8.9%,33%,,1.28,71%,,,,23,3,13%
1974,320,Paul Siebert*,/players/s/siebepa01.shtml,siebepa01,21,HOU,25.1,14%,2.9%,9.5%,10.5%,7.6%,38%,,0.97,74%,,,,22,2,9%
1974,321,Sonny Siebert,/players/s/siebeso01.shtml,siebeso01,37,STL,133.2,54%,1.4%,11.6%,8.7%,4.4%,17%,,0.88,76%,,,,128,15,12%
1974,322,Bill Singer,/players/s/singebi01.shtml,singebi01,30,CAL,108.2,61%,0.7%,16.7%,9.3%,5.8%,27%,,0.85,72%,,,,80,4,5%
1974,323,Jim Slaton,/players/s/slatoji01.shtml,slatoji01,24,MIL,250.0,58%,2.1%,11.8%,9.5%,5.3%,22%,,0.76,75%,,,,189,19,10%
1974,324,Bill Slayback,/players/s/slaybbi01.shtml,slaybbi01,26,DET,54.2,72%,0.4%,9.4%,10.6%,4.9%,21%,,1.04,78%,,,,46,4,9%
1974,325,Eddie Solomon,/players/s/solomed01.shtml,solomed01,23,LAD,6.0,60%,4.0%,8.0%,8.0%,8.0%,40%,,1.00,80%,,,,0,0,
1974,326,Elias Sosa,/players/s/sosael01.shtml,sosael01,24,SFG,101.0,56%,1.8%,11.1%,10.4%,5.8%,27%,,1.15,74%,,,,101,16,16%
1974,327,Dan Spillner,/players/s/spillda01.shtml,spillda01,22,SDP,148.0,56%,2.3%,14.6%,10.7%,6.6%,28%,,0.75,72%,,,,106,9,8%
1974,328,Paul Splittorff*,/players/s/splitpa01.shtml,splitpa01,27,KCR,226.0,18%,2.3%,9.1%,7.6%,6.1%,24%,,1.08,79%,,,,202,28,14%
1974,329,Ed Sprague,/players/s/spraged01.shtml,spraged01,28,MIL,94.0,59%,0.8%,14.4%,7.9%,4.3%,18%,,1.30,76%,,,,88,14,16%
1974,330,Don Stanhouse,/players/s/stanhdo01.shtml,stanhdo01,23,TEX,31.1,57%,2.7%,17.6%,11.5%,10.1%,40%,,2.10,66%,,,,31,2,6%
1974,331,Randy Sterling,/players/s/sterlra01.shtml,sterlra01,23,NYM,9.1,48%,0.0%,4.6%,6.8%,4.6%,15%,,2.13,82%,,,,9,0,0%
1974,332,George Stone*,/players/s/stonege02.shtml,stonege02,27,NYM,77.0,17%,2.9%,8.3%,6.0%,9.7%,33%,,1.12,81%,,,,54,3,6%
1974,333,Steve Stone,/players/s/stonest01.shtml,stonest01,26,CHC,169.2,53%,2.5%,12.0%,8.5%,6.6%,27%,,0.88,75%,,,,143,6,4%
1974,334,Bill Stoneman,/players/s/stonebi01.shtml,stonebi01,30,CAL,58.2,61%,2.9%,11.9%,11.2%,7.2%,26%,,1.17,73%,,,,54,4,7%
1974,335,Mel Stottlemyre,/players/s/stottme01.shtml,stottme01,32,NYY,113.0,61%,1.4%,8.3%,7.6%,6.6%,27%,,1.27,81%,,,,91,11,12%
1974,336,John Strohmayer,/players/s/strohjo01.shtml,strohjo01,27,NYM,1.0,75%,0.0%,0.0%,25.0%,0.0%,,,0.50,75%,,,,1,0,0%
1974,337,Don Sutton,/players/s/suttodo01.shtml,suttodo01,29,LAD,276.0,51%,2.0%,15.6%,7.0%,6.2%,30%,,0.91,74%,,,,189,14,7%
1974,338,Craig Swan,/players/s/swancr01.shtml,swancr01,23,NYM,30.1,62%,0.7%,7.3%,15.2%,5.1%,25%,,0.67,74%,,,,23,3,13%
1974,339,Frank Tanana*,/players/t/tananfr01.shtml,tananfr01,20,CAL,268.2,15%,2.4%,16.0%,6.8%,6.3%,27%,,0.95,73%,,,,201,25,12%
1974,340,Ken Tatum,/players/t/tatumke01.shtml,tatumke01,30,CHW,20.2,63%,3.2%,5.3%,9.6%,6.4%,26%,,1.38,82%,,,,23,3,13%
1974,341,Chuck Taylor,/players/t/tayloch02.shtml,tayloch02,32,MON,107.2,53%,1.8%,9.8%,5.7%,5.5%,24%,,0.94,80%,,,,100,9,9%
1974,342,Kent Tekulve,/players/t/tekulke01.shtml,tekulke01,27,PIT,9.0,59%,2.3%,13.6%,11.4%,4.6%,17%,,1.63,68%,,,,10,1,10%
1974,343,Jeff Terpko,/players/t/terpkje01.shtml,terpkje01,23,TEX,7.0,77%,0.0%,10.0%,13.3%,0.0%,0%,,0.80,73%,,,,9,2,22%
1974,344,Stan Thomas,/players/t/thomast01.shtml,thomast01,24,TEX,13.2,55%,1.5%,12.1%,9.1%,4.6%,14%,,2.88,76%,,,,17,2,12%
1974,345,Erskine Thomason,/players/t/thomaer01.shtml,thomaer01,25,PHI,1.0,67%,0.0%,33.3%,0.0%,0.0%,,,,67%,,,,0,0,
1974,346,Mike Thompson,/players/t/thompmi01.shtml,thompmi01,24,TOT,42.1,56%,0.5%,13.9%,19.1%,3.6%,16%,,1.33,64%,,,,51,9,18%
1974,347,Mike Thompson,/players/t/thompmi01.shtml,thompmi01,24,STL,38.1,55%,0.6%,14.4%,20.1%,4.0%,19%,,1.31,63%,,,,43,8,19%
1974,348,Mike Thompson,/players/t/thompmi01.shtml,thompmi01,24,ATL,4.0,65%,0.0%,10.0%,10.0%,0.0%,0%,,1.50,75%,,,,8,1,13%
1974,349,Luis Tiant,/players/t/tiantlu01.shtml,tiantlu01,33,BOS,311.1,53%,1.7%,13.9%,6.5%,5.8%,26%,,0.69,77%,,,,243,24,10%
1974,350,Dick Tidrow,/players/t/tidrodi01.shtml,tidrodi01,27,TOT,209.2,60%,2.0%,11.9%,7.3%,6.2%,25%,,1.16,77%,,,,157,19,12%
1974,351,Dick Tidrow,/players/t/tidrodi01.shtml,tidrodi01,27,CLE,19.0,35%,4.3%,8.5%,13.8%,8.5%,38%,,1.29,70%,,,,19,1,5%
1974,352,Dick Tidrow,/players/t/tidrodi01.shtml,tidrodi01,27,NYY,190.2,62%,1.7%,12.3%,6.5%,5.9%,23%,,1.15,78%,,,,138,18,13%
1974,353,Tom Timmermann,/players/t/timmeto01.shtml,timmeto01,34,CLE,10.0,36%,2.4%,4.8%,11.9%,4.8%,22%,,1.70,79%,,,,9,1,11%
1974,354,Jim Todd,/players/t/toddji01.shtml,toddji01,26,CHC,88.0,61%,1.9%,11.2%,10.9%,5.6%,26%,,1.89,75%,,,,72,11,15%
1974,355,Dave Tomlin*,/players/t/tomlida01.shtml,tomlida01,25,SDP,58.0,36%,1.5%,11.1%,11.5%,6.5%,29%,,1.24,72%,,,,55,4,7%
1974,356,Mike Torrez,/players/t/torremi01.shtml,torremi01,27,MON,186.1,53%,1.2%,11.3%,10.3%,5.5%,25%,,1.77,76%,,,,141,20,14%
1974,357,Bill Travers*,/players/t/travebi01.shtml,travebi01,21,MIL,53.0,29%,2.5%,13.1%,12.7%,5.9%,24%,,1.03,70%,,,,62,8,13%
1974,358,Rich Troedson*,/players/t/troedri01.shtml,troedri01,24,SDP,18.2,30%,6.7%,12.2%,8.9%,10.0%,38%,,1.25,70%,,,,18,0,0%
1974,359,Wayne Twitchell,/players/t/twitcwa01.shtml,twitcwa01,26,PHI,112.1,52%,2.1%,13.7%,12.4%,6.5%,28%,,0.91,69%,,,,108,8,7%
1974,360,Tom Underwood*,/players/u/underto01.shtml,underto01,20,PHI,13.0,40%,1.8%,14.6%,9.1%,5.5%,20%,,1.82,75%,,,,17,4,24%
1974,361,Cecil Upshaw,/players/u/upshace01.shtml,upshace01,31,TOT,67.2,66%,0.7%,12.3%,10.1%,4.4%,19%,,1.69,74%,,,,71,11,15%
1974,362,Cecil Upshaw,/players/u/upshace01.shtml,upshace01,31,CLE,8.0,56%,2.8%,19.4%,11.1%,8.3%,30%,,1.67,64%,,,,9,1,11%
1974,363,Cecil Upshaw,/players/u/upshace01.shtml,upshace01,31,NYY,59.2,68%,0.4%,11.3%,10.0%,3.8%,17%,,1.70,75%,,,,62,10,16%
1974,364,Bob Veale*,/players/v/vealebo01.shtml,vealebo01,38,BOS,13.0,48%,3.5%,27.6%,6.9%,3.5%,13%,,0.28,62%,,,,11,0,0%
1974,365,Luke Walker*,/players/w/walkelu01.shtml,walkelu01,30,DET,92.0,28%,2.1%,12.4%,12.9%,6.0%,25%,,1.95,71%,,,,82,13,16%
1974,366,Tom Walker,/players/w/walketo02.shtml,walketo02,25,MON,91.2,53%,1.8%,17.7%,7.1%,6.8%,28%,,1.03,72%,,,,71,5,7%
1974,367,Dave Wallace,/players/w/wallada01.shtml,wallada01,26,PHI,3.0,65%,11.8%,17.7%,17.7%,17.7%,75%,,0.50,47%,,,,3,0,0%
1974,368,Mike Wallace*,/players/w/wallami01.shtml,wallami01,23,TOT,60.2,32%,1.1%,13.2%,13.9%,4.9%,24%,,0.96,72%,,,,61,6,10%
1974,369,Mike Wallace*,/players/w/wallami01.shtml,wallami01,23,PHI,8.1,38%,0.0%,2.6%,5.1%,5.1%,17%,,1.18,92%,,,,11,1,9%
1974,370,Mike Wallace*,/players/w/wallami01.shtml,wallami01,23,NYY,52.1,30%,1.3%,15.0%,15.4%,4.9%,26%,,0.92,68%,,,,50,5,10%
1974,371,Eddie Watt,/players/w/watted01.shtml,watted01,33,PHI,38.1,66%,1.7%,13.0%,14.7%,6.8%,31%,,1.31,67%,,,,47,7,15%
1974,372,Hank Webb,/players/w/webbha01.shtml,webbha01,24,NYM,10.0,62%,1.8%,14.6%,18.2%,9.1%,33%,,0.83,64%,,,,13,0,0%
1974,373,Milt Wilcox,/players/w/wilcomi01.shtml,wilcomi01,24,CLE,71.1,56%,3.2%,10.7%,7.8%,6.8%,28%,,1.35,75%,,,,65,11,17%
1974,374,Charlie Williams,/players/w/willich01.shtml,willich01,26,SFG,100.1,59%,1.5%,11.6%,7.5%,5.1%,23%,,1.52,78%,,,,86,11,13%
1974,375,Jim Willoughby,/players/w/willoji01.shtml,willoji01,25,SFG,40.2,62%,3.9%,6.6%,5.0%,8.3%,29%,,1.77,82%,,,,34,2,6%
1974,376,Don Wilson,/players/w/wilsodo01.shtml,wilsodo01,29,HOU,204.2,54%,1.8%,12.8%,11.4%,6.4%,33%,,0.68,72%,,,,145,8,6%
1974,377,Rick Wise,/players/w/wiseri01.shtml,wiseri01,28,BOS,49.0,61%,1.0%,12.0%,7.7%,8.7%,38%,,0.74,79%,,,,34,5,15%
1974,378,Wilbur Wood*,/players/w/woodwi01.shtml,woodwi01,32,CHW,320.1,20%,2.1%,12.8%,6.1%,6.4%,28%,,1.19,77%,,,,227,33,15%
1974,379,Dick Woodson,/players/w/woodsdi01.shtml,woodsdi01,29,TOT,55.0,63%,4.5%,9.9%,6.6%,8.2%,31%,,0.93,78%,,,,53,4,8%
1974,380,Dick Woodson,/players/w/woodsdi01.shtml,woodsdi01,29,MIN,27.0,67%,4.4%,10.4%,3.5%,7.8%,30%,,1.16,81%,,,,24,2,8%
1974,381,Dick Woodson,/players/w/woodsdi01.shtml,woodsdi01,29,NYY,28.0,60%,4.7%,9.4%,9.4%,8.6%,32%,,0.75,75%,,,,29,2,7%
1974,382,Clyde Wright*,/players/w/wrighcl01.shtml,wrighcl01,33,MIL,232.0,20%,2.2%,6.4%,5.4%,6.3%,24%,,1.12,85%,,,,211,26,12%
1974,383,Ken Wright,/players/w/wrighke01.shtml,wrighke01,27,NYY,5.2,79%,0.0%,6.9%,24.1%,0.0%,0%,,0.88,69%,,,,4,0,0%
1974,384,Jim York,/players/y/yorkji01.shtml,yorkji01,26,HOU,38.1,68%,0.6%,8.2%,10.4%,5.5%,21%,,1.39,80%,,,,52,2,4%
1974,385,Geoff Zahn*,/players/z/zahnge01.shtml,zahnge01,28,LAD,79.2,25%,0.9%,10.0%,4.9%,3.6%,15%,,1.74,82%,,,,69,11,16%
1974,386,Oscar Zamora,/players/z/zamoros01.shtml,zamoros01,29,CHC,83.2,57%,1.7%,11.0%,5.5%,6.4%,27%,,0.96,79%,,,,93,10,11%
