2016	1	Fernando Abad*	http://www.baseball-reference.com/players/a/abadfe01.shtml	abadfe01	30	1	MIN	0.0%	100.0%	0.0%	0.0%			1.0					0%			
2016	2	Jose Abreu	http://www.baseball-reference.com/players/a/abreujo02.shtml	abreujo02	29	114	CHW	2.6%	20.2%	7.9%	5.3%	25%	2.56	4.3	33.3	7.1	0.88	1.36	67%	30%	7.9%	10%
2016	3	Dustin Ackley*	http://www.baseball-reference.com/players/a/ackledu01.shtml	ackledu01	28	18	NYY	0.0%	11.1%	11.1%	0.0%	0%	1.00	8.0			0.27	0.30	78%	21%	0.0%	27%
2016	4	Cristhian Adames#	http://www.baseball-reference.com/players/a/adamecr01.shtml	adamecr01	24	32	COL	0.0%	21.9%	12.5%	0.0%	0%	1.75	3.9		13.5	1.50	2.40	63%	19%	0.0%	0%
2016	5	Matt Adams*	http://www.baseball-reference.com/players/a/adamsma01.shtml	adamsma01	27	55	STL	5.5%	32.7%	7.3%	9.1%	36%	4.50	2.8	16.7	7.1	0.24	0.38	53%	34%	12.0%	0%
2016	6	Tim Adleman	http://www.baseball-reference.com/players/a/adlemti01.shtml	adlemti01	28	3	CIN	0.0%	66.7%	0.0%	0.0%			1.5					33%	0%		
2016	7	Ehire Adrianza#	http://www.baseball-reference.com/players/a/adriaeh01.shtml	adriaeh01	26	12	SFG	8.3%	8.3%	8.3%	16.7%	67%	1.00	10.0	10.0	5.0	0.50	1.33	67%	40%	16.7%	0%
2016	8	Nick Ahmed	http://www.baseball-reference.com/players/a/ahmedni01.shtml	ahmedni01	26	95	ARI	3.2%	12.6%	7.4%	5.3%	33%	1.71	7.2	28.7	10.8	0.90	1.25	75%	27%	9.1%	15%
2016	9	Hanser Alberto	http://www.baseball-reference.com/players/a/alberha01.shtml	alberha01	23	18	TEX	0.0%	33.3%	0.0%	0.0%	0%		2.8		17.0	1.20	1.20	61%	8%	0.0%	60%
2016	10	Yonder Alonso*	http://www.baseball-reference.com/players/a/alonsyo01.shtml	alonsyo01	29	83	OAK	1.2%	16.9%	6.0%	4.8%	29%	2.80	5.6	78.0	13.0	1.10	1.41	76%	22%	4.2%	20%
2016	11	Jose Altuve	http://www.baseball-reference.com/players/a/altuvjo01.shtml	altuvjo01	26	119	HOU	5.9%	13.5%	10.9%	16.0%	61%	1.23	6.4	14.7	7.4	0.71	1.25	67%	33%	14.6%	6%
2016	12	Pedro Alvarez*	http://www.baseball-reference.com/players/a/alvarpe01.shtml	alvarpe01	29	59	BAL	1.7%	20.3%	13.6%	8.5%	46%	1.50	4.3	51.0	17.0	1.17	1.64	64%	21%	6.7%	17%
2016	13	Alexi Amarista*	http://www.baseball-reference.com/players/a/amarial01.shtml	amarial01	27	26	SDP	0.0%	15.4%	15.4%	0.0%	0%	1.00	5.3		10.5	0.31	0.57	65%	44%	0.0%	15%
2016	14	Chase Anderson	http://www.baseball-reference.com/players/a/anderch01.shtml	anderch01	28	8	MIL	0.0%	75.0%	0.0%	0.0%			1.2					13%	0%		
2016	15	Elvis Andrus	http://www.baseball-reference.com/players/a/andruel01.shtml	andruel01	27	92	TEX	0.0%	10.9%	5.4%	8.7%	31%	2.00	8.4		6.5	0.77	1.04	83%	30%	0.0%	7%
2016	16	Nori Aoki*	http://www.baseball-reference.com/players/a/aokino01.shtml	aokino01	34	103	SEA	0.0%	12.6%	10.7%	5.8%	30%	1.18	6.8		22.3	1.88	2.11	74%	19%	0.0%	15%
2016	17	Oswaldo Arcia*	http://www.baseball-reference.com/players/a/arciaos01.shtml	arciaos01	25	55	MIN	5.5%	43.6%	7.3%	5.5%	23%	6.00	2.1	17.0	5.7	0.80	1.67	44%	37%	21.4%	7%
2016	18	Nolan Arenado	http://www.baseball-reference.com/players/a/arenano01.shtml	arenano01	25	109	COL	10.1%	9.2%	9.2%	13.8%	48%	1.00	9.9	9.0	4.0	0.52	0.71	72%	19%	22.4%	16%
2016	19	Jake Arrieta	http://www.baseball-reference.com/players/a/arrieja01.shtml	arrieja01	30	14	CHC	7.1%	35.7%	7.1%	7.1%	33%	5.00	2.6	13.0	6.5	0.33	0.25	50%	50%	16.7%	0%
2016	20	Alex Avila*	http://www.baseball-reference.com/players/a/avilaal01.shtml	avilaal01	29	33	CHW	0.0%	27.3%	15.2%	3.0%	17%	1.80	3.1			1.71	4.00	58%	32%	0.0%	14%
2016	21	Mike Aviles	http://www.baseball-reference.com/players/a/avilemi01.shtml	avilemi01	35	23	DET	0.0%	21.7%	4.4%	0.0%	0%	5.00	4.0		20.0	0.88	1.00	65%	25%	0.0%	13%
2016	22	Erick Aybar#	http://www.baseball-reference.com/players/a/aybarer01.shtml	aybarer01	32	95	ATL	0.0%	17.9%	2.1%	3.2%	19%	8.50	5.3		45.0	1.56	2.00	78%	18%	0.0%	4%
2016	23	Javier Baez	http://www.baseball-reference.com/players/b/baezja01.shtml	baezja01	23	33	CHC	3.0%	27.3%	6.1%	9.1%	27%	4.50	3.4	31.0	31.0	1.20	3.00	64%	32%	11.1%	10%
2016	24	Austin Barnes	http://www.baseball-reference.com/players/b/barneau01.shtml	barneau01	26	17	LAD	0.0%	35.3%	11.8%	0.0%	0%	3.00	2.5		15.0	0.33	0.17	53%	11%	0.0%	33%
2016	25	Brandon Barnes	http://www.baseball-reference.com/players/b/barnebr02.shtml	barnebr02	30	36	COL	0.0%	19.4%	2.8%	8.3%	50%	7.00	4.4		7.8	0.75	1.33	67%	15%	0.0%	0%
2016	26	Darwin Barney	http://www.baseball-reference.com/players/b/barneda01.shtml	barneda01	30	32	TOR	3.1%	15.6%	6.3%	6.3%	22%	2.50	5.8	29.0	7.3	0.85	0.88	72%	25%	8.3%	8%
2016	27	Tucker Barnhart#	http://www.baseball-reference.com/players/b/barnhtu01.shtml	barnhtu01	25	52	CIN	0.0%	15.4%	9.6%	7.7%	29%	1.60	5.9		11.8	0.95	1.09	75%	33%	0.0%	5%
2016	28	Trevor Bauer	http://www.baseball-reference.com/players/b/bauertr01.shtml	bauertr01	25	2	CLE	0.0%	50.0%	0.0%	0.0%			1.0					0%	0%		
2016	29	Jose Bautista	http://www.baseball-reference.com/players/b/bautijo02.shtml	bautijo02	35	115	TOR	4.4%	21.7%	19.1%	11.3%	62%	1.14	3.6	18.2	5.1	0.58	1.00	55%	34%	13.2%	12%
2016	30	Gordon Beckham	http://www.baseball-reference.com/players/b/beckhgo01.shtml	beckhgo01	29	28	ATL	0.0%	14.3%	10.7%	7.1%	29%	1.33	6.3		8.3	0.91	1.00	75%	29%	0.0%	9%
2016	31	Tim Beckham	http://www.baseball-reference.com/players/b/beckhti01.shtml	beckhti01	26	24	TBR	0.0%	37.5%	8.3%	4.2%	25%	4.50	2.4		22.0	0.30	0.13	54%	31%	0.0%	20%
2016	32	Brandon Belt*	http://www.baseball-reference.com/players/b/beltbr01.shtml	beltbr01	28	109	SFG	2.8%	14.7%	18.4%	9.2%	37%	0.80	5.4	29.0	4.6	0.36	0.46	64%	38%	6.1%	8%
2016	33	Carlos Beltran#	http://www.baseball-reference.com/players/b/beltrca01.shtml	beltrca01	39	88	NYY	4.6%	25.0%	3.4%	8.0%	33%	7.33	3.8	21.0	9.3	0.75	0.91	67%	22%	12.5%	11%
2016	34	Adrian Beltre	http://www.baseball-reference.com/players/b/beltrad01.shtml	beltrad01	37	108	TEX	2.8%	9.3%	8.3%	10.2%	39%	1.11	9.7	32.3	6.5	0.75	1.07	80%	28%	6.7%	12%
2016	35	Christian Bergman	http://www.baseball-reference.com/players/b/bergmch01.shtml	bergmch01	28	2	COL	0.0%	0.0%	0.0%	0.0%	0%							100%	0%		
2016	36	Christian Bethancourt	http://www.baseball-reference.com/players/b/bethach01.shtml	bethach01	24	22	SDP	4.6%	18.2%	4.6%	9.1%	50%	4.00	5.0	20.0	6.7	0.55	0.86	73%	18%	10.0%	9%
2016	37	Chad Bettis	http://www.baseball-reference.com/players/b/bettich01.shtml	bettich01	27	13	COL	0.0%	30.8%	7.7%	0.0%	0%	4.00	2.8			2.00	5.00	54%	13%	0.0%	0%
2016	38	Mookie Betts	http://www.baseball-reference.com/players/b/bettsmo01.shtml	bettsmo01	23	119	BOS	3.4%	18.5%	4.2%	9.2%	37%	4.40	5.2	28.5	6.7	0.74	0.75	74%	24%	8.9%	15%
2016	39	Charlie Blackmon*	http://www.baseball-reference.com/players/b/blackch02.shtml	blackch02	29	48	COL	0.0%	12.5%	10.4%	6.3%	33%	1.20	7.2		10.8	0.89	1.23	77%	24%	0.0%	11%
2016	40	Aaron Blair	http://www.baseball-reference.com/players/b/blairaa01.shtml	blairaa01	24	4	ATL	0.0%	50.0%	0.0%	0.0%			1.5					25%	0%		
2016	41	Andres Blanco#	http://www.baseball-reference.com/players/b/blancan01.shtml	blancan01	32	35	PHI	2.9%	20.0%	8.6%	14.3%	50%	2.33	4.4	31.0	6.2	0.71	2.20	66%	46%	7.7%	7%
2016	42	Gregor Blanco*	http://www.baseball-reference.com/players/b/blancgr01.shtml	blancgr01	32	35	SFG	0.0%	14.3%	8.6%	11.4%	36%	1.67	6.4		10.7	1.17	2.75	77%	33%	0.0%	17%
2016	43	Jabari Blash	http://www.baseball-reference.com/players/b/blashja01.shtml	blashja01	26	23	SDP	0.0%	43.5%	17.4%	4.4%	33%	2.50	1.9			2.00	2.50	39%	11%	0.0%	0%
2016	44	Xander Bogaerts	http://www.baseball-reference.com/players/b/bogaexa01.shtml	bogaexa01	23	109	BOS	0.9%	14.7%	9.2%	10.1%	37%	1.60	6.1	98.0	8.9	1.45	1.79	74%	20%	3.2%	6%
2016	45	Justin Bour*	http://www.baseball-reference.com/players/b/bourju01.shtml	bourju01	28	84	MIA	3.6%	23.8%	8.3%	9.5%	38%	2.86	3.8	25.3	6.3	0.84	0.86	64%	23%	11.1%	13%
2016	46	Peter Bourjos	http://www.baseball-reference.com/players/b/bourjpe01.shtml	bourjpe01	29	78	PHI	0.0%	28.2%	2.6%	7.7%	46%	11.00	3.4		24.7	1.27	2.00	67%	22%	0.0%	18%
2016	47	Archie Bradley	http://www.baseball-reference.com/players/b/bradlar01.shtml	bradlar01	23	2	ARI	0.0%	0.0%	0.0%	0.0%								50%	0%		
2016	48	Jackie Bradley*	http://www.baseball-reference.com/players/b/bradlja02.shtml	bradlja02	26	93	BOS	1.1%	22.6%	6.5%	11.8%	48%	3.50	4.0	84.0	6.5	1.00	1.33	68%	20%	3.6%	13%
2016	49	Michael Brantley*	http://www.baseball-reference.com/players/b/brantmi02.shtml	brantmi02	29	19	CLE	0.0%	21.1%	5.3%	5.3%	50%	4.00	4.3		17.0	0.27	0.38	74%	43%	0.0%	0%
2016	50	Ryan Braun	http://www.baseball-reference.com/players/b/braunry02.shtml	braunry02	32	97	MIL	5.2%	15.5%	11.3%	10.3%	31%	1.36	5.7	17.2	4.1	1.15	2.23	68%	24%	16.7%	9%
2016	51	Reid Brignac*	http://www.baseball-reference.com/players/b/brignre01.shtml	brignre01	30	4	ATL	0.0%	25.0%	0.0%	0.0%			4.0			2.00	2.00	75%	0%	0.0%	0%
2016	52	Socrates Brito*	http://www.baseball-reference.com/players/b/britoso01.shtml	britoso01	23	31	ARI	3.2%	25.8%	0.0%	6.5%	29%		3.9	31.0	15.5	0.92	1.13	71%	35%	11.1%	25%
2016	53	Mike Broadway	http://www.baseball-reference.com/players/b/broadmi01.shtml	broadmi01	29	1	SFG	0.0%	0.0%	0.0%	0.0%								0%	0%		
2016	54	Trevor Brown	http://www.baseball-reference.com/players/b/browntr01.shtml	browntr01	24	35	SFG	8.6%	20.0%	11.4%	11.4%	50%	1.75	4.4	10.3	3.9	0.71	1.00	60%	33%	25.0%	14%
2016	55	Keon Broxton	http://www.baseball-reference.com/players/b/broxtke01.shtml	broxtke01	26	18	MIL	0.0%	61.1%	11.1%	0.0%		5.50	1.5			0.67	0.67	28%	20%	0.0%	0%
2016	56	Jay Bruce*	http://www.baseball-reference.com/players/b/bruceja01.shtml	bruceja01	29	91	CIN	4.4%	22.0%	6.6%	11.0%	48%	3.33	4.1	20.5	4.6	0.55	0.77	65%	37%	10.5%	5%
2016	57	Kris Bryant	http://www.baseball-reference.com/players/b/bryankr01.shtml	bryankr01	24	104	CHC	3.9%	21.2%	11.5%	10.6%	42%	1.83	4.1	22.5	5.6	0.58	0.60	62%	28%	10.3%	9%
2016	58	Madison Bumgarner	http://www.baseball-reference.com/players/b/bumgama01.shtml	bumgama01	26	15	SFG	6.7%	53.3%	6.7%	6.7%	50%	8.00	1.8	14.0	14.0	0.20	0.33	33%	50%	25.0%	20%
2016	59	Billy Burns#	http://www.baseball-reference.com/players/b/burnsbi02.shtml	burnsbi02	26	93	OAK	0.0%	7.5%	4.3%	5.4%	23%	1.75	12.4		29.0	0.93	0.82	86%	28%	0.0%	22%
2016	60	Emmanuel Burriss#	http://www.baseball-reference.com/players/b/burriem01.shtml	burriem01	31	25	PHI	0.0%	20.0%	4.0%	8.0%	100%	5.00	4.4			0.67	0.88	68%	18%	0.0%	11%
2016	61	Matt Buschmann	http://www.baseball-reference.com/players/b/buschma01.shtml	buschma01	32	1	ARI	0.0%	0.0%	0.0%	0.0%								100%	0%		
2016	62	Drew Butera	http://www.baseball-reference.com/players/b/buterdr01.shtml	buterdr01	32	8	KCR	0.0%	0.0%	12.5%	25.0%	67%	0.00			7.0	0.40	0.33	88%	14%	0.0%	20%
2016	63	Billy Butler	http://www.baseball-reference.com/players/b/butlebi03.shtml	butlebi03	30	33	OAK	0.0%	18.2%	3.0%	12.1%	57%	6.00	5.3		32.0	0.86	1.44	79%	31%	0.0%	0%
2016	64	Eddie Butler	http://www.baseball-reference.com/players/b/butleed01.shtml	butleed01	25	1	COL	0.0%	0.0%	0.0%	0.0%								0%	0%		
2016	65	Byron Buxton	http://www.baseball-reference.com/players/b/buxtoby01.shtml	buxtoby01	22	49	MIN	0.0%	49.0%	4.1%	10.2%	71%	12.00	1.9		22.5	0.36	0.67	43%	32%	0.0%	7%
2016	66	Marlon Byrd	http://www.baseball-reference.com/players/b/byrdma01.shtml	byrdma01	38	62	CLE	3.2%	29.0%	11.3%	8.1%	36%	2.57	3.0	27.0	6.8	0.42	0.33	56%	27%	8.3%	8%
2016	67	Asdrubal Cabrera#	http://www.baseball-reference.com/players/c/cabreas01.shtml	cabreas01	30	93	NYM	1.1%	16.1%	6.5%	7.5%	27%	2.50	5.7	85.0	12.1	0.77	0.72	74%	24%	3.0%	15%
2016	68	Melky Cabrera#	http://www.baseball-reference.com/players/c/cabreme01.shtml	cabreme01	31	107	CHW	1.9%	6.5%	11.2%	5.6%	21%	0.58	13.4	47.0	11.8	0.87	0.94	79%	30%	5.6%	22%
2016	69	Miguel Cabrera	http://www.baseball-reference.com/players/c/cabremi01.shtml	cabremi01	33	103	DET	3.9%	18.5%	8.7%	9.7%	40%	2.11	4.9	23.5	7.8	0.83	1.21	69%	32%	10.5%	7%
2016	70	Lorenzo Cain	http://www.baseball-reference.com/players/c/cainlo01.shtml	cainlo01	30	100	KCR	2.0%	27.0%	9.0%	2.0%	10%	3.00	3.4	45.5	10.1	0.73	1.32	62%	30%	5.9%	8%
2016	71	Matt Cain	http://www.baseball-reference.com/players/c/cainma01.shtml	cainma01	31	9	SFG	0.0%	100.0%	0.0%	0.0%			1.0					0%			
2016	72	Kole Calhoun*	http://www.baseball-reference.com/players/c/calhoko01.shtml	calhoko01	28	105	LAA	1.9%	16.2%	8.6%	7.6%	30%	1.89	5.5	47.0	8.5	0.65	0.96	71%	32%	5.1%	15%
2016	73	Eric Campbell	http://www.baseball-reference.com/players/c/campber01.shtml	campber01	29	13	NYM	0.0%	38.5%	15.4%	0.0%	0%	2.50	2.2			0.20	0.00	46%	33%	0.0%	0%
2016	74	Mark Canha	http://www.baseball-reference.com/players/c/canhama01.shtml	canhama01	27	38	OAK	7.9%	50.0%	0.0%	7.9%	60%		1.9	12.0	6.0	0.38	0.67	39%	32%	30.0%	23%
2016	75	Robinson Cano*	http://www.baseball-reference.com/players/c/canoro01.shtml	canoro01	33	111	SEA	7.2%	12.6%	8.1%	10.8%	46%	1.56	7.2	12.6	4.2	0.78	1.00	71%	26%	18.2%	10%
2016	76	Matt Carpenter*	http://www.baseball-reference.com/players/c/carpema01.shtml	carpema01	30	118	STL	2.5%	20.3%	16.1%	7.6%	41%	1.26	3.9	31.3	5.5	0.63	1.04	58%	33%	7.0%	0%
2016	77	Ezequiel Carrera*	http://www.baseball-reference.com/players/c/carreez01.shtml	carreez01	29	37	TOR	2.7%	21.6%	2.7%	8.1%	25%	8.00	4.5	36.0	36.0	1.50	3.25	73%	21%	12.5%	20%
2016	78	Chris Carter	http://www.baseball-reference.com/players/c/cartech02.shtml	cartech02	29	97	MIL	7.2%	28.9%	11.3%	17.5%	74%	2.55	3.0	11.9	4.6	0.57	1.35	53%	31%	20.0%	5%
2016	79	Curt Casali	http://www.baseball-reference.com/players/c/casalcu01.shtml	casalcu01	27	51	TBR	2.0%	47.1%	2.0%	5.9%	43%	24.00	2.0	48.0	8.0	0.50	0.80	45%	20%	11.1%	44%
2016	80	Andrew Cashner	http://www.baseball-reference.com/players/c/cashnan01.shtml	cashnan01	29	8	SDP	0.0%	37.5%	12.5%	0.0%	0%	3.00	2.3		7.0		2.00	50%	0%		
2016	81	Nick Castellanos	http://www.baseball-reference.com/players/c/casteni01.shtml	casteni01	24	89	DET	4.5%	25.8%	3.4%	11.2%	33%	7.67	3.6	20.8	4.6	0.34	0.31	66%	32%	8.5%	0%
2016	82	Rusney Castillo	http://www.baseball-reference.com/players/c/castiru02.shtml	castiru02	28	4	BOS	0.0%	0.0%	0.0%	25.0%	50%					3.00		100%	0%	0.0%	0%
2016	83	Welington Castillo	http://www.baseball-reference.com/players/c/castiwe01.shtml	castiwe01	29	86	ARI	7.0%	24.4%	8.1%	10.5%	41%	3.00	3.7	13.0	6.5	0.53	0.90	60%	26%	16.7%	5%
2016	84	Daniel Castro	http://www.baseball-reference.com/players/c/castrda01.shtml	castrda01	23	64	ATL	0.0%	15.6%	4.7%	1.6%	7%	3.33	6.1		15.3	2.33	2.33	80%	16%	0.0%	20%
2016	85	Jason Castro*	http://www.baseball-reference.com/players/c/castrja01.shtml	castrja01	29	67	HOU	0.0%	37.3%	14.9%	4.5%	30%	2.50	2.3		28.5	1.00	1.30	48%	19%	0.0%	7%
2016	86	Starlin Castro	http://www.baseball-reference.com/players/c/castrst01.shtml	castrst01	26	91	NYY	3.3%	12.1%	5.5%	9.9%	33%	2.20	7.8	28.7	7.2	0.83	1.36	79%	31%	8.1%	10%
2016	87	Francisco Cervelli	http://www.baseball-reference.com/players/c/cervefr01.shtml	cervefr01	30	100	PIT	0.0%	15.0%	17.0%	4.0%	16%	0.88	5.4		6.8	1.09	2.29	67%	28%	0.0%	6%
2016	88	Yoenis Cespedes	http://www.baseball-reference.com/players/c/cespeyo01.shtml	cespeyo01	30	84	NYM	9.5%	27.4%	8.3%	15.5%	59%	3.29	3.3	9.5	3.0	0.39	0.74	54%	34%	25.8%	18%
2016	89	Jhoulys Chacin	http://www.baseball-reference.com/players/c/chacijh01.shtml	chacijh01	28	7	ATL	0.0%	14.3%	0.0%	0.0%	0%		7.0		7.0	0.50	0.67	86%	17%	0.0%	75%
2016	90	Tyler Chatwood	http://www.baseball-reference.com/players/c/chatwty01.shtml	chatwty01	26	10	COL	0.0%	30.0%	0.0%	0.0%	0%		3.3			2.00	5.00	70%	14%	0.0%	0%
2016	91	Wei-Yin Chen*	http://www.baseball-reference.com/players/c/chenwe02.shtml	chenwe02	30	13	MIA	0.0%	30.8%	0.0%	0.0%			2.8			5.00	7.00	54%	0%	0.0%	0%
2016	92	Robinson Chirinos	http://www.baseball-reference.com/players/c/chiriro01.shtml	chiriro01	32	16	TEX	6.3%	31.3%	0.0%	18.8%	75%		3.0	15.0	7.5	0.80	1.00	56%	10%	25.0%	20%
2016	93	Lonnie Chisenhall*	http://www.baseball-reference.com/players/c/chiselo01.shtml	chiselo01	27	25	CLE	0.0%	24.0%	0.0%	8.0%	40%		4.2		25.0	0.90	0.86	76%	16%	0.0%	30%
2016	94	Ji-Man Choi#	http://www.baseball-reference.com/players/c/choiji01.shtml	choiji01	25	18	LAA	0.0%	16.7%	27.8%	0.0%	0%	0.60	4.3			1.00	0.80	56%	10%	0.0%	60%
2016	95	Shin-Soo Choo*	http://www.baseball-reference.com/players/c/choosh01.shtml	choosh01	33	22	TEX	0.0%	18.2%	18.2%	0.0%	0%	1.00	4.0		16.0	0.83	1.00	55%	25%	0.0%	0%
2016	96	Tony Cingrani*	http://www.baseball-reference.com/players/c/cingrto01.shtml	cingrto01	26	1	CIN	0.0%	0.0%	100.0%	0.0%		0.00						0%			
2016	97	Steve Clevenger*	http://www.baseball-reference.com/players/c/clevest01.shtml	clevest01	30	24	SEA	4.2%	25.0%	12.5%	4.2%	33%	2.00	3.5	21.0	7.0	2.00	5.00	58%	13%	25.0%	20%
2016	98	Chris Coghlan*	http://www.baseball-reference.com/players/c/coghlch01.shtml	coghlch01	31	85	OAK	4.7%	27.1%	7.1%	7.1%	50%	3.83	3.4	19.5	7.8	0.86	0.91	60%	16%	15.4%	10%
2016	99	Chris Colabello	http://www.baseball-reference.com/players/c/colabch01.shtml	colabch01	32	32	TOR	0.0%	28.1%	6.3%	0.0%	0%	4.50	3.2		29.0	1.50	1.86	63%	15%	0.0%	13%
2016	100	Gerrit Cole	http://www.baseball-reference.com/players/c/colege01.shtml	colege01	25	12	PIT	0.0%	50.0%	0.0%	0.0%	0%		1.8			3.00	3.00	42%	20%	0.0%	0%
2016	101	Tyler Collins*	http://www.baseball-reference.com/players/c/collity01.shtml	collity01	26	20	DET	0.0%	30.0%	0.0%	5.0%	50%		3.3		20.0	1.33	1.00	70%	0%	0.0%	0%
2016	102	Bartolo Colon	http://www.baseball-reference.com/players/c/colonba01.shtml	colonba01	43	9	NYM	0.0%	66.7%	0.0%	0.0%			1.5			1.00	0.50	33%	0%		100%
2016	103	Christian Colon	http://www.baseball-reference.com/players/c/colonch01.shtml	colonch01	27	18	KCR	0.0%	16.7%	11.1%	5.6%	33%	1.50	5.3		16.0	1.17	1.75	72%	31%	0.0%	17%
2016	104	Michael Conforto*	http://www.baseball-reference.com/players/c/confomi01.shtml	confomi01	23	95	NYM	4.2%	21.1%	9.5%	15.8%	54%	2.22	4.2	20.8	4.6	0.52	0.65	63%	28%	10.8%	12%
2016	105	Hank Conger#	http://www.baseball-reference.com/players/c/congeha01.shtml	congeha01	28	30	TBR	0.0%	33.3%	3.3%	0.0%	0%	10.00	2.9		29.0	0.58	1.00	63%	37%	0.0%	8%
2016	106	Adam Conley*	http://www.baseball-reference.com/players/c/conlead01.shtml	conlead01	26	11	MIA	0.0%	63.6%	0.0%	0.0%			1.4			2.00	3.00	27%	0%	0.0%	0%
2016	107	Patrick Corbin*	http://www.baseball-reference.com/players/c/corbipa01.shtml	corbipa01	26	12	ARI	0.0%	25.0%	0.0%	8.3%	25%		4.0		12.0			75%	0%		
2016	108	Carlos Correa	http://www.baseball-reference.com/players/c/correca01.shtml	correca01	21	107	HOU	2.8%	22.4%	15.9%	7.5%	35%	1.41	3.7	29.7	9.9	0.91	1.20	58%	23%	10.3%	15%
2016	109	Jarred Cosart	http://www.baseball-reference.com/players/c/cosarja01.shtml	cosarja01	26	6	MIA	0.0%	0.0%	0.0%	0.0%	0%					1.00	1.50	83%	33%	0.0%	0%
2016	110	Collin Cowgill	http://www.baseball-reference.com/players/c/cowgico01.shtml	cowgico01	30	14	CLE	0.0%	50.0%	14.3%	0.0%	0%	3.50	1.7			1.50	1.00	36%	20%	0.0%	0%
2016	111	Zack Cozart	http://www.baseball-reference.com/players/c/cozarza01.shtml	cozarza01	30	80	CIN	2.5%	13.8%	2.5%	12.5%	39%	5.50	6.8	37.5	8.3	0.86	1.44	81%	30%	6.1%	8%
2016	112	Brandon Crawford*	http://www.baseball-reference.com/players/c/crawfbr01.shtml	crawfbr01	29	102	SFG	2.9%	19.6%	11.8%	7.8%	36%	1.67	4.4	29.0	8.7	0.72	0.89	65%	25%	8.6%	10%
2016	113	Carl Crawford*	http://www.baseball-reference.com/players/c/crawfca02.shtml	crawfca02	34	27	LAD	0.0%	11.1%	7.4%	7.4%	40%	1.50	8.3		12.5	2.14	2.17	81%	18%	0.0%	14%
2016	114	Coco Crisp#	http://www.baseball-reference.com/players/c/crispco01.shtml	crispco01	36	82	OAK	3.7%	14.6%	11.0%	7.3%	40%	1.33	6.0	24.0	9.0	0.76	1.00	71%	25%	9.4%	6%
2016	115	C.J. Cron	http://www.baseball-reference.com/players/c/croncj01.shtml	croncj01	26	84	LAA	1.2%	14.3%	9.5%	3.6%	17%	1.50	6.3	75.0	10.7	0.97	1.23	74%	19%	3.3%	6%
2016	116	Nelson Cruz	http://www.baseball-reference.com/players/c/cruzne02.shtml	cruzne02	35	109	SEA	3.7%	18.4%	11.9%	9.2%	40%	1.54	4.6	22.8	6.5	0.67	0.68	62%	26%	11.8%	21%
2016	117	Johnny Cueto	http://www.baseball-reference.com/players/c/cuetojo01.shtml	cuetojo01	30	17	SFG	0.0%	29.4%	5.9%	0.0%	0%	5.00	3.0		7.5	2.33	2.00	59%	18%	0.0%	33%
2016	118	Charlie Culberson	http://www.baseball-reference.com/players/c/culbech01.shtml	culbech01	27	21	LAD	0.0%	19.1%	0.0%	9.5%	40%		5.3		5.3	0.14	0.40	81%	41%	0.0%	0%
2016	119	Chase d'Arnaud	http://www.baseball-reference.com/players/d/darnach01.shtml	darnach01	29	1	ATL	0.0%	0.0%	0.0%	0.0%	0%							100%	0%		
2016	120	Travis d'Arnaud	http://www.baseball-reference.com/players/d/darnatr01.shtml	darnatr01	27	52	NYM	0.0%	19.2%	9.6%	5.8%	33%	2.00	4.6		46.0	1.12	1.55	69%	25%	0.0%	29%
2016	121	Zach Davies	http://www.baseball-reference.com/players/d/davieza02.shtml	davieza02	23	4	MIL	0.0%	50.0%	0.0%	0.0%			2.0					50%	0%		
2016	122	Chris Davis*	http://www.baseball-reference.com/players/d/davisch02.shtml	davisch02	30	105	BAL	6.7%	28.6%	15.2%	8.6%	43%	1.88	3.0	12.7	5.2	0.45	0.73	50%	24%	20.0%	13%
2016	123	Khris Davis	http://www.baseball-reference.com/players/d/daviskh01.shtml	daviskh01	28	99	OAK	5.1%	28.3%	3.0%	8.1%	36%	9.33	3.4	18.8	7.8	0.78	0.91	62%	21%	16.1%	16%
2016	124	Rajai Davis	http://www.baseball-reference.com/players/d/davisra01.shtml	davisra01	35	69	CLE	2.9%	27.5%	5.8%	8.7%	33%	4.75	3.4	32.5	7.2	0.73	0.71	64%	37%	8.7%	12%
2016	125	Alejandro De Aza*	http://www.baseball-reference.com/players/d/deazaal01.shtml	deazaal01	32	32	NYM	3.1%	18.8%	9.4%	6.3%	33%	2.00	4.8	29.0	29.0	0.35	0.29	69%	35%	6.3%	6%
2016	126	Ivan De Jesus	http://www.baseball-reference.com/players/d/dejesiv02.shtml	dejesiv02	29	40	CIN	2.5%	20.0%	12.5%	5.0%	33%	1.60	4.4	35.0	8.8	0.93	1.33	65%	26%	8.3%	14%
2016	127	Jorge De La Rosa*	http://www.baseball-reference.com/players/r/rosajo01.shtml	rosajo01	35	8	COL	0.0%	25.0%	0.0%	0.0%	0%		4.0		4.0	2.00		75%	0%	0.0%	0%
2016	128	Rubby De La Rosa	http://www.baseball-reference.com/players/d/delarru01.shtml	delarru01	27	7	ARI	0.0%	14.3%	0.0%	0.0%			7.0					86%	0%		
2016	129	Jacob deGrom*	http://www.baseball-reference.com/players/d/degroja01.shtml	degroja01	28	6	NYM	0.0%	16.7%	0.0%	0.0%			4.0		4.0			50%	0%		
2016	130	Matt den Dekker*	http://www.baseball-reference.com/players/d/dendema01.shtml	dendema01	28	33	WSN	3.0%	27.3%	9.1%	6.1%	33%	3.00	3.3	30.0	7.5	0.75	0.88	61%	14%	11.1%	25%
2016	131	Delino DeShields	http://www.baseball-reference.com/players/d/deshide02.shtml	deshide02	23	96	TEX	1.0%	26.0%	9.4%	4.2%	19%	2.78	3.4	84.0	14.0	1.38	2.15	60%	23%	4.5%	8%
2016	132	Ian Desmond	http://www.baseball-reference.com/players/d/desmoia01.shtml	desmoia01	30	102	TEX	2.9%	22.6%	10.8%	6.9%	33%	2.09	3.9	30.0	8.2	1.03	1.09	63%	16%	10.3%	12%
2016	133	Aledmys Diaz	http://www.baseball-reference.com/players/d/diazal02.shtml	diazal02	25	82	STL	6.1%	6.1%	6.1%	17.1%	45%	1.00	15.4	15.4	5.5	0.80	0.68	82%	26%	14.7%	15%
2016	134	Corey Dickerson*	http://www.baseball-reference.com/players/d/dickeco01.shtml	dickeco01	27	81	TBR	6.2%	24.7%	8.6%	12.4%	67%	2.86	3.7	14.6	8.1	0.66	0.81	59%	17%	17.9%	13%
2016	135	Derek Dietrich*	http://www.baseball-reference.com/players/d/dietrde01.shtml	dietrde01	26	47	MIA	4.3%	19.2%	8.5%	14.9%	54%	2.25	4.4	20.0	4.0	0.94	2.80	62%	29%	14.3%	13%
2016	136	Matt Dominguez	http://www.baseball-reference.com/players/d/dominma01.shtml	dominma01	26	8	TOR	0.0%	37.5%	12.5%	0.0%		3.00	2.3			0.00	0.00	50%	50%	0.0%	25%
2016	137	Josh Donaldson	http://www.baseball-reference.com/players/d/donaljo02.shtml	donaljo02	30	119	TOR	7.6%	22.7%	11.8%	15.1%	60%	1.93	3.8	11.4	4.9	0.49	0.66	56%	25%	20.9%	16%
2016	138	Brian Dozier	http://www.baseball-reference.com/players/d/doziebr01.shtml	doziebr01	29	116	MIN	2.6%	17.2%	9.5%	7.8%	43%	1.82	5.2	34.3	10.3	0.45	0.42	69%	20%	7.0%	23%
2016	139	Stephen Drew*	http://www.baseball-reference.com/players/d/drewst01.shtml	drewst01	33	28	WSN	3.6%	35.7%	3.6%	3.6%	33%	10.00	2.7	27.0	27.0	0.89	1.00	57%	18%	16.7%	33%
2016	140	Brandon Drury	http://www.baseball-reference.com/players/d/drurybr01.shtml	drurybr01	23	76	ARI	6.6%	21.1%	1.3%	15.8%	52%	16.00	4.6	14.6	6.6	0.81	1.53	70%	26%	19.2%	19%
2016	141	Lucas Duda*	http://www.baseball-reference.com/players/d/dudalu01.shtml	dudalu01	30	90	NYM	5.6%	18.9%	6.7%	8.9%	38%	2.83	4.8	16.4	5.5	0.68	1.00	69%	27%	13.2%	5%
2016	142	Tyler Duffey	http://www.baseball-reference.com/players/d/duffety01.shtml	duffety01	25	2	MIN	0.0%	50.0%	0.0%	0.0%			1.0					0%	0%		
2016	143	Matt Duffy	http://www.baseball-reference.com/players/d/duffyma01.shtml	duffyma01	25	112	SFG	1.8%	13.4%	6.3%	6.3%	27%	2.14	6.9	51.5	11.4	0.93	1.45	78%	27%	4.5%	4%
2016	144	Matt Duffy	http://www.baseball-reference.com/players/d/duffyma02.shtml	duffyma02	27	3	HOU	0.0%	66.7%	0.0%	0.0%			1.5					33%	0%		
2016	145	Adam Duvall	http://www.baseball-reference.com/players/d/duvalad01.shtml	duvalad01	27	72	CIN	2.8%	36.1%	5.6%	12.5%	60%	6.50	2.6	34.0	13.6	0.35	0.45	56%	33%	7.1%	10%
2016	146	Jarrod Dyson*	http://www.baseball-reference.com/players/d/dysonja01.shtml	dysonja01	31	41	KCR	0.0%	2.4%	7.3%	4.9%	20%	0.33	36.0		12.0	1.62	2.00	85%	17%	0.0%	15%
2016	147	Adam Eaton*	http://www.baseball-reference.com/players/e/eatonad02.shtml	eatonad02	27	113	CHW	0.9%	13.3%	7.1%	5.3%	21%	1.88	6.6	99.0	16.5	1.56	2.53	74%	23%	3.2%	3%
2016	148	Cody Ege*	http://www.baseball-reference.com/players/e/egeco01.shtml	egeco01	25	1	MIA	0.0%	0.0%	0.0%	0.0%	0%							100%	0%		
2016	149	Jerad Eickhoff	http://www.baseball-reference.com/players/e/eickhje01.shtml	eickhje01	25	10	PHI	0.0%	20.0%	0.0%	10.0%	33%		5.0		5.0	0.60	1.50	80%	50%	0.0%	0%
2016	150	A.J. Ellis	http://www.baseball-reference.com/players/e/ellisaj01.shtml	ellisaj01	35	45	LAD	2.2%	13.3%	13.3%	6.7%	33%	1.00	6.3	38.0	4.8	1.13	1.44	69%	21%	7.1%	7%
2016	151	Jacoby Ellsbury*	http://www.baseball-reference.com/players/e/ellsbja01.shtml	ellsbja01	32	98	NYY	1.0%	15.3%	5.1%	8.2%	36%	3.00	5.9	89.0	9.9	0.85	1.08	74%	22%	3.0%	18%
2016	152	Edwin Encarnacion	http://www.baseball-reference.com/players/e/encared01.shtml	encared01	33	112	TOR	2.7%	23.2%	8.0%	7.1%	33%	2.89	3.9	34.0	6.4	0.54	0.75	66%	30%	6.7%	10%
2016	153	Robbie Erlin	http://www.baseball-reference.com/players/e/erlinro01.shtml	erlinro01	25	6	SDP	0.0%	50.0%	0.0%	0.0%			2.0			0.50	0.50	50%	33%	0.0%	0%
2016	154	Alcides Escobar	http://www.baseball-reference.com/players/e/escobal02.shtml	escobal02	29	114	KCR	0.0%	14.0%	4.4%	4.4%	20%	3.20	6.7		17.8	1.30	1.76	81%	20%	0.0%	10%
2016	155	Eduardo Escobar#	http://www.baseball-reference.com/players/e/escobed01.shtml	escobed01	27	95	MIN	0.0%	22.1%	5.3%	5.3%	22%	4.20	4.3		15.0	0.64	0.64	73%	26%	0.0%	17%
2016	156	Yunel Escobar	http://www.baseball-reference.com/players/e/escobyu01.shtml	escobyu01	33	116	LAA	2.6%	10.3%	8.6%	9.5%	38%	1.20	8.6	34.3	12.9	1.36	2.33	77%	27%	8.6%	10%
2016	157	Danny Espinosa#	http://www.baseball-reference.com/players/e/espinda01.shtml	espinda01	29	88	WSN	2.3%	20.5%	11.4%	3.4%	21%	1.80	4.1	36.5	8.1	0.63	0.96	61%	25%	7.4%	16%
2016	158	Tim Federowicz	http://www.baseball-reference.com/players/f/federti01.shtml	federti01	28	5	CHC	0.0%	0.0%	0.0%	0.0%						0.00	0.00	100%	20%	0.0%	40%
2016	159	Scott Feldman*	http://www.baseball-reference.com/players/f/feldmsc01.shtml	feldmsc01	33	1	HOU	0.0%	100.0%	0.0%	0.0%			1.0					0%			
2016	160	Jose Fernandez	http://www.baseball-reference.com/players/f/fernajo02.shtml	fernajo02	23	10	MIA	0.0%	10.0%	10.0%	0.0%	0%	1.00	8.0			5.00		70%	13%	0.0%	0%
2016	161	Prince Fielder*	http://www.baseball-reference.com/players/f/fieldpr01.shtml	fieldpr01	32	107	TEX	1.9%	17.8%	7.5%	5.6%	30%	2.38	5.1	48.0	5.6	0.74	1.35	73%	26%	5.0%	13%
2016	162	Cole Figueroa*	http://www.baseball-reference.com/players/f/figueco01.shtml	figueco01	29	9	PIT	0.0%	0.0%	0.0%	0.0%						0.13	0.13	100%	67%	0.0%	0%
2016	163	Brandon Finnegan*	http://www.baseball-reference.com/players/f/finnebr01.shtml	finnebr01	23	14	CIN	0.0%	28.6%	0.0%	7.1%	25%		3.3		13.0	1.25	2.50	64%	30%	0.0%	25%
2016	164	Doug Fister*	http://www.baseball-reference.com/players/f/fistedo01.shtml	fistedo01	32	2	HOU	0.0%	0.0%	0.0%	0.0%								50%	0%		
2016	165	Ryan Flaherty*	http://www.baseball-reference.com/players/f/flahery01.shtml	flahery01	29	11	BAL	0.0%	45.5%	9.1%	0.0%	0%	5.00	2.0			1.50	1.00	45%	20%	0.0%	50%
2016	166	Ramon Flores*	http://www.baseball-reference.com/players/f/florera02.shtml	florera02	24	53	MIL	0.0%	20.8%	7.6%	1.9%	14%	2.75	4.5		9.8	1.92	2.30	72%	21%	0.0%	23%
2016	167	Wilmer Flores	http://www.baseball-reference.com/players/f/florewi01.shtml	florewi01	24	35	NYM	2.9%	17.1%	8.6%	2.9%	25%	2.00	5.3	32.0	32.0	0.73	0.69	71%	15%	9.1%	27%
2016	168	Tyler Flowers	http://www.baseball-reference.com/players/f/flowety01.shtml	flowety01	30	41	ATL	0.0%	36.6%	12.2%	0.0%	0%	3.00	2.4		9.0	1.10	1.00	51%	29%	0.0%	10%
2016	169	Mike Foltynewicz	http://www.baseball-reference.com/players/f/foltymi01.shtml	foltymi01	24	2	ATL	0.0%	50.0%	0.0%	0.0%			1.0					0%	0%		
2016	170	Logan Forsythe	http://www.baseball-reference.com/players/f/forsylo01.shtml	forsylo01	29	98	TBR	4.1%	21.4%	11.2%	13.3%	45%	1.91	4.1	21.5	8.6	0.71	0.95	62%	34%	11.4%	8%
2016	171	Dexter Fowler#	http://www.baseball-reference.com/players/f/fowlede01.shtml	fowlede01	30	105	CHC	2.9%	20.0%	17.1%	14.3%	50%	1.17	4.0	28.0	5.6	0.85	1.27	58%	36%	9.7%	6%
2016	172	Maikel Franco	http://www.baseball-reference.com/players/f/francma02.shtml	francma02	23	104	PHI	4.8%	18.3%	5.8%	7.7%	33%	3.17	5.1	19.2	6.4	0.86	1.52	70%	29%	15.2%	21%
2016	173	Jeff Francoeur	http://www.baseball-reference.com/players/f/francje02.shtml	francje02	32	50	ATL	0.0%	26.0%	6.0%	2.0%	8%	4.33	3.5		11.5	0.89	1.09	68%	26%	0.0%	22%
2016	174	Todd Frazier	http://www.baseball-reference.com/players/f/frazito01.shtml	frazito01	30	112	CHW	6.3%	17.9%	8.9%	8.9%	46%	2.00	5.0	14.3	5.9	0.45	0.66	66%	27%	16.3%	23%
2016	175	Freddie Freeman*	http://www.baseball-reference.com/players/f/freemfr01.shtml	freemfr01	26	103	ATL	2.9%	26.2%	12.6%	6.8%	32%	2.08	3.3	29.3	12.6	0.33	0.46	56%	33%	7.0%	4%
2016	176	David Freese	http://www.baseball-reference.com/players/f/freesda01.shtml	freesda01	33	110	PIT	0.9%	25.5%	10.0%	7.3%	29%	2.55	3.4	96.0	10.7	1.96	4.22	61%	29%	4.3%	0%
2016	177	Eric Fryer	http://www.baseball-reference.com/players/f/fryerer01.shtml	fryerer01	30	12	STL	0.0%	8.3%	8.3%	16.7%	29%	1.00	11.0		3.7	0.43	0.50	83%	50%	0.0%	14%
2016	178	Reymond Fuentes*	http://www.baseball-reference.com/players/f/fuentre01.shtml	fuentre01	25	22	KCR	0.0%	18.2%	4.6%	0.0%	0%	4.00	5.3		7.0	1.29	1.20	77%	24%	0.0%	43%
2016	179	Freddy Galvis#	http://www.baseball-reference.com/players/g/galvifr01.shtml	galvifr01	26	100	PHI	3.0%	21.0%	4.0%	9.0%	41%	5.25	4.4	31.0	7.2	0.89	1.33	70%	23%	8.8%	8%
2016	180	Adonis Garcia	http://www.baseball-reference.com/players/g/garciad01.shtml	garciad01	31	101	ATL	1.0%	18.8%	6.9%	3.0%	12%	2.71	4.8	92.0	13.1	1.09	1.45	71%	34%	3.2%	11%
2016	181	Avisail Garcia	http://www.baseball-reference.com/players/g/garciav01.shtml	garciav01	25	79	CHW	3.8%	25.3%	7.6%	7.6%	40%	3.33	3.5	23.3	7.8	0.96	0.94	61%	16%	13.6%	15%
2016	182	Greg Garcia*	http://www.baseball-reference.com/players/g/garcigr01.shtml	garcigr01	26	15	STL	6.7%	13.3%	26.7%	13.3%	33%	0.50	5.0	10.0	5.0	0.14	1.00	47%	63%	16.7%	14%
2016	183	Jaime Garcia*	http://www.baseball-reference.com/players/g/garcija02.shtml	garcija02	29	11	STL	0.0%	27.3%	0.0%	0.0%	0%		2.3		7.0	3.00		36%	13%	0.0%	0%
2016	184	Brett Gardner*	http://www.baseball-reference.com/players/g/gardnbr01.shtml	gardnbr01	32	89	NYY	2.3%	18.0%	13.5%	4.5%	22%	1.33	4.6	37.0	14.8	1.33	1.80	63%	17%	11.8%	29%
2016	185	Dustin Garneau	http://www.baseball-reference.com/players/g/garnedu01.shtml	garnedu01	28	12	COL	0.0%	16.7%	16.7%	25.0%	75%	1.00	5.0		10.0	0.60	1.50	67%	38%	0.0%	20%
2016	186	Evan Gattis	http://www.baseball-reference.com/players/g/gattiev01.shtml	gattiev01	29	57	HOU	1.8%	33.3%	8.8%	8.8%	46%	3.80	2.7	51.0	8.5	0.74	1.00	56%	21%	5.9%	11%
2016	187	Scooter Gennett*	http://www.baseball-reference.com/players/g/gennesc01.shtml	gennesc01	26	72	MIL	5.6%	20.8%	13.9%	11.1%	50%	1.50	4.1	15.5	12.4	0.88	1.36	60%	15%	19.0%	16%
2016	188	Craig Gentry	http://www.baseball-reference.com/players/g/gentrcr01.shtml	gentrcr01	32	39	LAA	0.0%	15.4%	7.7%	2.6%	20%	2.00	5.7		17.0	2.11	2.71	72%	14%	0.0%	11%
2016	189	Johnny Giavotella	http://www.baseball-reference.com/players/g/giavojo01.shtml	giavojo01	28	61	LAA	1.6%	8.2%	1.6%	3.3%	20%	5.00	11.8	59.0	14.8	1.12	1.30	87%	18%	4.5%	12%
2016	190	Kyle Gibson	http://www.baseball-reference.com/players/g/gibsoky01.shtml	gibsoky01	28	1	MIN	0.0%	100.0%	0.0%	0.0%			1.0					0%			
2016	191	Conor Gillaspie*	http://www.baseball-reference.com/players/g/gillaco01.shtml	gillaco01	28	6	SFG	0.0%	16.7%	0.0%	16.7%	50%		6.0			0.25	0.00	83%	40%	0.0%	25%
2016	192	Tyler Goeddel	http://www.baseball-reference.com/players/g/goeddty01.shtml	goeddty01	23	26	PHI	0.0%	42.3%	0.0%	0.0%	0%		2.3		25.0	1.33	1.00	54%	20%	0.0%	17%
2016	193	Ryan Goins*	http://www.baseball-reference.com/players/g/goinsry01.shtml	goinsry01	28	85	TOR	1.2%	25.9%	4.7%	4.7%	31%	5.50	3.7	81.0	20.3	1.76	2.13	68%	15%	5.6%	14%
2016	194	Paul Goldschmidt	http://www.baseball-reference.com/players/g/goldspa01.shtml	goldspa01	28	118	ARI	5.1%	22.9%	22.9%	7.6%	43%	1.00	3.3	14.7	5.5	0.94	1.37	47%	24%	20.0%	6%
2016	195	Yan Gomes	http://www.baseball-reference.com/players/g/gomesya01.shtml	gomesya01	28	72	CLE	4.2%	26.4%	2.8%	8.3%	46%	9.50	3.6	23.0	6.3	0.55	0.76	67%	27%	10.7%	15%
2016	196	Carlos Gomez	http://www.baseball-reference.com/players/g/gomezca01.shtml	gomezca01	30	83	HOU	0.0%	28.9%	2.4%	6.0%	29%	12.00	3.3		40.0	1.00	1.50	67%	20%	0.0%	19%
2016	197	Adrian Gonzalez*	http://www.baseball-reference.com/players/g/gonzaad01.shtml	gonzaad01	34	108	LAD	2.8%	21.3%	12.0%	6.5%	27%	1.77	4.1	31.3	6.3	1.12	1.88	64%	26%	9.4%	6%
2016	198	Carlos Gonzalez*	http://www.baseball-reference.com/players/g/gonzaca01.shtml	gonzaca01	30	107	COL	3.7%	19.6%	7.5%	9.4%	30%	2.63	4.7	24.8	8.3	0.97	1.25	69%	36%	11.4%	10%
2016	199	Gio Gonzalez	http://www.baseball-reference.com/players/g/gonzagi01.shtml	gonzagi01	30	9	WSN	0.0%	33.3%	0.0%	0.0%	0%		2.0		6.0	1.00	4.00	44%	33%	0.0%	0%
2016	200	Marwin Gonzalez#	http://www.baseball-reference.com/players/g/gonzama01.shtml	gonzama01	27	54	HOU	1.9%	29.6%	3.7%	9.3%	50%	8.00	3.2	51.0	17.0	0.89	1.08	63%	20%	6.7%	17%
2016	201	Alex Gordon*	http://www.baseball-reference.com/players/g/gordoal01.shtml	gordoal01	32	98	KCR	2.0%	32.7%	11.2%	5.1%	29%	2.91	2.6	41.5	16.6	0.65	1.25	50%	31%	6.7%	3%
2016	202	Dee Gordon*	http://www.baseball-reference.com/players/g/gordode01.shtml	gordode01	28	97	MIA	0.0%	17.5%	3.1%	5.2%	20%	5.67	5.5		18.8	1.11	1.41	79%	21%	0.0%	20%
2016	203	Anthony Gose*	http://www.baseball-reference.com/players/g/gosean01.shtml	gosean01	25	75	DET	2.7%	33.3%	9.3%	5.3%	29%	3.57	2.7	33.5	11.2	1.41	2.00	53%	19%	12.5%	6%
2016	204	Philip Gosselin	http://www.baseball-reference.com/players/g/gosseph01.shtml	gosseph01	27	35	ARI	2.9%	20.0%	0.0%	5.7%	20%		4.9	34.0	17.0	1.08	0.90	74%	25%	8.3%	8%
2016	205	Yasmani Grandal#	http://www.baseball-reference.com/players/g/grandya01.shtml	grandya01	27	54	LAD	1.9%	16.7%	18.5%	11.1%	46%	0.90	4.9	44.0	7.3	1.50	2.57	63%	26%	7.7%	7%
2016	206	Curtis Granderson*	http://www.baseball-reference.com/players/g/grandcu01.shtml	grandcu01	35	106	NYM	3.8%	19.8%	10.4%	10.4%	50%	1.91	4.4	23.0	10.2	0.61	0.79	63%	18%	10.3%	11%
2016	207	Kendall Graveman	http://www.baseball-reference.com/players/g/graveke01.shtml	graveke01	25	1	OAK	0.0%	100.0%	0.0%	0.0%			1.0					0%			
2016	208	Jon Gray	http://www.baseball-reference.com/players/g/grayjo02.shtml	grayjo02	24	5	COL	0.0%	80.0%	0.0%	0.0%			1.3					20%	0%		
2016	209	Shane Greene	http://www.baseball-reference.com/players/g/greensh02.shtml	greensh02	27	2	DET	0.0%	0.0%	0.0%	0.0%						1.00	1.00	100%	0%	0.0%	0%
2016	210	Didi Gregorius*	http://www.baseball-reference.com/players/g/gregodi01.shtml	gregodi01	26	73	NYY	2.7%	19.2%	2.7%	5.5%	27%	7.00	4.9	34.0	17.0	0.96	1.00	73%	18%	9.1%	21%
2016	211	Zack Greinke	http://www.baseball-reference.com/players/g/greinza01.shtml	greinza01	32	15	ARI	0.0%	13.3%	6.7%	0.0%	0%	2.00	6.5		13.0	2.67	6.00	73%	17%	0.0%	33%
2016	212	Randal Grichuk	http://www.baseball-reference.com/players/g/grichra01.shtml	grichra01	24	90	STL	4.4%	26.7%	10.0%	8.9%	50%	2.67	3.3	20.0	6.2	0.54	0.58	59%	18%	13.3%	19%
2016	213	Franklin Gutierrez	http://www.baseball-reference.com/players/g/gutiefr01.shtml	gutiefr01	33	37	SEA	0.0%	37.8%	13.5%	5.4%	33%	2.80	2.1		10.0	1.83	3.00	46%	29%	0.0%	0%
2016	214	Brandon Guyer	http://www.baseball-reference.com/players/g/guyerbr01.shtml	guyerbr01	30	45	TBR	2.2%	11.1%	4.4%	4.4%	18%	2.50	7.4	37.0	12.3	0.82	1.44	69%	31%	5.9%	0%
2016	215	Jedd Gyorko	http://www.baseball-reference.com/players/g/gyorkje01.shtml	gyorkje01	27	63	STL	6.4%	22.2%	7.9%	9.5%	46%	2.80	4.1	14.5	7.3	0.63	1.07	63%	27%	17.4%	15%
2016	216	Billy Hamilton#	http://www.baseball-reference.com/players/h/hamilbi02.shtml	hamilbi02	25	70	CIN	1.4%	18.6%	7.1%	10.0%	50%	2.60	4.8	63.0	12.6	1.14	1.53	70%	23%	5.3%	10%
2016	217	Jason Hammel	http://www.baseball-reference.com/players/h/hammeja01.shtml	hammeja01	33	13	CHC	0.0%	38.5%	0.0%	7.7%	33%		2.6		4.3	1.33	1.00	62%	13%	0.0%	33%
2016	218	Ryan Hanigan	http://www.baseball-reference.com/players/h/hanigry01.shtml	hanigry01	35	31	BOS	0.0%	22.6%	12.9%	3.2%	20%	1.75	3.9		27.0	0.43	0.45	65%	40%	0.0%	14%
2016	219	J.J. Hardy	http://www.baseball-reference.com/players/h/hardyjj01.shtml	hardyjj01	33	86	BAL	2.3%	15.1%	7.0%	10.5%	47%	2.17	6.0	39.0	9.8	0.76	0.96	76%	27%	6.1%	13%
2016	220	Bryce Harper*	http://www.baseball-reference.com/players/h/harpebr03.shtml	harpebr03	23	104	WSN	8.7%	18.3%	16.4%	14.4%	65%	1.12	4.5	9.4	3.5	0.49	0.88	57%	26%	22.0%	9%
2016	221	Josh Harrison	http://www.baseball-reference.com/players/h/harrijo05.shtml	harrijo05	28	108	PIT	0.9%	14.8%	4.6%	6.5%	23%	3.20	6.2	99.0	6.6	0.68	0.87	78%	34%	2.1%	4%
2016	222	Matt Harvey	http://www.baseball-reference.com/players/h/harvema01.shtml	harvema01	27	5	NYM	0.0%	40.0%	0.0%	0.0%			2.0					40%	0%		
2016	223	Drew Hayes	http://www.baseball-reference.com/players/h/hayesdr01.shtml	hayesdr01	28	2	CIN	0.0%	0.0%	0.0%	0.0%								50%	0%		
2016	224	Jeremy Hazelbaker*	http://www.baseball-reference.com/players/h/hazelje01.shtml	hazelje01	28	72	STL	6.9%	31.9%	6.9%	15.3%	55%	4.60	2.8	12.8	4.9	1.33	2.43	53%	20%	27.8%	0%
2016	225	Chase Headley#	http://www.baseball-reference.com/players/h/headlch01.shtml	headlch01	32	75	NYY	0.0%	20.0%	13.3%	0.0%	0%	1.50	4.3		32.0	1.00	0.95	67%	18%	0.0%	8%
2016	226	Adeiny Hechavarria	http://www.baseball-reference.com/players/h/hechaad01.shtml	hechaad01	27	82	MIA	2.4%	11.0%	4.9%	6.1%	29%	2.25	8.4	38.0	8.4	1.13	1.38	82%	20%	6.5%	3%
2016	227	Chris Heisey	http://www.baseball-reference.com/players/h/heisech01.shtml	heisech01	31	26	WSN	11.5%	34.6%	7.7%	11.5%	50%	4.50	2.6	7.7	7.7	0.63	1.00	42%	21%	50.0%	25%
2016	228	Jeremy Hellickson	http://www.baseball-reference.com/players/h/hellije01.shtml	hellije01	29	11	PHI	0.0%	27.3%	0.0%	0.0%	0%		3.0			2.00		55%	25%	0.0%	0%
2016	229	Kyle Hendricks	http://www.baseball-reference.com/players/h/hendrky01.shtml	hendrky01	26	8	CHC	0.0%	62.5%	0.0%	0.0%	0%		1.6			1.00		38%	33%	0.0%	0%
2016	230	Cesar Hernandez#	http://www.baseball-reference.com/players/h/hernace02.shtml	hernace02	26	91	PHI	0.0%	17.6%	7.7%	4.4%	19%	2.29	5.1		20.5	1.10	1.35	73%	22%	0.0%	13%
2016	231	Enrique Hernandez	http://www.baseball-reference.com/players/h/hernaen02.shtml	hernaen02	24	63	LAD	3.2%	17.5%	12.7%	7.9%	36%	1.38	5.0	27.5	6.9	0.63	1.00	67%	32%	8.0%	7%
2016	232	Marco Hernandez*	http://www.baseball-reference.com/players/h/hernama02.shtml	hernama02	23	3	BOS	0.0%	0.0%	33.3%	0.0%	0%	0.00				0.00	0.00	67%	50%	0.0%	0%
2016	233	Odubel Herrera*	http://www.baseball-reference.com/players/h/herreod01.shtml	herreod01	24	111	PHI	1.8%	16.2%	20.7%	3.6%	15%	0.78	4.8	43.5	9.7	0.60	0.55	61%	24%	5.4%	14%
2016	234	Chris Herrmann*	http://www.baseball-reference.com/players/h/herrmch01.shtml	herrmch01	28	35	ARI	5.7%	28.6%	5.7%	11.4%	67%	5.00	3.3	16.5	4.7	0.64	1.00	60%	22%	15.4%	7%
2016	235	Jason Heyward*	http://www.baseball-reference.com/players/h/heywaja01.shtml	heywaja01	26	104	CHC	0.0%	19.2%	12.5%	3.9%	21%	1.54	4.5		6.9	0.84	1.08	67%	30%	0.0%	18%
2016	236	Aaron Hicks#	http://www.baseball-reference.com/players/h/hicksaa01.shtml	hicksaa01	26	28	NYY	0.0%	10.7%	7.1%	0.0%	0%	1.50	8.7		13.0	1.09	1.40	82%	13%	0.0%	9%
2016	237	Aaron Hill	http://www.baseball-reference.com/players/h/hillaa01.shtml	hillaa01	34	82	MIL	1.2%	15.9%	7.3%	3.7%	21%	2.17	5.5	72.0	10.3	0.63	0.75	74%	29%	3.0%	13%
2016	238	Bryan Holaday	http://www.baseball-reference.com/players/h/holadbr01.shtml	holadbr01	28	43	TEX	0.0%	23.3%	4.7%	2.3%	17%	5.00	3.9		13.0	0.26	0.21	67%	17%	0.0%	26%
2016	239	Matt Holliday	http://www.baseball-reference.com/players/h/hollima01.shtml	hollima01	36	92	STL	3.3%	15.2%	8.7%	13.0%	57%	1.75	5.9	27.3	6.3	1.19	2.29	71%	21%	10.7%	10%
2016	240	Brock Holt*	http://www.baseball-reference.com/players/h/holtbr01.shtml	holtbr01	28	85	BOS	2.4%	14.1%	11.8%	5.9%	26%	1.20	5.9	35.5	4.7	1.18	1.25	69%	24%	7.7%	7%
2016	241	Tyler Holt	http://www.baseball-reference.com/players/h/holtty01.shtml	holtty01	27	24	CIN	0.0%	25.0%	4.2%	4.2%	14%	6.00	3.5			1.14	2.67	63%	31%	0.0%	0%
2016	242	Eric Hosmer*	http://www.baseball-reference.com/players/h/hosmeer01.shtml	hosmeer01	26	103	KCR	3.9%	15.5%	7.8%	9.7%	31%	2.00	5.9	23.8	10.6	1.79	2.13	73%	14%	16.0%	11%
2016	243	Ryan Howard*	http://www.baseball-reference.com/players/h/howarry01.shtml	howarry01	36	90	PHI	5.6%	33.3%	7.8%	6.7%	40%	4.29	2.7	16.2	8.1	0.43	0.46	53%	32%	16.1%	16%
2016	244	Phil Hughes	http://www.baseball-reference.com/players/h/hugheph01.shtml	hugheph01	30	2	MIN	0.0%	100.0%	0.0%	0.0%			1.0					0%			
2016	245	Nick Hundley	http://www.baseball-reference.com/players/h/hundlni01.shtml	hundlni01	32	51	COL	3.9%	15.7%	17.7%	11.8%	50%	0.89	5.3	21.0	6.0	2.09	4.00	63%	24%	18.2%	0%
2016	246	Cedric Hunter*	http://www.baseball-reference.com/players/h/huntece01.shtml	huntece01	28	36	PHI	2.8%	16.7%	5.6%	2.8%	33%	3.00	5.7	34.0	34.0	0.80	0.86	75%	11%	8.3%	20%
2016	247	Chris Iannetta	http://www.baseball-reference.com/players/i/iannech01.shtml	iannech01	33	73	SEA	2.7%	27.4%	12.3%	4.1%	20%	2.22	3.2	31.5	9.0	0.54	0.50	56%	37%	9.1%	21%
2016	248	Jose Iglesias	http://www.baseball-reference.com/players/i/iglesjo01.shtml	iglesjo01	26	83	DET	0.0%	10.8%	9.6%	1.2%	5%	1.13	8.3		37.5	1.06	1.14	80%	27%	0.0%	16%
2016	249	Raisel Iglesias	http://www.baseball-reference.com/players/i/iglesra01.shtml	iglesra01	26	10	CIN	0.0%	20.0%	0.0%	0.0%			5.0			6.00	3.00	80%	13%	0.0%	0%
2016	250	Ender Inciarte*	http://www.baseball-reference.com/players/i/inciaen01.shtml	inciaen01	25	10	ATL	0.0%	10.0%	20.0%	0.0%	0%	0.50	8.0			1.33	1.00	70%	14%	0.0%	33%
2016	251	Omar Infante	http://www.baseball-reference.com/players/i/infanom01.shtml	infanom01	34	84	KCR	0.0%	19.1%	4.8%	8.3%	35%	4.00	4.9		19.5	0.85	0.95	75%	22%	0.0%	12%
2016	252	Austin Jackson	http://www.baseball-reference.com/players/j/jacksau01.shtml	jacksau01	29	90	CHW	0.0%	17.8%	4.4%	8.9%	42%	4.00	5.2		10.4	0.83	0.96	74%	20%	0.0%	8%
2016	253	Travis Jankowski*	http://www.baseball-reference.com/players/j/jankotr01.shtml	jankotr01	25	20	SDP	0.0%	45.0%	15.0%	0.0%	0%	3.00	1.9		17.0	0.75	1.00	40%	50%	0.0%	0%
2016	254	John Jaso*	http://www.baseball-reference.com/players/j/jasojo01.shtml	jasojo01	32	100	PIT	2.0%	11.0%	9.0%	9.0%	35%	1.22	8.1	44.5	11.1	1.32	2.53	77%	22%	6.7%	12%
2016	255	Jon Jay*	http://www.baseball-reference.com/players/j/jayjo02.shtml	jayjo02	31	113	SDP	0.0%	25.7%	8.0%	4.4%	18%	3.22	3.6		11.6	1.47	2.13	66%	27%	0.0%	10%
2016	256	Desmond Jennings	http://www.baseball-reference.com/players/j/jennide01.shtml	jennide01	29	79	TBR	1.3%	25.3%	6.3%	3.8%	23%	4.00	3.6	71.0	11.8	1.17	1.17	65%	13%	5.6%	25%
2016	257	Chris Johnson	http://www.baseball-reference.com/players/j/johnsch05.shtml	johnsch05	31	24	MIA	0.0%	37.5%	8.3%	4.2%	20%	4.50	2.4			0.86	4.00	54%	15%	0.0%	0%
2016	258	Kelly Johnson*	http://www.baseball-reference.com/players/j/johnske05.shtml	johnske05	34	52	ATL	0.0%	21.2%	7.7%	5.8%	33%	2.75	4.4		12.0	1.06	1.17	71%	24%	0.0%	11%
2016	259	Micah Johnson*	http://www.baseball-reference.com/players/j/johnsmi04.shtml	johnsmi04	25	3	LAD	0.0%	0.0%	0.0%	0.0%						0.00	0.50	100%	33%	0.0%	0%
2016	260	Adam Jones	http://www.baseball-reference.com/players/j/jonesad01.shtml	jonesad01	30	79	BAL	1.3%	19.0%	8.9%	6.3%	31%	2.14	4.7	71.0	10.1	1.29	2.13	70%	23%	4.5%	8%
2016	261	Caleb Joseph	http://www.baseball-reference.com/players/j/josepca01.shtml	josepca01	30	37	BAL	0.0%	18.9%	10.8%	2.7%	14%	1.75	4.7			0.73	0.92	70%	35%	0.0%	7%
2016	262	Matthew Joyce*	http://www.baseball-reference.com/players/j/joycema01.shtml	joycema01	31	40	PIT	7.5%	22.5%	22.5%	12.5%	42%	1.00	3.4	10.3	3.1	0.69	2.33	48%	27%	25.0%	8%
2016	263	Taylor Jungmann	http://www.baseball-reference.com/players/j/jungmta01.shtml	jungmta01	26	7	MIL	0.0%	57.1%	0.0%	0.0%	0%		1.8			2.00		43%	33%	0.0%	0%
2016	264	Munenori Kawasaki*	http://www.baseball-reference.com/players/k/kawasmu01.shtml	kawasmu01	35	2	CHC	0.0%	0.0%	0.0%	0.0%	0%					1.00	0.00	100%	50%	0.0%	0%
2016	265	Scott Kazmir*	http://www.baseball-reference.com/players/k/kazmisc01.shtml	kazmisc01	32	9	LAD	0.0%	66.7%	0.0%	0.0%			1.3					22%	0%		
2016	266	Matt Kemp	http://www.baseball-reference.com/players/k/kempma01.shtml	kempma01	31	103	SDP	6.8%	19.4%	2.9%	14.6%	52%	6.67	5.0	14.1	4.7	0.51	0.90	71%	31%	14.3%	8%
2016	267	Howie Kendrick	http://www.baseball-reference.com/players/k/kendrho01.shtml	kendrho01	32	58	LAD	0.0%	25.9%	3.5%	0.0%	0%	7.50	3.7			1.56	2.27	71%	29%	0.0%	0%
2016	268	Max Kepler*	http://www.baseball-reference.com/players/k/keplema01.shtml	keplema01	23	14	MIN	0.0%	35.7%	14.3%	14.3%	100%	2.50	2.4			0.75	0.67	50%	43%	0.0%	0%
2016	269	Clayton Kershaw*	http://www.baseball-reference.com/players/k/kershcl01.shtml	kershcl01	28	18	LAD	0.0%	33.3%	0.0%	5.6%	25%		3.0		9.0	3.00		67%	17%	0.0%	0%
2016	270	Dallas Keuchel*	http://www.baseball-reference.com/players/k/keuchda01.shtml	keuchda01	28	2	HOU	0.0%	0.0%	0.0%	0.0%								100%	0%		
2016	271	Kevin Kiermaier*	http://www.baseball-reference.com/players/k/kiermke01.shtml	kiermke01	26	76	TBR	4.0%	15.8%	9.2%	10.5%	50%	1.71	5.6	22.3	11.2	0.57	0.95	68%	22%	11.1%	23%
2016	272	Hyun Soo Kim*	http://www.baseball-reference.com/players/k/kimhy01.shtml	kimhy01	28	17	BAL	0.0%	11.8%	11.8%	5.9%	11%	1.00	7.5		15.0	1.17	4.00	76%	46%	0.0%	0%
2016	273	Ian Kinsler	http://www.baseball-reference.com/players/k/kinslia01.shtml	kinslia01	34	107	DET	3.7%	15.9%	5.6%	7.5%	26%	2.83	5.8	24.8	7.6	0.36	0.33	74%	31%	7.3%	10%
2016	274	Jason Kipnis*	http://www.baseball-reference.com/players/k/kipnija01.shtml	kipnija01	29	98	CLE	3.1%	29.6%	7.1%	8.2%	35%	4.14	3.0	29.3	6.8	0.63	0.95	60%	35%	8.8%	11%
2016	275	Corey Kluber	http://www.baseball-reference.com/players/k/klubeco01.shtml	klubeco01	30	3	CLE	0.0%	33.3%	0.0%	33.3%	100%		2.0			0.00		33%	50%	0.0%	0%
2016	276	Tom Koehler	http://www.baseball-reference.com/players/k/koehlto01.shtml	koehlto01	30	7	MIA	0.0%	42.9%	0.0%	0.0%	0%		2.0			2.00		43%	25%	0.0%	0%
2016	277	Erik Kratz	http://www.baseball-reference.com/players/k/kratzer01.shtml	kratzer01	36	20	HOU	0.0%	45.0%	5.0%	0.0%	0%	9.00	2.1			0.80	1.00	50%	20%	0.0%	0%
2016	278	Tommy La Stella*	http://www.baseball-reference.com/players/l/lasteto01.shtml	lasteto01	27	38	CHC	2.6%	7.9%	10.5%	15.8%	60%	0.75	11.0	33.0	8.3	0.76	1.22	76%	27%	6.7%	12%
2016	279	John Lackey	http://www.baseball-reference.com/players/l/lackejo01.shtml	lackejo01	37	15	CHC	0.0%	46.7%	6.7%	0.0%	0%	7.00	2.0		7.0	1.33	1.50	47%	29%	0.0%	0%
2016	280	Tyler Ladendorf	http://www.baseball-reference.com/players/l/ladenty01.shtml	ladenty01	28	2	OAK	0.0%	50.0%	0.0%	0.0%			2.0					50%	0%		
2016	281	Juan Lagares	http://www.baseball-reference.com/players/l/lagarju01.shtml	lagarju01	27	39	NYM	0.0%	10.3%	7.7%	7.7%	27%	1.33	9.0		18.0	0.88	1.10	82%	25%	0.0%	29%
2016	282	Jake Lamb*	http://www.baseball-reference.com/players/l/lambja01.shtml	lambja01	25	93	ARI	3.2%	20.4%	11.8%	12.9%	55%	1.73	4.2	26.7	7.3	0.94	1.69	63%	32%	10.7%	13%
2016	283	Andrew Lambo*	http://www.baseball-reference.com/players/l/lamboan01.shtml	lamboan01	27	1	OAK	0.0%	0.0%	0.0%	0.0%								100%	0%		
2016	284	Brett Lawrie	http://www.baseball-reference.com/players/l/lawribr01.shtml	lawribr01	26	106	CHW	3.8%	27.4%	11.3%	11.3%	44%	2.42	3.2	23.3	9.3	0.60	0.95	57%	22%	12.5%	20%
2016	285	Mike Leake	http://www.baseball-reference.com/players/l/leakemi01.shtml	leakemi01	28	9	STL	0.0%	33.3%	0.0%	0.0%	0%		3.0		9.0	0.50	0.25	67%	0%	0.0%	25%
2016	286	Dae-ho Lee	http://www.baseball-reference.com/players/l/leeda02.shtml	leeda02	34	29	SEA	6.9%	17.2%	3.5%	6.9%	29%	5.00	5.4	13.5	9.0	1.20	1.43	69%	18%	22.2%	10%
2016	287	DJ LeMahieu	http://www.baseball-reference.com/players/l/lemahdj01.shtml	lemahdj01	27	96	COL	2.1%	14.6%	7.3%	7.3%	27%	2.00	6.2	43.5	10.9	1.06	1.43	75%	33%	6.3%	11%
2016	288	Jon Lester*	http://www.baseball-reference.com/players/l/lestejo01.shtml	lestejo01	32	9	CHC	0.0%	11.1%	11.1%	11.1%	100%	1.00	6.0		6.0	1.50	6.00	56%	29%	0.0%	0%
2016	289	Adam Lind*	http://www.baseball-reference.com/players/l/lindad01.shtml	lindad01	32	73	SEA	1.4%	26.0%	2.7%	4.1%	19%	9.50	3.7	70.0	17.5	0.68	0.86	70%	27%	3.4%	6%
2016	290	Francisco Lindor#	http://www.baseball-reference.com/players/l/lindofr01.shtml	lindofr01	22	97	CLE	1.0%	19.6%	10.3%	5.2%	20%	1.90	4.5	85.0	9.4	1.16	1.05	68%	25%	3.8%	16%
2016	291	Francisco Liriano*	http://www.baseball-reference.com/players/l/liriafr01.shtml	liriafr01	32	13	PIT	0.0%	38.5%	0.0%	7.7%	20%		2.6		4.3	1.00	0.00	62%	38%	0.0%	0%
2016	292	Jose Lobaton#	http://www.baseball-reference.com/players/l/lobatjo01.shtml	lobatjo01	31	38	WSN	0.0%	10.5%	10.5%	2.6%	17%	1.00	8.3		11.0	1.42	2.13	76%	21%	0.0%	0%
2016	293	Kyle Lobstein*	http://www.baseball-reference.com/players/l/lobstky01.shtml	lobstky01	26	2	PIT	0.0%	50.0%	0.0%	0.0%			2.0					50%	0%		
2016	294	Jeff Locke*	http://www.baseball-reference.com/players/l/lockeje01.shtml	lockeje01	28	9	PIT	0.0%	44.4%	0.0%	0.0%	0%		1.8					33%	0%		
2016	295	Evan Longoria	http://www.baseball-reference.com/players/l/longoev01.shtml	longoev01	30	103	TBR	4.9%	21.4%	3.9%	10.7%	46%	5.50	4.5	19.8	9.0	0.51	0.72	70%	22%	11.1%	12%
2016	296	David Lough*	http://www.baseball-reference.com/players/l/loughda01.shtml	loughda01	30	37	PHI	0.0%	5.4%	8.1%	5.4%	22%	0.67	16.0		10.7	0.63	0.83	84%	26%	0.0%	26%
2016	297	Jed Lowrie#	http://www.baseball-reference.com/players/l/lowrije01.shtml	lowrije01	32	100	OAK	0.0%	15.0%	7.0%	5.0%	18%	2.14	6.1		7.0	1.00	0.83	78%	19%	0.0%	10%
2016	298	Jonathan Lucroy	http://www.baseball-reference.com/players/l/lucrojo01.shtml	lucrojo01	30	89	MIL	0.0%	20.2%	9.0%	6.7%	24%	2.25	4.5		10.1	0.70	1.11	71%	37%	0.0%	8%
2016	299	Jordan Lyles	http://www.baseball-reference.com/players/l/lylesjo01.shtml	lylesjo01	25	5	COL	0.0%	60.0%	0.0%	0.0%			1.7			0.00	0.00	40%	50%	0.0%	0%
2016	300	Manny Machado	http://www.baseball-reference.com/players/m/machama01.shtml	machama01	23	109	BAL	6.4%	16.5%	7.3%	15.6%	49%	2.25	5.6	14.3	6.3	0.64	0.88	69%	32%	17.1%	18%
2016	301	Kenta Maeda	http://www.baseball-reference.com/players/m/maedake01.shtml	maedake01	28	12	LAD	8.3%	25.0%	0.0%	8.3%	100%		3.7	11.0	11.0	1.00	1.67	58%	22%	33.3%	25%
2016	302	Martin Maldonado	http://www.baseball-reference.com/players/m/maldoma01.shtml	maldoma01	29	22	MIL	0.0%	13.6%	18.2%	0.0%	0%	0.75	6.0		9.0	2.75	2.50	68%	0%	0.0%	0%
2016	303	Jake Marisnick	http://www.baseball-reference.com/players/m/marisja01.shtml	marisja01	25	11	HOU	0.0%	54.6%	9.1%	0.0%	0%	6.00	1.7			1.00	0.50	36%	0%	0.0%	0%
2016	304	Nick Markakis*	http://www.baseball-reference.com/players/m/markani01.shtml	markani01	32	110	ATL	0.0%	15.5%	13.6%	10.0%	41%	1.13	5.4		4.6	0.81	1.23	69%	30%	0.0%	5%
2016	305	Ketel Marte#	http://www.baseball-reference.com/players/m/marteke01.shtml	marteke01	22	94	SEA	0.0%	18.1%	4.3%	3.2%	13%	4.25	5.1		29.0	0.86	1.23	76%	28%	0.0%	11%
2016	306	Starling Marte	http://www.baseball-reference.com/players/m/martest01.shtml	martest01	27	116	PIT	2.6%	19.8%	2.6%	11.2%	37%	7.67	4.7	35.7	8.2	0.83	1.21	70%	32%	7.1%	9%
2016	307	Leonys Martin*	http://www.baseball-reference.com/players/m/martile01.shtml	martile01	28	88	SEA	4.6%	34.1%	9.1%	8.0%	54%	3.75	2.6	19.3	7.7	0.62	0.59	50%	18%	16.0%	14%
2016	308	Russell Martin	http://www.baseball-reference.com/players/m/martiru01.shtml	martiru01	33	71	TOR	0.0%	43.7%	5.6%	1.4%	11%	7.75	2.1		16.0	1.00	1.45	48%	26%	0.0%	0%
2016	309	Carlos Martinez	http://www.baseball-reference.com/players/m/martica04.shtml	martica04	24	14	STL	0.0%	14.3%	0.0%	0.0%	0%		6.5		4.3	10.00		79%	8%	0.0%	0%
2016	310	J.D. Martinez	http://www.baseball-reference.com/players/m/martijd02.shtml	martijd02	28	105	DET	2.9%	18.1%	10.5%	7.6%	32%	1.73	4.8	30.3	8.3	0.57	0.79	68%	27%	6.8%	6%
2016	311	Victor Martinez#	http://www.baseball-reference.com/players/m/martivi01.shtml	martivi01	37	88	DET	5.7%	10.2%	6.8%	17.1%	54%	1.50	8.9	16.0	4.4	0.48	0.83	75%	27%	12.2%	15%
2016	312	Jeff Mathis	http://www.baseball-reference.com/players/m/mathije01.shtml	mathije01	33	19	MIA	0.0%	26.3%	5.3%	5.3%	33%	5.00	3.6			1.17	1.50	68%	23%	0.0%	17%
2016	313	Steven Matz	http://www.baseball-reference.com/players/m/matzst01.shtml	matzst01	25	6	NYM	0.0%	50.0%	0.0%	0.0%	0%		1.7			1.00	1.00	33%	0%	0.0%	0%
2016	314	Joe Mauer*	http://www.baseball-reference.com/players/m/mauerjo01.shtml	mauerjo01	33	115	MIN	0.9%	7.8%	18.3%	7.0%	27%	0.43	10.2	92.0	11.5	0.91	1.38	72%	32%	2.3%	0%
2016	315	Nomar Mazara*	http://www.baseball-reference.com/players/m/mazarno01.shtml	mazarno01	21	83	TEX	3.6%	16.9%	8.4%	6.0%	21%	2.00	5.1	24.0	8.0	0.79	1.41	70%	25%	9.7%	9%
2016	316	Vin Mazzaro	http://www.baseball-reference.com/players/m/mazzavi01.shtml	mazzavi01	29	1	SFG	0.0%	100.0%	0.0%	0.0%			1.0					0%			
2016	317	Brian McCann*	http://www.baseball-reference.com/players/m/mccanbr01.shtml	mccanbr01	32	75	NYY	4.0%	28.0%	12.0%	5.3%	24%	2.33	3.1	21.7	9.3	0.76	1.31	55%	20%	15.0%	20%
2016	318	James McCann	http://www.baseball-reference.com/players/m/mccanja02.shtml	mccanja02	26	15	DET	0.0%	33.3%	0.0%	0.0%	0%		3.0		7.5	1.50	1.67	67%	10%	0.0%	0%
2016	319	Andrew McCutchen	http://www.baseball-reference.com/players/m/mccutan01.shtml	mccutan01	29	118	PIT	5.1%	22.9%	12.7%	9.3%	48%	1.80	3.7	16.8	8.4	0.42	0.58	58%	31%	13.0%	12%
2016	320	Tim Melville	http://www.baseball-reference.com/players/m/melviti01.shtml	melviti01	26	2	CIN	0.0%	100.0%	0.0%	0.0%			1.0					0%			
2016	321	Jordy Mercer	http://www.baseball-reference.com/players/m/mercejo03.shtml	mercejo03	29	111	PIT	0.9%	12.6%	10.8%	5.4%	20%	1.17	6.6	92.0	7.1	0.95	1.67	71%	31%	2.8%	12%
2016	322	Devin Mesoraco	http://www.baseball-reference.com/players/m/mesorde01.shtml	mesorde01	28	55	CIN	0.0%	18.2%	9.1%	1.8%	14%	2.00	5.0		50.0	0.90	1.00	73%	33%	0.0%	14%
2016	323	Brad Miller*	http://www.baseball-reference.com/players/m/millebr02.shtml	millebr02	26	75	TBR	2.7%	26.7%	9.3%	9.3%	58%	2.86	3.4	34.0	13.6	0.78	1.00	61%	19%	8.7%	15%
2016	324	Shelby Miller	http://www.baseball-reference.com/players/m/millesh01.shtml	millesh01	25	8	ARI	0.0%	62.5%	0.0%	0.0%			1.6			2.00	2.00	38%	33%	0.0%	0%
2016	325	Tommy Milone*	http://www.baseball-reference.com/players/m/milonto01.shtml	milonto01	29	2	MIN	0.0%	0.0%	0.0%	0.0%	0%					1.00		100%	50%	0.0%	0%
2016	326	Yadier Molina	http://www.baseball-reference.com/players/m/molinya01.shtml	molinya01	33	102	STL	0.0%	12.8%	10.8%	7.8%	27%	1.18	6.9		9.0	0.93	1.17	75%	29%	0.0%	5%
2016	327	Miguel Montero*	http://www.baseball-reference.com/players/m/montemi01.shtml	montemi01	32	57	CHC	1.8%	28.1%	14.0%	7.0%	40%	2.00	3.0	48.0	8.0	0.74	1.18	56%	24%	5.9%	11%
2016	328	Kendrys Morales#	http://www.baseball-reference.com/players/m/moralke01.shtml	moralke01	33	101	KCR	2.0%	22.8%	5.9%	6.9%	35%	3.83	4.0	46.0	11.5	0.78	1.04	68%	21%	5.9%	15%
2016	329	Mitch Moreland*	http://www.baseball-reference.com/players/m/morelmi01.shtml	morelmi01	30	88	TEX	3.4%	31.8%	5.7%	11.4%	48%	5.60	2.9	27.3	6.8	0.80	1.06	58%	24%	12.5%	20%
2016	330	Adam Morgan*	http://www.baseball-reference.com/players/m/morgaad01.shtml	morgaad01	26	1	PHI	0.0%	0.0%	0.0%	0.0%								100%	0%		
2016	331	Bryan Morris*	http://www.baseball-reference.com/players/m/morribr01.shtml	morribr01	29	1	MIA	0.0%	100.0%	0.0%	0.0%			1.0					0%			
2016	332	Logan Morrison*	http://www.baseball-reference.com/players/m/morrilo01.shtml	morrilo01	28	68	TBR	0.0%	36.8%	5.9%	2.9%	33%	6.25	2.6			1.29	1.36	57%	10%	0.0%	12%
2016	333	Mike Morse	http://www.baseball-reference.com/players/m/morsemi01.shtml	morsemi01	34	8	PIT	0.0%	25.0%	0.0%	0.0%			4.0			2.00	2.00	75%	0%	0.0%	50%
2016	334	Charlie Morton	http://www.baseball-reference.com/players/m/mortoch02.shtml	mortoch02	32	7	PHI	0.0%	42.9%	0.0%	0.0%	0%		2.0			1.00	3.00	43%	0%	0.0%	0%
2016	335	Jon Moscot	http://www.baseball-reference.com/players/m/moscojo01.shtml	moscojo01	24	5	CIN	0.0%	60.0%	0.0%	0.0%			1.3					20%	0%		
2016	336	Brandon Moss*	http://www.baseball-reference.com/players/m/mossbr01.shtml	mossbr01	32	82	STL	7.3%	29.3%	8.5%	11.0%	56%	3.43	3.0	11.8	4.4	0.50	0.89	51%	25%	20.0%	6%
2016	337	Mike Moustakas*	http://www.baseball-reference.com/players/m/moustmi01.shtml	moustmi01	27	101	KCR	6.9%	9.9%	7.9%	12.9%	54%	1.25	9.3	13.3	8.5	0.69	1.18	75%	31%	15.6%	8%
2016	338	Daniel Murphy*	http://www.baseball-reference.com/players/m/murphda08.shtml	murphda08	31	98	WSN	2.0%	12.2%	8.2%	13.3%	38%	1.50	7.4	44.5	6.8	0.48	0.39	77%	36%	4.3%	10%
2016	339	John Ryan Murphy	http://www.baseball-reference.com/players/m/murphjr01.shtml	murphjr01	25	40	MIN	0.0%	12.5%	5.0%	2.5%	33%	2.50	7.2			0.76	1.07	78%	12%	0.0%	24%
2016	340	Wil Myers	http://www.baseball-reference.com/players/m/myerswi01.shtml	myerswi01	25	113	SDP	4.4%	26.6%	6.2%	8.9%	31%	4.29	3.5	20.8	8.0	0.67	0.72	63%	37%	11.6%	4%
2016	341	Mike Napoli	http://www.baseball-reference.com/players/n/napolmi01.shtml	napolmi01	34	84	CLE	4.8%	39.3%	6.0%	9.5%	50%	6.60	2.4	19.5	7.1	0.88	1.54	49%	22%	19.0%	13%
2016	342	Tyler Naquin*	http://www.baseball-reference.com/players/n/naquity01.shtml	naquity01	25	49	CLE	0.0%	32.7%	2.0%	8.2%	25%	16.00	3.0		24.0	1.21	2.00	65%	25%	0.0%	0%
2016	343	Chris Narveson*	http://www.baseball-reference.com/players/n/narvech01.shtml	narvech01	34	3	MIA	0.0%	66.7%	0.0%	0.0%			1.5					33%	0%		
2016	344	Daniel Nava#	http://www.baseball-reference.com/players/n/navada01.shtml	navada01	33	15	LAA	0.0%	20.0%	0.0%	0.0%	0%		4.7		14.0	1.20	1.33	73%	9%	0.0%	0%
2016	345	Dioner Navarro#	http://www.baseball-reference.com/players/n/navardi01.shtml	navardi01	32	59	CHW	3.4%	20.3%	5.1%	6.8%	40%	4.00	4.5	27.0	6.0	0.87	1.00	71%	25%	9.1%	4%
2016	346	Jimmy Nelson	http://www.baseball-reference.com/players/n/nelsoji02.shtml	nelsoji02	27	17	MIL	0.0%	47.1%	0.0%	0.0%	0%		1.8		14.0	1.50		35%	22%	0.0%	0%
2016	347	Juan Nicasio	http://www.baseball-reference.com/players/n/nicasju01.shtml	nicasju01	29	9	PIT	0.0%	11.1%	0.0%	0.0%	0%		8.0					78%	0%		
2016	348	Brett Nicholas*	http://www.baseball-reference.com/players/n/nichobr01.shtml	nichobr01	27	35	TEX	5.7%	17.1%	11.4%	14.3%	63%	1.50	5.2	15.5	7.8	0.47	0.67	66%	28%	12.5%	6%
2016	349	Justin Nicolino*	http://www.baseball-reference.com/players/n/nicolju01.shtml	nicolju01	24	3	MIA	0.0%	66.7%	0.0%	0.0%			1.5					33%	0%		
2016	350	Jon Niese*	http://www.baseball-reference.com/players/n/niesejo01.shtml	niesejo01	29	10	PIT	0.0%	30.0%	10.0%	0.0%	0%	3.00	3.0		9.0	2.00	3.00	60%	33%	0.0%	0%
2016	351	Kirk Nieuwenhuis*	http://www.baseball-reference.com/players/n/nieuwki01.shtml	nieuwki01	28	47	MIL	2.1%	31.9%	8.5%	8.5%	33%	3.75	2.9	43.0	4.8	1.33	3.50	57%	25%	11.1%	25%
2016	352	Aaron Nola	http://www.baseball-reference.com/players/n/nolaaa01.shtml	nolaaa01	23	10	PHI	0.0%	70.0%	0.0%	0.0%			1.4					30%	0%		
2016	353	Ricky Nolasco	http://www.baseball-reference.com/players/n/nolasri01.shtml	nolasri01	33	3	MIN	0.0%	33.3%	33.3%	0.0%		1.00	2.0			0.00	0.00	33%	100%	0.0%	0%
2016	354	Bud Norris	http://www.baseball-reference.com/players/n/norribu01.shtml	norribu01	31	8	ATL	0.0%	12.5%	25.0%	0.0%		0.50	4.0					38%	0%		
2016	355	Derek Norris	http://www.baseball-reference.com/players/n/norride01.shtml	norride01	27	87	SDP	1.2%	28.7%	4.6%	5.8%	42%	6.25	3.3	83.0	27.7	0.76	0.88	66%	24%	3.6%	15%
2016	356	Eduardo Nunez	http://www.baseball-reference.com/players/n/nunezed02.shtml	nunezed02	29	69	MIN	1.5%	15.9%	4.4%	5.8%	17%	3.67	5.6	62.0	6.2	1.00	0.81	74%	25%	4.2%	8%
2016	357	Ryan O'Rourke	http://www.baseball-reference.com/players/o/orourry01.shtml	orourry01	28	1	MIN	0.0%	0.0%	0.0%	0.0%								100%	0%		
2016	358	Brett Oberholtzer*	http://www.baseball-reference.com/players/o/oberhbr01.shtml	oberhbr01	26	3	PHI	0.0%	66.7%	0.0%	0.0%			1.5					33%	0%		
2016	359	Rougned Odor*	http://www.baseball-reference.com/players/o/odorro01.shtml	odorro01	22	102	TEX	2.9%	16.7%	4.9%	9.8%	39%	3.40	5.6	32.0	6.9	0.57	0.64	75%	27%	7.3%	16%
2016	360	Hector Olivera	http://www.baseball-reference.com/players/o/olivehe01.shtml	olivehe01	31	21	ATL	0.0%	23.8%	4.8%	4.8%	25%	5.00	3.8		9.5	1.50	2.00	71%	7%	0.0%	33%
2016	361	Paulo Orlando	http://www.baseball-reference.com/players/o/orlanpa01.shtml	orlanpa01	30	33	KCR	0.0%	21.2%	0.0%	0.0%	0%		4.7		33.0	1.08	1.13	79%	19%	0.0%	25%
2016	362	Rafael Ortega*	http://www.baseball-reference.com/players/o/ortegra01.shtml	ortegra01	25	47	LAA	0.0%	8.5%	8.5%	0.0%	0%	1.00	10.5		21.0	2.60	3.00	81%	18%	0.0%	0%
2016	363	David Ortiz*	http://www.baseball-reference.com/players/o/ortizda01.shtml	ortizda01	40	96	BOS	5.2%	16.7%	14.6%	16.7%	62%	1.14	5.1	16.4	4.3	0.50	1.05	64%	29%	12.5%	9%
2016	364	Chris Owings	http://www.baseball-reference.com/players/o/owingch01.shtml	owingch01	24	79	ARI	0.0%	20.3%	6.3%	6.3%	25%	3.20	4.6		12.2	0.83	1.17	72%	34%	0.0%	0%
2016	365	Marcell Ozuna	http://www.baseball-reference.com/players/o/ozunama01.shtml	ozunama01	25	96	MIA	4.2%	24.0%	8.3%	8.3%	40%	2.88	3.8	22.0	8.0	0.67	0.85	64%	25%	11.4%	10%
2016	366	Jordan Pacheco	http://www.baseball-reference.com/players/p/pachejo01.shtml	pachejo01	30	23	CIN	0.0%	17.4%	0.0%	17.4%	80%		5.8			0.58	0.75	83%	21%	0.0%	0%
2016	367	Angel Pagan#	http://www.baseball-reference.com/players/p/paganan01.shtml	paganan01	34	101	SFG	2.0%	14.9%	7.9%	7.9%	28%	1.88	6.1	46.0	7.1	0.70	0.86	75%	40%	4.7%	7%
2016	368	Joe Panik*	http://www.baseball-reference.com/players/p/panikjo01.shtml	panikjo01	25	103	SFG	2.9%	10.7%	8.7%	9.7%	39%	1.22	8.5	31.0	7.8	0.69	0.97	78%	27%	6.8%	10%
2016	369	Byung-ho Park	http://www.baseball-reference.com/players/p/parkby01.shtml	parkby01	29	81	MIN	7.4%	29.6%	8.6%	13.6%	61%	3.43	3.0	12.0	6.5	0.58	0.88	53%	18%	20.0%	3%
2016	370	Gerardo Parra*	http://www.baseball-reference.com/players/p/parrage01.shtml	parrage01	29	104	COL	2.9%	13.5%	1.9%	11.5%	41%	7.00	7.3	34.0	7.3	1.43	1.95	82%	25%	8.8%	3%
2016	371	Ben Paulsen*	http://www.baseball-reference.com/players/p/paulsbe01.shtml	paulsbe01	28	58	COL	1.7%	27.6%	6.9%	10.3%	38%	4.00	3.4	54.0	5.4	0.90	1.30	64%	32%	5.6%	10%
2016	372	Steve Pearce	http://www.baseball-reference.com/players/p/pearcst01.shtml	pearcst01	33	48	TBR	2.1%	12.5%	10.4%	4.2%	18%	1.20	7.0	42.0	8.4	0.64	0.79	73%	17%	5.6%	18%
2016	373	Jake Peavy	http://www.baseball-reference.com/players/p/peavyja01.shtml	peavyja01	35	8	SFG	0.0%	12.5%	12.5%	0.0%	0%	1.00	6.0		2.0	1.50		63%	33%	0.0%	0%
2016	374	Joc Pederson*	http://www.baseball-reference.com/players/p/pederjo01.shtml	pederjo01	24	77	LAD	3.9%	29.9%	15.6%	9.1%	41%	1.92	2.8	21.3	6.4	0.63	0.67	49%	22%	15.0%	17%
2016	375	Dustin Pedroia	http://www.baseball-reference.com/players/p/pedrodu01.shtml	pedrodu01	32	116	BOS	2.6%	14.7%	6.9%	9.5%	31%	2.13	6.4	36.0	8.3	0.90	1.30	76%	26%	7.0%	10%
2016	376	Hunter Pence	http://www.baseball-reference.com/players/p/pencehu01.shtml	pencehu01	33	117	SFG	4.3%	18.8%	14.5%	8.6%	36%	1.29	4.4	19.2	4.4	1.26	2.00	62%	23%	16.1%	9%
2016	377	Cliff Pennington#	http://www.baseball-reference.com/players/p/pennicl01.shtml	pennicl01	32	37	LAA	2.7%	29.7%	10.8%	8.1%	50%	2.75	2.8	31.0	7.8	0.67	1.43	51%	18%	9.1%	8%
2016	378	David Peralta*	http://www.baseball-reference.com/players/p/peralda01.shtml	peralda01	28	114	ARI	1.8%	20.2%	5.3%	10.5%	44%	3.83	4.6	53.0	11.8	1.37	2.17	71%	24%	6.7%	14%
2016	379	Wily Peralta	http://www.baseball-reference.com/players/p/peralwi01.shtml	peralwi01	27	9	MIL	0.0%	33.3%	0.0%	0.0%			2.7		8.0	0.25	0.20	67%	17%	0.0%	0%
2016	380	Carlos Perez	http://www.baseball-reference.com/players/p/perezca02.shtml	perezca02	25	60	LAA	0.0%	16.7%	6.7%	1.7%	13%	2.50	5.4		13.5	1.26	1.67	73%	20%	0.0%	21%
2016	381	Hernan Perez	http://www.baseball-reference.com/players/p/perezhe01.shtml	perezhe01	25	8	MIL	12.5%	12.5%	0.0%	12.5%	33%		8.0	8.0	4.0	0.75	0.33	75%	0%	25.0%	0%
2016	382	Oliver Perez*	http://www.baseball-reference.com/players/p/perezol01.shtml	perezol01	34	1	WSN	0.0%	0.0%	0.0%	0.0%								100%	0%		
2016	383	Roberto Perez	http://www.baseball-reference.com/players/p/perezro02.shtml	perezro02	27	15	CLE	0.0%	13.3%	40.0%	0.0%		0.33	4.0		8.0	0.75	0.50	47%	14%	0.0%	25%
2016	384	Salvador Perez	http://www.baseball-reference.com/players/p/perezsa02.shtml	perezsa02	26	88	KCR	4.6%	20.5%	4.6%	12.5%	55%	4.50	4.6	20.8	5.9	0.29	0.38	70%	30%	10.5%	25%
2016	385	Williams Perez	http://www.baseball-reference.com/players/p/perezwi01.shtml	perezwi01	25	5	ATL	0.0%	20.0%	0.0%	0.0%			4.0			2.00	4.00	60%	0%		100%
2016	386	Jace Peterson*	http://www.baseball-reference.com/players/p/peterja01.shtml	peterja01	26	50	ATL	0.0%	26.0%	10.0%	2.0%	13%	2.60	3.4		11.0	0.58	1.00	64%	31%	0.0%	0%
2016	387	Yusmeiro Petit	http://www.baseball-reference.com/players/p/petityu01.shtml	petityu01	31	2	WSN	0.0%	50.0%	0.0%	0.0%			2.0					50%	0%		
2016	388	Tommy Pham	http://www.baseball-reference.com/players/p/phamth01.shtml	phamth01	28	1	STL	0.0%	0.0%	0.0%	0.0%								100%	0%		
2016	389	Josh Phegley	http://www.baseball-reference.com/players/p/phegljo01.shtml	phegljo01	28	27	OAK	0.0%	14.8%	7.4%	7.4%	22%	2.00	6.3		25.0	0.91	0.67	78%	29%	0.0%	18%
2016	390	David Phelps	http://www.baseball-reference.com/players/p/phelpda01.shtml	phelpda01	29	2	MIA	0.0%	50.0%	0.0%	0.0%	0%		2.0		2.0	0.00		50%	100%	0.0%	0%
2016	391	Brandon Phillips	http://www.baseball-reference.com/players/p/phillbr01.shtml	phillbr01	35	87	CIN	1.2%	11.5%	3.5%	8.1%	32%	3.33	8.1	81.0	11.6	0.85	0.96	82%	32%	2.9%	13%
2016	392	A.J. Pierzynski*	http://www.baseball-reference.com/players/p/pierza.01.shtml	pierza.01	39	64	ATL	0.0%	14.1%	4.7%	3.1%	17%	3.00	6.6		11.8	0.92	1.69	78%	30%	0.0%	19%
2016	393	Kevin Pillar	http://www.baseball-reference.com/players/p/pillake01.shtml	pillake01	27	106	TOR	0.9%	14.2%	1.9%	7.6%	28%	7.50	6.7	100.0	14.3	0.95	1.00	79%	17%	3.2%	28%
2016	394	Jose Pirela	http://www.baseball-reference.com/players/p/pireljo01.shtml	pireljo01	26	5	SDP	0.0%	40.0%	0.0%	20.0%	100%		2.5			0.50	0.00	60%	67%	0.0%	0%
2016	395	Stephen Piscotty	http://www.baseball-reference.com/players/p/piscost01.shtml	piscost01	25	110	STL	3.6%	23.6%	9.1%	10.9%	41%	2.60	3.8	25.0	6.3	0.90	0.96	64%	23%	12.1%	15%
2016	396	Kevin Plawecki	http://www.baseball-reference.com/players/p/plaweke01.shtml	plaweke01	25	39	NYM	0.0%	20.5%	18.0%	0.0%	0%	1.14	4.0		16.0	1.18	1.43	62%	29%	0.0%	9%
2016	397	Trevor Plouffe	http://www.baseball-reference.com/players/p/plouftr01.shtml	plouftr01	30	45	MIN	4.4%	17.8%	4.4%	13.3%	46%	4.00	5.4	21.5	7.2	0.67	1.30	73%	31%	12.5%	24%
2016	398	Gregory Polanco*	http://www.baseball-reference.com/players/p/polangr01.shtml	polangr01	24	114	PIT	2.6%	13.2%	15.8%	12.3%	48%	0.83	6.2	31.0	6.2	0.74	0.97	68%	33%	7.1%	9%
2016	399	Jorge Polanco#	http://www.baseball-reference.com/players/p/polanjo01.shtml	polanjo01	22	9	MIN	0.0%	0.0%	11.1%	11.1%	100%	0.00			7.0	0.60	1.00	89%	13%	0.0%	40%
2016	400	Drew Pomeranz	http://www.baseball-reference.com/players/p/pomerdr01.shtml	pomerdr01	27	11	SDP	0.0%	36.4%	0.0%	0.0%	0%		2.5		10.0	5.00	5.00	55%	0%	0.0%	0%
2016	401	Rick Porcello	http://www.baseball-reference.com/players/p/porceri01.shtml	porceri01	27	3	BOS	0.0%	0.0%	0.0%	0.0%	0%							100%	0%		
2016	402	Buster Posey	http://www.baseball-reference.com/players/p/poseybu01.shtml	poseybu01	29	95	SFG	4.2%	11.6%	9.5%	6.3%	24%	1.22	7.7	21.3	10.6	1.27	1.83	75%	23%	12.5%	3%
2016	403	Martin Prado	http://www.baseball-reference.com/players/p/pradoma01.shtml	pradoma01	32	85	MIA	0.0%	9.4%	7.1%	5.9%	16%	1.33	9.8		8.7	1.29	1.28	84%	23%	0.0%	10%
2016	404	Alex Presley*	http://www.baseball-reference.com/players/p/preslal01.shtml	preslal01	30	20	MIL	5.0%	15.0%	10.0%	10.0%	50%	1.50	5.7	17.0	3.4	0.36	0.38	70%	27%	10.0%	9%
2016	405	David Price*	http://www.baseball-reference.com/players/p/priceda01.shtml	priceda01	30	3	BOS	0.0%	33.3%	33.3%	0.0%		1.00	2.0					33%	0%		
2016	406	Yasiel Puig	http://www.baseball-reference.com/players/p/puigya01.shtml	puigya01	25	100	LAD	2.0%	21.0%	6.0%	7.0%	32%	3.50	4.4	46.0	10.2	0.61	0.82	69%	27%	6.3%	27%
2016	407	Albert Pujols	http://www.baseball-reference.com/players/p/pujolal01.shtml	pujolal01	36	109	LAA	5.5%	11.0%	9.2%	7.3%	42%	1.20	8.3	16.5	6.2	0.85	1.21	74%	21%	15.8%	19%
2016	408	Ryan Raburn	http://www.baseball-reference.com/players/r/raburry01.shtml	raburry01	35	42	COL	9.5%	28.6%	11.9%	14.3%	46%	2.40	2.9	8.8	4.4	1.18	3.33	48%	21%	40.0%	9%
2016	409	Alexei Ramirez	http://www.baseball-reference.com/players/r/ramiral03.shtml	ramiral03	34	102	SDP	0.0%	13.7%	3.9%	2.9%	12%	3.50	6.9		12.0	1.08	1.31	81%	29%	0.0%	13%
2016	410	Hanley Ramirez	http://www.baseball-reference.com/players/r/ramirha01.shtml	ramirha01	32	105	BOS	1.0%	23.8%	3.8%	6.7%	25%	6.25	4.0	99.0	6.6	0.90	1.36	71%	21%	2.9%	13%
2016	411	Jose Ramirez#	http://www.baseball-reference.com/players/r/ramirjo01.shtml	ramirjo01	23	64	CLE	1.6%	9.4%	4.7%	7.8%	28%	2.00	10.2	61.0	8.7	0.69	0.76	84%	31%	3.3%	6%
2016	412	Wilson Ramos	http://www.baseball-reference.com/players/r/ramoswi01.shtml	ramoswi01	28	58	WSN	3.5%	12.1%	1.7%	10.3%	33%	7.00	8.1	28.5	7.1	1.17	1.54	83%	22%	9.5%	9%
2016	413	Colby Rasmus*	http://www.baseball-reference.com/players/r/rasmuco01.shtml	rasmuco01	29	103	HOU	6.8%	25.2%	17.5%	9.7%	50%	1.44	3.2	11.9	4.2	0.49	0.78	50%	22%	20.0%	10%
2016	414	Robbie Ray*	http://www.baseball-reference.com/players/r/rayro02.shtml	rayro02	24	10	ARI	0.0%	50.0%	0.0%	0.0%	0%		1.8			3.00		40%	20%	0.0%	0%
2016	415	Colin Rea	http://www.baseball-reference.com/players/r/reaco01.shtml	reaco01	25	12	SDP	0.0%	50.0%	8.3%	0.0%		6.00	1.5			2.00	4.00	25%	0%	0.0%	0%
2016	416	J.T. Realmuto	http://www.baseball-reference.com/players/r/realmjt01.shtml	realmjt01	25	79	MIA	2.5%	13.9%	1.3%	8.9%	29%	11.00	7.0	38.5	12.8	1.13	2.00	81%	27%	7.7%	16%
2016	417	Josh Reddick*	http://www.baseball-reference.com/players/r/reddijo01.shtml	reddijo01	29	107	OAK	3.7%	15.9%	9.4%	7.5%	32%	1.70	5.6	24.0	8.0	0.70	0.90	71%	30%	8.9%	4%
2016	418	Nolan Reimold	http://www.baseball-reference.com/players/r/reimono01.shtml	reimono01	32	37	BAL	8.1%	29.7%	5.4%	16.2%	50%	5.50	3.2	11.7	5.8	0.60	0.63	57%	25%	25.0%	20%
2016	419	Anthony Rendon	http://www.baseball-reference.com/players/r/rendoan01.shtml	rendoan01	26	109	WSN	0.0%	12.8%	8.3%	4.6%	21%	1.56	7.1		100.0	0.60	0.62	79%	31%	0.0%	13%
2016	420	Ben Revere*	http://www.baseball-reference.com/players/r/reverbe01.shtml	reverbe01	28	2	WSN	0.0%	50.0%	0.0%	0.0%			2.0					50%	0%		
2016	421	Mark Reynolds	http://www.baseball-reference.com/players/r/reynoma01.shtml	reynoma01	32	70	COL	2.9%	31.4%	12.9%	12.9%	47%	2.44	2.8	30.5	8.7	0.77	1.63	53%	31%	10.5%	14%
2016	422	Clayton Richard*	http://www.baseball-reference.com/players/r/richacl01.shtml	richacl01	32	1	CHC	0.0%	0.0%	0.0%	0.0%								100%	0%		
2016	423	Joey Rickard	http://www.baseball-reference.com/players/r/rickajo01.shtml	rickajo01	25	104	BAL	1.9%	19.2%	4.8%	6.7%	26%	4.00	4.9	48.5	13.9	0.66	0.77	74%	23%	4.7%	9%
2016	424	Rene Rivera	http://www.baseball-reference.com/players/r/riverre01.shtml	riverre01	32	4	NYM	0.0%	25.0%	0.0%	0.0%			3.0			1.00	1.00	50%	50%	0.0%	0%
2016	425	Yadiel Rivera	http://www.baseball-reference.com/players/r/riverya01.shtml	riverya01	24	34	MIL	0.0%	38.2%	2.9%	8.8%	43%	13.00	2.5		33.0	1.50	2.50	59%	15%	0.0%	0%
2016	426	Anthony Rizzo*	http://www.baseball-reference.com/players/r/rizzoan01.shtml	rizzoan01	26	109	CHC	7.3%	13.8%	17.4%	11.9%	65%	0.79	5.8	10.9	3.5	0.50	0.54	59%	17%	20.0%	17%
2016	427	Tanner Roark	http://www.baseball-reference.com/players/r/roarkta01.shtml	roarkta01	29	9	WSN	0.0%	33.3%	11.1%	0.0%		3.00	2.3			0.33	0.67	44%	0%	0.0%	0%
2016	428	Clint Robinson*	http://www.baseball-reference.com/players/r/robincl01.shtml	robincl01	31	25	WSN	4.0%	32.0%	8.0%	4.0%	50%	4.00	2.9	23.0	5.8	1.50	2.50	56%	7%	20.0%	17%
2016	429	Shane Robinson	http://www.baseball-reference.com/players/r/robinsh01.shtml	robinsh01	31	5	LAA	0.0%	20.0%	20.0%	0.0%	0%	1.00	4.0		4.0	2.00		60%	33%	0.0%	0%
2016	430	Hansel Robles	http://www.baseball-reference.com/players/r/robleha01.shtml	robleha01	25	1	NYM	0.0%	0.0%	0.0%	0.0%								100%	0%		
2016	431	Alex Rodriguez	http://www.baseball-reference.com/players/r/rodrial01.shtml	rodrial01	40	77	NYY	6.5%	24.7%	9.1%	10.4%	57%	2.71	3.6	13.8	5.8	0.52	0.76	58%	28%	17.2%	12%
2016	432	Sean Rodriguez	http://www.baseball-reference.com/players/r/rodrise01.shtml	rodrise01	31	41	PIT	9.8%	31.7%	14.6%	17.1%	64%	2.17	2.7	8.8	2.5	0.38	0.57	44%	27%	26.7%	6%
2016	433	Jason Rogers	http://www.baseball-reference.com/players/r/rogerja02.shtml	rogerja02	28	15	PIT	0.0%	33.3%	26.7%	6.7%	100%	1.25	2.0		5.0	1.50	3.00	33%	0%	0.0%	0%
2016	434	Miguel Rojas	http://www.baseball-reference.com/players/r/rojasmi02.shtml	rojasmi02	27	25	MIA	0.0%	12.0%	8.0%	8.0%	33%	1.50	7.3		22.0	1.71	2.75	80%	20%	0.0%	29%
2016	435	Jimmy Rollins#	http://www.baseball-reference.com/players/r/rolliji01.shtml	rolliji01	37	80	CHW	1.3%	15.0%	6.3%	8.8%	39%	2.40	6.2	74.0	18.5	0.85	1.00	78%	22%	3.2%	9%
2016	436	Andrew Romine#	http://www.baseball-reference.com/players/r/rominan01.shtml	rominan01	30	13	DET	0.0%	15.4%	23.1%	0.0%	0%	0.67	5.0			3.00	5.00	62%	13%	0.0%	0%
2016	437	Austin Romine	http://www.baseball-reference.com/players/r/rominau01.shtml	rominau01	27	21	NYY	0.0%	23.8%	4.8%	4.8%	20%	5.00	3.8		19.0	1.00	0.83	67%	20%	0.0%	14%
2016	438	Adam Rosales	http://www.baseball-reference.com/players/r/rosalad01.shtml	rosalad01	33	56	SDP	3.6%	39.3%	7.1%	8.9%	50%	5.50	2.3	25.5	8.5	0.93	1.22	48%	21%	15.4%	13%
2016	439	Eddie Rosario*	http://www.baseball-reference.com/players/r/rosared01.shtml	rosared01	24	88	MIN	3.4%	23.9%	3.4%	5.7%	33%	7.00	3.9	27.3	11.7	1.07	1.13	67%	11%	12.0%	17%
2016	440	Trevor Rosenthal	http://www.baseball-reference.com/players/r/rosentr01.shtml	rosentr01	26	1	STL	0.0%	100.0%	0.0%	0.0%			1.0					0%			
2016	441	David Ross	http://www.baseball-reference.com/players/r/rossda01.shtml	rossda01	39	44	CHC	4.6%	15.9%	13.6%	6.8%	33%	1.17	4.9	17.0	4.3	0.45	0.83	61%	35%	11.8%	15%
2016	442	Joe Ross	http://www.baseball-reference.com/players/r/rossjo01.shtml	rossjo01	23	12	WSN	0.0%	25.0%	25.0%	8.3%	33%	1.00	3.0			5.00		50%	17%	0.0%	0%
2016	443	Tyson Ross	http://www.baseball-reference.com/players/r/rossty01.shtml	rossty01	29	1	SDP	0.0%	100.0%	0.0%	0.0%			1.0					0%			
2016	444	Ryan Rua	http://www.baseball-reference.com/players/r/ruary01.shtml	ruary01	26	37	TEX	2.7%	29.7%	0.0%	5.4%	20%		3.3	36.0	18.0	2.57	2.60	65%	16%	16.7%	14%
2016	445	Darin Ruf	http://www.baseball-reference.com/players/r/rufda01.shtml	rufda01	29	43	PHI	0.0%	32.6%	7.0%	4.7%	29%	4.67	2.7		12.7	0.73	1.09	60%	23%	0.0%	33%
2016	446	Justin Ruggiano	http://www.baseball-reference.com/players/r/ruggiju01.shtml	ruggiju01	34	4	TEX	0.0%	25.0%	0.0%	25.0%	100%		4.0		4.0	0.50	1.00	75%	33%	0.0%	50%
2016	447	Carlos Ruiz	http://www.baseball-reference.com/players/r/ruizca01.shtml	ruizca01	37	46	PHI	6.5%	10.9%	10.9%	13.0%	43%	1.00	8.2	13.7	6.8	0.64	0.91	72%	36%	14.3%	5%
2016	448	Cameron Rupp	http://www.baseball-reference.com/players/r/ruppca01.shtml	ruppca01	27	58	PHI	1.7%	32.8%	0.0%	13.8%	53%		3.0	57.0	14.3	0.90	1.40	64%	24%	5.6%	10%
2016	449	Chris Rusin*	http://www.baseball-reference.com/players/r/rusinch01.shtml	rusinch01	29	7	COL	0.0%	28.6%	0.0%	0.0%	0%		3.5		7.0	1.00	1.00	71%	0%		100%
2016	450	Addison Russell	http://www.baseball-reference.com/players/r/russead02.shtml	russead02	22	94	CHC	2.1%	19.2%	13.8%	4.3%	24%	1.38	4.3	39.0	5.6	0.82	0.96	63%	26%	6.9%	12%
2016	451	Josh Rutledge	http://www.baseball-reference.com/players/r/rutlejo01.shtml	rutlejo01	27	10	BOS	0.0%	50.0%	0.0%	30.0%	75%		2.0		5.0	1.50		50%	40%	0.0%	0%
2016	452	Tyler Saladino	http://www.baseball-reference.com/players/s/saladty01.shtml	saladty01	26	27	CHW	3.7%	22.2%	0.0%	3.7%	25%		4.3	26.0	8.7	0.91	1.57	74%	29%	11.1%	18%
2016	453	Danny Salazar*	http://www.baseball-reference.com/players/s/salazda01.shtml	salazda01	26	2	CLE	0.0%	50.0%	0.0%	0.0%			2.0			0.00	0.00	50%	0%		100%
2016	454	Jarrod Saltalamacchia#	http://www.baseball-reference.com/players/s/saltaja01.shtml	saltaja01	31	67	DET	9.0%	40.3%	10.5%	16.4%	79%	3.86	2.2	10.0	3.8	0.10	0.19	40%	24%	20.7%	3%
2016	455	Jeff Samardzija	http://www.baseball-reference.com/players/s/samarje01.shtml	samarje01	31	16	SFG	0.0%	31.3%	0.0%	12.5%	50%		3.2		3.2	0.29	2.00	69%	36%	0.0%	0%
2016	456	Keyvius Sampson	http://www.baseball-reference.com/players/s/sampske01.shtml	sampske01	25	1	CIN	0.0%	100.0%	0.0%	0.0%			1.0					0%			
2016	457	Anibal Sanchez	http://www.baseball-reference.com/players/s/sanchan01.shtml	sanchan01	32	3	DET	0.0%	66.7%	0.0%	0.0%			1.5					33%	0%		
2016	458	Carlos Sanchez#	http://www.baseball-reference.com/players/s/sanchca01.shtml	sanchca01	24	8	CHW	0.0%	25.0%	25.0%	12.5%	100%	1.00	3.0		6.0	3.00		50%	25%	0.0%	0%
2016	459	Hector Sanchez#	http://www.baseball-reference.com/players/s/sanchhe01.shtml	sanchhe01	26	4	CHW	0.0%	25.0%	0.0%	0.0%	0%		4.0			0.00	0.00	75%	67%	0.0%	0%
2016	460	Pablo Sandoval#	http://www.baseball-reference.com/players/s/sandopa01.shtml	sandopa01	29	7	BOS	0.0%	57.1%	14.3%	0.0%		4.00	1.5			0.00	0.00	29%	50%	0.0%	50%
2016	461	Jerry Sands	http://www.baseball-reference.com/players/s/sandsje01.shtml	sandsje01	28	31	CHW	3.2%	41.9%	9.7%	3.2%	11%	4.33	2.2	28.0	5.6	1.50		45%	33%	16.7%	0%
2016	462	Miguel Sano	http://www.baseball-reference.com/players/s/sanomi01.shtml	sanomi01	23	110	MIN	2.7%	33.6%	16.4%	8.2%	38%	2.06	2.5	30.7	8.4	0.34	0.62	47%	42%	7.7%	5%
2016	463	Carlos Santana#	http://www.baseball-reference.com/players/s/santaca01.shtml	santaca01	30	90	CLE	4.4%	12.2%	11.1%	11.1%	53%	1.10	7.1	19.5	6.5	0.55	0.79	71%	29%	10.0%	9%
2016	464	Danny Santana#	http://www.baseball-reference.com/players/s/santada01.shtml	santada01	25	43	MIN	0.0%	23.3%	2.3%	4.7%	18%	10.00	4.2		42.0	1.08	0.91	74%	13%	0.0%	23%
2016	465	Domingo Santana	http://www.baseball-reference.com/players/s/santado01.shtml	santado01	23	96	MIL	3.1%	29.2%	11.5%	10.4%	46%	2.55	3.0	28.3	7.7	1.28	2.50	56%	30%	13.0%	8%
2016	466	Luis Sardinas#	http://www.baseball-reference.com/players/s/sardilu01.shtml	sardilu01	23	23	SEA	4.4%	26.1%	0.0%	4.4%	25%		3.7	22.0	11.0	2.20	2.00	65%	13%	25.0%	20%
2016	467	Michael Saunders*	http://www.baseball-reference.com/players/s/saundmi01.shtml	saundmi01	29	89	TOR	4.5%	24.7%	11.2%	13.5%	50%	2.20	3.6	19.8	8.8	0.58	0.94	60%	25%	12.5%	11%
2016	468	Rob Scahill*	http://www.baseball-reference.com/players/s/scahiro01.shtml	scahiro01	29	1	PIT	0.0%	100.0%	0.0%	0.0%			1.0					0%			
2016	469	Scott Schebler*	http://www.baseball-reference.com/players/s/schebsc01.shtml	schebsc01	25	66	CIN	1.5%	30.3%	7.6%	10.6%	64%	4.00	3.1	61.0	7.6	1.28	1.73	61%	17%	6.7%	17%
2016	470	Max Scherzer	http://www.baseball-reference.com/players/s/scherma01.shtml	scherma01	31	15	WSN	0.0%	33.3%	0.0%	6.7%	25%		2.6		6.5	3.00		53%	20%	0.0%	0%
2016	471	Jonathan Schoop	http://www.baseball-reference.com/players/s/schoojo01.shtml	schoojo01	24	86	BAL	4.7%	19.8%	4.7%	9.3%	44%	4.25	4.8	20.5	7.5	0.81	1.04	71%	15%	12.9%	14%
2016	472	A.J. Schugel	http://www.baseball-reference.com/players/s/schugaj01.shtml	schugaj01	27	1	PIT	0.0%	0.0%	0.0%	0.0%						0.00	0.00	100%	0%		100%
2016	473	Kyle Schwarber*	http://www.baseball-reference.com/players/s/schwaky01.shtml	schwaky01	23	5	CHC	0.0%	40.0%	20.0%	0.0%		2.00	2.0					40%	0%		
2016	474	Corey Seager*	http://www.baseball-reference.com/players/s/seageco01.shtml	seageco01	22	109	LAD	1.8%	14.7%	8.3%	8.3%	38%	1.78	6.2	49.5	8.3	1.21	1.90	75%	25%	6.3%	16%
2016	475	Kyle Seager*	http://www.baseball-reference.com/players/s/seageky01.shtml	seageky01	28	102	SEA	4.9%	15.7%	9.8%	9.8%	67%	1.60	5.6	18.0	6.4	0.66	0.91	68%	23%	13.5%	16%
2016	476	Jean Segura	http://www.baseball-reference.com/players/s/segurje01.shtml	segurje01	26	116	ARI	3.5%	12.9%	2.6%	9.5%	30%	5.00	7.4	27.8	7.4	1.29	1.76	79%	24%	10.3%	5%
2016	477	Marcus Semien	http://www.baseball-reference.com/players/s/semiema01.shtml	semiema01	25	95	OAK	6.3%	23.2%	10.5%	7.4%	41%	2.20	3.8	14.0	7.6	0.70	0.85	60%	11%	17.6%	8%
2016	478	Pedro Severino	http://www.baseball-reference.com/players/s/severpe01.shtml	severpe01	22	3	WSN	0.0%	33.3%	33.3%	0.0%		1.00	2.0			0.00	0.00	33%	0%		100%
2016	479	Travis Shaw*	http://www.baseball-reference.com/players/s/shawtr01.shtml	shawtr01	26	100	BOS	3.0%	25.0%	9.0%	12.0%	41%	2.78	3.6	30.0	5.3	0.48	0.58	62%	23%	8.1%	16%
2016	480	James Shields	http://www.baseball-reference.com/players/s/shielja02.shtml	shielja02	34	11	SDP	0.0%	63.6%	0.0%	0.0%	0%		1.4			1.00	2.00	27%	0%	0.0%	0%
2016	481	J.B. Shuck*	http://www.baseball-reference.com/players/s/shuckja01.shtml	shuckja01	29	11	CHW	0.0%	18.2%	9.1%	0.0%		2.00	4.5			2.50	3.00	64%	0%	0.0%	50%
2016	482	Andrelton Simmons	http://www.baseball-reference.com/players/s/simmoan01.shtml	simmoan01	26	101	LAA	1.0%	5.0%	2.0%	5.0%	22%	2.50	19.8	99.0	19.8	1.21	1.60	92%	23%	2.4%	2%
2016	483	Alfredo Simon	http://www.baseball-reference.com/players/s/simonal01.shtml	simonal01	35	4	CIN	0.0%	50.0%	0.0%	0.0%			1.5					25%	0%		
2016	484	Mallex Smith*	http://www.baseball-reference.com/players/s/smithma05.shtml	smithma05	23	61	ATL	0.0%	27.9%	8.2%	9.8%	50%	3.40	3.2		7.9	1.57	2.11	62%	16%	0.0%	7%
2016	485	Seth Smith*	http://www.baseball-reference.com/players/s/smithse01.shtml	smithse01	33	80	SEA	5.0%	16.3%	16.3%	7.5%	32%	1.00	5.0	16.3	6.5	1.41	1.69	61%	21%	21.1%	14%
2016	486	Justin Smoak#	http://www.baseball-reference.com/players/s/smoakju01.shtml	smoakju01	29	52	TOR	0.0%	34.6%	21.2%	1.9%	11%	1.64	2.2		10.0	0.05	0.07	42%	50%	0.0%	14%
2016	487	Yangervis Solarte#	http://www.baseball-reference.com/players/s/solarya01.shtml	solarya01	28	19	SDP	0.0%	15.8%	15.8%	15.8%	50%	1.00	5.3		4.0	0.50	0.40	68%	23%	0.0%	0%
2016	488	Jorge Soler	http://www.baseball-reference.com/players/s/solerjo01.shtml	solerjo01	24	70	CHC	2.9%	22.9%	11.4%	4.3%	27%	2.00	3.7	29.5	11.8	0.55	0.52	61%	22%	8.0%	14%
2016	489	Geovany Soto	http://www.baseball-reference.com/players/s/sotoge01.shtml	sotoge01	33	39	LAA	7.7%	20.5%	7.7%	10.3%	33%	2.67	4.4	11.7	5.0	0.50	0.80	62%	46%	20.0%	17%
2016	490	Steven Souza	http://www.baseball-reference.com/players/s/souzast01.shtml	souzast01	27	83	TBR	6.0%	36.1%	7.2%	9.6%	40%	5.00	2.6	15.4	7.0	0.88	1.64	51%	26%	23.8%	16%
2016	491	Denard Span*	http://www.baseball-reference.com/players/s/spande01.shtml	spande01	32	116	SFG	0.9%	6.9%	12.1%	4.3%	21%	0.57	12.4	99.0	7.6	1.43	2.29	78%	19%	2.9%	5%
2016	492	Cory Spangenberg*	http://www.baseball-reference.com/players/s/spangco01.shtml	spangco01	25	53	SDP	1.9%	24.5%	7.6%	5.7%	27%	3.25	3.7	48.0	6.0	2.56	4.75	64%	14%	14.3%	22%
2016	493	George Springer	http://www.baseball-reference.com/players/s/springe01.shtml	springe01	26	114	HOU	4.4%	24.6%	7.0%	8.8%	36%	3.50	3.7	20.8	8.7	1.11	1.04	62%	20%	15.6%	11%
2016	494	Giancarlo Stanton	http://www.baseball-reference.com/players/s/stantmi03.shtml	stantmi03	26	99	MIA	8.1%	30.3%	14.1%	10.1%	48%	2.14	2.8	10.4	4.2	0.74	0.88	46%	24%	32.0%	19%
2016	495	Robert Stephenson	http://www.baseball-reference.com/players/s/stephro01.shtml	stephro01	23	5	CIN	0.0%	40.0%	0.0%	0.0%			2.0					40%	0%		
2016	496	Chris Stewart	http://www.baseball-reference.com/players/s/stewach01.shtml	stewach01	34	25	PIT	4.0%	16.0%	12.0%	8.0%	40%	1.33	5.5	22.0	11.0	0.64	1.00	68%	28%	12.5%	27%
2016	497	Trevor Story	http://www.baseball-reference.com/players/s/storytr01.shtml	storytr01	23	111	COL	9.0%	36.0%	9.0%	15.3%	68%	4.00	2.5	10.0	5.0	0.50	0.85	46%	31%	27.8%	10%
2016	498	Dan Straily	http://www.baseball-reference.com/players/s/straida01.shtml	straida01	27	6	CIN	0.0%	50.0%	0.0%	0.0%			1.3					17%	0%		
2016	499	Stephen Strasburg	http://www.baseball-reference.com/players/s/strasst01.shtml	strasst01	27	14	WSN	0.0%	28.6%	0.0%	0.0%	0%		3.5			8.00		71%	10%	0.0%	0%
2016	500	Ross Stripling	http://www.baseball-reference.com/players/s/stripro01.shtml	stripro01	26	10	LAD	0.0%	40.0%	10.0%	0.0%		4.00	2.0			1.00	1.50	40%	0%	0.0%	50%
2016	501	Pedro Strop	http://www.baseball-reference.com/players/s/stroppe01.shtml	stroppe01	31	1	CHC	0.0%	0.0%	0.0%	0.0%								100%	0%		
2016	502	Drew Stubbs	http://www.baseball-reference.com/players/s/stubbdr01.shtml	stubbdr01	31	42	ATL	2.4%	47.6%	9.5%	2.4%	11%	5.00	1.9	38.0	12.7	2.00	2.33	40%	22%	25.0%	33%
2016	503	Eugenio Suarez	http://www.baseball-reference.com/players/s/suareeu01.shtml	suareeu01	24	105	CIN	4.8%	16.2%	7.6%	6.7%	28%	2.13	5.7	19.4	6.5	0.74	0.83	71%	24%	12.5%	13%
2016	504	Ichiro Suzuki*	http://www.baseball-reference.com/players/s/suzukic01.shtml	suzukic01	42	38	MIA	0.0%	5.3%	7.9%	5.3%	18%	0.67	17.5		17.5	1.20	1.40	87%	24%	0.0%	27%
2016	505	Kurt Suzuki	http://www.baseball-reference.com/players/s/suzukku01.shtml	suzukku01	32	60	MIN	0.0%	15.0%	6.7%	6.7%	36%	2.25	5.9		8.8	0.55	0.70	77%	30%	0.0%	24%
2016	506	Blake Swihart#	http://www.baseball-reference.com/players/s/swihabl01.shtml	swihabl01	24	23	BOS	0.0%	13.0%	17.4%	0.0%	0%	0.75	6.0		18.0	0.60	0.50	70%	38%	0.0%	10%
2016	507	Noah Syndergaard*	http://www.baseball-reference.com/players/s/syndeno01.shtml	syndeno01	23	10	NYM	0.0%	40.0%	20.0%	0.0%		2.00	1.5			1.00	3.00	20%	0%	0.0%	0%
2016	508	Matt Szczur	http://www.baseball-reference.com/players/s/szczuma01.shtml	szczuma01	26	34	CHC	5.9%	11.8%	11.8%	8.8%	27%	1.00	7.5	15.0	3.0	0.32	0.36	71%	35%	12.5%	16%
2016	509	Michael Taylor	http://www.baseball-reference.com/players/t/taylomi02.shtml	taylomi02	25	93	WSN	3.2%	32.3%	5.4%	5.4%	31%	6.00	2.9	29.0	21.8	1.07	1.50	59%	24%	12.5%	11%
2016	510	Julio Teheran	http://www.baseball-reference.com/players/t/teherju01.shtml	teherju01	25	12	ATL	0.0%	41.7%	0.0%	0.0%			2.0			0.00	0.40	42%	29%	0.0%	20%
2016	511	Mark Teixeira#	http://www.baseball-reference.com/players/t/teixema01.shtml	teixema01	36	95	NYY	3.2%	22.1%	15.8%	4.2%	22%	1.40	3.8	26.7	7.3	1.03	1.63	59%	22%	12.0%	14%
2016	512	Ruben Tejada	http://www.baseball-reference.com/players/t/tejadru01.shtml	tejadru01	26	17	STL	0.0%	17.7%	0.0%	5.9%	33%		5.3			0.50	1.00	76%	31%	0.0%	13%
2016	513	Josh Thole*	http://www.baseball-reference.com/players/t/tholejo01.shtml	tholejo01	29	31	TOR	3.2%	25.8%	6.5%	3.2%	20%	4.00	3.6	29.0	29.0	0.82	0.89	65%	24%	12.5%	27%
2016	514	Trayce Thompson	http://www.baseball-reference.com/players/t/thomptr01.shtml	thomptr01	25	52	LAD	1.9%	28.9%	5.8%	9.6%	39%	5.00	3.3	49.0	9.8	1.13	1.44	63%	18%	8.3%	25%
2016	515	Yasmany Tomas	http://www.baseball-reference.com/players/t/tomasya01.shtml	tomasya01	25	100	ARI	5.0%	19.0%	8.0%	12.0%	46%	2.38	4.8	18.2	7.0	0.87	1.83	68%	34%	14.7%	13%
2016	516	Kelby Tomlinson	http://www.baseball-reference.com/players/t/tomlike01.shtml	tomlike01	26	33	SFG	0.0%	21.2%	6.1%	0.0%	0%	3.50	4.4		31.0	0.92	1.25	73%	29%	0.0%	0%
2016	517	Michael Tonkin	http://www.baseball-reference.com/players/t/tonkimi01.shtml	tonkimi01	26	2	MIN	0.0%	50.0%	0.0%	0.0%			2.0					50%	0%		
2016	518	Ronald Torreyes	http://www.baseball-reference.com/players/t/torrero01.shtml	torrero01	23	24	NYY	0.0%	8.3%	0.0%	8.3%	22%		12.0		12.0	1.75	3.33	92%	27%	0.0%	0%
2016	519	Mike Trout	http://www.baseball-reference.com/players/t/troutmi01.shtml	troutmi01	24	111	LAA	5.4%	23.4%	12.6%	10.8%	40%	1.86	3.7	16.0	5.3	0.51	0.83	59%	38%	14.3%	11%
2016	520	Mark Trumbo	http://www.baseball-reference.com/players/t/trumbma01.shtml	trumbma01	30	101	BAL	5.9%	26.7%	5.0%	8.9%	29%	5.40	3.5	15.7	4.9	0.76	0.90	60%	25%	17.6%	11%
2016	521	Preston Tucker*	http://www.baseball-reference.com/players/t/tuckepr01.shtml	tuckepr01	25	58	HOU	5.2%	29.3%	5.2%	12.1%	64%	5.67	3.2	18.3	13.8	1.24	1.89	60%	21%	21.4%	18%
2016	522	Troy Tulowitzki	http://www.baseball-reference.com/players/t/tulowtr01.shtml	tulowtr01	31	107	TOR	4.7%	29.0%	13.1%	5.6%	40%	2.21	2.9	18.2	7.0	0.69	0.72	52%	10%	16.7%	17%
2016	523	Justin Turner	http://www.baseball-reference.com/players/t/turneju01.shtml	turneju01	31	91	LAD	0.0%	16.5%	6.6%	5.5%	26%	2.50	5.3		16.0	0.38	0.41	73%	29%	0.0%	13%
2016	524	Justin Upton	http://www.baseball-reference.com/players/u/uptonju01.shtml	uptonju01	28	103	DET	1.9%	37.9%	2.9%	5.8%	25%	13.00	2.5	49.5	12.4	0.53	0.63	57%	39%	5.1%	3%
2016	525	Melvin Upton	http://www.baseball-reference.com/players/u/uptonbj01.shtml	uptonbj01	31	98	SDP	2.0%	25.5%	12.2%	6.1%	30%	2.08	3.4	42.5	7.7	1.14	1.50	60%	28%	7.4%	4%
2016	526	Jose Urena	http://www.baseball-reference.com/players/u/urenajo01.shtml	urenajo01	24	1	MIA	0.0%	0.0%	0.0%	0.0%								0%	0%		
2016	527	Juan Uribe	http://www.baseball-reference.com/players/u/uribeju01.shtml	uribeju01	37	62	CLE	1.6%	19.4%	12.9%	6.5%	36%	1.50	4.4	53.0	13.3	0.91	1.21	66%	21%	5.6%	18%
2016	528	Chase Utley*	http://www.baseball-reference.com/players/u/utleych01.shtml	utleych01	37	96	LAD	1.0%	15.6%	9.4%	9.4%	38%	1.67	5.6	84.0	12.0	0.77	0.95	71%	35%	3.0%	15%
2016	529	Luis Valbuena*	http://www.baseball-reference.com/players/v/valbulu01.shtml	valbulu01	30	71	HOU	0.0%	29.6%	14.1%	5.6%	36%	2.10	2.9		15.3	0.90	1.31	56%	25%	0.0%	10%
2016	530	Danny Valencia	http://www.baseball-reference.com/players/v/valenda01.shtml	valenda01	31	55	OAK	0.0%	16.4%	7.3%	3.6%	13%	2.25	5.7		25.5	1.00	1.31	76%	24%	0.0%	5%
2016	531	Scott Van Slyke	http://www.baseball-reference.com/players/v/vanslsc01.shtml	vanslsc01	29	10	LAD	0.0%	10.0%	0.0%	10.0%	100%		9.0		4.5	0.14	0.00	80%	25%	0.0%	0%
2016	532	Cesar Vargas	http://www.baseball-reference.com/players/v/vargace01.shtml	vargace01	24	4	SDP	0.0%	25.0%	0.0%	0.0%			3.0			1.00	2.00	50%	0%	0.0%	0%
2016	533	Christian Vazquez	http://www.baseball-reference.com/players/v/vazquch01.shtml	vazquch01	25	43	BOS	2.3%	25.6%	7.0%	9.3%	44%	3.67	3.6	40.0	20.0	2.63	4.25	65%	21%	12.5%	0%
2016	534	Vincent Velasquez#	http://www.baseball-reference.com/players/v/velasvi01.shtml	velasvi01	24	11	PHI	0.0%	54.6%	9.1%	0.0%	0%	6.00	1.5					27%	0%		
2016	535	Justin Verlander	http://www.baseball-reference.com/players/v/verlaju01.shtml	verlaju01	33	3	DET	0.0%	33.3%	0.0%	0.0%	0%		3.0			0.00	0.00	67%	50%	0.0%	0%
2016	536	Logan Verrett	http://www.baseball-reference.com/players/v/verrelo01.shtml	verrelo01	26	5	NYM	0.0%	40.0%	0.0%	20.0%	100%		2.0			1.00		40%	33%	0.0%	0%
2016	537	Carlos Villanueva	http://www.baseball-reference.com/players/v/villaca01.shtml	villaca01	32	1	SDP	0.0%	100.0%	0.0%	0.0%			1.0					0%			
2016	538	Jonathan Villar#	http://www.baseball-reference.com/players/v/villajo01.shtml	villajo01	25	96	MIL	1.0%	25.0%	13.5%	8.3%	38%	1.85	3.3	80.0	13.3	2.24	4.43	57%	17%	6.3%	6%
2016	539	Ryan Vogelsong	http://www.baseball-reference.com/players/v/vogelry01.shtml	vogelry01	38	1	PIT	0.0%	100.0%	0.0%	0.0%			1.0					0%			
2016	540	Stephen Vogt*	http://www.baseball-reference.com/players/v/vogtst01.shtml	vogtst01	31	89	OAK	3.4%	15.7%	4.5%	11.2%	44%	3.50	5.9	27.7	13.8	0.60	0.84	75%	24%	8.1%	14%
2016	541	Joey Votto*	http://www.baseball-reference.com/players/v/vottojo01.shtml	vottojo01	32	107	CIN	2.8%	24.3%	12.2%	3.7%	19%	2.00	3.5	30.3	6.1	1.03	1.78	60%	31%	9.4%	3%
2016	542	Michael Wacha	http://www.baseball-reference.com/players/w/wachami01.shtml	wachami01	24	11	STL	0.0%	36.4%	0.0%	0.0%			2.5			4.00	7.00	55%	0%	0.0%	0%
2016	543	Tyler Wagner	http://www.baseball-reference.com/players/w/wagnety01.shtml	wagnety01	25	2	ARI	0.0%	50.0%	0.0%	0.0%			2.0					50%	0%		
2016	544	Adam Wainwright	http://www.baseball-reference.com/players/w/wainwad01.shtml	wainwad01	34	13	STL	7.7%	15.4%	0.0%	23.1%	100%		5.5	11.0	1.8	1.00	2.50	62%	9%	33.3%	25%
2016	545	Neil Walker#	http://www.baseball-reference.com/players/w/walkene01.shtml	walkene01	30	100	NYM	9.0%	19.0%	5.0%	10.0%	35%	3.80	5.0	10.6	5.0	0.47	0.72	67%	24%	19.1%	8%
2016	546	Brett Wallace*	http://www.baseball-reference.com/players/w/wallabr01.shtml	wallabr01	29	35	SDP	0.0%	28.6%	20.0%	2.9%	25%	1.43	2.6		8.7	1.67	2.00	46%	25%	0.0%	17%
2016	547	Colin Walsh#	http://www.baseball-reference.com/players/w/walshco02.shtml	walshco02	26	36	MIL	0.0%	22.2%	27.8%	2.8%	33%	0.80	3.1		25.0	0.55	0.75	47%	29%	0.0%	9%
2016	548	Adam Warren	http://www.baseball-reference.com/players/w/warread01.shtml	warread01	28	1	CHC	0.0%	100.0%	0.0%	0.0%			1.0					0%			
2016	549	Tony Watson*	http://www.baseball-reference.com/players/w/watsoto01.shtml	watsoto01	31	1	PIT	0.0%	0.0%	0.0%	0.0%								0%	0%		
2016	550	Jered Weaver	http://www.baseball-reference.com/players/w/weaveje02.shtml	weaveje02	33	2	LAA	0.0%	50.0%	0.0%	0.0%			2.0					50%	0%		
2016	551	Ryan Weber	http://www.baseball-reference.com/players/w/weberry01.shtml	weberry01	25	1	ATL	0.0%	0.0%	0.0%	0.0%								100%	0%		
2016	552	Jemile Weeks#	http://www.baseball-reference.com/players/w/weeksje01.shtml	weeksje01	29	41	SDP	0.0%	24.4%	4.9%	4.9%	33%	5.00	3.7		18.5	1.08	1.88	66%	29%	0.0%	0%
2016	553	Rickie Weeks	http://www.baseball-reference.com/players/w/weeksri01.shtml	weeksri01	33	22	ARI	0.0%	22.7%	4.6%	13.6%	60%	5.00	4.0		6.7	0.60	0.50	73%	31%	0.0%	20%
2016	554	Jayson Werth	http://www.baseball-reference.com/players/w/werthja01.shtml	werthja01	37	90	WSN	4.4%	26.7%	8.9%	8.9%	50%	3.00	3.3	19.8	6.1	0.43	0.48	59%	33%	11.1%	10%
2016	555	Tyler White	http://www.baseball-reference.com/players/w/whitety01.shtml	whitety01	25	92	HOU	5.4%	25.0%	8.7%	9.8%	47%	2.88	3.5	16.2	5.8	0.58	0.71	60%	20%	16.7%	21%
2016	556	Matt Wieters#	http://www.baseball-reference.com/players/w/wietema01.shtml	wietema01	30	62	BAL	1.6%	30.7%	9.7%	4.8%	25%	3.17	2.9	56.0	7.0	0.85	1.08	58%	30%	5.9%	15%
2016	557	Mac Williamson	http://www.baseball-reference.com/players/w/willima11.shtml	willima11	25	6	SFG	0.0%	33.3%	0.0%	0.0%			2.5			2.00	2.00	50%	0%	0.0%	0%
2016	558	Bobby Wilson	http://www.baseball-reference.com/players/w/wilsobo02.shtml	wilsobo02	33	15	DET	0.0%	20.0%	6.7%	0.0%	0%	3.00	4.3		6.5	0.57	1.00	73%	18%	0.0%	29%
2016	559	Matt Wisler	http://www.baseball-reference.com/players/w/wislema01.shtml	wislema01	23	9	ATL	0.0%	22.2%	0.0%	0.0%	0%		3.5		7.0	2.00	6.00	67%	14%	0.0%	0%
2016	560	Tony Wolters*	http://www.baseball-reference.com/players/w/wolteto01.shtml	wolteto01	24	43	COL	0.0%	16.3%	16.3%	2.3%	17%	1.00	5.1		18.0	1.08	1.44	67%	31%	0.0%	15%
2016	561	Kolten Wong*	http://www.baseball-reference.com/players/w/wongko01.shtml	wongko01	25	69	STL	1.5%	20.3%	7.3%	1.5%	7%	2.80	4.3	60.0	15.0	1.04	1.07	68%	19%	4.8%	9%
2016	562	Alex Wood	http://www.baseball-reference.com/players/w/woodal02.shtml	woodal02	25	12	LAD	0.0%	41.7%	8.3%	0.0%	0%	5.00	1.8		4.5	3.00		33%	0%	0.0%	0%
2016	563	Blake Wood	http://www.baseball-reference.com/players/w/woodbl01.shtml	woodbl01	30	1	CIN	0.0%	100.0%	0.0%	0.0%			1.0					0%			
2016	564	David Wright	http://www.baseball-reference.com/players/w/wrighda03.shtml	wrighda03	33	95	NYM	3.2%	31.6%	15.8%	10.5%	48%	2.00	2.6	26.3	11.3	0.29	0.45	48%	41%	8.3%	5%
2016	565	Christian Yelich*	http://www.baseball-reference.com/players/y/yelicch01.shtml	yelicch01	24	103	MIA	1.0%	16.5%	17.5%	8.7%	32%	0.94	4.8	82.0	9.1	1.54	2.82	63%	27%	3.8%	0%
2016	566	Chris Young	http://www.baseball-reference.com/players/y/youngch04.shtml	youngch04	32	29	BOS	0.0%	34.5%	6.9%	13.8%	80%	5.00	2.7		27.0	0.13	0.20	59%	24%	0.0%	40%
2016	567	Ryan Zimmerman	http://www.baseball-reference.com/players/z/zimmery01.shtml	zimmery01	31	87	WSN	1.2%	23.0%	9.2%	6.9%	33%	2.50	3.9	77.0	9.6	1.15	0.95	66%	28%	4.0%	7%
2016	568	Jordan Zimmermann	http://www.baseball-reference.com/players/z/zimmejo02.shtml	zimmejo02	30	2	DET	0.0%	50.0%	0.0%	0.0%	0%		2.0			0.00		50%	100%	0.0%	0%
2016	569	Ben Zobrist#	http://www.baseball-reference.com/players/z/zobribe01.shtml	zobribe01	35	100	CHC	1.0%	11.0%	18.0%	5.0%	25%	0.61	7.2	79.0	6.6	0.60	0.71	69%	31%	2.5%	7%
