1964,1,Ted Abernathy,/players/a/abernte02.shtml,abernte02,31,CLE,72.2,53,53,27,2,6,15,11,4,73%,16,1,30,9,30%,9,1.063,17,5,31,17,7,29,18,35,22,13,23,17,4.1,
1964,2,Fritz Ackley,/players/a/acklefr01.shtml,acklefr01,27,CHW,6.1,3,1,1,0,0,0,0,0,,0,0,0,0,,8,1.015,0,0,1,0,0,1,0,1,0,0,0,0,3.0,
1964,3,Hank Aguirre*,/players/a/aguirha01.shtml,aguirha01,33,DET,161.2,32,5,1,0,0,1,1,0,100%,1,0,6,1,17%,4,1.083,2,2,1,1,1,3,3,2,4,0,4,0,5.6,
1964,4,Jack Aker,/players/a/akerja01.shtml,akerja01,23,KCA,16.1,9,9,1,0,1,1,0,1,0%,2,1,8,3,38%,5,1.252,2,4,3,4,0,5,4,5,5,2,7,2,5.4,
1964,5,Craig Anderson,/players/a/andercr01.shtml,andercr01,25,NYM,13.0,4,3,1,0,0,0,0,0,,0,0,2,2,100%,3,.747,0,2,1,0,0,3,1,2,2,1,2,0,6.0,
1964,6,Gerry Arrigo*,/players/a/arrigge01.shtml,arrigge01,23,MIN,105.1,41,29,12,3,2,4,1,3,25%,5,1,19,5,26%,6,1.099,12,1,15,5,6,18,9,20,12,7,13,3,4.6,
1964,7,Dave Bakenhaster,/players/b/bakenda01.shtml,bakenda01,19,STL,3.0,2,2,2,0,0,0,0,0,,0,0,0,0,,8,.000,0,0,0,0,0,2,0,2,1,0,1,0,4.5,
1964,8,Jack Baldschun,/players/b/baldsja01.shtml,baldsja01,27,PHI,118.1,71,71,51,6,9,25,21,4,84%,28,3,45,15,33%,8,1.457,35,10,24,30,11,30,23,48,43,10,43,27,5.0,
1964,9,Steve Barber*,/players/b/barbest01.shtml,barbest01,26,BAL,157.0,36,10,2,1,2,2,1,1,50%,2,0,8,4,50%,5,1.146,4,4,2,3,2,5,5,5,5,3,6,1,5.0,
1964,10,Frank Baumann*,/players/b/baumafr01.shtml,baumafr01,30,CHW,32.0,22,22,6,0,3,2,1,1,50%,3,1,17,7,41%,7,.607,5,3,14,3,1,18,9,13,10,6,11,4,4.4,
1964,11,Ed Bauta,/players/b/bautaed01.shtml,bautaed01,29,NYM,10.0,8,8,3,0,2,3,1,2,33%,3,0,10,5,50%,6,1.821,4,0,4,3,0,5,5,3,4,4,4,2,3.8,
1964,12,Larry Bearnarth,/players/b/bearnla01.shtml,bearnla01,22,NYM,78.0,44,43,20,5,4,6,3,3,50%,7,0,25,8,32%,8,1.309,12,10,21,8,9,26,14,29,23,7,24,12,5.1,
1964,13,Bo Belinsky*,/players/b/belinbo01.shtml,belinbo01,27,LAA,135.1,23,1,0,0,0,1,0,1,0%,1,0,3,2,67%,7,1.073,1,0,0,1,0,0,1,0,0,1,0,0,1.0,
1964,14,Gary Bell,/players/b/bellga01.shtml,bellga01,27,CLE,106.0,56,54,28,7,5,6,4,2,67%,7,1,24,7,29%,7,.829,11,8,31,12,7,35,17,37,31,8,33,17,5.3,
1964,15,Dave Bennett,/players/b/benneda01.shtml,benneda01,18,PHI,1.0,1,1,1,0,0,0,0,0,,0,0,0,0,,9,.005,0,0,0,0,0,1,0,1,0,0,0,0,3.0,
1964,16,Dennis Bennett*,/players/b/bennede01.shtml,bennede01,24,PHI,208.0,41,9,4,1,1,3,2,1,67%,3,0,4,1,25%,7,1.120,2,4,3,4,0,5,4,5,5,2,6,2,5.4,
1964,17,Frank Bertaina*,/players/b/bertafr01.shtml,bertafr01,20,BAL,26.0,6,2,1,0,0,0,0,0,,0,0,0,0,,5,1.106,0,0,2,0,0,2,0,2,1,0,1,0,4.5,
1964,18,Wade Blasingame*,/players/b/blasiwa01.shtml,blasiwa01,20,MLN,116.2,28,15,5,2,1,4,2,2,50%,4,0,12,7,58%,8,.913,4,2,9,5,1,9,8,7,9,4,9,2,5.9,
1964,19,Steve Blass,/players/b/blassst01.shtml,blassst01,22,PIT,104.2,24,11,2,1,1,0,0,0,,0,0,8,4,50%,7,.966,2,3,6,0,2,9,3,8,6,3,6,1,7.0,
1964,20,Bobby Bolin,/players/b/bolinbo01.shtml,bolinbo01,25,SFG,174.2,38,15,4,1,0,1,1,0,100%,4,3,13,0,0%,4,1.146,3,7,5,5,2,8,7,8,10,4,10,2,6.9,
1964,21,John Boozer,/players/b/boozejo01.shtml,boozejo01,25,PHI,60.1,22,19,9,2,2,3,2,1,67%,3,0,11,4,36%,6,.761,2,5,12,6,2,11,6,13,14,2,15,2,7.2,
1964,22,Frank Bork*,/players/b/borkfr01.shtml,borkfr01,23,PIT,42.0,33,31,10,1,1,3,2,1,67%,6,2,38,13,34%,8,.873,8,6,14,9,3,18,21,9,10,15,12,9,3.0,
1964,23,Carl Bouldin,/players/b/bouldca01.shtml,bouldca01,24,WSA,25.0,9,6,1,0,1,1,0,1,0%,1,0,7,4,57%,5,.827,4,0,2,1,1,4,4,2,4,1,5,0,7.0,
1964,24,Jim Bouton,/players/b/boutoji01.shtml,boutoji01,25,NYY,271.1,38,1,1,0,0,0,0,0,,0,0,0,0,,9,.936,0,0,1,0,0,1,0,1,0,0,0,0,3.0,
1964,25,Ted Bowsfield*,/players/b/bowsfte01.shtml,bowsfte01,29,KCA,118.2,50,41,14,2,2,0,0,0,,2,2,32,11,34%,8,.821,9,7,22,2,5,34,17,24,21,8,24,8,4.7,
1964,26,Don Bradey,/players/b/bradedo01.shtml,bradedo01,29,HOU,2.1,3,2,1,0,1,0,0,0,,0,0,0,0,,8,1.376,1,0,1,0,1,1,0,2,0,1,0,0,2.5,
1964,27,John Braun,/players/b/braunjo01.shtml,braunjo01,24,MLN,2.0,1,1,0,0,0,0,0,0,,0,0,0,0,,4,.224,0,0,1,0,0,1,0,1,1,0,1,0,6.0,
1964,28,Jim Brewer*,/players/b/breweji01.shtml,breweji01,26,LAD,93.0,34,29,11,1,2,2,1,1,50%,2,0,18,5,28%,7,.698,6,2,19,2,3,24,11,18,21,1,21,6,6.4,
1964,29,Marshall Bridges*,/players/b/bridgma01.shtml,bridgma01,33,WSA,30.0,17,17,7,0,3,2,2,0,100%,4,2,10,4,40%,8,.695,6,3,8,4,2,11,6,11,9,5,9,3,5.3,
1964,30,Ernie Broglio,/players/b/brogler01.shtml,brogler01,28,TOT,169.2,29,2,1,0,0,1,1,0,100%,1,0,0,0,,,1.035,1,0,1,1,0,1,0,2,0,1,0,1,2.0,
1964,31,Ernie Broglio,/players/b/brogler01.shtml,brogler01,28,CHC,100.1,18,2,1,0,0,1,1,0,100%,1,0,0,0,,4,1.019,1,0,1,1,0,1,0,2,0,1,0,1,2.0,
1964,32,Jim Bronstad,/players/b/bronsji01.shtml,bronsji01,28,WSA,7.0,4,4,1,0,1,0,0,0,,0,0,3,0,0%,6,.610,0,2,2,0,1,3,1,3,3,1,3,0,5.3,
1964,33,Hal Brown,/players/b/brownha01.shtml,brownha01,39,HOU,132.0,27,6,3,1,0,2,1,1,50%,3,1,6,3,50%,9,1.068,3,1,2,3,0,3,3,3,2,1,2,0,4.2,
1964,34,Bob Bruce,/players/b/brucebo01.shtml,brucebo01,31,HOU,202.1,35,6,2,1,0,0,0,0,,2,2,4,3,75%,7,1.118,3,1,2,2,1,3,2,4,3,0,5,1,5.0,
1964,35,George Brunet*,/players/b/brunege01.shtml,brunege01,29,LAA,42.1,10,3,2,0,0,0,0,0,,1,1,0,0,,7,1.029,1,0,2,1,0,2,0,3,2,1,2,0,4.7,
1964,36,Bob Buhl,/players/b/buhlbo01.shtml,buhlbo01,35,CHC,227.2,36,1,1,0,0,0,0,0,,0,0,0,0,,8,1.030,0,0,1,0,0,1,0,1,0,0,0,0,3.0,
1964,37,Jim Bunning,/players/b/bunniji01.shtml,bunniji01,32,PHI,284.1,41,2,2,0,0,2,2,0,100%,2,0,4,0,0%,9,.973,2,0,0,2,0,0,2,0,0,1,0,1,2.5,
1964,38,Freddie Burdette,/players/b/burdefr01.shtml,burdefr01,27,CHC,20.0,18,18,7,1,0,0,0,0,,0,0,16,8,50%,7,.448,2,0,16,0,2,16,10,8,7,10,7,6,3.3,
1964,39,Lew Burdette,/players/b/burdele01.shtml,burdele01,37,TOT,141.0,36,19,5,2,1,0,0,0,,0,0,12,3,25%,,.954,4,4,11,1,3,15,7,12,9,6,9,4,4.8,
1964,40,Lew Burdette,/players/b/burdele01.shtml,burdele01,37,STL,10.0,8,8,2,1,0,0,0,0,,0,0,6,2,33%,5,.798,2,2,4,1,1,6,4,4,2,3,2,1,3.8,
1964,41,Lew Burdette,/players/b/burdele01.shtml,burdele01,37,CHC,131.0,28,11,3,1,1,0,0,0,,0,0,6,1,17%,6,.966,2,2,7,0,2,9,3,8,7,3,7,3,5.5,
1964,42,Cecil Butler,/players/b/butlece01.shtml,butlece01,26,MLN,4.1,2,2,1,0,0,0,0,0,,0,0,2,2,100%,4,.092,0,0,2,0,0,2,1,1,2,0,2,0,6.5,
1964,43,Tom Butters,/players/b/butteto01.shtml,butteto01,26,PIT,64.1,28,24,7,0,0,1,0,1,0%,3,0,24,4,17%,9,.704,5,5,14,3,1,20,15,9,14,6,15,2,4.8,
1964,44,John Buzhardt,/players/b/buzhajo01.shtml,buzhajo01,27,CHW,160.0,31,6,2,0,0,0,0,0,,0,0,2,0,0%,2,.887,1,0,5,0,1,5,2,4,4,1,4,1,6.0,
1964,45,Clay Carroll,/players/c/carrocl02.shtml,carrocl02,23,MLN,20.1,11,10,2,2,0,1,1,0,100%,2,0,3,3,100%,5,.926,3,1,6,2,2,6,1,9,6,1,6,2,5.3,
1964,46,Dean Chance,/players/c/chancde01.shtml,chancde01,23,LAA,278.1,46,11,7,2,1,6,4,2,67%,8,1,16,4,25%,8,1.168,7,1,3,10,0,1,8,3,6,2,7,1,5.7,
1964,47,Pete Charton,/players/c/chartpe01.shtml,chartpe01,21,BOS,65.0,25,20,14,0,0,0,0,0,,0,0,6,1,17%,8,.454,0,0,19,0,0,20,4,16,13,1,13,3,4.9,
1964,48,Tom Cheney,/players/c/cheneto01.shtml,cheneto01,29,WSA,48.2,15,9,4,0,0,1,1,0,100%,1,0,6,2,33%,7,.839,2,3,4,1,1,7,4,5,6,2,6,0,5.2,
1964,49,Galen Cisco,/players/c/ciscoga01.shtml,ciscoga01,28,NYM,191.2,36,11,5,0,3,0,0,0,,1,1,7,2,29%,6,1.042,4,2,5,1,4,6,3,8,7,1,7,0,8.3,
1964,50,Tony Cloninger,/players/c/clonito01.shtml,clonito01,23,MLN,242.2,38,4,2,1,0,3,2,1,67%,3,0,6,2,33%,3,1.002,3,1,0,3,0,1,4,0,3,1,3,1,4.5,
1964,51,Ed Connolly*,/players/c/connoed02.shtml,connoed02,24,BOS,80.2,27,12,6,0,1,1,0,1,0%,1,0,8,5,63%,7,1.014,1,2,8,1,0,11,5,7,2,2,2,3,3.1,
1964,52,Danny Coombs*,/players/c/coombda01.shtml,coombda01,22,HOU,18.0,7,6,3,0,1,0,0,0,,0,0,0,0,,7,.356,0,0,5,0,0,6,0,6,6,0,6,0,6.5,
1964,53,Pete Craig,/players/c/craigpe01.shtml,craigpe01,23,WSA,1.2,2,1,0,0,0,0,0,0,,0,0,0,0,,5,.769,0,0,1,0,0,1,0,1,0,0,1,0,3.0,
1964,54,Roger Craig,/players/c/craigro01.shtml,craigro01,34,STL,166.0,39,20,12,2,1,5,5,0,100%,8,3,14,5,36%,8,1.091,8,3,9,9,2,9,9,11,10,2,12,2,6.2,
1964,55,Mike Cuellar*,/players/c/cuellmi01.shtml,cuellmi01,27,STL,72.0,32,25,6,3,0,6,4,2,67%,10,2,20,10,50%,9,1.027,10,5,10,10,4,11,11,14,12,11,12,5,3.8,
1964,56,Ray Culp,/players/c/culpra01.shtml,culpra01,22,PHI,135.0,30,11,4,1,0,0,0,0,,0,0,3,1,33%,5,.923,0,3,7,1,0,10,2,9,8,0,8,1,7.3,
1964,57,Bill Dailey,/players/d/dailebi01.shtml,dailebi01,29,MIN,15.1,14,14,6,1,2,4,0,4,0%,5,0,5,4,80%,8,1.454,8,0,6,5,2,7,3,11,5,5,5,2,3.3,
1964,58,Bud Daley*,/players/d/daleybu01.shtml,daleybu01,31,NYY,35.0,13,10,5,0,2,2,1,1,50%,2,0,4,2,50%,5,.924,3,2,4,3,1,6,2,8,6,2,6,0,5.4,
1964,59,Bennie Daniels,/players/d/daniebe02.shtml,daniebe02,32,WSA,163.0,33,9,3,1,0,1,0,1,0%,1,0,2,0,0%,7,1.100,1,1,7,1,0,8,1,8,7,1,7,0,5.8,
1964,60,Jim Dickson,/players/d/dicksji01.shtml,dicksji01,26,CIN,5.0,4,4,3,1,0,0,0,0,,1,0,0,0,,8,.762,0,2,2,1,0,3,0,4,2,1,2,0,3.8,
1964,61,Larry Dierker,/players/d/dierkla01.shtml,dierkla01,17,HOU,9.0,3,2,2,0,0,0,0,0,,0,0,0,0,,5,.550,0,0,1,0,0,2,0,2,2,0,2,0,9.0,
1964,62,Steve Dillon*,/players/d/dillost01.shtml,dillost01,21,NYM,3.0,2,2,2,0,0,0,0,0,,0,0,0,0,,8,.006,0,0,2,0,0,2,0,2,1,0,1,0,4.5,
1964,63,Dick Donovan,/players/d/donovdi01.shtml,donovdi01,36,CLE,158.1,30,7,4,0,0,1,1,0,100%,2,1,11,1,9%,8,1.051,2,2,2,2,0,5,6,1,2,4,2,1,3.6,
1964,64,Gary Dotter*,/players/d/dottega01.shtml,dottega01,21,MIN,4.1,3,3,2,0,0,0,0,0,,0,0,2,0,0%,6,.260,0,0,3,0,0,3,1,2,2,1,2,0,4.3,
1964,65,Dave Dowling*,/players/d/dowlida01.shtml,dowlida01,21,STL,1.0,1,1,1,0,0,0,0,0,,0,0,0,0,,9,.000,0,0,0,0,0,1,0,1,0,0,0,0,3.0,
1964,66,Al Downing*,/players/d/downial01.shtml,downial01,23,NYY,244.0,37,2,2,0,0,2,2,0,100%,2,0,2,0,0%,9,1.259,1,0,1,2,0,0,1,1,0,1,0,0,2.0,
1964,67,Moe Drabowsky,/players/d/drabomo01.shtml,drabomo01,28,KCA,168.1,53,32,11,2,2,2,1,1,50%,2,0,16,4,25%,5,.998,5,4,23,3,2,27,9,23,20,3,21,8,5.8,
1964,68,Jim Duckworth,/players/d/duckwji01.shtml,duckwji01,25,WSA,56.0,30,28,15,1,4,5,3,2,60%,5,0,9,4,44%,8,.972,10,3,15,5,4,19,8,20,17,3,19,2,5.1,
1964,69,Jim Duffalo,/players/d/duffaji01.shtml,duffaji01,28,SFG,74.0,35,32,19,4,1,4,3,1,75%,4,0,23,6,26%,8,.940,9,5,16,6,5,21,12,20,19,5,19,5,5.2,
1964,70,Bob Duliba,/players/d/dulibbo01.shtml,dulibbo01,29,LAA,72.2,58,58,35,6,4,10,9,1,90%,12,0,36,9,25%,8,1.129,15,14,28,14,8,36,23,35,26,16,26,17,3.8,
1964,71,Ryne Duren,/players/d/durenry01.shtml,durenry01,35,TOT,46.2,28,28,11,0,2,1,1,0,100%,4,3,20,10,50%,,.705,6,6,15,5,3,20,11,17,17,6,17,4,5.0,
1964,72,Ryne Duren,/players/d/durenry01.shtml,durenry01,35,PHI,3.0,2,2,1,0,0,0,0,0,,0,0,0,0,,3,.412,0,0,2,0,0,2,0,2,1,0,1,0,4.5,
1964,73,Ryne Duren,/players/d/durenry01.shtml,durenry01,35,CIN,43.2,26,26,10,0,2,1,1,0,100%,4,3,20,10,50%,7,.731,6,6,13,5,3,18,11,15,16,6,16,4,5.0,
1964,74,Arnold Earley*,/players/e/earlear01.shtml,earlear01,31,BOS,50.1,25,22,7,0,0,1,1,0,100%,3,1,16,7,44%,7,.535,3,1,18,4,0,18,8,14,9,6,9,4,4.1,
1964,75,Dick Egan*,/players/e/egandi02.shtml,egandi02,27,DET,34.1,23,23,11,0,0,2,2,0,100%,3,1,26,6,23%,7,.596,6,5,12,4,2,17,11,12,13,7,14,6,4.5,
1964,76,Dave Eilers,/players/e/eilerda01.shtml,eilerda01,27,MLN,7.2,6,6,3,0,0,0,0,0,,0,0,3,0,0%,8,.201,0,0,6,0,0,6,1,5,2,1,2,0,3.8,
1964,77,Sammy Ellis,/players/e/ellissa01.shtml,ellissa01,23,CIN,122.1,52,47,32,7,1,16,14,2,88%,18,1,33,8,24%,8,1.085,21,10,15,18,9,20,15,32,31,8,31,11,5.3,
1964,78,Dick Ellsworth*,/players/e/ellswdi01.shtml,ellswdi01,24,CHC,256.2,37,1,0,0,1,0,0,0,,1,1,2,0,0%,9,1.082,1,0,0,1,0,0,1,0,0,1,0,0,1.0,
1964,79,Don Elston,/players/e/elstodo01.shtml,elstodo01,35,CHC,54.1,48,48,15,2,5,5,1,4,20%,5,0,45,15,33%,8,.996,9,3,34,5,3,40,25,23,18,21,20,10,3.4,
1964,80,Chuck Estrada,/players/e/estrach01.shtml,estrach01,26,BAL,54.2,17,11,0,1,2,0,0,0,,0,0,10,0,0%,2,.980,2,4,5,0,2,9,5,6,7,3,8,0,6.6,
1964,81,Roy Face,/players/f/facero01.shtml,facero01,36,PIT,79.2,55,55,25,3,3,5,4,1,80%,6,1,37,14,38%,7,.694,12,10,31,7,7,39,21,32,30,11,30,15,4.3,
1964,82,Harry Fanok,/players/f/fanokha01.shtml,fanokha01,24,STL,7.2,4,4,1,0,0,0,0,0,,0,0,2,0,0%,8,.387,0,1,3,0,0,4,1,3,3,1,3,0,5.8,
1964,83,Turk Farrell,/players/f/farretu01.shtml,farretu01,30,HOU,198.1,32,5,3,0,1,0,0,0,,0,0,0,0,,7,1.055,1,1,2,0,1,4,0,5,2,1,2,0,3.6,
1964,84,Bill Fischer,/players/f/fischbi01.shtml,fischbi01,33,MIN,7.1,9,9,2,0,1,2,0,2,0%,3,1,12,5,42%,9,1.818,5,3,1,3,3,3,7,2,2,5,3,3,2.4,
1964,85,Hank Fischer,/players/f/fischha01.shtml,fischha01,24,MLN,168.1,37,9,4,0,0,2,2,0,100%,2,0,6,3,50%,6,1.010,3,3,3,2,3,4,3,6,3,3,3,2,4.3,
1964,86,Eddie Fisher,/players/f/fisheed02.shtml,fisheed02,27,CHW,125.0,59,57,30,6,3,10,9,1,90%,12,2,36,3,8%,6,.993,17,9,30,16,8,33,20,37,38,6,40,19,6.1,
1964,87,Fritz Fisher*,/players/f/fishefr01.shtml,fishefr01,22,DET,0.1,1,1,0,0,0,0,0,0,,0,0,0,0,,9,.030,0,0,1,0,0,1,0,1,0,1,0,0,1.0,
1964,88,Jack Fisher,/players/f/fisheja01.shtml,fisheja01,25,NYM,227.2,40,6,3,0,2,2,0,2,0%,2,0,7,4,57%,9,.965,2,2,2,2,0,4,5,1,1,2,1,1,3.0,
1964,89,John Flavin*,/players/f/flavijo01.shtml,flavijo01,22,CHC,4.2,5,4,0,0,0,0,0,0,,0,0,6,3,50%,6,.956,2,1,0,0,1,3,4,0,1,3,1,0,1.8,
1964,90,Whitey Ford*,/players/f/fordwh01.shtml,fordwh01,35,NYY,244.2,39,3,2,0,0,1,1,0,100%,1,0,3,0,0%,6,1.076,1,1,1,1,0,2,2,1,1,1,1,0,3.0,
1964,91,Jerry Fosnow*,/players/f/fosnoje01.shtml,fosnoje01,23,MIN,10.2,7,7,4,0,1,0,0,0,,1,1,0,0,,7,.346,1,0,5,1,0,6,0,7,5,1,5,2,4.6,
1964,92,Art Fowler,/players/f/fowlear01.shtml,fowlear01,41,LAA,7.0,4,4,1,0,2,1,1,0,100%,1,0,3,0,0%,6,1.754,3,0,1,1,3,0,1,3,3,1,3,0,5.3,
1964,93,Terry Fox,/players/f/foxte01.shtml,foxte01,28,DET,61.0,32,32,20,4,3,7,5,2,71%,8,1,22,5,23%,8,1.199,10,7,15,8,6,18,12,20,21,3,22,4,5.7,
1964,94,Paul Foytack,/players/f/foytapa01.shtml,foytapa01,33,LAA,2.1,2,2,1,0,1,0,0,0,,0,0,0,0,,7,.610,1,0,1,0,1,1,0,2,1,1,1,0,3.5,
1964,95,Earl Francis,/players/f/francea01.shtml,francea01,28,PIT,6.1,2,1,1,0,0,0,0,0,,0,0,1,1,100%,7,.655,0,0,1,0,0,1,1,0,1,0,1,0,4.0,
1964,96,Aubrey Gatewood,/players/g/gatewau01.shtml,gatewau01,25,LAA,60.1,15,8,0,1,1,0,0,0,,0,0,10,1,10%,6,.837,2,2,4,0,1,7,5,3,6,0,6,0,11.0,
1964,97,John Gelnar,/players/g/gelnajo01.shtml,gelnajo01,21,PIT,9.0,7,7,4,0,0,0,0,0,,0,0,5,0,0%,8,.079,0,0,6,0,0,7,2,5,3,2,3,1,3.9,
1964,98,Joe Gibbon*,/players/g/gibbojo01.shtml,gibbojo01,29,PIT,146.2,28,4,3,1,0,0,0,0,,0,0,4,0,0%,7,1.030,1,0,3,1,0,3,2,2,2,2,2,1,7.3,
1964,99,Bob Gibson,/players/g/gibsobo01.shtml,gibsobo01,28,STL,287.1,40,4,3,1,1,2,1,1,50%,2,0,5,1,20%,9,1.105,3,1,0,2,1,1,4,0,2,2,2,0,5.8,
1964,100,Dave Giusti,/players/g/giustda01.shtml,giustda01,24,HOU,25.2,8,8,1,0,0,0,0,0,,0,0,8,2,25%,4,.283,0,0,8,0,0,8,6,2,7,0,7,0,9.6,
1964,101,Fred Gladding,/players/g/gladdfr01.shtml,gladdfr01,28,DET,67.1,42,42,23,7,4,9,7,2,78%,10,1,32,9,28%,8,1.331,14,8,19,11,6,25,16,26,25,9,26,6,4.8,
1964,102,Mudcat Grant,/players/g/grantmu01.shtml,grantmu01,28,TOT,228.0,39,7,3,1,0,1,1,0,100%,1,0,3,1,33%,,.865,2,1,4,2,0,5,2,5,5,1,6,2,6.4,
1964,103,Mudcat Grant,/players/g/grantmu01.shtml,grantmu01,28,CLE,62.0,13,4,1,1,0,0,0,0,,0,0,2,1,50%,4,.971,1,1,2,0,0,4,1,3,3,0,4,1,8.0,
1964,104,Mudcat Grant,/players/g/grantmu01.shtml,grantmu01,28,MIN,166.0,26,3,2,0,0,1,1,0,100%,1,0,1,0,0%,6,.822,1,0,2,2,0,1,1,2,2,1,2,1,4.3,
1964,105,Dave Gray,/players/g/grayda01.shtml,grayda01,21,BOS,13.0,9,8,6,0,0,0,0,0,,0,0,0,0,,8,.225,0,0,3,0,0,8,0,8,2,0,2,0,4.4,
1964,106,Dallas Green,/players/g/greenda02.shtml,greenda02,29,PHI,42.0,25,25,7,2,1,1,0,1,0%,2,0,23,7,30%,5,.576,5,3,17,3,0,22,10,15,18,3,19,0,5.0,
1964,107,Fred Green*,/players/g/greenfr01.shtml,greenfr01,30,PIT,7.1,8,8,2,0,0,1,0,1,0%,1,0,8,5,63%,8,.494,3,0,4,1,1,6,3,5,2,5,2,2,2.8,
1964,108,Lee Gregory*,/players/g/gregole01.shtml,gregole01,26,CHC,18.0,11,11,7,0,0,0,0,0,,0,0,6,2,33%,9,.277,1,0,8,0,1,10,5,6,5,4,5,1,4.9,
1964,109,Joe Grzenda*,/players/g/grzenjo01.shtml,grzenjo01,27,KCA,25.0,20,20,5,0,2,0,0,0,,0,0,10,6,60%,7,.481,2,4,12,0,2,18,7,13,9,5,9,7,3.8,
1964,110,Harvey Haddix*,/players/h/haddiha01.shtml,haddiha01,38,BAL,89.2,49,49,28,5,5,11,9,2,82%,14,3,39,11,28%,8,1.023,19,9,21,14,9,26,24,25,30,10,32,7,5.5,
1964,111,Dick Hall,/players/h/halldi01.shtml,halldi01,33,BAL,87.2,45,45,28,9,1,11,9,2,82%,13,2,44,14,32%,8,1.170,22,10,13,13,9,23,21,24,31,7,31,3,5.8,
1964,112,Jack Hamilton,/players/h/hamilja01.shtml,hamilja01,25,DET,15.0,5,4,1,0,0,0,0,0,,0,0,3,3,100%,7,.438,0,1,3,1,0,3,1,3,4,0,4,0,6.0,
1964,113,Steve Hamilton*,/players/h/hamilst01.shtml,hamilst01,29,NYY,60.1,30,27,11,5,2,7,3,4,43%,11,2,27,14,52%,8,1.261,16,7,4,14,5,8,15,12,11,11,11,4,4.3,
1964,114,Vern Handrahan,/players/h/handrve01.shtml,handrve01,25,KCA,35.2,18,17,7,0,0,0,0,0,,0,0,7,4,57%,6,.311,1,1,15,1,1,15,3,14,12,0,12,5,5.2,
1964,115,Jim Hannan,/players/h/hannaji01.shtml,hannaji01,24,WSA,106.0,49,42,12,4,2,3,3,0,100%,5,2,35,16,46%,7,.865,12,11,18,8,7,27,18,24,25,6,26,5,5.5,
1964,116,Bob Heffner,/players/h/heffnbo01.shtml,heffnbo01,25,BOS,158.2,55,45,21,6,4,6,5,1,83%,9,3,44,13,30%,5,.997,16,10,19,11,8,26,21,24,24,7,25,10,6.4,
1964,117,Bob Hendley*,/players/h/hendlbo01.shtml,hendlbo01,25,SFG,163.1,30,1,1,0,0,1,1,0,100%,1,0,0,0,,23,1.030,1,0,0,1,0,0,0,1,0,0,0,0,3.0,
1964,118,Bill Henry*,/players/h/henrybi01.shtml,henrybi01,36,CIN,52.0,37,37,20,2,2,9,6,3,67%,10,1,33,14,42%,8,1.173,14,5,18,10,5,22,16,21,17,10,17,6,4.2,
1964,119,Ron Herbel,/players/h/herbero01.shtml,herbero01,26,SFG,161.0,40,18,8,0,1,3,1,2,33%,4,1,17,7,41%,8,1.147,7,6,5,5,3,10,9,9,7,6,9,5,4.8,
1964,120,Ray Herbert,/players/h/herbera01.shtml,herbera01,34,CHW,111.2,20,1,0,0,0,0,0,0,,0,0,0,0,,6,1.061,0,0,1,0,0,1,0,1,1,0,1,1,6.0,
1964,121,Jerry Hinsley,/players/h/hinslje01.shtml,hinslje01,19,NYM,15.1,9,7,2,0,1,0,0,0,,0,0,2,1,50%,6,.595,1,1,4,0,1,6,2,5,4,2,5,0,4.1,
1964,122,Glen Hobbie,/players/h/hobbigl01.shtml,hobbigl01,28,TOT,71.2,21,12,4,0,0,1,1,0,100%,1,0,7,4,57%,,.859,0,4,8,3,0,9,5,7,5,2,6,1,4.4,
1964,123,Glen Hobbie,/players/h/hobbigl01.shtml,hobbigl01,28,CHC,27.1,8,4,0,0,0,0,0,0,,0,0,2,1,50%,2,.797,0,0,4,0,0,4,2,2,2,1,3,0,4.0,
1964,124,Glen Hobbie,/players/h/hobbigl01.shtml,hobbigl01,28,STL,44.1,13,8,4,0,0,1,1,0,100%,1,0,5,3,60%,9,.902,0,4,4,3,0,5,3,5,3,1,3,1,4.6,
1964,125,Billy Hoeft*,/players/h/hoeftbi01.shtml,hoeftbi01,32,MLN,73.1,42,42,13,4,0,6,4,2,67%,9,2,39,19,49%,8,.783,9,10,23,11,1,30,23,19,27,12,28,12,5.2,
1964,126,Joe Hoerner*,/players/h/hoernjo01.shtml,hoernjo01,27,HOU,11.0,7,7,2,0,0,0,0,0,,0,0,8,5,63%,1,.377,0,2,5,0,0,7,4,3,4,2,4,2,4.7,
1964,127,Jay Hook,/players/h/hookja01.shtml,hookja01,27,NYM,9.2,3,1,0,0,0,0,0,0,,0,0,0,0,,5,1.091,0,0,1,0,0,1,0,1,0,1,0,0,2.0,
1964,128,Joe Horlen,/players/h/horlejo01.shtml,horlejo01,26,CHW,210.2,32,4,2,1,0,0,0,0,,0,0,3,0,0%,1,1.021,1,0,3,0,0,4,1,3,2,0,3,0,6.8,
1964,129,Bob Humphreys,/players/h/humphbo01.shtml,humphbo01,28,STL,42.2,28,28,10,2,0,2,2,0,100%,3,1,20,5,25%,7,.871,7,4,17,3,3,22,11,17,14,7,15,8,4.6,
1964,130,Willard Hunter*,/players/h/huntewi01.shtml,huntewi01,30,NYM,49.0,41,41,26,3,3,6,5,1,83%,10,2,32,9,28%,8,.907,14,4,22,10,6,25,16,25,16,11,17,13,3.6,
1964,131,Al Jackson*,/players/j/jacksal01.shtml,jacksal01,28,NYM,213.1,40,9,2,2,0,2,1,1,50%,3,0,10,5,50%,7,.936,5,1,3,3,3,3,5,4,5,3,5,2,5.6,
1964,132,Larry Jackson,/players/j/jacksla01.shtml,jacksla01,33,CHC,297.2,40,2,1,0,1,1,0,1,0%,1,0,5,1,20%,8,.990,1,1,0,1,0,1,2,0,1,0,1,0,4.5,
1964,133,Jake Jaeckel,/players/j/jaeckja01.shtml,jaeckja01,22,CHC,8.0,4,4,3,1,0,1,1,0,100%,1,0,2,1,50%,8,.939,1,0,3,1,0,3,1,3,4,0,4,1,6.0,
1964,134,Joey Jay,/players/j/jayjo01.shtml,jayjo01,28,CIN,183.0,34,11,7,2,0,3,2,1,67%,3,0,9,0,0%,5,1.043,4,2,5,3,1,7,4,7,8,2,9,1,5.5,
1964,135,Tommy John*,/players/j/johnto01.shtml,johnto01,21,CLE,94.1,25,11,0,0,0,0,0,0,,0,0,12,3,25%,5,1.009,1,5,5,1,1,9,6,5,6,5,6,3,4.1,
1964,136,Gordon Jones,/players/j/jonesgo01.shtml,jonesgo01,34,HOU,50.0,34,34,11,0,1,0,0,0,,0,0,20,6,30%,8,.463,4,3,25,1,4,29,14,20,19,9,19,8,4.4,
1964,137,Sam Jones,/players/j/jonessa02.shtml,jonessa02,38,BAL,10.1,7,7,4,0,0,0,0,0,,0,0,1,0,0%,4,.212,0,2,5,0,0,7,1,6,3,0,3,0,4.4,
1964,138,Jim Kaat*,/players/k/kaatji01.shtml,kaatji01,25,MIN,243.0,36,2,1,0,1,0,0,0,,0,0,1,0,0%,9,1.111,2,0,0,0,2,0,1,1,0,0,0,0,3.0,
1964,139,Dick Kelley*,/players/k/kelledi01.shtml,kelledi01,24,MLN,2.0,2,2,0,0,0,0,0,0,,0,0,2,2,100%,3,.259,0,0,2,0,0,2,1,1,1,1,1,0,3.0,
1964,140,Tom Kelley,/players/k/kelleto01.shtml,kelleto01,20,CLE,9.2,6,6,2,0,0,0,0,0,,0,0,5,2,40%,7,.123,0,1,4,0,0,6,2,4,4,0,4,0,4.8,
1964,141,Bill Kelso,/players/k/kelsobi01.shtml,kelsobi01,24,LAA,23.2,10,9,2,1,0,0,0,0,,0,0,7,0,0%,5,.681,1,2,6,1,1,7,5,4,4,3,5,2,4.9,
1964,142,Ron Kline,/players/k/klinero01.shtml,klinero01,32,WSA,81.1,61,61,52,10,7,19,14,5,74%,19,0,43,22,51%,8,1.607,28,11,20,19,15,27,20,41,25,15,26,15,4.0,
1964,143,Johnny Klippstein,/players/k/klippjo01.shtml,klippjo01,36,TOT,68.0,44,44,14,2,5,6,3,3,50%,8,2,47,13,28%,,1.060,15,13,15,10,6,28,23,21,22,14,22,10,4.6,
1964,144,Johnny Klippstein,/players/k/klippjo01.shtml,klippjo01,36,PHI,22.1,11,11,5,2,1,1,1,0,100%,1,0,5,2,40%,5,.798,1,2,7,3,1,7,3,8,6,3,6,1,5.9,
1964,145,Johnny Klippstein,/players/k/klippjo01.shtml,klippjo01,36,MIN,45.2,33,33,9,0,4,5,2,3,40%,7,2,42,11,26%,9,1.191,14,11,8,7,5,21,20,13,16,11,16,9,4.2,
1964,146,Alan Koch,/players/k/kochal01.shtml,kochal01,26,TOT,118.0,35,21,3,0,3,0,0,0,,1,0,18,9,50%,,.832,3,6,10,3,2,16,11,10,14,3,14,3,6.9,
1964,147,Alan Koch,/players/k/kochal01.shtml,kochal01,26,DET,4.0,3,3,1,0,0,0,0,0,,1,0,0,0,,4,.423,0,1,1,1,0,2,0,3,1,1,1,1,4.0,
1964,148,Alan Koch,/players/k/kochal01.shtml,kochal01,26,WSA,114.0,32,18,2,0,3,0,0,0,,0,0,18,9,50%,3,.848,3,5,9,2,2,14,11,7,13,2,13,2,7.3,
1964,149,Cal Koonce,/players/k/kooncca01.shtml,kooncca01,23,CHC,31.0,6,4,2,1,0,0,0,0,,0,0,1,0,0%,1,1.031,0,1,3,0,1,3,1,3,4,0,4,1,13.3,
1964,150,Howie Koplitz,/players/k/kopliho01.shtml,kopliho01,26,WSA,17.0,6,5,1,0,0,0,0,0,,0,0,3,3,100%,3,.627,1,1,3,0,2,3,2,3,4,0,4,0,7.0,
1964,151,Sandy Koufax*,/players/k/koufasa01.shtml,koufasa01,28,LAD,223.0,29,1,1,0,0,1,1,0,100%,1,0,2,0,0%,7,1.091,1,0,0,1,0,0,1,0,1,0,1,0,9.0,
1964,152,Jack Kralick*,/players/k/kralija01.shtml,kralija01,29,CLE,190.2,30,1,1,0,0,0,0,0,,0,0,0,0,,7,1.107,0,0,1,0,0,1,0,1,1,0,1,0,6.0,
1964,153,Lew Krausse,/players/k/krausle02.shtml,krausle02,21,KCA,14.2,5,1,0,0,0,0,0,0,,0,0,0,0,,5,1.019,0,0,1,0,0,1,0,1,0,0,1,0,3.0,
1964,154,Frank Kreutzer*,/players/k/kreutfr01.shtml,kreutfr01,25,TOT,85.2,30,19,6,2,2,1,1,0,100%,2,1,11,1,9%,,.930,5,4,9,2,2,15,7,12,10,6,12,0,5.4,
1964,155,Frank Kreutzer*,/players/k/kreutfr01.shtml,kreutfr01,25,CHW,40.1,17,15,5,2,1,1,1,0,100%,1,0,7,1,14%,2,.799,3,3,8,1,1,13,4,11,9,4,10,0,6.1,
1964,156,Frank Kreutzer*,/players/k/kreutfr01.shtml,kreutfr01,25,WSA,45.1,13,4,1,0,1,0,0,0,,1,1,4,0,0%,8,1.041,2,1,1,1,1,2,3,1,1,2,2,0,3.0,
1964,157,Gary Kroll,/players/k/krollga01.shtml,krollga01,22,TOT,24.2,10,8,5,0,0,0,0,0,,1,1,1,0,0%,,.662,0,1,7,1,0,7,1,7,6,0,6,0,6.3,
1964,158,Gary Kroll,/players/k/krollga01.shtml,krollga01,22,PHI,3.0,2,2,1,0,0,0,0,0,,0,0,0,0,,4,.274,0,0,2,0,0,2,0,2,1,0,1,0,4.5,
1964,159,Gary Kroll,/players/k/krollga01.shtml,krollga01,22,NYM,21.2,8,6,4,0,0,0,0,0,,1,1,1,0,0%,7,.718,0,1,5,1,0,5,1,5,5,0,5,0,6.8,
1964,160,Jack Lamabe,/players/l/lamabja01.shtml,lamabja01,27,BOS,177.1,39,14,8,1,2,2,1,1,50%,2,0,3,2,67%,7,.983,1,4,9,3,1,10,2,12,9,0,9,2,5.2,
1964,161,Don Larsen,/players/l/larsedo01.shtml,larsedo01,34,TOT,113.2,36,26,14,1,4,1,1,0,100%,1,0,17,4,24%,,.954,7,5,13,1,6,19,9,17,16,3,16,2,5.6,
1964,162,Don Larsen,/players/l/larsedo01.shtml,larsedo01,34,SFG,10.1,6,6,3,0,1,0,0,0,,0,0,2,0,0%,7,1.091,2,2,1,0,2,4,1,5,4,0,4,1,5.2,
1964,163,Don Larsen,/players/l/larsedo01.shtml,larsedo01,34,HOU,103.1,30,20,11,1,3,1,1,0,100%,1,0,15,4,27%,8,.939,5,3,12,1,4,15,8,12,12,3,12,1,5.8,
1964,164,Frank Lary,/players/l/laryfr01.shtml,laryfr01,34,TOT,87.2,24,10,6,0,0,1,1,0,100%,1,0,2,0,0%,,.891,1,1,6,1,1,8,1,9,5,1,5,0,5.6,
1964,165,Frank Lary,/players/l/laryfr01.shtml,laryfr01,34,TOT,69.2,18,8,5,0,0,1,1,0,100%,1,0,0,0,,,.808,0,1,5,1,0,7,0,8,4,1,4,0,4.3,
1964,166,Frank Lary,/players/l/laryfr01.shtml,laryfr01,34,DET,18.0,6,2,1,0,0,0,0,0,,0,0,2,0,0%,3,1.156,1,0,1,0,1,1,1,1,1,0,1,0,11.0,
1964,167,Frank Lary,/players/l/laryfr01.shtml,laryfr01,34,NYM,57.1,13,5,3,0,0,1,1,0,100%,1,0,0,0,,6,.814,0,1,2,1,0,4,0,5,3,0,3,0,4.8,
1964,168,Frank Lary,/players/l/laryfr01.shtml,laryfr01,34,MLN,12.1,5,3,2,0,0,0,0,0,,0,0,0,0,,8,.776,0,0,3,0,0,3,0,3,1,1,1,0,3.3,
1964,169,Barry Latman,/players/l/latmaba01.shtml,latmaba01,28,LAA,138.0,40,22,11,3,3,2,2,0,100%,4,1,16,3,19%,9,1.011,8,3,10,6,3,13,10,12,13,5,13,2,5.2,
1964,170,Vern Law,/players/l/lawve01.shtml,lawve01,34,PIT,192.0,35,6,1,0,1,0,0,0,,0,0,1,1,100%,1,1.023,2,1,3,0,2,4,1,5,4,1,4,1,6.3,
1964,171,Bob Lee,/players/l/leebo01.shtml,leebo01,26,LAA,137.0,64,59,39,5,4,27,19,8,70%,28,1,45,18,40%,8,1.461,29,15,15,28,7,24,26,33,38,8,39,18,5.6,
1964,172,Don Lee,/players/l/leedo01.shtml,leedo01,30,LAA,89.1,33,25,5,3,1,3,2,1,67%,4,0,29,8,28%,5,1.049,10,7,8,6,4,15,14,11,16,6,17,2,5.2,
1964,173,Denny Lemaster*,/players/l/lemasde01.shtml,lemasde01,25,MLN,221.0,39,4,3,1,0,1,1,0,100%,1,0,2,1,50%,6,1.055,0,1,3,1,1,2,2,2,4,0,4,2,7.3,
1964,174,Bobby Locke,/players/l/lockebo01.shtml,lockebo01,30,PHI,19.1,8,8,0,0,0,0,0,0,,0,0,10,4,40%,3,1.101,2,3,3,0,0,8,6,2,7,0,7,0,7.3,
1964,175,Ron Locke*,/players/l/lockero01.shtml,lockero01,22,NYM,41.1,25,22,13,0,0,0,0,0,,2,2,15,7,47%,8,.557,2,2,15,2,1,19,10,12,6,9,6,4,3.4,
1964,176,Mickey Lolich*,/players/l/lolicmi01.shtml,lolicmi01,23,DET,232.0,44,11,5,2,1,3,2,1,67%,3,0,11,6,55%,5,.961,4,3,4,4,1,6,7,4,5,3,5,4,3.9,
1964,177,Ken MacKenzie*,/players/m/mackeke01.shtml,mackeke01,30,SFG,9.0,10,10,3,0,0,1,1,0,100%,2,1,8,1,13%,7,.266,3,2,5,2,2,6,4,6,3,6,3,2,2.7,
1964,178,Art Mahaffey,/players/m/mahafar01.shtml,mahafar01,26,PHI,157.1,34,5,2,1,0,0,0,0,,0,0,0,0,,6,1.061,1,0,3,0,1,4,0,5,2,0,2,0,5.4,
1964,179,Al McBean,/players/m/mcbeaal01.shtml,mcbeaal01,26,PIT,89.2,58,58,49,8,3,21,21,0,100%,22,1,37,8,22%,8,1.581,25,11,22,22,10,26,21,37,32,11,32,17,4.6,
1964,180,Ken McBride,/players/m/mcbrike01.shtml,mcbrike01,28,LAA,116.1,29,8,3,1,0,1,1,0,100%,2,1,6,2,33%,9,1.037,2,1,3,2,1,5,3,5,4,2,4,1,4.9,
1964,181,Billy McCool*,/players/m/mccoobi01.shtml,mccoobi01,19,CIN,89.1,40,37,21,5,3,9,7,2,78%,10,1,20,9,45%,7,1.023,10,7,17,11,4,22,11,26,25,6,25,4,5.4,
1964,182,Mike McCormick*,/players/m/mccormi03.shtml,mccormi03,25,BAL,17.1,4,2,0,0,0,0,0,0,,0,0,2,0,0%,3,1.278,1,0,1,0,1,1,1,1,1,1,1,0,9.0,
1964,183,Lindy McDaniel,/players/m/mcdanli01.shtml,mcdanli01,28,CHC,95.0,63,63,40,1,7,23,16,7,70%,24,1,58,22,38%,8,1.494,28,8,22,24,6,33,34,29,32,12,33,24,4.5,
1964,184,Sam McDowell*,/players/m/mcdowsa01.shtml,mcdowsa01,21,CLE,173.1,31,7,3,2,0,1,1,0,100%,1,0,6,2,33%,9,1.228,3,3,1,1,3,3,5,2,3,3,3,0,5.3,
1964,185,Denny McLain,/players/m/mclaide01.shtml,mclaide01,20,DET,100.0,19,3,0,0,1,0,0,0,,0,0,2,0,0%,3,.982,0,0,3,0,0,3,1,2,2,0,2,0,6.7,
1964,186,Cal McLish,/players/m/mclisca01.shtml,mclisca01,38,PHI,5.1,2,1,0,0,0,0,0,0,,0,0,0,0,,2,.289,0,0,1,0,0,1,0,1,1,0,1,0,15.0,
1964,187,Don McMahon,/players/m/mcmahdo02.shtml,mcmahdo02,34,CLE,101.0,70,70,39,6,4,20,16,4,80%,23,3,52,15,29%,8,1.194,31,11,28,24,11,35,29,41,36,15,37,22,4.3,
1964,188,Dave McNally*,/players/m/mcnalda01.shtml,mcnalda01,21,BAL,159.1,30,7,2,1,0,0,0,0,,0,0,9,3,33%,7,.922,2,2,3,0,1,6,5,2,5,2,5,1,6.9,
1964,189,Bob Meyer*,/players/m/meyerbo01.shtml,meyerbo01,24,TOT,78.1,22,9,5,0,2,0,0,0,,1,1,1,0,0%,,.963,2,0,6,2,0,7,1,8,6,0,6,2,7.1,
1964,190,Bob Meyer*,/players/m/meyerbo01.shtml,meyerbo01,24,NYY,18.1,7,6,4,0,2,0,0,0,,1,1,1,0,0%,8,.971,2,0,3,2,0,4,1,5,3,0,3,1,6.2,
1964,191,Bob Meyer*,/players/m/meyerbo01.shtml,meyerbo01,24,LAA,18.0,6,1,0,0,0,0,0,0,,0,0,0,0,,2,.816,0,0,1,0,0,1,0,1,1,0,1,0,15.0,
1964,192,Bob Meyer*,/players/m/meyerbo01.shtml,meyerbo01,24,KCA,42.0,9,2,1,0,0,0,0,0,,0,0,0,0,,6,1.029,0,0,2,0,0,2,0,2,2,0,2,1,6.0,
1964,193,Pete Mikkelsen,/players/m/mikkepe01.shtml,mikkepe01,24,NYY,86.0,50,50,27,7,4,15,12,3,80%,18,2,53,14,26%,8,1.408,21,15,14,22,10,18,26,24,28,12,28,9,5.2,
1964,194,Bob Miller,/players/m/millebo04.shtml,millebo04,25,LAD,137.2,74,72,39,6,6,15,9,6,60%,21,6,66,22,33%,7,1.248,33,12,25,24,11,37,36,36,45,16,46,30,5.2,
1964,195,Larry Miller*,/players/m/millela01.shtml,millela01,27,LAD,79.2,16,2,2,1,0,0,0,0,,0,0,0,0,,8,1.036,1,0,0,0,1,1,0,2,2,0,2,0,6.0,
1964,196,Stu Miller,/players/m/millest01.shtml,millest01,36,BAL,97.0,66,66,46,7,7,27,22,5,81%,27,0,38,17,45%,8,1.769,35,11,18,27,16,23,20,46,37,10,37,21,4.4,
1964,197,Joe Moeller,/players/m/moelljo01.shtml,moelljo01,21,LAD,145.1,27,3,0,0,0,0,0,0,,0,0,1,0,0%,6,.944,0,0,3,0,0,3,1,2,2,0,2,0,7.7,
1964,198,Bill Monbouquette,/players/m/monbobi01.shtml,monbobi01,27,BOS,234.0,36,1,1,0,0,1,1,0,100%,1,0,1,0,0%,6,.926,0,1,0,1,0,0,1,0,1,0,1,0,12.0,
1964,199,Aurelio Monteagudo,/players/m/monteau01.shtml,monteau01,20,KCA,31.1,11,5,2,0,0,0,0,0,,0,0,4,2,50%,8,.754,0,2,3,0,0,5,2,3,2,1,2,2,6.0,
1964,200,Dave Morehead,/players/m/morehda01.shtml,morehda01,21,BOS,166.2,32,2,0,0,0,0,0,0,,0,0,0,0,,5,1.068,0,0,2,0,0,2,0,2,2,0,2,0,6.0,
1964,201,Don Mossi*,/players/m/mossido01.shtml,mossido01,35,CHW,40.0,34,34,17,3,1,10,7,3,70%,15,4,36,11,31%,8,1.181,20,3,8,15,4,15,21,13,11,15,11,8,3.5,
1964,202,Masanori Murakami*,/players/m/murakma01.shtml,murakma01,20,SFG,15.0,9,9,5,1,0,2,1,1,50%,2,0,8,4,50%,9,.748,2,1,6,2,1,6,4,5,4,1,4,1,5.0,
1964,203,Buster Narum,/players/n/narumbu01.shtml,narumbu01,23,WSA,199.0,38,6,3,0,0,0,0,0,,0,0,2,2,100%,9,.986,0,1,5,0,0,6,1,5,2,0,2,1,4.0,
1964,204,Julio Navarro,/players/n/navarju01.shtml,navarju01,28,TOT,50.1,31,31,17,2,1,3,3,0,100%,6,3,19,1,5%,,1.126,9,4,18,7,5,19,10,21,16,6,17,7,4.9,
1964,205,Julio Navarro,/players/n/navarju01.shtml,navarju01,28,LAA,9.1,5,5,3,0,0,1,1,0,100%,2,1,11,0,0%,6,1.578,4,0,1,2,1,2,4,1,3,2,4,1,5.6,
1964,206,Julio Navarro,/players/n/navarju01.shtml,navarju01,28,DET,41.0,26,26,14,2,1,2,2,0,100%,4,2,8,1,13%,8,1.029,5,4,17,5,4,17,6,20,13,4,13,6,4.7,
1964,207,Fred Newman,/players/n/newmafr01.shtml,newmafr01,22,LAA,190.0,32,4,2,0,0,0,0,0,,0,0,1,1,100%,4,1.074,0,0,2,0,0,4,1,3,1,0,1,1,3.8,
1964,208,Chet Nichols*,/players/n/nichoch02.shtml,nichoch02,33,CIN,3.0,3,3,3,0,0,0,0,0,,0,0,0,0,,9,.002,0,0,2,0,0,3,0,3,0,0,0,0,3.0,
1964,209,Phil Niekro,/players/n/niekrph01.shtml,niekrph01,25,MLN,15.0,10,10,2,0,0,0,0,0,,0,0,9,2,22%,5,.187,0,0,9,0,0,9,6,3,5,2,5,1,4.5,
1964,210,Chuck Nieson,/players/n/niesoch01.shtml,niesoch01,21,MIN,2.0,2,2,1,0,0,0,0,0,,0,0,0,0,,5,.229,0,0,2,0,0,2,0,2,0,0,0,1,3.0,
1964,211,Fred Norman*,/players/n/normafr01.shtml,normafr01,21,CHC,31.2,8,3,2,0,0,0,0,0,,0,0,4,3,75%,5,1.115,1,0,2,0,1,2,2,1,1,2,1,1,3.0,
1964,212,Don Nottebart,/players/n/nottedo01.shtml,nottedo01,28,HOU,157.0,28,4,4,1,0,0,0,0,,0,0,2,0,0%,8,1.072,0,1,3,0,0,4,1,3,1,0,1,0,3.3,
1964,213,Joe Nuxhall*,/players/n/nuxhajo01.shtml,nuxhajo01,35,CIN,154.2,32,10,3,1,1,2,2,0,100%,2,0,7,1,14%,5,1.190,2,4,4,2,2,6,5,5,6,2,6,0,5.3,
1964,214,Billy O'Dell*,/players/o/o'delbi01.shtml,o'delbi01,31,SFG,85.0,36,28,13,8,3,7,3,4,43%,11,1,30,4,13%,7,1.227,16,6,6,12,4,12,18,10,15,9,16,6,5.5,
1964,215,John O'Donoghue*,/players/o/o'donjo02.shtml,o'donjo02,24,KCA,173.2,39,7,3,1,0,1,0,1,0%,1,0,9,5,56%,7,1.126,2,1,4,1,1,5,5,2,5,1,5,1,6.9,
1964,216,Chi-Chi Olivo,/players/o/olivoch01.shtml,olivoch01,36,MLN,60.0,38,38,12,2,1,8,5,3,63%,10,2,30,11,37%,8,.763,9,4,24,12,0,26,17,21,22,9,24,15,4.7,
1964,217,Phil Ortega,/players/o/ortegph01.shtml,ortegph01,24,LAD,157.1,34,9,3,1,0,1,1,0,100%,1,0,9,3,33%,2,.969,2,3,4,2,1,6,4,5,4,3,4,0,6.1,
1964,218,Dan Osinski,/players/o/osinsda01.shtml,osinsda01,30,LAA,93.0,47,43,16,2,2,5,2,3,40%,5,0,46,17,37%,6,.956,9,15,19,7,5,31,23,20,26,13,27,8,5.0,
1964,219,Claude Osteen*,/players/o/osteecl01.shtml,osteecl01,24,WSA,257.0,37,1,0,0,0,1,0,1,0%,1,0,2,1,50%,9,1.090,1,0,0,1,0,0,1,0,0,1,0,0,0.0,
1964,220,Jim Owens,/players/o/owensji01.shtml,owensji01,30,HOU,118.0,48,37,23,6,2,9,6,3,67%,10,0,28,9,32%,8,1.204,13,7,17,10,4,23,17,20,21,7,21,7,4.9,
1964,221,Milt Pappas,/players/p/pappami01.shtml,pappami01,25,BAL,251.2,37,1,0,0,0,0,0,0,,0,0,0,0,,6,.900,0,0,1,0,0,1,0,1,1,0,1,0,9.0,
1964,222,Tom Parsons,/players/p/parsoto01.shtml,parsoto01,24,NYM,19.1,4,2,2,1,0,0,0,0,,1,0,3,0,0%,4,.749,1,0,1,1,0,1,1,1,2,0,2,0,11.0,
1964,223,Orlando Pena,/players/p/penaor01.shtml,penaor01,30,KCA,219.1,40,8,3,0,0,0,0,0,,0,0,8,6,75%,5,.888,1,3,4,0,0,8,4,4,5,1,5,1,5.5,
1964,224,Ron Perranoski*,/players/p/perraro01.shtml,perraro01,28,LAD,125.1,72,72,52,5,7,19,14,5,74%,24,4,58,22,38%,8,1.502,31,8,31,28,12,32,32,40,42,13,48,30,5.2,
1964,225,Gaylord Perry,/players/p/perryga01.shtml,perryga01,25,SFG,206.1,44,25,11,6,5,5,4,1,80%,6,1,15,3,20%,8,1.159,12,6,7,7,7,11,8,17,15,2,17,4,8.1,
1964,226,Jim Perry,/players/p/perryji01.shtml,perryji01,28,MIN,65.1,42,41,9,6,2,3,2,1,67%,7,3,28,7,25%,7,1.038,10,12,19,10,6,25,18,23,19,16,19,7,4.7,
1964,227,Gary Peters*,/players/p/peterga01.shtml,peterga01,27,CHW,273.2,37,1,0,0,0,0,0,0,,1,1,0,0,,8,1.124,1,0,0,1,0,0,0,1,0,1,0,0,2.0,
1964,228,Dan Pfister,/players/p/pfistda01.shtml,pfistda01,27,KCA,41.1,19,16,5,1,3,0,0,0,,1,1,12,5,42%,4,.970,6,2,8,1,5,10,7,9,10,2,12,2,5.8,
1964,229,Billy Pierce*,/players/p/piercbi02.shtml,piercbi02,37,SFG,49.0,34,33,14,2,0,7,4,3,57%,9,1,32,10,31%,6,.849,10,11,12,9,5,19,18,15,11,14,12,3,3.8,
1964,230,Bill Pleis*,/players/p/pleisbi01.shtml,pleisbi01,26,MIN,50.2,47,47,20,4,1,5,4,1,80%,9,3,36,6,17%,9,.870,16,8,22,10,9,28,22,25,18,21,20,12,3.2,
1964,231,John Pregenzer,/players/p/pregejo01.shtml,pregejo01,31,SFG,18.1,13,13,5,2,0,1,0,1,0%,2,0,9,5,56%,6,.594,3,1,9,2,2,9,4,9,7,3,7,3,4.2,
1964,232,Bob Priddy,/players/p/priddbo01.shtml,priddbo01,24,PIT,34.1,19,19,5,1,2,1,1,0,100%,3,1,16,9,56%,6,.715,5,4,10,3,5,11,9,10,11,5,12,3,5.4,
1964,233,John Purdin,/players/p/purdijo01.shtml,purdijo01,21,LAD,16.0,3,1,0,0,0,0,0,0,,0,0,0,0,,6,.547,0,0,1,0,0,1,0,1,1,0,1,0,6.0,
1964,234,Bob Purkey,/players/p/purkebo01.shtml,purkebo01,34,CIN,195.2,34,9,3,1,1,1,1,0,100%,2,1,5,0,0%,7,.974,3,3,3,3,1,5,3,6,9,0,9,0,7.1,
1964,235,Dick Radatz,/players/r/radatdi01.shtml,radatdi01,27,BOS,157.0,79,79,67,16,9,39,29,10,74%,39,0,45,15,33%,8,1.720,43,15,20,41,16,22,30,49,55,5,55,26,6.0,
1964,236,Ed Rakow,/players/r/rakowed01.shtml,rakowed01,29,DET,152.1,42,29,12,5,1,3,3,0,100%,3,0,31,12,39%,1,.959,10,5,13,6,4,19,16,13,20,5,20,3,8.0,
1964,237,Pedro Ramos,/players/r/ramospe01.shtml,ramospe01,29,TOT,154.2,49,30,17,4,1,9,8,1,89%,9,0,24,7,29%,,.941,11,3,15,11,4,15,14,16,16,3,18,8,5.3,
1964,238,Pedro Ramos,/players/r/ramospe01.shtml,ramospe01,29,CLE,133.0,36,17,6,3,1,1,0,1,0%,1,0,11,3,27%,5,.868,3,0,13,2,2,13,6,11,9,1,11,2,5.6,
1964,239,Pedro Ramos,/players/r/ramospe01.shtml,ramospe01,29,NYY,21.2,13,13,11,1,0,8,8,0,100%,8,0,13,4,31%,8,1.504,8,3,2,9,2,2,8,5,7,2,7,6,5.0,
1964,240,Claude Raymond,/players/r/raymocl01.shtml,raymocl01,27,HOU,79.2,38,38,11,5,5,2,0,2,0%,3,0,31,10,32%,6,.683,5,7,26,3,2,33,20,18,29,5,29,5,6.3,
1964,241,Howie Reed,/players/r/reedho01.shtml,reedho01,27,LAD,90.0,26,19,8,0,1,1,1,0,100%,1,0,13,3,23%,8,1.000,3,3,10,1,2,16,9,10,13,1,13,5,6.7,
1964,242,Phil Regan,/players/r/reganph01.shtml,reganph01,27,DET,146.2,32,11,4,1,0,1,1,0,100%,1,0,6,2,33%,2,1.008,1,2,7,2,0,9,4,7,7,0,7,2,7.4,
1964,243,Hal Reniff,/players/r/renifha01.shtml,renifha01,25,NYY,69.1,41,41,27,6,4,10,9,1,90%,11,0,14,2,14%,8,1.142,17,5,19,13,9,19,10,31,24,6,25,5,5.1,
1964,244,Dennis Ribant,/players/r/ribande01.shtml,ribande01,22,NYM,57.2,14,7,3,0,1,1,1,0,100%,1,0,3,0,0%,7,.891,2,1,3,2,1,4,2,5,4,2,4,2,4.6,
1964,245,Gordie Richardson*,/players/r/richago01.shtml,richago01,25,STL,47.0,19,13,6,1,0,1,1,0,100%,2,1,11,1,9%,9,.868,4,3,5,2,4,7,7,6,4,5,4,3,3.5,
1964,246,Pete Richert*,/players/r/richepe01.shtml,richepe01,24,LAD,34.2,8,2,0,0,0,0,0,0,,0,0,0,0,,4,.926,0,1,1,0,0,2,0,2,1,0,1,0,4.5,
1964,247,Steve Ridzik,/players/r/ridzist01.shtml,ridzist01,35,WSA,112.0,49,46,17,5,3,4,2,2,50%,7,3,50,21,42%,6,.992,11,10,22,10,3,33,26,20,27,7,28,8,6.3,
1964,248,Jay Ritchie,/players/r/ritchja01.shtml,ritchja01,27,BOS,46.0,21,21,4,1,1,1,0,1,0%,1,0,17,5,29%,3,.567,4,2,15,2,0,19,9,12,13,2,14,3,6.6,
1964,249,Ed Roebuck,/players/r/roebued01.shtml,roebued01,32,TOT,78.1,62,62,28,5,3,15,12,3,80%,18,3,63,21,33%,,1.398,28,7,26,22,6,34,36,26,26,23,27,15,3.8,
1964,250,Ed Roebuck,/players/r/roebued01.shtml,roebued01,32,WSA,1.0,2,2,1,0,0,0,0,0,,0,0,0,0,,7,.206,0,0,2,0,0,2,0,2,0,1,0,0,1.5,
1964,251,Ed Roebuck,/players/r/roebued01.shtml,roebued01,32,PHI,77.1,60,60,27,5,3,15,12,3,80%,18,3,63,21,33%,8,1.421,28,7,24,22,6,32,36,24,26,22,27,15,3.9,
1964,252,Jim Roland*,/players/r/rolanji01.shtml,rolanji01,21,MIN,94.1,30,17,7,0,0,3,3,0,100%,3,0,17,11,65%,6,1.085,3,4,10,3,1,13,8,9,6,6,7,5,3.9,
1964,253,Ken Rowe,/players/r/roweke01.shtml,roweke01,30,BAL,4.1,6,6,2,1,0,1,0,1,0%,1,0,5,2,40%,5,.857,2,3,1,1,1,4,3,3,1,3,1,1,2.2,
1964,254,Don Rudolph*,/players/r/rudoldo01.shtml,rudoldo01,32,WSA,70.1,28,20,10,0,0,0,0,0,,0,0,11,7,64%,7,.632,2,1,16,0,1,19,6,14,11,5,11,3,5.3,
1964,255,Ray Sadecki*,/players/s/sadecra01.shtml,sadecra01,23,STL,220.0,37,5,2,0,2,1,1,0,100%,1,0,6,1,17%,8,1.116,2,2,1,2,2,1,3,2,2,2,2,0,3.2,
1964,256,Bob Sadowski,/players/s/sadowbo02.shtml,sadowbo02,26,MLN,166.2,51,33,9,3,2,5,4,1,80%,9,2,42,15,36%,5,.917,14,7,12,11,4,18,23,10,17,12,19,12,4.8,
1964,257,Ken Sanders,/players/s/sandeke01.shtml,sandeke01,22,KCA,27.0,21,21,11,0,2,2,1,1,50%,2,0,20,8,40%,8,.574,2,4,14,2,2,17,10,11,10,6,11,8,3.9,
1964,258,Jack Sanford,/players/s/sanfoja02.shtml,sanfoja02,35,SFG,106.1,18,1,1,0,0,1,1,0,100%,1,0,1,0,0%,9,1.032,0,1,0,1,0,0,1,0,0,1,0,0,1.0,
1964,259,Jose Santiago,/players/s/santijo02.shtml,santijo02,23,KCA,83.2,34,26,6,0,1,0,0,0,,0,0,31,6,19%,3,.743,1,11,14,0,2,24,16,10,18,3,19,1,6.5,
1964,260,Dan Schneider*,/players/s/schneda01.shtml,schneda01,21,MLN,36.1,13,8,1,1,1,0,0,0,,1,0,6,1,17%,4,.903,1,2,5,2,1,5,4,4,5,3,5,1,6.1,
1964,261,Barney Schultz,/players/s/schulba01.shtml,schulba01,37,STL,49.1,30,30,22,1,3,16,14,2,88%,17,1,28,4,14%,9,1.525,15,8,6,17,2,11,18,12,14,6,16,9,4.9,
1964,262,Wayne Schurr,/players/s/schurwa01.shtml,schurwa01,26,CHC,48.1,26,26,6,0,0,0,0,0,,0,0,29,14,48%,3,.438,3,5,18,1,1,24,15,11,18,6,19,6,5.6,
1964,263,Don Schwall,/players/s/schwado01.shtml,schwado01,28,PIT,49.2,15,6,1,1,0,0,0,0,,0,0,5,1,20%,5,.913,0,3,3,0,0,6,3,3,2,2,2,1,4.8,
1964,264,Dick Scott*,/players/s/scottdi02.shtml,scottdi02,31,CHC,4.1,3,3,0,0,0,0,0,0,,0,0,0,0,,6,.173,0,0,3,0,0,3,0,3,1,1,2,1,4.3,
1964,265,Johnnie Seale*,/players/s/sealejo01.shtml,sealejo01,25,DET,10.0,4,4,0,1,0,0,0,0,,0,0,4,1,25%,2,.753,0,1,3,0,0,4,2,2,4,0,4,0,7.5,
1964,266,Diego Segui,/players/s/seguidi01.shtml,seguidi01,26,KCA,217.0,40,5,1,0,0,1,0,1,0%,1,0,3,1,33%,8,.959,2,0,3,1,1,3,2,3,3,2,3,0,4.4,
1964,267,Gordon Seyfried,/players/s/seyfrgo01.shtml,seyfrgo01,26,CLE,2.1,2,2,0,0,0,0,0,0,,0,0,3,2,67%,3,.334,0,1,1,0,0,2,2,0,1,1,1,0,3.5,
1964,268,Bobby Shantz*,/players/s/shantbo01.shtml,shantbo01,38,TOT,60.2,50,50,22,2,5,5,1,4,20%,8,1,50,23,46%,,1.061,16,6,28,9,7,34,30,20,16,26,17,10,3.6,
1964,269,Bobby Shantz*,/players/s/shantbo01.shtml,shantbo01,38,STL,17.1,16,16,10,1,3,2,0,2,0%,3,0,17,11,65%,8,1.495,7,1,8,3,4,9,9,7,7,6,7,2,3.3,
1964,270,Bobby Shantz*,/players/s/shantbo01.shtml,shantbo01,38,CHC,11.1,20,20,9,0,1,2,1,1,50%,4,1,23,9,39%,9,.683,5,4,11,4,1,15,14,6,2,15,2,5,1.7,
1964,271,Bobby Shantz*,/players/s/shantbo01.shtml,shantbo01,38,PHI,32.0,14,14,3,1,1,1,0,1,0%,1,0,10,3,30%,8,.976,4,1,9,2,2,10,7,7,7,5,8,3,6.9,
1964,272,Bob Shaw,/players/s/shawbo01.shtml,shawbo01,31,SFG,93.1,61,60,27,7,5,17,11,6,65%,21,3,43,17,40%,9,1.396,29,6,25,21,11,28,26,34,28,17,30,16,4.4,
1964,273,Rollie Sheldon,/players/s/sheldro01.shtml,sheldro01,27,NYY,102.1,19,7,2,0,0,1,1,0,100%,1,0,6,2,33%,3,.938,1,3,3,1,1,5,3,4,4,0,4,0,7.3,
1964,274,Larry Sherry,/players/s/sherrla01.shtml,sherrla01,28,DET,66.1,38,38,24,7,5,15,11,4,73%,16,1,32,10,31%,9,1.551,20,7,11,17,6,15,19,19,21,6,23,9,5.2,
1964,275,Garland Shifflett,/players/s/shiffga01.shtml,shiffga01,29,MIN,17.2,10,10,4,0,2,1,1,0,100%,1,0,10,5,50%,6,.789,3,0,5,2,1,7,6,4,6,1,7,2,5.3,
1964,276,Chris Short*,/players/s/shortch02.shtml,shortch02,26,PHI,220.2,42,11,4,0,0,2,2,0,100%,5,1,14,3,21%,8,1.047,6,0,5,5,1,5,9,2,1,7,1,1,2.0,
1964,277,Sonny Siebert,/players/s/siebeso01.shtml,siebeso01,27,CLE,156.0,41,27,10,1,2,5,3,2,60%,5,0,24,10,42%,3,.891,9,3,15,7,3,17,11,16,21,3,21,2,7.7,
1964,278,Dwight Siebler,/players/s/siebldw01.shtml,siebldw01,26,MIN,11.0,9,9,1,0,0,0,0,0,,0,0,7,1,14%,3,.642,1,2,6,0,1,8,5,4,5,2,5,0,3.7,
1964,279,Tommie Sisk,/players/s/siskto01.shtml,siskto01,22,PIT,61.1,42,41,9,1,4,0,0,0,,1,1,28,9,32%,7,.679,8,7,23,3,5,32,18,22,23,11,23,12,4.5,
1964,280,Sterling Slaughter,/players/s/slaugst01.shtml,slaugst01,22,CHC,51.2,20,14,3,0,0,0,0,0,,0,0,7,1,14%,7,.589,0,1,12,0,0,14,4,10,12,2,12,1,5.7,
1964,281,Jack Smith,/players/s/smithja04.shtml,smithja04,28,MLN,31.0,22,22,9,2,2,2,0,2,0%,3,0,20,7,35%,8,.679,5,4,11,3,1,17,12,9,12,7,11,7,4.2,
1964,282,Willie Smith*,/players/s/smithwi02.shtml,smithwi02,25,LAA,31.2,15,14,3,1,4,0,0,0,,1,1,8,4,50%,8,.803,2,5,7,1,3,10,5,9,8,6,8,1,5.6,
1964,283,Warren Spahn*,/players/s/spahnwa01.shtml,spahnwa01,43,MLN,173.2,38,13,11,0,0,5,4,1,80%,5,0,6,3,50%,7,1.006,4,0,9,5,1,7,4,9,7,2,7,3,4.9,
1964,284,Bill Spanswick*,/players/s/spansbi01.shtml,spansbi01,25,BOS,65.1,29,22,4,1,0,0,0,0,,1,1,13,4,31%,8,.770,1,3,18,1,0,21,7,15,13,6,13,3,4.6,
1964,285,Joe Sparma,/players/s/sparmjo01.shtml,sparmjo01,22,DET,84.0,21,10,7,1,1,0,0,0,,0,0,2,2,100%,8,.947,1,1,6,0,2,8,1,9,6,1,6,0,5.8,
1964,286,Jack Spring*,/players/s/sprinja01.shtml,sprinja01,31,TOT,12.1,15,15,3,1,0,0,0,0,,1,1,20,9,45%,,.665,6,2,6,1,2,12,9,6,4,8,4,2,2.5,
1964,287,Jack Spring*,/players/s/sprinja01.shtml,sprinja01,31,TOT,9.0,9,9,2,0,0,0,0,0,,0,0,6,4,67%,,.367,0,2,6,0,0,9,3,6,3,4,3,0,3.0,
1964,288,Jack Spring*,/players/s/sprinja01.shtml,sprinja01,31,LAA,3.1,6,6,1,1,0,0,0,0,,1,1,14,5,36%,6,1.601,6,0,0,1,2,3,6,0,1,4,1,2,1.7,
1964,289,Jack Spring*,/players/s/sprinja01.shtml,sprinja01,31,CHC,6.0,7,7,2,0,0,0,0,0,,0,0,6,4,67%,7,.260,0,2,4,0,0,7,3,4,2,4,2,0,2.6,
1964,290,Jack Spring*,/players/s/sprinja01.shtml,sprinja01,31,STL,3.0,2,2,0,0,0,0,0,0,,0,0,0,0,,6,.496,0,0,2,0,0,2,0,2,1,0,1,0,4.5,
1964,291,Bill Stafford,/players/s/staffbi01.shtml,staffbi01,25,NYY,60.2,31,30,12,5,0,5,4,1,80%,8,3,23,8,35%,6,1.285,15,5,9,8,7,15,10,20,18,5,18,5,5.5,
1964,292,Tracy Stallard,/players/s/stalltr01.shtml,stalltr01,26,NYM,225.2,36,2,1,0,1,0,0,0,,0,0,1,1,100%,7,.987,2,0,0,0,2,0,1,1,0,1,0,1,1.5,
1964,293,Lee Stange,/players/s/stangle01.shtml,stangle01,27,TOT,171.1,37,12,3,0,3,1,0,1,0%,1,0,15,7,47%,,1.080,2,4,6,2,0,10,9,3,6,4,6,2,3.9,
1964,294,Lee Stange,/players/s/stangle01.shtml,stangle01,27,MIN,79.2,14,3,1,0,2,1,0,1,0%,1,0,4,1,25%,5,1.139,2,0,1,2,0,1,3,0,1,2,1,1,2.0,
1964,295,Lee Stange,/players/s/stangle01.shtml,stangle01,27,CLE,91.2,23,9,2,0,1,0,0,0,,0,0,11,6,55%,8,1.031,0,4,5,0,0,9,6,3,5,2,5,1,4.6,
1964,296,Herm Starrette,/players/s/starrhe01.shtml,starrhe01,25,BAL,11.0,5,5,3,1,0,1,1,0,100%,1,0,0,0,,7,.459,1,0,4,1,1,3,0,5,3,0,3,0,6.6,
1964,297,Morrie Steevens*,/players/s/steevmo01.shtml,steevmo01,23,PHI,2.2,4,4,2,0,0,0,0,0,,0,0,4,1,25%,5,.358,1,0,3,0,1,3,2,2,1,2,1,0,2.0,
1964,298,Dave Stenhouse,/players/s/stenhda01.shtml,stenhda01,30,WSA,88.0,26,12,5,0,1,2,1,1,50%,2,0,6,1,17%,9,.892,2,1,8,2,0,10,5,7,5,5,5,2,5.0,
1964,299,Dick Stigman*,/players/s/stigmdi01.shtml,stigmdi01,28,MIN,190.0,32,3,2,1,0,1,0,1,0%,1,0,5,2,40%,5,1.148,2,1,0,1,2,0,2,1,2,1,2,0,9.7,
1964,300,Wes Stock,/players/s/stockwe01.shtml,stockwe01,30,TOT,113.2,64,64,20,8,3,9,5,4,56%,12,2,59,15,25%,,1.156,23,13,28,13,9,42,35,29,39,12,40,17,5.3,
1964,301,Wes Stock,/players/s/stockwe01.shtml,stockwe01,30,BAL,20.2,14,14,2,2,0,1,0,1,0%,1,0,14,6,43%,6,.602,2,3,9,1,1,12,8,6,5,6,5,3,4.4,
1964,302,Wes Stock,/players/s/stockwe01.shtml,stockwe01,30,KCA,93.0,50,50,18,6,3,8,5,3,63%,11,2,45,9,20%,6,1.281,21,10,19,12,8,30,27,23,34,6,35,14,5.6,
1964,303,Mel Stottlemyre,/players/s/stottme01.shtml,stottme01,22,NYY,96.0,13,1,0,0,0,0,0,0,,0,0,0,0,,6,1.047,0,1,0,0,1,0,0,1,0,0,0,0,3.0,
1964,304,Tom Sturdivant,/players/s/sturdto01.shtml,sturdto01,34,TOT,32.1,19,19,5,0,0,3,1,2,33%,3,0,21,8,38%,,.628,4,3,11,3,3,13,10,9,10,5,10,4,5.1,
1964,305,Tom Sturdivant,/players/s/sturdto01.shtml,sturdto01,34,KCA,3.2,3,3,0,0,0,0,0,0,,0,0,5,3,60%,8,1.560,1,1,1,0,1,2,3,0,1,2,1,0,3.7,
1964,306,Tom Sturdivant,/players/s/sturdto01.shtml,sturdto01,34,NYM,28.2,16,16,5,0,0,3,1,2,33%,3,0,16,5,31%,7,.509,3,2,10,3,2,11,7,9,9,3,9,4,5.4,
1964,307,Ed Sukla,/players/s/suklaed01.shtml,suklaed01,21,LAA,2.2,2,2,1,0,1,0,0,0,,0,0,1,0,0%,6,.662,1,0,1,0,1,1,1,1,1,1,1,1,4.0,
1964,308,Darrell Sutherland,/players/s/sutheda01.shtml,sutheda01,22,NYM,26.2,10,6,3,0,0,0,0,0,,0,0,7,4,57%,6,.664,1,1,3,0,1,5,3,3,5,1,5,2,6.5,
1964,309,Fred Talbot,/players/t/talbofr01.shtml,talbofr01,23,CHW,75.1,17,5,0,1,0,0,0,0,,0,0,7,0,0%,4,.886,1,1,3,1,0,4,3,2,5,0,5,0,5.4,
1964,310,Ron Taylor,/players/t/tayloro01.shtml,tayloro01,26,STL,101.1,63,61,31,8,2,12,8,4,67%,14,1,40,20,50%,9,.836,21,13,26,17,8,36,23,38,33,13,34,19,4.5,
1964,311,Ralph Terry,/players/t/terryra01.shtml,terryra01,28,NYY,115.0,27,13,9,2,3,5,4,1,80%,5,0,7,2,29%,8,.990,6,3,4,6,4,3,3,10,11,1,11,0,7.5,
1964,312,Luis Tiant,/players/t/tiantlu01.shtml,tiantlu01,23,CLE,127.0,19,3,3,1,1,1,1,0,100%,1,0,1,0,0%,10,1.125,3,0,0,1,2,0,1,2,2,1,2,1,4.7,
1964,313,Bobby Tiefenauer,/players/t/tiefebo01.shtml,tiefebo01,34,MLN,73.0,46,46,38,4,6,17,13,5,76%,19,1,19,9,47%,8,1.349,17,8,18,19,3,23,12,33,24,7,24,17,4.8,
1964,314,Paul Toth,/players/t/tothpa01.shtml,tothpa01,29,CHC,10.2,4,2,0,0,0,0,0,0,,0,0,0,0,,6,.807,0,0,2,0,0,2,0,2,1,0,1,0,4.5,
1964,315,John Tsitouris,/players/t/tsitojo01.shtml,tsitojo01,28,CIN,175.1,37,13,5,0,2,2,2,0,100%,2,0,11,4,36%,6,1.058,2,4,7,2,2,9,5,8,10,2,10,2,6.3,
1964,316,Bob Veale*,/players/v/vealebo01.shtml,vealebo01,28,PIT,279.2,40,2,1,0,0,0,0,0,,0,0,0,0,,6,.987,0,0,2,0,0,2,0,2,1,0,1,1,4.5,
1964,317,Dave Vineyard,/players/v/vineyda01.shtml,vineyda01,23,BAL,54.0,19,13,1,0,1,0,0,0,,1,1,12,4,33%,6,.847,4,3,6,3,1,9,6,7,6,3,7,1,5.5,
1964,318,Bill Wakefield,/players/w/wakefbi01.shtml,wakefbi01,23,NYM,119.2,62,58,18,3,2,3,2,1,67%,5,2,42,17,40%,8,.803,11,14,33,7,7,44,27,31,31,15,31,17,5.4,
1964,319,Jerry Walker,/players/w/walkeje01.shtml,walkeje01,25,CLE,9.2,6,6,1,0,1,0,0,0,,0,0,8,3,38%,5,.421,2,0,4,1,1,4,4,2,3,2,4,0,4.8,
1964,320,Jack Warner,/players/w/warneja02.shtml,warneja02,23,CHC,9.1,7,7,2,0,0,0,0,0,,0,0,3,3,100%,6,.231,0,2,4,0,0,7,2,5,3,1,3,1,4.0,
1964,321,Ray Washburn,/players/w/washbra01.shtml,washbra01,26,STL,60.0,15,5,3,0,0,2,2,0,100%,2,0,1,0,0%,7,.816,0,0,3,2,0,3,1,4,4,0,4,0,4.8,
1964,322,Bill Whitby,/players/w/whitbbi01.shtml,whitbbi01,20,MIN,6.1,4,4,1,0,0,0,0,0,,0,0,4,1,25%,7,.055,0,0,4,0,0,4,3,1,3,1,3,1,4.8,
1964,323,Dave Wickersham,/players/w/wickeda01.shtml,wickeda01,28,DET,254.0,40,4,4,0,1,2,1,1,50%,2,0,3,2,67%,9,1.087,1,0,3,2,0,2,2,2,1,2,1,1,2.8,
1964,324,Hoyt Wilhelm,/players/w/wilheho01.shtml,wilheho01,41,CHW,131.1,73,73,55,12,9,31,27,4,87%,35,3,42,11,26%,8,1.580,39,13,21,36,18,19,25,48,48,10,48,25,5.4,
1964,325,Carl Willey,/players/w/willeca01.shtml,willeca01,33,NYM,30.0,14,11,7,0,0,0,0,0,,0,0,6,2,33%,8,.594,1,1,5,0,0,11,3,8,6,3,7,2,4.5,
1964,326,Nick Willhite*,/players/w/willhni01.shtml,willhni01,23,LAD,43.2,10,3,1,0,0,0,0,0,,0,0,0,0,,3,1.192,1,2,0,0,1,2,0,3,1,0,1,0,6.0,
1964,327,Stan Williams,/players/w/willist02.shtml,willist02,27,NYY,82.0,21,11,5,1,2,0,0,0,,0,0,4,3,75%,7,1.142,2,1,7,1,1,9,3,8,9,1,9,0,7.5,
1964,328,Earl Wilson,/players/w/wilsoea01.shtml,wilsoea01,29,BOS,202.1,33,2,1,0,0,0,0,0,,0,0,3,0,0%,3,.902,1,1,0,0,1,1,1,1,1,1,1,0,9.0,
1964,329,Rick Wise,/players/w/wiseri01.shtml,wiseri01,18,PHI,69.0,25,17,2,1,1,0,0,0,,2,2,0,0,,6,.739,1,4,10,3,1,13,0,17,12,3,12,0,6.2,
1964,330,Wilbur Wood*,/players/w/woodwi01.shtml,woodwi01,22,TOT,23.0,7,5,2,0,0,0,0,0,,0,0,5,0,0%,,.969,0,1,4,0,0,5,3,2,3,1,3,1,5.4,
1964,331,Wilbur Wood*,/players/w/woodwi01.shtml,woodwi01,22,BOS,5.2,4,4,2,0,0,0,0,0,,0,0,3,0,0%,7,.089,0,0,4,0,0,4,2,2,2,1,2,1,4.3,
1964,332,Wilbur Wood*,/players/w/woodwi01.shtml,woodwi01,22,PIT,17.1,3,1,0,0,0,0,0,0,,0,0,2,0,0%,1,1.348,0,1,0,0,0,1,1,0,1,0,1,0,10.0,
1964,333,Hal Woodeshick*,/players/w/woodeha01.shtml,woodeha01,31,HOU,78.1,61,61,48,2,9,31,23,8,74%,36,4,64,14,22%,9,1.927,39,10,12,36,7,18,38,23,26,16,28,16,3.9,
1964,334,Al Worthington,/players/w/worthal01.shtml,worthal01,35,TOT,79.1,47,47,34,6,6,18,14,4,78%,18,0,33,9,27%,,1.755,27,9,11,18,11,18,19,28,27,9,27,13,5.1,
1964,335,Al Worthington,/players/w/worthal01.shtml,worthal01,35,CIN,7.0,6,6,2,1,0,1,0,1,0%,1,0,3,3,100%,6,.506,1,1,4,1,0,5,1,5,1,1,1,1,3.5,
1964,336,Al Worthington,/players/w/worthal01.shtml,worthal01,35,MIN,72.1,41,41,32,5,6,17,14,3,82%,17,0,30,6,20%,8,1.926,26,8,7,17,11,13,18,23,26,8,26,12,5.3,
1964,337,John Wyatt,/players/w/wyattjo02.shtml,wyattjo02,29,KCA,128.0,81,81,57,9,8,27,20,7,74%,28,0,55,20,36%,9,1.529,40,12,27,28,15,38,34,47,42,16,46,39,4.7,
1964,338,Larry Yellen,/players/y/yellela01.shtml,yellela01,21,HOU,21.0,13,12,7,0,0,0,0,0,,0,0,4,0,0%,8,.303,0,0,10,0,0,12,3,9,5,3,6,1,4.3,
