1962,1,Hank Aaron,/players/a/aaronha01.shtml,aaronha01,28,MLN,NL,154,153,147,1340.2,359,341,11,7,1,.981,6,5,2.36,2.29,OF-1B
1962,2,Tommie Aaron,/players/a/aaronto01.shtml,aaronto01,22,MLN,NL,154,74,50,798.2,630,572,48,10,56,.984,5,7,6.99,4.03,1B-OF-3B-2B
1962,3,Jerry Adair,/players/a/adairje01.shtml,adairje01,25,BAL,AL,148,132,112,1185.2,677,295,362,20,89,.970,-0,-0,4.99,4.44,SS-2B-3B
1962,4,Joe Adcock,/players/a/adcocjo01.shtml,adcocjo01,34,MLN,NL,112,112,45,836.1,967,907,57,3,72,.997,-1,-1,10.37,8.61,1B
1962,5,Tommie Agee,/players/a/ageeto01.shtml,ageeto01,19,CLE,AL,3,3,3,26.0,4,4,0,0,0,1.000,-1,-32,1.38,1.33,OF
1962,6,Hank Aguirre,/players/a/aguirha01.shtml,aguirha01,31,DET,AL,42,22,11,216.0,32,7,22,3,0,.906,,,1.21,0.69,P
1962,7,Bernie Allen,/players/a/allenbe01.shtml,allenbe01,23,MIN,AL,158,158,155,1410.1,764,357,394,13,109,.983,4,3,4.79,4.75,2B
1962,8,Bob Allen,/players/a/allenbo04.shtml,allenbo04,24,CLE,AL,30,0,0,30.2,12,4,6,2,1,.833,,,2.93,0.33,P
1962,9,Bob Allison,/players/a/allisbo01.shtml,allisbo01,27,MIN,AL,147,142,139,1276.1,304,287,10,7,1,.977,7,6,2.09,2.02,OF
1962,10,Felipe Alou,/players/a/aloufe01.shtml,aloufe01,27,SFG,NL,150,142,131,1249.0,277,262,7,8,3,.971,8,8,1.94,1.79,OF
1962,11,Matty Alou,/players/a/alouma01.shtml,alouma01,23,SFG,NL,57,41,27,387.0,85,80,3,2,0,.976,1,2,1.93,1.46,OF
1962,12,George Altman,/players/a/altmage01.shtml,altmage01,29,CHC,NL,145,140,132,1253.0,378,355,16,7,16,.981,-2,-2,2.66,2.56,OF-1B
1962,13,George Alusik,/players/a/alusige01.shtml,alusige01,27,KCA,AL,51,45,35,396.0,95,89,3,3,0,.968,1,3,2.09,1.80,OF-1B
1962,14,Rogelio Alvarez,/players/a/alvarro01.shtml,alvarro01,24,CIN,NL,13,7,2,66.0,75,69,4,2,8,.973,-1,-25,9.95,5.62,1B
1962,15,Max Alvis,/players/a/alvisma01.shtml,alvisma01,24,CLE,AL,12,12,12,106.0,31,13,16,2,1,.935,-2,-23,2.46,2.42,3B
1962,16,Joey Amalfitano,/players/a/amalfjo01.shtml,amalfjo01,28,HOU,NL,115,100,83,911.2,519,231,270,18,72,.965,-10,-14,4.95,4.36,2B-3B
1962,17,Ruben Amaro,/players/a/amaroru01.shtml,amaroru01,26,PHI,NL,79,71,63,620.0,380,144,224,12,50,.968,4,8,5.34,4.66,SS-1B
1962,18,Bob Anderson,/players/a/anderbo01.shtml,anderbo01,26,CHC,NL,57,4,0,107.2,21,4,16,1,1,.952,,,1.67,0.35,P
1962,19,Craig Anderson,/players/a/andercr01.shtml,andercr01,23,NYM,NL,50,14,2,131.1,46,8,36,2,3,.957,,,3.02,0.88,P
1962,20,John Anderson,/players/a/anderjo02.shtml,anderjo02,32,TOT,NL,15,0,0,24.0,7,1,6,0,0,1.000,,,2.62,0.47,P
1962,21,Luis Aparicio,/players/a/aparilu01.shtml,aparilu01,28,CHW,AL,152,141,138,1280.2,752,280,452,20,102,.973,11,11,5.14,4.82,SS
1962,22,Jim Archer,/players/a/archeji02.shtml,archeji02,30,KCA,AL,18,1,0,27.2,6,2,3,1,0,.833,,,1.63,0.28,P
1962,23,Gerry Arrigo,/players/a/arrigge01.shtml,arrigge01,21,MIN,AL,1,0,0,1.0,0,0,0,0,0,,,,0.00,0.00,P
1962,24,Luis Arroyo,/players/a/arroylu01.shtml,arroylu01,35,NYY,AL,27,0,0,33.2,7,0,5,2,0,.714,,,1.34,0.19,P
1962,25,Richie Ashburn,/players/a/ashburi01.shtml,ashburi01,35,NYM,NL,99,92,73,806.2,211,192,13,6,2,.972,-8,-11,2.29,2.07,OF-2B
1962,26,Bob Aspromonte,/players/a/asprobo01.shtml,asprobo01,24,HOU,NL,154,146,126,1273.0,440,168,257,15,25,.966,-9,-8,3.00,2.76,3B-SS-2B
1962,27,Ken Aspromonte,/players/a/asproke01.shtml,asproke01,30,TOT,ZZ,27,21,14,199.2,100,46,52,2,10,.980,-2,-11,4.42,3.63,2B-3B
1962,28,Earl Averill,/players/a/averiea02.shtml,averiea02,30,LAA,AL,55,45,20,385.0,92,85,7,0,0,1.000,4,14,2.15,1.67,OF-C
1962,29,Joe Azcue,/players/a/azcuejo01.shtml,azcuejo01,22,KCA,AL,70,64,53,553.2,411,363,42,6,5,.985,1,2,6.58,5.79,C
1962,30,Bob Bailey,/players/b/bailebo01.shtml,bailebo01,19,PIT,NL,12,12,12,110.0,38,10,25,3,2,.921,1,11,2.86,2.92,3B
1962,31,Ed Bailey,/players/b/baileed01.shtml,baileed01,31,SFG,NL,75,69,57,613.2,450,419,25,6,3,.987,0,0,6.51,5.92,C
1962,32,Bob Baird,/players/b/bairdbo01.shtml,bairdbo01,22,WSA,AL,3,3,0,10.2,2,0,2,0,0,1.000,,,1.69,0.67,P
1962,33,Jack Baldschun,/players/b/baldsja01.shtml,baldsja01,25,PHI,NL,67,0,0,112.2,26,6,19,1,2,.962,,,2.00,0.37,P
1962,34,Tony Balsamo,/players/b/balsato01.shtml,balsato01,24,CHC,NL,18,0,0,29.1,10,3,6,1,2,.900,,,2.76,0.50,P
1962,35,Ernie Banks,/players/b/bankser01.shtml,bankser01,31,CHC,NL,152,150,147,1323.1,1580,1462,107,11,135,.993,2,2,10.67,10.32,1B-3B
1962,36,George Banks,/players/b/banksge01.shtml,banksge01,23,MIN,AL,23,20,12,176.0,39,26,11,2,1,.949,-2,-12,1.89,1.61,OF-3B
1962,37,Steve Barber,/players/b/barbest01.shtml,barbest01,24,BAL,AL,28,19,5,140.1,44,16,26,2,1,.955,,,2.69,1.50,P
1962,38,Cuno Barragan,/players/b/barracu01.shtml,barracu01,30,CHC,NL,55,41,27,370.0,241,207,27,7,2,.971,-1,-3,5.69,4.25,C
1962,39,Norm Bass,/players/b/bassno01.shtml,bassno01,23,KCA,AL,22,10,0,75.1,25,6,19,0,0,1.000,,,2.99,1.14,P
1962,40,Earl Battey,/players/b/batteea01.shtml,batteea01,27,MIN,AL,147,143,126,1241.0,963,872,82,9,9,.991,2,2,6.92,6.49,C
1962,41,Frank Baumann,/players/b/baumafr01.shtml,baumafr01,28,CHW,AL,40,10,3,119.2,29,5,23,1,3,.966,,,2.11,0.70,P
1962,42,Ed Bauta,/players/b/bautaed01.shtml,bautaed01,27,STL,NL,20,0,0,32.1,7,1,6,0,0,1.000,,,1.95,0.35,P
1962,43,Howie Bedell,/players/b/bedelho01.shtml,bedelho01,26,MLN,NL,45,29,27,290.1,66,63,0,3,0,.955,0,2,1.95,1.40,OF
1962,44,Bo Belinsky,/players/b/belinbo01.shtml,belinbo01,25,LAA,AL,33,31,5,187.1,40,6,30,4,2,.900,,,1.73,1.09,P
1962,45,Gary Bell,/players/b/bellga01.shtml,bellga01,25,CLE,AL,57,6,1,107.2,24,14,9,1,2,.958,,,1.92,0.40,P
1962,46,Gus Bell,/players/b/bellgu01.shtml,bellgu01,33,TOT,NL,84,77,49,619.1,127,115,10,2,3,.984,-5,-10,1.82,1.49,OF
1962,47,Dennis Bennett,/players/b/bennede01.shtml,bennede01,22,PHI,NL,31,24,7,174.2,33,8,24,1,0,.970,,,1.65,1.03,P
1962,48,Yogi Berra,/players/b/berrayo01.shtml,berrayo01,37,NYY,AL,59,55,44,496.1,261,238,17,6,6,.977,2,5,4.62,4.32,C-OF
1962,49,Ken Berry,/players/b/berryke01.shtml,berryke01,21,CHW,AL,2,1,0,14.0,5,4,1,0,1,1.000,0,26,3.21,2.50,OF
1962,50,Dick Bertell,/players/b/bertedi01.shtml,bertedi01,26,CHC,NL,76,61,42,537.0,347,306,36,5,0,.986,-3,-7,5.73,4.50,C
1962,51,Reno Bertoia,/players/b/bertore01.shtml,bertore01,27,DET,AL,3,0,0,5.0,2,0,2,0,0,1.000,1,144,3.60,0.67,2B-3B-SS
1962,52,Steve Bilko,/players/b/bilkost01.shtml,bilkost01,33,LAA,AL,50,43,30,378.1,401,371,28,2,36,.995,-0,-0,9.49,7.98,1B
1962,53,Ethan Blackaby,/players/b/blacket01.shtml,blacket01,21,MLN,NL,3,3,2,26.2,3,3,0,0,0,1.000,-0,-18,1.01,1.00,OF
1962,54,Johnny Blanchard,/players/b/blancjo01.shtml,blancjo01,29,NYY,AL,64,56,35,506.2,168,159,3,6,0,.964,-0,-0,2.88,2.53,OF-C-1B
1962,55,Don Blasingame,/players/b/blasido01.shtml,blasido01,30,CIN,NL,137,130,116,1150.2,703,334,352,17,66,.976,6,6,5.37,5.01,2B
1962,56,Carl Boles,/players/b/bolesca01.shtml,bolesca01,27,SFG,NL,7,4,1,34.0,6,5,0,1,0,.833,-0,-18,1.32,0.71,OF
1962,57,Bobby Bolin,/players/b/bolinbo01.shtml,bolinbo01,23,SFG,NL,41,5,2,92.0,13,3,10,0,0,1.000,,,1.27,0.32,P
1962,58,Frank Bolling,/players/b/bollifr01.shtml,bollifr01,30,MLN,NL,119,112,107,980.1,556,252,298,6,70,.989,-2,-3,5.05,4.62,2B
1962,59,Walt Bond,/players/b/bondwa01.shtml,bondwa01,24,CLE,AL,12,12,11,107.2,25,25,0,0,0,1.000,-3,-35,2.09,2.08,OF
1962,60,Joe Bonikowski,/players/b/bonikjo01.shtml,bonikjo01,21,MIN,AL,30,13,3,99.2,29,7,22,0,1,1.000,,,2.62,0.97,P
1962,61,John Boozer,/players/b/boozejo01.shtml,boozejo01,23,PHI,NL,9,0,0,20.1,3,0,3,0,1,1.000,,,1.33,0.33,P
1962,62,Steve Boros,/players/b/borosst01.shtml,borosst01,25,DET,AL,111,95,88,881.0,302,118,163,21,19,.930,-13,-18,2.87,2.53,3B-2B
1962,63,Bob Botz,/players/b/botzbo01.shtml,botzbo01,27,LAA,AL,35,0,0,63.0,9,1,8,0,0,1.000,,,1.29,0.26,P
1962,64,Ed Bouchee,/players/b/bouched01.shtml,bouched01,29,NYM,NL,19,18,10,140.0,164,137,23,4,16,.976,1,9,10.29,8.42,1B
1962,65,Carl Bouldin,/players/b/bouldca01.shtml,bouldca01,22,WSA,AL,6,3,1,20.0,5,1,3,1,0,.800,,,1.80,0.67,P
1962,66,Jim Bouton,/players/b/boutoji01.shtml,boutoji01,23,NYY,AL,36,16,3,133.0,31,8,23,0,3,1.000,,,2.10,0.86,P
1962,67,Ernie Bowman,/players/b/bowmaer01.shtml,bowmaer01,26,SFG,NL,38,6,4,130.0,52,22,30,0,2,1.000,1,8,3.60,1.37,2B-3B-SS
1962,68,Ted Bowsfield,/players/b/bowsfte01.shtml,bowsfte01,27,LAA,AL,34,25,1,139.0,30,12,13,5,0,.833,,,1.62,0.74,P
1962,69,Clete Boyer,/players/b/boyercl02.shtml,boyercl02,25,NYY,AL,157,156,151,1397.1,605,187,396,22,41,.964,28,24,3.76,3.71,3B
1962,70,Ken Boyer,/players/b/boyerke01.shtml,boyerke01,31,STL,NL,160,160,158,1431.1,498,158,318,22,34,.956,10,8,2.99,2.98,3B
1962,71,Harvey Branch,/players/b/brancha01.shtml,brancha01,23,STL,NL,1,1,0,5.0,3,1,2,0,0,1.000,,,5.40,3.00,P
1962,72,Jackie Brandt,/players/b/brandja01.shtml,brandja01,28,BAL,AL,140,128,122,1169.2,328,310,10,8,2,.976,-0,-0,2.46,2.29,OF-3B
1962,73,Marv Breeding,/players/b/breedma01.shtml,breedma01,28,BAL,AL,75,56,47,550.0,351,146,196,9,47,.974,10,22,5.60,4.56,2B-3B-SS
1962,74,Eddie Bressoud,/players/b/bressed01.shtml,bressed01,30,BOS,AL,153,153,152,1371.2,801,291,482,28,107,.965,16,14,5.07,5.05,SS
1962,75,Jim Brewer,/players/b/breweji01.shtml,breweji01,24,CHC,NL,6,1,0,5.2,2,1,1,0,1,1.000,,,3.18,0.33,P
1962,76,Marshall Bridges,/players/b/bridgma01.shtml,bridgma01,31,NYY,AL,52,0,0,71.2,24,5,18,1,3,.958,,,2.89,0.44,P
1962,77,Harry Bright,/players/b/brighha01.shtml,brighha01,32,WSA,AL,103,96,86,850.0,885,802,72,11,83,.988,-0,-0,9.25,8.49,1B-3B-C
1962,78,Ed Brinkman,/players/b/brinked01.shtml,brinked01,20,WSA,AL,48,39,28,361.2,176,71,96,9,22,.949,-4,-14,4.16,3.48,SS-3B
1962,79,Lou Brock,/players/b/brocklo01.shtml,brocklo01,23,CHC,NL,106,101,95,896.2,259,243,7,9,2,.965,-8,-11,2.51,2.36,OF
1962,80,Ernie Broglio,/players/b/brogler01.shtml,brogler01,26,STL,NL,34,30,11,222.1,60,19,39,2,3,.967,,,2.35,1.71,P
1962,81,Jim Brosnan,/players/b/brosnji01.shtml,brosnji01,32,CIN,NL,48,0,0,64.2,13,4,8,1,0,.923,,,1.67,0.25,P
1962,82,Dick Brown,/players/b/browndi01.shtml,browndi01,27,DET,AL,132,122,107,1074.1,789,742,42,5,8,.994,0,0,6.57,5.94,C
1962,83,Hal Brown,/players/b/brownha01.shtml,brownha01,37,TOT,AL,24,12,0,92.1,16,6,10,0,1,1.000,,,1.56,0.67,P
1962,84,Paul Brown,/players/b/brownpa01.shtml,brownpa01,21,PHI,NL,23,9,0,63.2,17,7,8,2,1,.882,,,2.12,0.65,P
1962,85,Pidge Browne,/players/b/brownpi01.shtml,brownpi01,33,HOU,NL,26,17,13,155.1,173,155,15,3,11,.983,0,0,9.85,6.54,1B
1962,86,Bob Bruce,/players/b/brucebo01.shtml,brucebo01,29,HOU,NL,32,27,6,175.0,41,14,26,1,2,.976,,,2.06,1.25,P
1962,87,George Brunet,/players/b/brunege01.shtml,brunege01,27,HOU,NL,17,11,2,54.0,18,4,12,2,2,.889,,,2.67,0.94,P
1962,88,Bill Bruton,/players/b/brutobi01.shtml,brutobi01,36,DET,AL,145,133,131,1231.2,406,394,5,7,2,.983,3,3,2.92,2.75,OF
1962,89,Billy Bryan,/players/b/bryanbi01.shtml,bryanbi01,23,KCA,AL,22,18,15,173.2,124,117,4,3,0,.976,-5,-35,6.27,5.50,C
1962,90,Don Buddin,/players/b/buddido01.shtml,buddido01,28,TOT,MLB,62,48,34,434.0,230,92,128,10,28,.957,-4,-11,4.56,3.55,SS-3B-2B
1962,91,Bob Buhl,/players/b/buhlbo01.shtml,buhlbo01,33,TOT,NL,35,31,8,214.0,47,15,29,3,2,.936,,,1.85,1.26,P
1962,92,Jim Bunning,/players/b/bunniji01.shtml,bunniji01,30,DET,AL,41,35,12,258.0,30,17,13,0,1,1.000,,,1.05,0.73,P
1962,93,Bob Burda,/players/b/burdabo01.shtml,burdabo01,23,STL,NL,6,5,2,38.0,12,11,0,1,0,.917,1,19,2.61,1.83,OF
1962,94,Freddie Burdette,/players/b/burdefr01.shtml,burdefr01,25,CHC,NL,8,0,0,9.2,3,0,2,1,0,.667,,,1.86,0.25,P
1962,95,Lew Burdette,/players/b/burdele01.shtml,burdele01,35,MLN,NL,37,19,6,143.2,43,8,33,2,1,.953,,,2.57,1.11,P
1962,96,Smoky Burgess,/players/b/burgesm01.shtml,burgesm01,35,PIT,NL,101,94,83,840.2,602,550,45,7,5,.988,1,1,6.37,5.89,C
1962,97,Tom Burgess,/players/b/burgeto01.shtml,burgeto01,34,LAA,AL,37,33,24,282.2,302,286,15,1,27,.997,2,7,9.58,8.14,1B-OF
1962,98,Leo Burke,/players/b/burkele02.shtml,burkele02,28,LAA,AL,17,16,13,136.0,39,27,8,4,2,.897,-1,-8,2.32,2.06,OF-3B-SS
1962,99,Pete Burnside,/players/b/burnspe01.shtml,burnspe01,31,WSA,AL,40,20,6,149.2,29,11,16,2,0,.931,,,1.62,0.68,P
1962,100,Larry Burright,/players/b/burrila01.shtml,burrila01,24,LAD,NL,110,69,54,672.0,398,176,207,15,35,.962,-2,-3,5.13,3.48,2B-SS
1962,101,Jim Busby,/players/b/busbyji01.shtml,busbyji01,35,HOU,NL,11,2,1,27.2,4,4,0,0,0,1.000,-1,-30,1.30,0.36,OF-C
1962,102,Cecil Butler,/players/b/butlece01.shtml,butlece01,24,MLN,NL,9,2,1,31.0,7,0,7,0,0,1.000,,,2.03,0.78,P
1962,103,Tom Butters,/players/b/butteto01.shtml,butteto01,24,PIT,NL,4,0,0,6.0,1,0,1,0,0,1.000,,,1.50,0.25,P
1962,104,John Buzhardt,/players/b/buzhajo01.shtml,buzhajo01,25,CHW,AL,28,25,8,152.1,44,12,32,0,3,1.000,,,2.60,1.57,P
1962,105,Johnny Callison,/players/c/callijo01.shtml,callijo01,23,PHI,NL,152,147,137,1311.0,358,327,24,7,7,.980,15,13,2.41,2.31,OF
1962,106,Doug Camilli,/players/c/camildo02.shtml,camildo02,25,LAD,NL,39,23,12,216.0,173,162,8,3,1,.983,-2,-11,7.08,4.36,C
1962,107,Jim Campbell,/players/c/campbji01.shtml,campbji01,25,HOU,NL,25,25,22,207.0,200,174,20,6,1,.970,-1,-6,8.43,7.76,C
1962,108,Chris Cannizzaro,/players/c/cannich01.shtml,cannich01,24,NYM,NL,57,42,32,378.1,260,219,34,7,3,.973,3,10,6.02,4.44,C-OF
1962,109,Leo Cardenas,/players/c/cardele01.shtml,cardele01,23,CIN,NL,149,147,143,1332.1,737,273,443,21,84,.972,11,10,4.84,4.81,SS
1962,110,Don Cardwell,/players/c/cardwdo01.shtml,cardwdo01,26,CHC,NL,41,29,6,195.2,53,15,37,1,2,.981,,,2.39,1.27,P
1962,111,Andy Carey,/players/c/careyan01.shtml,careyan01,30,LAD,NL,42,26,20,270.0,88,28,54,6,4,.932,-2,-9,2.73,1.95,3B
1962,112,Cam Carreon,/players/c/carreca01.shtml,carreca01,24,CHW,AL,93,85,78,764.1,552,519,30,3,5,.995,-3,-5,6.46,5.90,C
1962,113,Jerry Casale,/players/c/casalje01.shtml,casalje01,28,DET,AL,18,1,0,36.2,10,4,6,0,0,1.000,,,2.45,0.56,P
1962,114,Norm Cash,/players/c/cashno01.shtml,cashno01,27,DET,AL,149,146,138,1287.1,1217,1091,116,10,94,.992,5,4,8.44,8.10,1B-OF
1962,115,Wayne Causey,/players/c/causewa01.shtml,causewa01,25,KCA,AL,86,74,64,676.0,357,143,200,14,25,.961,-4,-7,4.57,3.99,SS-3B-2B
1962,116,Orlando Cepeda,/players/c/cepedor01.shtml,cepedor01,24,SFG,NL,162,156,148,1380.2,1458,1356,88,14,125,.990,-7,-6,9.41,8.91,1B-OF
1962,117,Bob Cerv,/players/c/cervbo01.shtml,cervbo01,37,TOT,ZZ,9,8,4,66.0,10,8,1,1,0,.900,-3,-53,1.23,1.00,OF
1962,118,Elio Chacon,/players/c/chacoel01.shtml,chacoel01,25,NYM,NL,113,107,92,924.1,561,206,333,22,64,.961,-6,-8,5.25,4.77,SS-2B-3B
1962,119,Dean Chance,/players/c/chancde01.shtml,chancde01,21,LAA,AL,50,24,6,206.2,50,12,37,1,2,.980,,,2.13,0.98,P
1962,120,Ed Charles,/players/c/charled01.shtml,charled01,29,KCA,AL,142,138,131,1205.1,450,148,286,16,28,.964,6,6,3.24,3.06,3B-2B
1962,121,Tom Cheney,/players/c/cheneto01.shtml,cheneto01,27,WSA,AL,37,23,4,173.1,36,9,26,1,1,.972,,,1.82,0.95,P
1962,122,Harry Chiti,/players/c/chitiha01.shtml,chitiha01,29,NYM,NL,14,11,5,92.0,68,62,4,2,1,.971,-1,-13,6.46,4.71,C
1962,123,Joe Christopher,/players/c/chrisjo01.shtml,chrisjo01,26,NYM,NL,94,69,66,639.1,142,133,5,4,4,.972,-5,-10,1.94,1.47,OF
1962,124,Al Cicotte,/players/c/cicotal01.shtml,cicotal01,32,HOU,NL,5,0,0,4.2,1,1,0,0,0,1.000,,,1.93,0.20,P
1962,125,Gino Cimoli,/players/c/cimolgi01.shtml,cimolgi01,32,KCA,AL,147,138,129,1234.0,247,231,8,8,2,.968,-3,-3,1.74,1.63,OF
1962,126,Galen Cisco,/players/c/ciscoga01.shtml,ciscoga01,26,TOT,ZZ,27,11,2,102.1,29,6,22,1,3,.966,,,2.46,1.04,P
1962,127,Doug Clemens,/players/c/clemedo01.shtml,clemedo01,23,STL,NL,34,19,16,209.2,39,38,0,1,0,.974,-0,-1,1.63,1.12,OF
1962,128,Roberto Clemente,/players/c/clemero01.shtml,clemero01,27,PIT,NL,142,138,135,1228.2,296,269,19,8,1,.973,15,15,2.11,2.03,OF
1962,129,Donn Clendenon,/players/c/clenddo01.shtml,clenddo01,26,PIT,NL,71,59,47,521.0,445,414,25,6,44,.987,1,3,7.58,6.18,1B-OF
1962,130,Tex Clevenger,/players/c/clevete01.shtml,clevete01,29,NYY,AL,21,0,0,38.0,9,4,5,0,3,1.000,,,2.13,0.43,P
1962,131,Ty Cline,/players/c/clinety01.shtml,clinety01,23,CLE,AL,107,88,78,797.2,243,238,3,2,1,.992,0,1,2.72,2.25,OF
1962,132,Lou Clinton,/players/c/clintlo01.shtml,clintlo01,24,BOS,AL,103,97,93,885.0,195,185,6,4,1,.979,-3,-4,1.94,1.85,OF
1962,133,Tony Cloninger,/players/c/clonito01.shtml,clonito01,21,MLN,NL,24,15,4,111.0,29,10,18,1,3,.966,,,2.27,1.17,P
1962,134,Jim Coates,/players/c/coateji01.shtml,coateji01,29,NYY,AL,50,6,0,117.2,20,6,12,2,2,.900,,,1.38,0.36,P
1962,135,Rocky Colavito,/players/c/colavro01.shtml,colavro01,28,DET,AL,161,160,160,1434.2,372,359,10,3,1,.992,18,15,2.31,2.29,OF
1962,136,Choo-Choo Coleman,/players/c/colemch01.shtml,colemch01,24,NYM,NL,44,37,30,320.2,210,187,22,1,2,.995,-1,-4,5.87,4.75,C
1962,137,Gordy Coleman,/players/c/colemgo01.shtml,colemgo01,27,CIN,NL,128,121,108,1096.1,1116,1021,83,12,100,.989,-6,-6,9.06,8.63,1B
1962,138,Jackie Collum,/players/c/colluja01.shtml,colluja01,35,TOT,AL,9,3,0,16.2,6,1,4,1,0,.833,,,2.70,0.56,P
1962,139,Ramon Conde,/players/c/condera01.shtml,condera01,27,CHW,AL,7,2,2,31.0,9,4,4,1,0,.889,-1,-27,2.32,1.14,3B
1962,140,Gene Conley,/players/c/conlege01.shtml,conlege01,31,BOS,AL,34,33,9,241.2,57,17,35,5,2,.912,,,1.94,1.53,P
1962,141,Billy Consolo,/players/c/consobi01.shtml,consobi01,27,TOT,MLB,74,44,38,447.1,231,78,140,13,28,.944,1,2,4.39,2.95,SS-3B-2B
1962,142,Jim Constable,/players/c/constji01.shtml,constji01,29,MLN,NL,3,2,1,18.0,2,2,0,0,0,1.000,,,1.00,0.67,P
1962,143,Cliff Cook,/players/c/cookcl01.shtml,cookcl01,25,TOT,NL,30,24,10,206.0,53,26,21,6,2,.887,-8,-48,2.05,1.57,3B-OF
1962,144,Chuck Cottier,/players/c/cottich01.shtml,cottich01,26,WSA,AL,134,122,111,1084.2,736,368,354,14,100,.981,9,10,5.99,5.39,2B
1962,145,Marlan Coughtry,/players/c/coughma01.shtml,coughma01,27,TOT,AL,10,8,6,69.2,41,11,26,4,5,.902,1,19,4.78,3.70,3B-2B
1962,146,Wes Covington,/players/c/covinwe01.shtml,covinwe01,30,PHI,NL,88,78,31,580.0,107,98,3,6,2,.944,-8,-16,1.57,1.15,OF
1962,147,Roger Craig,/players/c/craigro01.shtml,craigro01,32,NYM,NL,42,33,13,233.1,81,23,54,4,4,.951,,,2.97,1.83,P
1962,148,Del Crandall,/players/c/crandde01.shtml,crandde01,32,MLN,NL,95,91,82,804.1,546,488,55,3,9,.995,11,17,6.08,5.72,C-1B
1962,149,Jack Cullen,/players/c/culleja01.shtml,culleja01,22,NYY,AL,2,0,0,3.0,0,0,0,0,0,,,,0.00,0.00,P
1962,150,Joe Cunningham,/players/c/cunnijo01.shtml,cunnijo01,30,CHW,AL,148,145,137,1281.2,1385,1287,90,8,118,.994,7,7,9.67,9.30,1B-OF
1962,151,Jack Curtis,/players/c/curtija01.shtml,curtija01,25,TOT,NL,34,8,0,93.2,18,6,11,1,1,.944,,,1.63,0.50,P
1962,152,Bill Dailey,/players/d/dailebi01.shtml,dailebi01,27,CLE,AL,27,0,0,42.2,11,4,6,1,0,.909,,,2.11,0.37,P
1962,153,Bud Daley,/players/d/daleybu01.shtml,daleybu01,29,NYY,AL,43,6,0,105.1,28,9,17,2,0,.929,,,2.22,0.60,P
1962,154,Clay Dalrymple,/players/d/dalrycl01.shtml,dalrycl01,25,PHI,NL,119,107,96,961.2,705,635,61,9,11,.987,5,6,6.51,5.85,C
1962,155,Bennie Daniels,/players/d/daniebe02.shtml,daniebe02,30,WSA,AL,44,21,3,161.0,72,24,45,3,2,.958,,,3.86,1.57,P
1962,156,Bobby Darwin,/players/d/darwibo01.shtml,darwibo01,19,LAA,AL,1,1,0,3.1,1,0,0,1,0,.000,,,0.00,0.00,P
1962,157,Jim Davenport,/players/d/davenji01.shtml,davenji01,28,SFG,NL,141,132,125,1177.2,400,125,256,19,28,.953,7,7,2.91,2.70,3B
1962,158,Ray Daviault,/players/d/daviara01.shtml,daviara01,28,NYM,NL,36,3,0,81.0,15,9,6,0,0,1.000,,,1.67,0.42,P
1962,159,Jacke Davis,/players/d/davisja01.shtml,davisja01,26,PHI,NL,26,14,8,137.1,27,25,0,2,0,.926,-4,-39,1.64,0.96,OF
1962,160,Ron Davis,/players/d/davisro01.shtml,davisro01,20,HOU,NL,5,4,3,34.0,9,9,0,0,0,1.000,0,11,2.38,1.80,OF
1962,161,Tommy Davis,/players/d/davisto02.shtml,davisto02,23,LAD,NL,185,161,128,1442.2,349,269,60,20,7,.943,-4,-3,2.05,1.78,OF-3B
1962,162,Willie Davis,/players/d/daviswi02.shtml,daviswi02,22,LAD,NL,156,152,146,1358.0,407,379,13,15,0,.963,14,12,2.60,2.51,OF
1962,163,Mike de la Hoz,/players/d/dela_mi01.shtml,dela_mi01,23,CLE,AL,2,0,0,5.0,2,0,2,0,0,1.000,-0,-48,3.60,1.00,2B
1962,164,Dave DeBusschere,/players/d/debusda01.shtml,debusda01,21,CHW,AL,12,0,0,18.0,4,1,3,0,0,1.000,,,2.00,0.33,P
1962,165,Mike DeGerick,/players/d/degermi01.shtml,degermi01,19,CHW,AL,1,0,0,1.0,1,0,1,0,0,1.000,,,9.00,1.00,P
1962,166,Bobby Del Greco,/players/d/delgrbo01.shtml,delgrbo01,29,KCA,AL,124,89,72,821.0,258,245,9,4,0,.984,9,13,2.78,2.05,OF
1962,167,Ike Delock,/players/d/delocik01.shtml,delocik01,32,BOS,AL,17,13,4,86.1,15,3,12,0,0,1.000,,,1.56,0.88,P
1962,168,John DeMerit,/players/d/demerjo01.shtml,demerjo01,26,NYM,NL,9,5,4,48.0,4,4,0,0,0,1.000,-2,-40,0.75,0.44,OF
1962,169,Don Demeter,/players/d/demetdo01.shtml,demetdo01,27,PHI,NL,169,145,114,1284.0,397,200,177,20,19,.950,-10,-10,2.64,2.23,3B-OF-1B
1962,170,Don Dillard,/players/d/dillado01.shtml,dillado01,25,CLE,AL,50,29,23,292.1,57,54,1,2,0,.965,-0,-1,1.69,1.10,OF
1962,171,Art Ditmar,/players/d/ditmaar01.shtml,ditmaar01,33,KCA,AL,6,5,0,21.2,5,2,3,0,0,1.000,,,2.08,0.83,P
1962,172,Jim Donohue,/players/d/donohji01.shtml,donohji01,23,TOT,AL,18,2,0,34.2,6,0,5,1,0,.833,,,1.30,0.28,P
1962,173,Dick Donovan,/players/d/donovdi01.shtml,donovdi01,34,CLE,AL,34,34,16,250.2,62,23,36,3,6,.952,,,2.12,1.74,P
1962,174,Al Downing,/players/d/downial01.shtml,downial01,21,NYY,AL,1,0,0,1.0,0,0,0,0,0,,,,0.00,0.00,P
1962,175,Moe Drabowsky,/players/d/drabomo01.shtml,drabomo01,26,TOT,ZZ,33,13,1,111.0,23,9,12,2,2,.913,,,1.70,0.64,P
1962,176,Sammy Drake,/players/d/drakesa01.shtml,drakesa01,27,NYM,NL,16,11,11,113.0,52,24,26,2,6,.962,-3,-27,3.98,3.13,2B-3B
1962,177,Dick Drott,/players/d/drottdi01.shtml,drottdi01,25,HOU,NL,6,1,0,13.0,3,1,1,1,0,.667,,,1.38,0.33,P
1962,178,Don Drysdale,/players/d/drysddo01.shtml,drysddo01,25,LAD,NL,43,41,19,314.1,77,10,60,7,5,.909,,,2.00,1.63,P
1962,179,Jim Duffalo,/players/d/duffaji01.shtml,duffaji01,26,SFG,NL,24,2,0,42.0,7,1,5,1,1,.857,,,1.29,0.25,P
1962,180,Bob Duliba,/players/d/dulibbo01.shtml,dulibbo01,27,STL,NL,28,0,0,39.1,10,3,7,0,0,1.000,,,2.29,0.36,P
1962,181,Ryne Duren,/players/d/durenry01.shtml,durenry01,33,LAA,AL,42,3,0,71.1,9,0,8,1,0,.889,,,1.01,0.19,P
1962,182,Arnold Earley,/players/e/earlear01.shtml,earlear01,29,BOS,AL,38,3,0,68.1,20,4,14,2,0,.900,,,2.37,0.47,P
1962,183,Doc Edwards,/players/e/edwardo01.shtml,edwardo01,25,CLE,AL,39,34,32,316.1,241,223,16,2,2,.992,2,8,6.80,6.13,C
1962,184,Johnny Edwards,/players/e/edwarjo01.shtml,edwarjo01,24,CIN,NL,130,124,117,1115.0,911,807,92,12,11,.987,6,6,7.26,6.92,C
1962,185,Larry Elliot,/players/e/elliola01.shtml,elliola01,24,PIT,NL,3,1,1,12.0,3,3,0,0,0,1.000,0,30,2.25,1.00,OF
1962,186,Sammy Ellis,/players/e/ellissa01.shtml,ellissa01,21,CIN,NL,8,4,0,28.0,6,1,3,2,1,.667,,,1.29,0.50,P
1962,187,Dick Ellsworth,/players/e/ellswdi01.shtml,ellswdi01,22,CHC,NL,37,33,6,208.2,51,7,41,3,3,.941,,,2.07,1.30,P
1962,188,Don Elston,/players/e/elstodo01.shtml,elstodo01,33,CHC,NL,57,0,0,66.1,21,5,16,0,2,1.000,,,2.85,0.37,P
1962,189,Sammy Esposito,/players/e/espossa01.shtml,espossa01,30,CHW,AL,68,22,12,272.0,108,29,72,7,7,.935,-1,-3,3.34,1.49,SS-3B-2B
1962,190,Chuck Essegian,/players/e/essegch01.shtml,essegch01,30,CLE,AL,90,86,57,715.2,156,154,1,1,0,.994,-2,-3,1.95,1.72,OF
1962,191,Chuck Estrada,/players/e/estrach01.shtml,estrach01,24,BAL,AL,34,33,6,223.1,33,7,24,2,1,.939,,,1.25,0.91,P
1962,192,Andy Etchebarren,/players/e/etchean01.shtml,etchean01,19,BAL,AL,2,2,2,17.0,8,7,0,1,0,.875,0,0,3.71,3.50,C
1962,193,Roy Face,/players/f/facero01.shtml,facero01,34,PIT,NL,63,0,0,91.0,18,4,12,2,3,.889,,,1.58,0.25,P
1962,194,Ron Fairly,/players/f/fairlro01.shtml,fairlro01,23,LAD,NL,168,129,86,1154.2,1063,1007,45,11,76,.990,-9,-9,8.20,6.26,1B-OF
1962,195,Bob Farley,/players/f/farlebo01.shtml,farlebo01,24,TOT,AL,31,20,15,194.1,122,111,7,4,11,.967,-4,-26,5.46,3.81,1B-OF
1962,196,Turk Farrell,/players/f/farretu01.shtml,farretu01,28,HOU,NL,43,29,11,241.2,40,10,28,2,1,.950,,,1.42,0.88,P
1962,197,Bill Faul,/players/f/faulbi01.shtml,faulbi01,22,DET,AL,1,0,0,1.2,0,0,0,0,0,,,,0.00,0.00,P
1962,198,Ernie Fazio,/players/f/fazioer01.shtml,fazioer01,20,HOU,NL,10,3,3,37.0,23,5,13,5,1,.783,-3,-104,4.38,1.80,SS
1962,199,Chico Fernandez,/players/f/fernach01.shtml,fernach01,30,DET,AL,141,132,127,1189.1,601,239,338,24,53,.960,-5,-5,4.37,4.09,SS-3B-1B
1962,200,Don Ferrarese,/players/f/ferrado01.shtml,ferrado01,33,TOT,NL,43,0,0,63.1,19,4,15,0,3,1.000,,,2.70,0.44,P
1962,201,Bill Fischer,/players/f/fischbi01.shtml,fischbi01,31,KCA,AL,34,16,5,127.2,31,15,16,0,1,1.000,,,2.19,0.91,P
1962,202,Hank Fischer,/players/f/fischha01.shtml,fischha01,22,MLN,NL,29,0,0,37.1,8,3,5,0,0,1.000,,,1.93,0.28,P
1962,203,Eddie Fisher,/players/f/fisheed02.shtml,fisheed02,25,CHW,AL,57,12,2,182.2,49,16,30,3,3,.939,,,2.27,0.81,P
1962,204,Jack Fisher,/players/f/fisheja01.shtml,fisheja01,23,BAL,AL,32,25,4,152.0,36,18,18,0,1,1.000,,,2.13,1.13,P
1962,205,Tom Fletcher,/players/f/fletcto01.shtml,fletcto01,20,DET,AL,1,0,0,2.0,1,1,0,0,0,1.000,,,4.50,1.00,P
1962,206,Curt Flood,/players/f/floodcu01.shtml,floodcu01,24,STL,NL,151,151,145,1344.2,403,387,12,4,5,.990,15,14,2.67,2.64,OF
1962,207,Hank Foiles,/players/f/foileha01.shtml,foileha01,33,CIN,NL,41,36,30,324.1,268,249,14,5,1,.981,-5,-18,7.30,6.41,C
1962,208,Whitey Ford,/players/f/fordwh01.shtml,fordwh01,33,NYY,AL,38,37,7,257.2,86,25,58,3,4,.965,,,2.90,2.18,P
1962,209,Mike Fornieles,/players/f/fornimi01.shtml,fornimi01,30,BOS,AL,42,1,0,82.1,20,5,14,1,1,.950,,,2.08,0.45,P
1962,210,Larry Foss,/players/f/fossla01.shtml,fossla01,26,NYM,NL,5,1,0,11.2,3,2,1,0,0,1.000,,,2.31,0.60,P
1962,211,Art Fowler,/players/f/fowlear01.shtml,fowlear01,39,LAA,AL,48,0,0,77.0,17,5,12,0,0,1.000,,,1.99,0.35,P
1962,212,Nellie Fox,/players/f/foxne01.shtml,foxne01,34,CHW,AL,154,151,142,1337.2,812,376,428,8,93,.990,6,6,5.41,5.22,2B
1962,213,Terry Fox,/players/f/foxte01.shtml,foxte01,26,DET,AL,44,0,0,58.0,16,2,13,1,1,.938,,,2.33,0.34,P
1962,214,Paul Foytack,/players/f/foytapa01.shtml,foytapa01,31,DET,AL,29,21,5,143.2,38,13,25,0,1,1.000,,,2.38,1.31,P
1962,215,Earl Francis,/players/f/francea01.shtml,francea01,26,PIT,NL,36,23,5,176.0,46,12,33,1,3,.978,,,2.30,1.25,P
1962,216,Tito Francona,/players/f/francti01.shtml,francti01,28,CLE,AL,158,156,156,1396.0,1551,1402,127,22,157,.986,4,3,9.86,9.68,1B
1962,217,Gene Freese,/players/f/freesge02.shtml,freesge02,28,CIN,NL,10,10,7,86.0,21,11,10,0,1,1.000,-1,-20,2.20,2.10,3B
1962,218,Jim Fregosi,/players/f/fregoji01.shtml,fregoji01,20,LAA,AL,52,49,44,443.0,261,96,150,15,35,.943,-6,-16,5.00,4.73,SS
1962,219,Bob Friend,/players/f/frienbo01.shtml,frienbo01,31,PIT,NL,39,36,13,261.2,62,18,43,1,3,.984,,,2.10,1.56,P
1962,220,Frank Funk,/players/f/funkfr01.shtml,funkfr01,26,CLE,AL,47,0,0,80.2,16,5,11,0,1,1.000,,,1.79,0.34,P
1962,221,Joe Gaines,/players/g/gainejo01.shtml,gainejo01,25,CIN,NL,13,3,2,42.1,8,8,0,0,0,1.000,-0,-9,1.70,0.62,OF
1962,222,Doug Gallagher,/players/g/gallado01.shtml,gallado01,22,DET,AL,9,2,0,25.0,8,3,4,1,1,.875,,,2.52,0.78,P
1962,223,Billy Gardner,/players/g/gardnbi02.shtml,gardnbi02,34,TOT,AL,51,46,39,409.1,215,80,125,10,23,.953,4,11,4.51,4.02,2B-3B-SS
1962,224,Bob Garibaldi,/players/g/garibbo01.shtml,garibbo01,20,SFG,NL,9,0,0,12.1,6,2,3,1,0,.833,,,3.65,0.56,P
1962,225,Gary Geiger,/players/g/geigega01.shtml,geigega01,25,BOS,AL,129,120,114,1078.0,299,287,8,4,1,.987,-0,-0,2.46,2.29,OF
1962,226,Jim Gentile,/players/g/gentiji01.shtml,gentiji01,28,BAL,AL,150,149,140,1315.0,1351,1214,121,16,121,.988,2,2,9.14,8.90,1B
1962,227,Dave Gerard,/players/g/gerarda01.shtml,gerarda01,25,CHC,NL,39,0,0,58.2,15,4,9,2,0,.867,,,1.99,0.33,P
1962,228,George Gerberman,/players/g/gerbege01.shtml,gerbege01,20,CHC,NL,1,1,0,5.1,2,0,1,1,0,.500,,,1.69,1.00,P
1962,229,Dick Gernert,/players/g/gernedi01.shtml,gernedi01,33,HOU,NL,9,7,6,61.2,64,62,2,0,9,1.000,-1,-12,9.34,7.11,1B
1962,230,Joe Gibbon,/players/g/gibbojo01.shtml,gibbojo01,27,PIT,NL,19,8,0,57.0,20,2,16,2,1,.900,,,2.84,0.95,P
1962,231,Jake Gibbs,/players/g/gibbsja01.shtml,gibbsja01,23,NYY,AL,1,0,0,1.0,0,0,0,0,0,,0,0,0.00,0.00,3B
1962,232,Bob Gibson,/players/g/gibsobo01.shtml,gibsobo01,26,STL,NL,32,30,15,233.2,56,18,35,3,6,.946,,,2.04,1.66,P
1962,233,Bob Giggie,/players/g/giggibo01.shtml,giggibo01,28,KCA,AL,4,2,0,14.1,1,1,0,0,0,1.000,,,0.63,0.25,P
1962,234,Don Gile,/players/g/giledo01.shtml,giledo01,27,BOS,AL,14,9,9,93.2,96,90,5,1,11,.990,-1,-10,9.13,6.79,1B
1962,235,Jim Gilliam,/players/g/gilliji01.shtml,gilliji01,33,LAD,NL,204,156,93,1363.2,651,243,388,20,72,.969,2,1,4.16,3.09,2B-3B-OF
1962,236,Joe Ginsberg,/players/g/ginsbjo01.shtml,ginsbjo01,35,NYM,NL,2,2,1,13.0,11,9,2,0,1,1.000,-1,-92,7.62,5.50,C
1962,237,Dave Giusti,/players/g/giustda01.shtml,giustda01,22,HOU,NL,22,5,0,73.2,22,8,13,1,2,.955,,,2.57,0.95,P
1962,238,Fred Gladding,/players/g/gladdfr01.shtml,gladdfr01,26,DET,AL,6,0,0,5.0,2,0,2,0,0,1.000,,,3.60,0.33,P
1962,239,Jim Golden,/players/g/goldeji01.shtml,goldeji01,26,HOU,NL,37,18,5,153.0,41,10,29,2,1,.951,,,2.29,1.05,P
1962,240,Purnal Goldy,/players/g/goldypu01.shtml,goldypu01,24,DET,AL,15,15,13,144.0,28,26,1,1,0,.964,-4,-36,1.69,1.80,OF
1962,241,Ruben Gomez,/players/g/gomezru01.shtml,gomezru01,34,TOT,AL,21,6,1,64.2,19,5,13,1,2,.947,,,2.51,0.86,P
1962,242,Tony Gonzalez,/players/g/gonzato01.shtml,gonzato01,25,PHI,NL,114,110,108,970.2,276,268,8,0,2,1.000,6,7,2.56,2.42,OF
1962,243,Billy Goodman,/players/g/goodmbi01.shtml,goodmbi01,36,HOU,NL,49,25,14,246.1,112,36,67,9,8,.920,-2,-11,3.76,2.10,2B-3B-1B
1962,244,Johnny Goryl,/players/g/goryljo01.shtml,goryljo01,28,MIN,AL,5,2,1,20.0,13,2,10,1,1,.923,2,114,5.40,2.40,2B-SS
1962,245,Howie Goss,/players/g/gossho01.shtml,gossho01,27,PIT,NL,66,25,19,289.0,65,62,2,1,1,.985,-1,-5,1.99,0.97,OF
1962,246,Julio Gotay,/players/g/gotayju01.shtml,gotayju01,23,STL,NL,131,109,73,939.0,575,190,360,25,70,.957,8,10,5.27,4.20,SS-2B-OF-3B
1962,247,Alex Grammas,/players/g/grammal01.shtml,grammal01,36,TOT,NL,35,15,12,187.2,102,34,66,2,14,.980,2,13,4.80,2.86,SS-2B-3B
1962,248,Mudcat Grant,/players/g/grantmu01.shtml,grantmu01,26,CLE,AL,26,23,6,149.2,28,5,23,0,3,1.000,,,1.68,1.08,P
1962,249,Eli Grba,/players/g/grbael01.shtml,grbael01,27,LAA,AL,40,29,1,176.1,53,9,37,7,3,.868,,,2.35,1.15,P
1962,250,Dallas Green,/players/g/greenda02.shtml,greenda02,27,PHI,NL,37,10,2,129.1,45,17,28,0,1,1.000,,,3.13,1.22,P
1962,251,Fred Green,/players/g/greenfr01.shtml,greenfr01,28,WSA,AL,5,0,0,7.0,2,0,2,0,0,1.000,,,2.57,0.40,P
1962,252,Gene Green,/players/g/greenge01.shtml,greenge01,29,CLE,AL,35,31,9,234.0,60,56,2,2,1,.967,-1,-7,2.23,1.66,OF-1B
1962,253,Lenny Green,/players/g/greenle01.shtml,greenle01,29,MIN,AL,156,151,71,1355.1,371,361,8,2,2,.995,3,3,2.45,2.37,OF
1962,254,Pumpsie Green,/players/g/greenpu01.shtml,greenpu01,28,BOS,AL,23,12,12,132.1,62,22,35,5,8,.919,-3,-31,3.88,2.48,2B-SS
1962,255,Bob Grim,/players/g/grimbo01.shtml,grimbo01,32,KCA,AL,12,0,0,13.0,6,1,5,0,0,1.000,,,4.15,0.50,P
1962,256,Dick Groat,/players/g/groatdi01.shtml,groatdi01,31,PIT,NL,161,161,160,1430.1,873,314,521,38,126,.956,5,4,5.25,5.19,SS
1962,257,Harvey Haddix,/players/h/haddiha01.shtml,haddiha01,36,PIT,NL,28,20,4,141.1,31,10,19,2,2,.935,,,1.85,1.04,P
1962,258,Dick Hall,/players/h/halldi01.shtml,halldi01,31,BAL,AL,43,6,1,118.1,26,9,17,0,1,1.000,,,1.98,0.60,P
1962,259,Tom Haller,/players/h/halleto01.shtml,halleto01,25,SFG,NL,91,83,72,716.0,514,472,38,4,6,.992,3,5,6.41,5.60,C
1962,260,Jack Hamilton,/players/h/hamilja01.shtml,hamilja01,23,PHI,NL,41,26,4,182.0,58,16,39,3,6,.948,,,2.72,1.34,P
1962,261,Steve Hamilton,/players/h/hamilst01.shtml,hamilst01,27,WSA,AL,41,10,1,107.1,32,8,22,2,0,.938,,,2.52,0.73,P
1962,262,Ken Hamlin,/players/h/hamlike01.shtml,hamlike01,27,WSA,AL,89,74,64,670.2,349,126,210,13,47,.963,4,6,4.51,3.78,SS-2B
1962,263,Granny Hamner,/players/h/hamnegr01.shtml,hamnegr01,35,KCA,AL,3,0,0,4.0,1,0,1,0,0,1.000,,,2.25,0.33,P
1962,264,Jim Hannan,/players/h/hannaji01.shtml,hannaji01,22,WSA,AL,42,3,0,68.0,18,5,12,1,0,.944,,,2.25,0.40,P
1962,265,Ron Hansen,/players/h/hansero02.shtml,hansero02,24,BAL,AL,64,59,50,524.2,283,114,159,10,37,.965,-1,-2,4.68,4.27,SS
1962,266,Carroll Hardy,/players/h/hardyca01.shtml,hardyca01,29,BOS,AL,105,99,87,898.1,214,205,7,2,1,.991,-2,-3,2.12,2.02,OF
1962,267,Tim Harkness,/players/h/harknti01.shtml,harknti01,24,LAD,NL,59,5,5,140.1,124,116,8,0,14,1.000,-1,-8,7.95,2.10,1B
1962,268,Tommy Harper,/players/h/harpeto01.shtml,harpeto01,21,CIN,NL,6,6,6,50.0,14,6,7,1,1,.929,-1,-31,2.34,2.17,3B
1962,269,Bob Hartman,/players/h/hartmbo01.shtml,hartmbo01,24,CLE,AL,8,2,0,17.1,2,1,1,0,0,1.000,,,1.04,0.25,P
1962,270,J C Hartman,/players/h/hartmj_01.shtml,hartmj_01,28,HOU,NL,48,43,34,358.0,214,87,121,6,31,.972,-2,-5,5.23,4.33,SS
1962,271,Wynn Hawkins,/players/h/hawkiwy01.shtml,hawkiwy01,26,CLE,AL,3,0,0,3.2,0,0,0,0,0,,,,0.00,0.00,P
1962,272,Al Heist,/players/h/heistal01.shtml,heistal01,34,HOU,NL,23,19,13,156.1,38,36,1,1,0,.974,-5,-37,2.13,1.61,OF
1962,273,Woodie Held,/players/h/heldwo01.shtml,heldwo01,30,CLE,AL,139,133,127,1182.0,631,227,377,27,102,.957,3,3,4.60,4.35,SS-3B-OF
1962,274,Bob Hendley,/players/h/hendlbo01.shtml,hendlbo01,23,MLN,NL,35,29,7,200.0,53,7,41,5,1,.906,,,2.16,1.37,P
1962,275,Bill Henry,/players/h/henrybi01.shtml,henrybi01,34,CIN,NL,40,0,0,37.1,4,2,2,0,0,1.000,,,0.96,0.10,P
1962,276,Ray Herbert,/players/h/herbera01.shtml,herbera01,32,CHW,AL,35,35,12,236.2,71,21,50,0,8,1.000,,,2.70,2.03,P
1962,277,John Herrnstein,/players/h/herrnjo01.shtml,herrnjo01,24,PHI,NL,1,0,0,1.0,0,0,0,0,0,,0,0,0.00,0.00,OF
1962,278,Rick Herrscher,/players/h/herrsri01.shtml,herrsri01,25,NYM,NL,23,13,9,124.1,104,83,19,2,11,.981,1,9,7.38,4.43,1B-3B-OF-SS
1962,279,Mike Hershberger,/players/h/hershmi01.shtml,hershmi01,22,CHW,AL,135,106,92,1006.1,247,236,7,4,0,.984,6,7,2.17,1.80,OF
1962,280,Whitey Herzog,/players/h/herzowh01.shtml,herzowh01,30,BAL,AL,70,64,51,564.1,139,132,4,3,0,.978,2,4,2.17,1.94,OF
1962,281,Jim Hickman,/players/h/hickmji02.shtml,hickmji02,25,NYM,NL,124,106,92,950.1,280,265,7,8,0,.971,4,5,2.58,2.19,OF
1962,282,Joe Hicks,/players/h/hicksjo01.shtml,hicksjo01,29,WSA,AL,42,30,23,282.1,78,74,1,3,1,.962,-2,-8,2.39,1.79,OF
1962,283,Chuck Hiller,/players/h/hillech01.shtml,hillech01,27,SFG,NL,161,158,145,1369.2,813,367,417,29,105,.964,-2,-2,5.15,4.87,2B
1962,284,Dave Hillman,/players/h/hillmda01.shtml,hillmda01,34,TOT,NL,15,1,0,19.1,5,2,3,0,0,1.000,,,2.33,0.33,P
1962,285,Chuck Hinton,/players/h/hintoch01.shtml,hintoch01,28,WSA,AL,149,137,114,1230.0,299,259,36,4,16,.987,-6,-6,2.16,1.98,OF-2B-SS
1962,286,Don Hoak,/players/h/hoakdo01.shtml,hoakdo01,34,PIT,NL,116,116,111,1004.2,323,93,220,10,19,.969,2,3,2.80,2.70,3B
1962,287,Ed Hobaugh,/players/h/hobaued01.shtml,hobaued01,28,WSA,AL,26,2,0,69.1,9,1,8,0,2,1.000,,,1.17,0.35,P
1962,288,Glen Hobbie,/players/h/hobbigl01.shtml,hobbigl01,26,CHC,NL,42,23,5,162.0,39,8,31,0,1,1.000,,,2.17,0.93,P
1962,289,Gil Hodges,/players/h/hodgegi01.shtml,hodgegi01,38,NYM,NL,47,30,24,288.1,352,315,32,5,23,.986,1,2,10.83,7.38,1B
1962,290,Billy Hoeft,/players/h/hoeftbi01.shtml,hoeftbi01,30,BAL,AL,57,4,0,113.2,29,10,17,2,2,.931,,,2.14,0.47,P
1962,291,Jay Hook,/players/h/hookja01.shtml,hookja01,25,NYM,NL,37,34,13,213.2,56,22,31,3,2,.946,,,2.23,1.43,P
1962,292,Joe Horlen,/players/h/horlejo01.shtml,horlejo01,24,CHW,AL,20,19,5,108.2,39,10,28,1,0,.974,,,3.15,1.90,P
1962,293,Elston Howard,/players/h/howarel01.shtml,howarel01,33,NYY,AL,129,124,116,1090.1,761,713,44,4,12,.995,9,10,6.25,5.87,C
1962,294,Frank Howard,/players/h/howarfr01.shtml,howarfr01,25,LAD,NL,131,127,91,1108.1,212,187,19,6,4,.972,-3,-4,1.67,1.57,OF
1962,295,Dick Howser,/players/h/howsedi01.shtml,howsedi01,26,KCA,AL,72,72,72,630.0,342,138,191,13,37,.962,-2,-3,4.70,4.57,SS
1962,296,Ken Hubbs,/players/h/hubbske01.shtml,hubbske01,20,CHC,NL,159,157,156,1394.1,867,363,489,15,103,.983,-4,-3,5.50,5.36,2B
1962,297,Bob Humphreys,/players/h/humphbo01.shtml,humphbo01,26,DET,AL,4,0,0,5.0,2,1,1,0,0,1.000,,,3.60,0.50,P
1962,298,Ken Hunt,/players/h/huntke01.shtml,huntke01,27,LAA,AL,3,1,1,16.0,15,13,0,2,0,.867,-1,-75,7.31,4.33,1B
1962,299,Willard Hunter,/players/h/huntewi01.shtml,huntewi01,28,TOT,NL,28,6,1,65.0,13,5,7,1,0,.923,,,1.66,0.43,P
1962,300,Al Jackson,/players/j/jacksal01.shtml,jacksal01,26,NYM,NL,36,33,12,231.1,82,21,59,2,1,.976,,,3.11,2.22,P
1962,301,Larry Jackson,/players/j/jacksla01.shtml,jacksla01,31,STL,NL,36,35,11,252.1,72,19,50,3,3,.958,,,2.46,1.92,P
1962,302,Charlie James,/players/j/jamesch01.shtml,jamesch01,24,STL,NL,116,95,84,877.0,165,156,7,2,1,.988,6,9,1.67,1.41,OF
1962,303,Julian Javier,/players/j/javieju01.shtml,javieju01,25,STL,NL,155,146,135,1305.0,779,344,416,19,96,.976,7,6,5.24,4.90,2B-SS
1962,304,Joey Jay,/players/j/jayjo01.shtml,jayjo01,26,CIN,NL,39,37,16,273.0,54,14,39,1,3,.981,,,1.75,1.36,P
1962,305,Jack Jenkins,/players/j/jenkija01.shtml,jenkija01,19,WSA,AL,3,1,1,13.1,1,0,1,0,1,1.000,,,0.68,0.33,P
1962,306,Manny Jimenez,/players/j/jimenma01.shtml,jimenma01,23,KCA,AL,122,120,65,971.1,195,185,7,3,0,.985,-6,-7,1.78,1.57,OF
1962,307,Bob Johnson,/players/j/johnsbo02.shtml,johnsbo02,26,WSA,AL,126,119,112,1047.1,474,164,288,22,39,.954,4,5,3.88,3.59,3B-SS-2B-OF
1962,308,Darrell Johnson,/players/j/johnsda01.shtml,johnsda01,33,TOT,ZZ,8,8,7,69.0,50,46,4,0,1,1.000,0,0,6.52,6.25,C
1962,309,Deron Johnson,/players/j/johnsde01.shtml,johnsde01,23,KCA,AL,6,2,1,23.2,7,5,1,1,0,.857,-1,-30,2.28,1.00,OF-1B-3B
1962,310,Ken Johnson,/players/j/johnske02.shtml,johnske02,29,HOU,NL,33,31,5,196.2,50,9,37,4,1,.920,,,2.11,1.39,P
1962,311,Lou Johnson,/players/j/johnslo01.shtml,johnslo01,27,MLN,NL,55,22,15,269.0,62,61,1,0,1,1.000,-0,-0,2.07,1.13,OF
1962,312,Deacon Jones,/players/j/jonesde02.shtml,jonesde02,28,CHW,AL,6,6,5,53.0,52,46,4,2,3,.962,0,0,8.49,8.33,1B
1962,313,Gordon Jones,/players/j/jonesgo01.shtml,jonesgo01,32,KCA,AL,21,0,0,32.2,4,1,3,0,0,1.000,,,1.10,0.19,P
1962,314,Hal Jones,/players/j/jonesha01.shtml,jonesha01,26,CLE,AL,4,4,4,35.0,32,28,3,1,1,.969,-0,-3,7.97,7.75,1B
1962,315,Mack Jones,/players/j/jonesma01.shtml,jonesma01,23,MLN,NL,91,90,86,799.0,149,142,3,4,0,.973,-10,-14,1.63,1.59,OF
1962,316,Sam Jones,/players/j/jonessa02.shtml,jonessa02,36,DET,AL,30,6,1,81.1,20,11,8,1,0,.950,,,2.10,0.63,P
1962,317,Sherman Jones,/players/j/jonessh02.shtml,jonessh02,27,NYM,NL,8,3,0,23.1,8,3,5,0,0,1.000,,,3.09,1.00,P
1962,318,Mike Joyce,/players/j/joycemi01.shtml,joycemi01,21,CHW,AL,25,1,0,43.1,11,2,9,0,1,1.000,,,2.28,0.44,P
1962,319,Jim Kaat,/players/k/kaatji01.shtml,kaatji01,23,MIN,AL,39,35,16,269.0,91,16,72,3,6,.967,,,2.94,2.26,P
1962,320,Al Kaline,/players/k/kalinal01.shtml,kalinal01,27,DET,AL,100,100,98,882.0,237,225,8,4,1,.983,8,11,2.38,2.33,OF
1962,321,Rod Kanehl,/players/k/kanehro01.shtml,kanehro01,28,NYM,NL,117,81,68,788.0,497,235,230,32,57,.936,-12,-18,5.31,3.97,2B-3B-OF-1B-SS
1962,322,Eddie Kasko,/players/k/kaskoed01.shtml,kaskoed01,31,CIN,NL,135,122,114,1105.2,396,120,253,23,31,.942,-5,-5,3.04,2.76,3B-SS
1962,323,Ed Keegan,/players/k/keegaed01.shtml,keegaed01,22,PHI,NL,4,0,0,8.0,0,0,0,0,0,,,,0.00,0.00,P
1962,324,Russ Kemmerer,/players/k/kemmeru01.shtml,kemmeru01,31,TOT,ZZ,56,2,0,96.0,31,8,21,2,1,.935,,,2.72,0.52,P
1962,325,John Kennedy,/players/k/kennejo03.shtml,kennejo03,21,WSA,AL,11,11,6,94.1,48,15,30,3,4,.938,-0,-6,4.29,4.09,SS-3B
1962,326,Dick Kenworthy,/players/k/kenwodi01.shtml,kenwodi01,21,CHW,AL,2,1,0,8.0,5,1,4,0,2,1.000,0,45,5.62,2.50,2B
1962,327,Marty Keough,/players/k/keougma01.shtml,keougma01,28,CIN,NL,100,51,37,528.0,263,236,22,5,12,.981,2,3,4.40,2.58,OF-1B
1962,328,Bill Kern,/players/k/kernbi01.shtml,kernbi01,29,KCA,AL,3,3,3,23.2,5,3,2,0,0,1.000,0,10,1.90,1.67,OF
1962,329,Harmon Killebrew,/players/k/killeha01.shtml,killeha01,26,MIN,AL,155,152,73,1252.0,255,241,5,9,4,.965,-10,-10,1.77,1.59,OF-1B
1962,330,Jerry Kindall,/players/k/kindaje01.shtml,kindaje01,27,CLE,AL,154,154,147,1346.0,871,358,494,19,114,.978,19,17,5.70,5.53,2B
1962,331,Jim King,/players/k/kingji01.shtml,kingji01,29,WSA,AL,101,85,81,778.0,191,178,9,4,4,.979,4,6,2.16,1.85,OF
1962,332,Willie Kirkland,/players/k/kirklwi01.shtml,kirklwi01,28,CLE,AL,125,109,93,992.0,251,233,11,7,0,.972,8,9,2.21,1.95,OF
1962,333,Ed Kirkpatrick,/players/k/kirkped01.shtml,kirkped01,17,LAA,AL,1,1,1,8.0,10,10,0,0,0,1.000,0,0,11.25,10.00,C
1962,334,Billy Klaus,/players/k/klausbi01.shtml,klausbi01,33,PHI,NL,94,54,38,543.1,244,93,142,9,21,.963,-3,-7,3.89,2.50,3B-SS-2B
1962,335,Ron Kline,/players/k/klinero01.shtml,klinero01,30,DET,AL,36,4,0,77.1,26,13,11,2,2,.923,,,2.79,0.67,P
1962,336,Johnny Klippstein,/players/k/klippjo01.shtml,klippjo01,34,CIN,NL,40,7,0,108.2,25,3,22,0,1,1.000,,,2.07,0.63,P
1962,337,Gary Kolb,/players/k/kolbga01.shtml,kolbga01,22,STL,NL,6,4,4,36.0,9,9,0,0,0,1.000,-0,-7,2.25,1.50,OF
1962,338,Hal Kolstad,/players/k/kolstha01.shtml,kolstha01,27,BOS,AL,27,2,0,61.1,17,6,10,1,1,.941,,,2.35,0.59,P
1962,339,Cal Koonce,/players/k/kooncca01.shtml,kooncca01,21,CHC,NL,35,30,3,190.2,49,17,29,3,1,.939,,,2.17,1.31,P
1962,340,Howie Koplitz,/players/k/kopliho01.shtml,kopliho01,24,DET,AL,10,6,1,37.2,10,3,7,0,1,1.000,,,2.39,1.00,P
1962,341,Joe Koppe,/players/k/koppejo01.shtml,koppejo01,31,LAA,AL,127,118,110,1068.0,599,203,369,27,66,.955,-7,-8,4.82,4.50,SS-2B-3B
1962,342,Frank Kostro,/players/k/kostrfr01.shtml,kostrfr01,24,DET,AL,11,10,8,84.0,30,9,20,1,2,.967,-0,-6,3.11,2.64,3B
1962,343,Sandy Koufax,/players/k/koufasa01.shtml,koufasa01,26,LAD,NL,28,26,11,184.1,21,3,16,2,0,.905,,,0.93,0.68,P
1962,344,Jack Kralick,/players/k/kralija01.shtml,kralija01,27,MIN,AL,39,37,7,242.2,62,21,40,1,5,.984,,,2.26,1.56,P
1962,345,Ed Kranepool,/players/k/kraneed01.shtml,kraneed01,17,NYM,NL,3,1,0,13.0,12,9,3,0,0,1.000,1,120,8.31,4.00,1B
1962,346,Frank Kreutzer,/players/k/kreutfr01.shtml,kreutfr01,23,CHW,AL,1,0,0,1.1,0,0,0,0,0,,,,0.00,0.00,P
1962,347,Mike Krsnich,/players/k/krsnimi01.shtml,krsnimi01,30,MLN,NL,5,1,0,12.0,3,2,1,0,1,1.000,-0,-10,2.25,0.60,OF-3B-1B
1962,348,Tony Kubek,/players/k/kubekto01.shtml,kubekto01,26,NYY,AL,41,41,38,360.2,214,88,117,9,27,.958,-3,-9,5.12,5.00,SS-OF
1962,349,Jack Kubiszyn,/players/k/kubisja01.shtml,kubisja01,25,CLE,AL,19,17,15,151.0,83,32,48,3,14,.964,1,7,4.77,4.21,SS-3B
1962,350,Harvey Kuenn,/players/k/kuennha01.shtml,kuennha01,31,SFG,NL,135,117,90,1029.2,235,180,47,8,5,.966,-2,-2,1.98,1.68,OF-3B
1962,351,Bill Kunkel,/players/k/kunkebi01.shtml,kunkebi01,25,KCA,AL,9,0,0,7.2,1,0,1,0,0,1.000,,,1.17,0.11,P
1962,352,Marty Kutyna,/players/k/kutynma01.shtml,kutynma01,29,WSA,AL,54,0,0,78.0,25,6,18,1,0,.960,,,2.77,0.44,P
1962,353,Clem Labine,/players/l/labincl01.shtml,labincl01,35,NYM,NL,3,0,0,4.0,2,0,2,0,0,1.000,,,4.50,0.67,P
1962,354,Jack Lamabe,/players/l/lamabja01.shtml,lamabja01,25,PIT,NL,46,0,0,78.0,20,3,17,0,1,1.000,,,2.31,0.43,P
1962,355,Jim Landis,/players/l/landiji01.shtml,landiji01,28,CHW,AL,144,136,133,1226.0,364,360,2,2,1,.995,2,2,2.66,2.51,OF
1962,356,Hobie Landrith,/players/l/landrho01.shtml,landrho01,32,TOT,ZZ,81,62,50,579.0,422,376,37,9,5,.979,1,2,6.42,5.10,C
1962,357,Don Landrum,/players/l/landrdo01.shtml,landrdo01,26,TOT,NL,85,62,55,586.0,148,141,3,4,3,.973,1,2,2.21,1.69,OF
1962,358,Norm Larker,/players/l/larkeno01.shtml,larkeno01,31,HOU,NL,141,135,112,1180.1,1267,1153,103,11,103,.991,-6,-6,9.58,8.91,1B-OF
1962,359,Don Larsen,/players/l/larsedo01.shtml,larsedo01,32,SFG,NL,49,0,0,86.1,19,4,15,0,3,1.000,,,1.98,0.39,P
1962,360,Al Lary,/players/l/laryal01.shtml,laryal01,33,CHC,NL,15,3,0,34.0,7,1,5,1,0,.857,,,1.59,0.40,P
1962,361,Frank Lary,/players/l/laryfr01.shtml,laryfr01,32,DET,AL,17,14,2,80.0,18,7,8,3,0,.833,,,1.69,0.88,P
1962,362,Barry Latman,/players/l/latmaba01.shtml,latmaba01,26,CLE,AL,45,21,7,179.1,46,17,22,7,3,.848,,,1.96,0.87,P
1962,363,Charlie Lau,/players/l/lauch01.shtml,lauch01,29,BAL,AL,56,40,39,389.1,285,269,15,1,1,.996,-6,-18,6.57,5.07,C
1962,364,Vern Law,/players/l/lawve01.shtml,lawve01,32,PIT,NL,23,20,7,139.1,36,7,27,2,3,.944,,,2.20,1.48,P
1962,365,Don Lee,/players/l/leedo01.shtml,leedo01,28,TOT,AL,36,31,5,205.1,42,13,28,1,1,.976,,,1.80,1.14,P
1962,366,Gene Leek,/players/l/leekge01.shtml,leekge01,25,LAA,AL,4,4,2,30.0,9,5,4,0,1,1.000,-1,-52,2.70,2.25,3B
1962,367,Jim Lehew,/players/l/lehewji01.shtml,lehewji01,24,BAL,AL,6,0,0,9.2,4,0,4,0,0,1.000,,,3.72,0.67,P
1962,368,Frank Leja,/players/l/lejafr01.shtml,lejafr01,26,LAA,AL,4,4,3,34.0,43,38,3,2,4,.953,-1,-28,10.85,10.25,1B
1962,369,Denny Lemaster,/players/l/lemasde01.shtml,lemasde01,23,MLN,NL,17,12,4,86.2,13,3,7,3,0,.769,,,1.04,0.59,P
1962,370,Dick LeMay,/players/l/lemaydi01.shtml,lemaydi01,23,SFG,NL,9,0,0,9.1,2,0,2,0,0,1.000,,,1.93,0.22,P
1962,371,Jim Lemon,/players/l/lemonji01.shtml,lemonji01,34,MIN,AL,3,2,0,20.0,1,1,0,0,0,1.000,-1,-84,0.45,0.33,OF
1962,372,Don Leppert,/players/l/leppedo02.shtml,leppedo02,30,PIT,NL,44,41,37,351.2,269,243,23,3,2,.989,-1,-3,6.81,6.05,C
1962,373,Bob Lillis,/players/l/lillibo01.shtml,lillibo01,32,HOU,NL,141,118,90,1058.0,616,223,378,15,72,.976,6,6,5.11,4.26,SS-2B-3B
1962,374,Phil Linz,/players/l/linzph01.shtml,linzph01,23,NYY,AL,36,23,22,247.0,121,53,59,9,10,.926,-3,-16,4.08,3.11,SS-3B-2B-OF
1962,375,Don Lock,/players/l/lockdo01.shtml,lockdo01,25,WSA,AL,67,63,57,568.2,150,144,2,4,0,.973,8,18,2.31,2.18,OF
1962,376,Bobby Locke,/players/l/lockebo01.shtml,lockebo01,28,TOT,NL,6,0,0,17.2,7,1,6,0,1,1.000,,,3.57,1.17,P
1962,377,Johnny Logan,/players/l/loganjo01.shtml,loganjo01,36,PIT,NL,19,15,15,149.1,49,13,35,1,5,.980,2,13,2.89,2.53,3B
1962,378,Sherm Lollar,/players/l/lollash01.shtml,lollash01,37,CHW,AL,66,59,47,516.1,324,298,23,3,0,.991,0,0,5.60,4.86,C
1962,379,Dale Long,/players/l/longda02.shtml,longda02,36,TOT,AL,82,70,61,638.1,758,701,53,4,67,.995,2,4,10.63,9.20,1B
1962,380,Hector Lopez,/players/l/lopezhe01.shtml,lopezhe01,32,NYY,AL,86,78,67,725.1,185,177,5,3,0,.984,4,6,2.26,2.12,OF-2B-3B
1962,381,Turk Lown,/players/l/lowntu01.shtml,lowntu01,38,CHW,AL,42,0,0,56.1,22,7,14,1,1,.955,,,3.36,0.50,P
1962,382,Dick Luebke,/players/l/luebkdi01.shtml,luebkdi01,27,BAL,AL,10,0,0,13.1,1,1,0,0,0,1.000,,,0.68,0.10,P
1962,383,Jerry Lumpe,/players/l/lumpeje01.shtml,lumpeje01,29,KCA,AL,158,155,148,1360.2,790,344,435,11,97,.986,6,6,5.15,4.93,2B-SS
1962,384,Al Luplow,/players/l/luploal01.shtml,luploal01,23,CLE,AL,86,81,62,693.1,173,162,4,7,0,.960,4,6,2.15,1.93,OF
1962,385,Jerry Lynch,/players/l/lynchje01.shtml,lynchje01,31,CIN,NL,73,65,30,533.2,99,89,7,3,1,.970,-2,-5,1.62,1.32,OF
1962,386,Ken MacKenzie,/players/m/mackeke01.shtml,mackeke01,28,NYM,NL,42,1,0,80.0,21,3,16,2,3,.905,,,2.14,0.45,P
1962,387,Billy MacLeod,/players/m/maclebi01.shtml,maclebi01,20,BOS,AL,2,0,0,1.2,0,0,0,0,0,,,,0.00,0.00,P
1962,388,Art Mahaffey,/players/m/mahafar01.shtml,mahafar01,24,PHI,NL,41,39,20,274.0,38,14,24,0,1,1.000,,,1.25,0.93,P
1962,389,Jim Mahoney,/players/m/mahonji01.shtml,mahonji01,28,CLE,AL,32,21,16,206.0,117,44,70,3,14,.974,1,4,4.98,3.56,SS-2B-3B
1962,390,Bobby Malkmus,/players/m/malkmbo01.shtml,malkmbo01,30,PHI,NL,1,1,0,5.0,5,1,4,0,1,1.000,1,144,9.00,5.00,SS
1962,391,Jim Maloney,/players/m/malonji01.shtml,malonji01,22,CIN,NL,22,17,3,115.1,19,7,10,2,1,.895,,,1.33,0.77,P
1962,392,Frank Malzone,/players/m/malzofr01.shtml,malzofr01,32,BOS,AL,156,156,153,1389.1,483,154,313,16,32,.967,8,7,3.03,2.99,3B
1962,393,Jim Manning,/players/m/manniji02.shtml,manniji02,18,MIN,AL,5,1,0,7.0,4,3,1,0,0,1.000,,,5.14,0.80,P
1962,394,Felix Mantilla,/players/m/mantife01.shtml,mantife01,27,NYM,NL,134,114,101,1016.0,410,139,251,20,36,.951,-12,-14,3.45,2.91,3B-SS-2B
1962,395,Mickey Mantle,/players/m/mantlmi01.shtml,mantlmi01,30,NYY,AL,117,117,74,934.2,223,214,4,5,1,.978,-15,-19,2.10,1.86,OF
1962,396,Georges Maranda,/players/m/marange01.shtml,marange01,30,MIN,AL,32,4,0,72.2,20,3,16,1,2,.950,,,2.35,0.59,P
1962,397,Juan Marichal,/players/m/maricju01.shtml,maricju01,24,SFG,NL,37,36,18,262.2,62,15,43,4,0,.935,,,1.99,1.57,P
1962,398,Roger Maris,/players/m/marisro01.shtml,marisro01,27,NYY,AL,154,151,129,1346.1,323,316,4,3,0,.991,-1,-1,2.14,2.08,OF
1962,399,Jim Marshall,/players/m/marshji01.shtml,marshji01,31,TOT,NL,32,25,23,241.1,249,229,20,0,27,1.000,-3,-15,9.29,7.78,1B-OF
1962,400,J.C. Martin,/players/m/martij.01.shtml,martij.01,25,CHW,AL,8,5,2,41.0,21,19,2,0,0,1.000,-0,-12,4.61,2.63,C-3B-1B
1962,401,Marty Martinez,/players/m/martima01.shtml,martima01,20,MIN,AL,12,6,3,62.0,26,6,18,2,2,.923,1,21,3.48,2.00,SS-3B
1962,402,Eddie Mathews,/players/m/matheed01.shtml,matheed01,30,MLN,NL,147,147,141,1282.0,509,208,285,16,29,.969,1,1,3.46,3.35,3B-1B
1962,403,Nelson Mathews,/players/m/mathene01.shtml,mathene01,20,CHC,NL,14,14,14,120.1,26,25,0,1,0,.962,1,8,1.87,1.79,OF
1962,404,Dal Maxvill,/players/m/maxvida01.shtml,maxvida01,23,STL,NL,77,57,42,525.2,291,111,169,11,41,.962,2,4,4.79,3.64,SS-3B
1962,405,Charlie Maxwell,/players/m/maxwech01.shtml,maxwech01,35,TOT,AL,78,73,39,587.2,184,176,5,3,7,.984,2,3,2.77,2.32,OF-1B
1962,406,Lee Maye,/players/m/mayele01.shtml,mayele01,27,MLN,NL,94,88,79,776.2,216,209,2,5,1,.977,7,11,2.45,2.24,OF
1962,407,Willie Mays,/players/m/mayswi01.shtml,mayswi01,31,SFG,NL,161,158,151,1393.2,439,429,6,4,1,.991,20,17,2.81,2.70,OF
1962,408,Bill Mazeroski,/players/m/mazerbi01.shtml,mazerbi01,25,PIT,NL,159,159,159,1410.1,948,425,509,14,138,.985,7,6,5.96,5.87,2B
1962,409,Dick McAuliffe,/players/m/mcauldi01.shtml,mcauldi01,22,DET,AL,135,126,111,1121.2,547,260,257,30,45,.945,-18,-19,4.15,3.83,2B-3B-SS
1962,410,Al McBean,/players/m/mcbeaal01.shtml,mcbeaal01,24,PIT,NL,33,29,6,189.2,53,17,31,5,4,.906,,,2.28,1.45,P
1962,411,Ken McBride,/players/m/mcbrike01.shtml,mcbrike01,26,LAA,AL,24,23,6,149.1,63,20,41,2,7,.968,,,3.68,2.54,P
1962,412,Brian McCall,/players/m/mccalbr01.shtml,mccalbr01,19,CHW,AL,1,1,1,9.0,4,4,0,0,0,1.000,0,67,4.00,4.00,OF
1962,413,Joe McClain,/players/m/mcclajo01.shtml,mcclajo01,29,WSA,AL,10,4,0,24.0,6,1,5,0,1,1.000,,,2.25,0.60,P
1962,414,Mike McCormick,/players/m/mccormi03.shtml,mccormi03,23,SFG,NL,28,15,1,98.2,20,1,18,1,1,.950,,,1.73,0.68,P
1962,415,Willie McCovey,/players/m/mccovwi01.shtml,mccovwi01,24,SFG,NL,74,64,19,462.1,198,186,9,3,13,.985,-1,-4,3.80,2.64,OF-1B
1962,416,Lindy McDaniel,/players/m/mcdanli01.shtml,mcdanli01,26,STL,NL,55,2,0,107.0,36,10,25,1,2,.972,,,2.94,0.64,P
1962,417,Danny McDevitt,/players/m/mcdevda01.shtml,mcdevda01,29,KCA,AL,33,1,0,51.0,17,4,12,1,1,.941,,,2.82,0.48,P
1962,418,Sam McDowell,/players/m/mcdowsa01.shtml,mcdowsa01,19,CLE,AL,25,13,0,87.2,20,4,14,2,0,.900,,,1.85,0.72,P
1962,419,Orlando McFarlane,/players/m/mcfaror01.shtml,mcfaror01,24,PIT,NL,8,7,7,65.0,49,44,5,0,1,1.000,-2,-37,6.78,6.13,C
1962,420,Mickey McGuire,/players/m/mcguimi01.shtml,mcguimi01,21,BAL,AL,5,0,0,11.2,4,2,2,0,0,1.000,0,21,3.09,0.80,SS
1962,421,Jim McKnight,/players/m/mckniji01.shtml,mckniji01,26,CHC,NL,16,9,7,88.0,39,17,20,2,5,.949,-3,-38,3.78,2.31,3B-OF-2B
1962,422,Cal McLish,/players/m/mclisca01.shtml,mclisca01,36,PHI,NL,32,24,5,154.2,37,17,20,0,2,1.000,,,2.15,1.16,P
1962,423,Don McMahon,/players/m/mcmahdo02.shtml,mcmahdo02,32,TOT,NL,53,0,0,79.2,15,4,11,0,0,1.000,,,1.69,0.28,P
1962,424,Roy McMillan,/players/m/mcmilro01.shtml,mcmilro01,32,MLN,NL,135,124,117,1101.0,686,243,424,19,85,.972,5,6,5.45,4.94,SS
1962,425,Ken McMullen,/players/m/mcmulke01.shtml,mcmulke01,20,LAD,NL,2,2,1,15.0,1,1,0,0,0,1.000,-1,-48,0.60,0.50,OF
1962,426,Dave McNally,/players/m/mcnalda01.shtml,mcnalda01,19,BAL,AL,1,1,1,9.0,2,0,2,0,0,1.000,,,2.00,2.00,P
1962,427,Roman Mejias,/players/m/mejiaro01.shtml,mejiaro01,31,HOU,NL,142,137,127,1217.0,240,217,10,13,2,.946,-12,-11,1.68,1.60,OF
1962,428,Denis Menke,/players/m/menkede01.shtml,menkede01,21,MLN,NL,47,41,33,372.1,204,87,109,8,23,.961,1,2,4.74,4.17,2B-3B-SS-1B-OF
1962,429,Bob Miller,/players/m/millebo03.shtml,millebo03,26,TOT,NL,23,0,0,25.2,6,2,4,0,1,1.000,,,2.10,0.26,P
1962,430,Bob Miller,/players/m/millebo04.shtml,millebo04,23,NYM,NL,33,21,1,143.2,48,14,32,2,3,.958,,,2.88,1.39,P
1962,431,John Miller,/players/m/millejo03.shtml,millejo03,21,BAL,AL,2,1,0,10.0,3,0,3,0,0,1.000,,,2.70,1.50,P
1962,432,Stu Miller,/players/m/millest01.shtml,millest01,34,SFG,NL,59,0,0,107.0,23,6,17,0,1,1.000,,,1.93,0.39,P
1962,433,Don Mincher,/players/m/minchdo01.shtml,minchdo01,24,MIN,AL,25,20,18,194.0,229,211,13,5,17,.978,-1,-4,10.39,8.96,1B
1962,434,Minnie Minoso,/players/m/minosmi01.shtml,minosmi01,36,STL,NL,27,26,16,203.0,36,33,2,1,0,.972,0,0,1.55,1.30,OF
1962,435,Vinegar Bend Mizell,/players/m/mizelvi01.shtml,mizelvi01,31,TOT,NL,21,5,0,54.1,11,2,9,0,0,1.000,,,1.82,0.52,P
1962,436,Joe Moeller,/players/m/moelljo01.shtml,moelljo01,19,LAD,NL,19,15,1,85.2,24,6,18,0,2,1.000,,,2.52,1.26,P
1962,437,Herb Moford,/players/m/moforhe01.shtml,moforhe01,33,NYM,NL,7,0,0,15.0,3,2,1,0,0,1.000,,,1.80,0.43,P
1962,438,Bill Monbouquette,/players/m/monbobi01.shtml,monbobi01,25,BOS,AL,35,35,11,235.1,29,7,21,1,0,.966,,,1.07,0.80,P
1962,439,Wally Moon,/players/m/moonwa01.shtml,moonwa01,32,LAD,NL,68,57,36,498.1,327,300,20,7,29,.979,-3,-8,5.78,4.71,1B-OF
1962,440,Ray Moore,/players/m/moorera02.shtml,moorera02,36,MIN,AL,49,0,0,64.2,9,6,3,0,2,1.000,,,1.25,0.18,P
1962,441,Bob Moorhead,/players/m/moorhbo01.shtml,moorhbo01,24,NYM,NL,38,7,0,105.1,39,7,28,4,4,.897,,,2.99,0.92,P
1962,442,Billy Moran,/players/m/moranbi02.shtml,moranbi02,28,LAA,AL,160,158,154,1418.0,912,422,477,13,103,.986,7,6,5.71,5.62,2B
1962,443,Tom Morgan,/players/m/morgato01.shtml,morgato01,32,LAA,AL,48,0,0,58.2,7,1,6,0,1,1.000,,,1.07,0.15,P
1962,444,Bubba Morton,/players/m/mortobu01.shtml,mortobu01,30,DET,AL,65,50,36,436.1,129,124,4,1,1,.992,3,7,2.64,1.97,OF-1B
1962,445,Don Mossi,/players/m/mossido01.shtml,mossido01,33,DET,AL,35,27,8,180.1,28,9,19,0,3,1.000,,,1.40,0.80,P
1962,446,Manny Mota,/players/m/motama01.shtml,motama01,24,SFG,NL,37,12,9,167.1,58,38,18,2,2,.966,-0,-4,3.01,1.51,OF-3B-2B
1962,447,Billy Muffett,/players/m/muffebi01.shtml,muffebi01,31,BOS,AL,1,1,0,4.0,0,0,0,0,0,,,,0.00,0.00,P
1962,448,Danny Murphy,/players/m/murphda04.shtml,murphda04,19,CHC,NL,5,7,7,60.2,5,5,0,0,0,1.000,-2,-32,0.74,1.00,OF
1962,449,Stan Musial,/players/m/musiast01.shtml,musiast01,41,STL,NL,119,116,41,901.0,174,164,6,4,1,.977,1,1,1.70,1.43,OF
1962,450,Hal Naragon,/players/n/naragha01.shtml,naragha01,33,MIN,AL,9,5,3,49.0,41,41,0,0,1,1.000,0,0,7.53,4.56,C
1962,451,Julio Navarro,/players/n/navarju01.shtml,navarju01,26,LAA,AL,9,0,0,15.1,2,0,2,0,0,1.000,,,1.17,0.22,P
1962,452,Charlie Neal,/players/n/nealch01.shtml,nealch01,31,NYM,NL,136,133,125,1168.2,673,256,389,28,85,.958,-15,-15,4.97,4.74,2B-SS-3B
1962,453,Cal Neeman,/players/n/neemaca01.shtml,neemaca01,33,PIT,NL,24,16,11,148.0,120,103,15,2,1,.983,0,0,7.18,4.92,C
1962,454,Fred Newman,/players/n/newmafr01.shtml,newmafr01,20,LAA,AL,4,1,0,6.1,0,0,0,0,0,,,,0.00,0.00,P
1962,455,Chet Nichols,/players/n/nichoch02.shtml,nichoch02,31,BOS,AL,29,1,0,57.0,19,4,15,0,2,1.000,,,3.00,0.66,P
1962,456,Dave Nicholson,/players/n/nichoda01.shtml,nichoda01,22,BAL,AL,80,42,37,473.0,117,111,4,2,0,.983,-2,-5,2.19,1.44,OF
1962,457,Bob Nieman,/players/n/niemabo01.shtml,niemabo01,35,SFG,NL,3,0,0,8.0,2,2,0,0,0,1.000,0,15,2.25,0.67,OF
1962,458,Merlin Nippert,/players/n/nippeme01.shtml,nippeme01,23,BOS,AL,4,0,0,6.0,2,0,1,1,0,.500,,,1.50,0.25,P
1962,459,Ron Nischwitz,/players/n/nischro01.shtml,nischro01,24,DET,AL,48,0,0,64.2,16,2,13,1,2,.938,,,2.09,0.31,P
1962,460,Russ Nixon,/players/n/nixonru01.shtml,nixonru01,27,BOS,AL,38,33,29,286.0,208,201,7,0,1,1.000,-3,-13,6.55,5.47,C
1962,461,Fred Norman,/players/n/normafr01.shtml,normafr01,19,KCA,AL,2,0,0,4.0,0,0,0,0,0,,,,0.00,0.00,P
1962,462,Don Nottebart,/players/n/nottedo01.shtml,nottedo01,26,MLN,NL,39,0,0,64.0,21,4,17,0,3,1.000,,,2.95,0.54,P
1962,463,Howie Nunn,/players/n/nunnho01.shtml,nunnho01,26,CIN,NL,6,0,0,9.2,4,2,2,0,0,1.000,,,3.72,0.67,P
1962,464,Joe Nuxhall,/players/n/nuxhajo01.shtml,nuxhajo01,33,TOT,ZZ,17,9,1,71.1,13,2,11,0,1,1.000,,,1.64,0.76,P
1962,465,Danny O'Connell,/players/o/o'conda02.shtml,o'conda02,33,WSA,AL,63,54,50,486.0,221,70,141,10,21,.955,4,10,3.91,3.35,3B-2B
1962,466,Billy O'Dell,/players/o/o'delbi01.shtml,o'delbi01,29,SFG,NL,43,39,20,280.2,59,15,39,5,0,.915,,,1.73,1.26,P
1962,467,Jim O'Toole,/players/o/o'tooji01.shtml,o'tooji01,25,CIN,NL,36,34,11,251.2,44,10,33,1,1,.977,,,1.54,1.19,P
1962,468,Bob Oldis,/players/o/oldisbo01.shtml,oldisbo01,34,PHI,NL,30,23,17,207.1,150,134,14,2,4,.987,-2,-12,6.42,4.93,C
1962,469,Tony Oliva,/players/o/olivato01.shtml,olivato01,23,MIN,AL,2,2,1,10.0,3,3,0,0,0,1.000,0,60,2.70,1.50,OF
1962,470,Gene Oliver,/players/o/olivege01.shtml,olivege01,27,STL,NL,109,96,58,793.0,566,514,47,5,9,.991,0,0,6.37,5.15,C-OF-1B
1962,471,Diomedes Olivo,/players/o/olivodi01.shtml,olivodi01,43,PIT,NL,62,1,0,84.1,17,6,10,1,0,.941,,,1.71,0.26,P
1962,472,John Orsino,/players/o/orsinjo01.shtml,orsinjo01,24,SFG,NL,16,12,11,114.0,81,72,6,3,1,.963,-1,-11,6.16,4.88,C
1962,473,Phil Ortega,/players/o/ortegph01.shtml,ortegph01,22,LAD,NL,24,3,0,53.2,10,2,7,1,0,.900,,,1.51,0.38,P
1962,474,Bobo Osborne,/players/o/osborbo02.shtml,osborbo02,26,DET,AL,21,12,5,114.1,48,22,21,5,0,.896,0,0,3.38,2.05,3B-1B-C
1962,475,Dan Osinski,/players/o/osinsda01.shtml,osinsda01,28,TOT,AL,37,0,0,59.0,14,3,10,1,0,.929,,,1.98,0.35,P
1962,476,Claude Osteen,/players/o/osteecl01.shtml,osteecl01,22,WSA,AL,28,22,7,150.1,34,4,30,0,2,1.000,,,2.04,1.21,P
1962,477,Billy Ott,/players/o/ottbi01.shtml,ottbi01,21,CHC,NL,7,6,5,50.2,10,9,1,0,0,1.000,0,2,1.78,1.43,OF
1962,478,Jim Owens,/players/o/owensji01.shtml,owensji01,28,PHI,NL,23,12,1,69.2,13,5,8,0,0,1.000,,,1.68,0.57,P
1962,479,Jose Pagan,/players/p/paganjo01.shtml,paganjo01,27,SFG,NL,164,164,153,1430.2,768,286,461,21,84,.973,5,4,4.70,4.55,SS
1962,480,Jim Pagliaroni,/players/p/pagliji01.shtml,pagliji01,24,BOS,AL,73,69,60,595.1,450,411,33,6,4,.987,-1,-2,6.71,6.08,C
1962,481,John Papa,/players/p/papajo01.shtml,papajo01,21,BAL,AL,1,0,0,1.0,0,0,0,0,0,,,,0.00,0.00,P
1962,482,Milt Pappas,/players/p/pappami01.shtml,pappami01,23,BAL,AL,35,32,9,205.1,61,20,38,3,3,.951,,,2.54,1.66,P
1962,483,Camilo Pascual,/players/p/pascuca02.shtml,pascuca02,28,MIN,AL,34,33,18,257.2,61,28,32,1,4,.984,,,2.10,1.76,P
1962,484,Don Pavletich,/players/p/pavledo01.shtml,pavledo01,23,CIN,NL,27,17,10,158.1,178,167,11,0,12,1.000,3,20,10.12,6.59,1B-C
1962,485,Albie Pearson,/players/p/pearsal02.shtml,pearsal02,27,LAA,AL,160,152,147,1377.2,378,366,8,4,0,.989,5,4,2.44,2.34,OF
1962,486,Orlando Pena,/players/p/penaor01.shtml,penaor01,28,KCA,AL,13,12,6,89.2,15,5,9,1,0,.933,,,1.41,1.08,P
1962,487,Jim Pendleton,/players/p/pendlji01.shtml,pendlji01,38,HOU,NL,103,72,60,699.0,193,181,5,7,5,.964,-6,-10,2.39,1.81,OF-1B-3B-SS
1962,488,Joe Pepitone,/players/p/pepitjo01.shtml,pepitjo01,21,NYY,AL,48,27,18,278.1,139,126,11,2,9,.986,-2,-7,4.43,2.85,OF-1B
1962,489,Ron Perranoski,/players/p/perraro01.shtml,perraro01,26,LAD,NL,70,0,0,107.1,24,3,17,4,3,.833,,,1.68,0.29,P
1962,490,Gaylord Perry,/players/p/perryga01.shtml,perryga01,23,SFG,NL,13,7,1,43.0,9,3,5,1,1,.889,,,1.67,0.62,P
1962,491,Jim Perry,/players/p/perryji01.shtml,perryji01,26,CLE,AL,35,27,7,193.2,52,12,39,1,3,.981,,,2.37,1.46,P
1962,492,Gary Peters,/players/p/peterga01.shtml,peterga01,25,CHW,AL,5,0,0,6.1,2,0,2,0,0,1.000,,,2.84,0.40,P
1962,493,Cap Peterson,/players/p/peterca01.shtml,peterca01,19,SFG,NL,2,1,1,11.0,3,1,2,0,1,1.000,-0,-11,2.45,1.50,SS
1962,494,Dan Pfister,/players/p/pfistda01.shtml,pfistda01,25,KCA,AL,41,25,2,196.1,56,24,30,2,2,.964,,,2.48,1.32,P
1962,495,Dave Philley,/players/p/phillda01.shtml,phillda01,42,BOS,AL,4,4,1,24.0,6,6,0,0,0,1.000,1,50,2.25,1.50,OF
1962,496,Bubba Phillips,/players/p/phillbu02.shtml,phillbu02,34,CLE,AL,149,147,142,1299.0,437,183,243,11,16,.975,1,1,2.95,2.86,3B-OF-2B
1962,497,Dick Phillips,/players/p/philldi01.shtml,philldi01,30,SFG,NL,1,0,0,1.0,1,1,0,0,0,1.000,-0,-360,9.00,1.00,1B
1962,498,Ron Piche,/players/p/pichero01.shtml,pichero01,27,MLN,NL,14,8,2,52.0,16,7,9,0,1,1.000,,,2.77,1.14,P
1962,499,Billy Pierce,/players/p/piercbi02.shtml,piercbi02,35,SFG,NL,30,23,7,162.1,29,4,24,1,3,.966,,,1.55,0.93,P
1962,500,Jim Piersall,/players/p/piersji01.shtml,piersji01,32,WSA,AL,132,122,110,1073.0,314,308,5,1,0,.997,1,1,2.63,2.37,OF
1962,501,Joe Pignatano,/players/p/pignajo01.shtml,pignajo01,32,TOT,NL,32,16,12,165.0,121,107,13,1,2,.992,-1,-7,6.55,3.75,C
1962,502,Vada Pinson,/players/p/pinsova01.shtml,pinsova01,23,CIN,NL,152,151,146,1342.2,361,344,13,4,1,.989,1,1,2.39,2.35,OF
1962,503,Juan Pizarro,/players/p/pizarju01.shtml,pizarju01,25,CHW,AL,36,32,9,203.1,34,10,23,1,1,.971,,,1.46,0.92,P
1962,504,Elmo Plaskett,/players/p/plaskel01.shtml,plaskel01,24,PIT,NL,4,3,3,27.0,14,13,1,0,0,1.000,-2,-89,4.67,3.50,C
1962,505,Bill Pleis,/players/p/pleisbi01.shtml,pleisbi01,24,MIN,AL,21,4,0,45.0,9,4,4,1,0,.889,,,1.60,0.38,P
1962,506,Johnny Podres,/players/p/podrejo01.shtml,podrejo01,29,LAD,NL,40,40,8,255.0,41,4,31,6,1,.854,,,1.24,0.88,P
1962,507,Leo Posada,/players/p/posadle01.shtml,posadle01,26,KCA,AL,11,8,6,75.2,16,15,1,0,1,1.000,-1,-14,1.90,1.45,OF
1962,508,Wally Post,/players/p/postwa01.shtml,postwa01,32,CIN,NL,90,73,49,647.0,123,110,5,8,0,.935,-9,-17,1.60,1.28,OF
1962,509,Boog Powell,/players/p/powelbo01.shtml,powelbo01,20,BAL,AL,113,113,60,891.1,201,194,1,6,0,.970,0,0,1.97,1.73,OF-1B
1962,510,Vic Power,/players/p/powervi01.shtml,powervi01,34,MIN,AL,144,141,135,1245.1,1339,1195,134,10,133,.993,12,11,9.60,9.23,1B-2B
1962,511,Bob Priddy,/players/p/priddbo01.shtml,priddbo01,22,PIT,NL,2,0,0,3.0,0,0,0,0,0,,,,0.00,0.00,P
1962,512,Don Prince,/players/p/princdo01.shtml,princdo01,24,CHC,NL,1,0,0,1.0,1,0,1,0,1,1.000,,,9.00,1.00,P
1962,513,Bob Purkey,/players/p/purkebo01.shtml,purkebo01,32,CIN,NL,37,37,18,288.1,88,25,59,4,7,.955,,,2.62,2.27,P
1962,514,Art Quirk,/players/q/quirkar01.shtml,quirkar01,24,BAL,AL,7,5,0,27.1,9,2,7,0,0,1.000,,,2.96,1.29,P
1962,515,Dick Radatz,/players/r/radatdi01.shtml,radatdi01,25,BOS,AL,62,0,0,124.2,14,5,8,1,0,.929,,,0.94,0.21,P
1962,516,Ed Rakow,/players/r/rakowed01.shtml,rakowed01,27,KCA,AL,42,35,11,235.1,67,17,45,5,3,.925,,,2.37,1.48,P
1962,517,Pedro Ramos,/players/r/ramospe01.shtml,ramospe01,27,CLE,AL,37,27,7,201.1,53,21,30,2,3,.962,,,2.28,1.38,P
1962,518,Merritt Ranew,/players/r/ranewme01.shtml,ranewme01,24,HOU,NL,58,51,47,473.2,400,357,35,8,1,.980,-8,-20,7.45,6.76,C
1962,519,Claude Raymond,/players/r/raymocl01.shtml,raymocl01,25,MLN,NL,26,0,0,42.2,5,2,3,0,0,1.000,,,1.05,0.19,P
1962,520,Jack Reed,/players/r/reedja01.shtml,reedja01,29,NYY,AL,75,4,4,180.0,51,48,0,3,0,.941,3,22,2.40,0.64,OF
1962,521,Phil Regan,/players/r/reganph01.shtml,reganph01,25,DET,AL,35,23,6,171.1,32,15,17,0,1,1.000,,,1.68,0.91,P
1962,522,Hal Reniff,/players/r/renifha01.shtml,renifha01,23,NYY,AL,2,0,0,3.2,0,0,0,0,0,,,,0.00,0.00,P
1962,523,Ken Retzer,/players/r/retzeke01.shtml,retzeke01,28,WSA,AL,99,91,71,798.0,540,488,44,8,5,.985,1,2,6.00,5.37,C
1962,524,Bobby Richardson,/players/r/richabo01.shtml,richabo01,26,NYY,AL,161,161,155,1440.1,844,378,451,15,116,.982,3,2,5.18,5.15,2B
1962,525,Pete Richert,/players/r/richepe01.shtml,richepe01,22,LAD,NL,19,12,1,81.1,19,2,16,1,2,.947,,,1.99,0.95,P
1962,526,Ray Rippelmeyer,/players/r/rippera01.shtml,rippera01,28,WSA,AL,18,1,0,39.2,19,3,15,1,1,.947,,,4.08,1.00,P
1962,527,Mel Roach,/players/r/roachme01.shtml,roachme01,29,PHI,NL,42,20,11,184.1,81,42,36,3,5,.963,-5,-35,3.81,1.86,3B-2B-OF-1B
1962,528,Mike Roarke,/players/r/roarkmi01.shtml,roarkmi01,31,DET,AL,53,39,29,367.1,276,247,24,5,1,.982,2,7,6.64,5.11,C
1962,529,Dave Roberts,/players/r/roberda03.shtml,roberda03,29,HOU,NL,18,11,7,110.0,48,47,1,0,1,1.000,-2,-16,3.93,2.67,OF-1B
1962,530,Robin Roberts,/players/r/roberro01.shtml,roberro01,35,BAL,AL,27,25,6,191.1,47,24,21,2,4,.957,,,2.12,1.67,P
1962,531,Daryl Robertson,/players/r/roberda02.shtml,roberda02,26,CHC,NL,7,5,1,47.0,22,8,14,0,1,1.000,-3,-69,4.21,3.14,SS-3B
1962,532,Brooks Robinson,/players/r/robinbr01.shtml,robinbr01,25,BAL,AL,167,162,154,1454.1,516,165,340,11,32,.979,18,15,3.13,3.02,3B-SS-2B
1962,533,Earl Robinson,/players/r/robinea01.shtml,robinea01,25,BAL,AL,17,15,15,140.0,35,35,0,0,0,1.000,2,21,2.25,2.06,OF
1962,534,Floyd Robinson,/players/r/robinfl01.shtml,robinfl01,26,CHW,AL,155,154,117,1376.2,299,278,13,8,2,.973,-2,-2,1.90,1.88,OF
1962,535,Frank Robinson,/players/r/robinfr02.shtml,robinfr02,26,CIN,NL,161,160,154,1433.2,327,315,10,2,2,.994,3,2,2.04,2.02,OF
1962,536,Andre Rodgers,/players/r/rodgean01.shtml,rodgean01,27,CHC,NL,134,129,125,1129.1,712,250,434,28,92,.961,3,3,5.45,5.10,SS-1B
1962,537,Buck Rodgers,/players/r/rodgebu01.shtml,rodgebu01,23,LAA,AL,150,144,139,1302.1,909,826,73,10,14,.989,5,5,6.21,5.99,C
1962,538,Ed Roebuck,/players/r/roebued01.shtml,roebued01,30,LAD,NL,64,0,0,119.1,30,7,22,1,2,.967,,,2.19,0.45,P
1962,539,Cookie Rojas,/players/r/rojasco01.shtml,rojasco01,23,CIN,NL,31,24,19,214.1,118,60,52,6,13,.949,-7,-38,4.70,3.61,2B-3B
1962,540,Jim Roland,/players/r/rolanji01.shtml,rolanji01,19,MIN,AL,1,0,0,2.0,0,0,0,0,0,,,,0.00,0.00,P
1962,541,Rich Rollins,/players/r/rolliri01.shtml,rolliri01,24,MIN,AL,160,158,156,1416.1,489,137,324,28,33,.943,-0,-0,2.93,2.88,3B-SS
1962,542,John Romano,/players/r/romanjo01.shtml,romanjo01,27,CLE,AL,130,128,123,1124.2,727,657,63,7,6,.990,7,7,5.76,5.54,C
1962,543,John Roseboro,/players/r/rosebjo01.shtml,rosebjo01,29,LAD,NL,128,117,99,1033.1,913,842,57,14,10,.985,5,6,7.83,7.02,C
1962,544,Bob Roselli,/players/r/roselbo01.shtml,roselbo01,30,CHW,AL,20,13,13,134.0,86,80,5,1,2,.988,-1,-9,5.71,4.25,C
1962,545,Don Rudolph,/players/r/rudoldo01.shtml,rudoldo01,30,TOT,AL,38,23,6,176.2,40,6,32,2,0,.950,,,1.94,1.00,P
1962,546,Pete Runnels,/players/r/runnepe01.shtml,runnepe01,34,BOS,AL,151,151,146,1344.0,1423,1309,104,10,125,.993,1,1,9.46,9.36,1B
1962,547,Ray Sadecki,/players/s/sadecra01.shtml,sadecra01,21,STL,NL,22,17,4,102.1,20,2,13,5,2,.750,,,1.32,0.68,P
1962,548,Bob Sadowski,/players/s/sadowbo01.shtml,sadowbo01,25,CHW,AL,28,25,12,197.1,97,33,62,2,9,.979,4,23,4.33,3.39,3B-2B
1962,549,Ed Sadowski,/players/s/sadowed01.shtml,sadowed01,31,LAA,AL,18,14,8,119.0,93,86,4,3,0,.968,-2,-20,6.81,5.00,C
1962,550,Ted Sadowski,/players/s/sadowte01.shtml,sadowte01,26,MIN,AL,19,0,0,33.0,9,2,7,0,0,1.000,,,2.45,0.47,P
1962,551,Amado Samuel,/players/s/samueam01.shtml,samueam01,23,MLN,NL,67,55,42,494.2,256,85,160,11,29,.957,-6,-15,4.46,3.66,SS-2B-3B
1962,552,Jack Sanford,/players/s/sanfoja02.shtml,sanfoja02,33,SFG,NL,39,38,13,265.1,77,21,52,4,4,.948,,,2.48,1.87,P
1962,553,Ron Santo,/players/s/santoro01.shtml,santoro01,22,CHC,NL,165,159,152,1412.1,534,167,343,24,35,.955,-5,-4,3.25,3.09,3B-SS
1962,554,Tom Satriano,/players/s/satrito01.shtml,satrito01,21,LAA,AL,5,3,2,28.0,12,2,8,2,1,.833,-1,-47,3.21,2.00,3B
1962,555,Ted Savage,/players/s/savagte01.shtml,savagte01,25,PHI,NL,109,82,70,783.2,194,185,4,5,1,.974,2,3,2.17,1.73,OF
1962,556,Bob Saverine,/players/s/saverbo01.shtml,saverbo01,21,BAL,AL,7,6,6,53.0,30,11,19,0,3,1.000,1,25,5.09,4.29,2B
1962,557,Carl Sawatski,/players/s/sawatca01.shtml,sawatca01,34,STL,NL,70,61,33,514.0,379,354,24,1,4,.997,-2,-5,6.62,5.40,C
1962,558,Jimmie Schaffer,/players/s/schafji01.shtml,schafji01,26,STL,NL,69,14,6,227.0,145,134,10,1,1,.993,1,5,5.71,2.09,C
1962,559,Johnny Schaive,/players/s/schaijo01.shtml,schaijo01,28,WSA,AL,55,51,45,445.0,175,53,117,5,8,.971,5,12,3.44,3.09,3B-2B
1962,560,Chuck Schilling,/players/s/schilch01.shtml,schilch01,24,BOS,AL,118,113,105,1013.1,607,267,331,9,85,.985,6,8,5.31,5.07,2B
1962,561,Bob Schmidt,/players/s/schmibo02.shtml,schmibo02,29,WSA,AL,88,71,63,639.0,383,342,40,1,3,.997,6,11,5.38,4.34,C
1962,562,Red Schoendienst,/players/s/schoere01.shtml,schoere01,39,STL,NL,25,16,9,140.1,82,33,48,1,10,.988,-2,-15,5.19,3.24,2B-3B
1962,563,Dick Schofield,/players/s/schofdi01.shtml,schofdi01,27,PIT,NL,23,20,19,192.1,58,18,37,3,4,.948,-2,-14,2.57,2.39,3B-2B-SS
1962,564,Barney Schultz,/players/s/schulba01.shtml,schulba01,35,CHC,NL,51,0,0,77.2,18,5,12,1,2,.944,,,1.97,0.33,P
1962,565,Don Schwall,/players/s/schwado01.shtml,schwado01,26,BOS,AL,33,32,5,182.1,44,8,34,2,4,.955,,,2.07,1.27,P
1962,566,Herb Score,/players/s/scorehe01.shtml,scorehe01,29,CHW,AL,4,0,0,6.0,2,0,2,0,0,1.000,,,3.00,0.50,P
1962,567,Diego Segui,/players/s/seguidi01.shtml,seguidi01,24,KCA,AL,37,13,2,116.2,29,11,17,1,2,.966,,,2.16,0.76,P
1962,568,Mike Shannon,/players/s/shannmi01.shtml,shannmi01,22,STL,NL,7,4,3,40.0,8,7,1,0,0,1.000,2,45,1.80,1.14,OF
1962,569,Bobby Shantz,/players/s/shantbo01.shtml,shantbo01,36,TOT,NL,31,3,1,78.1,36,10,25,1,2,.972,,,4.02,1.13,P
1962,570,Bob Shaw,/players/s/shawbo01.shtml,shawbo01,29,MLN,NL,38,29,12,225.0,59,16,38,5,0,.915,,,2.16,1.42,P
1962,571,Rollie Sheldon,/players/s/sheldro01.shtml,sheldro01,25,NYY,AL,34,16,2,118.0,18,7,10,1,1,.944,,,1.30,0.50,P
1962,572,Larry Sherry,/players/s/sherrla01.shtml,sherrla01,26,LAD,NL,58,0,0,90.0,15,2,13,0,1,1.000,,,1.50,0.26,P
1962,573,Norm Sherry,/players/s/sherrno01.shtml,sherrno01,30,LAD,NL,34,25,18,239.1,236,221,13,2,2,.992,0,0,8.80,6.88,C
1962,574,Barry Shetrone,/players/s/shetrba01.shtml,shetrba01,23,BAL,AL,6,2,2,30.0,11,11,0,0,0,1.000,2,60,3.30,1.83,OF
1962,575,Charlie Shoemaker,/players/s/shoemch01.shtml,shoemch01,22,KCA,AL,4,2,1,19.0,14,5,9,0,1,1.000,1,38,6.63,3.50,2B
1962,576,Bill Short,/players/s/shortbi01.shtml,shortbi01,24,BAL,AL,5,0,0,4.0,1,0,1,0,0,1.000,,,2.25,0.20,P
1962,577,Chris Short,/players/s/shortch02.shtml,shortch02,24,PHI,NL,47,12,4,142.0,34,11,22,1,2,.971,,,2.09,0.70,P
1962,578,Norm Siebern,/players/s/siebeno01.shtml,siebeno01,28,KCA,AL,162,162,158,1425.0,1542,1405,127,10,122,.994,4,4,9.68,9.46,1B
1962,579,Roy Sievers,/players/s/sievero01.shtml,sievero01,35,PHI,NL,137,125,84,1043.1,1080,977,93,10,102,.991,5,6,9.23,7.81,1B-OF
1962,580,Curt Simmons,/players/s/simmocu01.shtml,simmocu01,33,STL,NL,31,22,9,154.0,33,6,26,1,2,.970,,,1.87,1.03,P
1962,581,Dick Simpson,/players/s/simpsdi01.shtml,simpsdi01,18,LAA,AL,4,1,0,19.0,7,7,0,0,0,1.000,2,101,3.32,1.75,OF
1962,582,Tommie Sisk,/players/s/siskto01.shtml,siskto01,20,PIT,NL,5,3,1,17.2,4,1,2,1,0,.750,,,1.53,0.60,P
1962,583,Dave Sisler,/players/s/sisleda01.shtml,sisleda01,30,CIN,NL,35,0,0,43.2,8,3,5,0,0,1.000,,,1.65,0.23,P
1962,584,Bob Skinner,/players/s/skinnbo01.shtml,skinnbo01,30,PIT,NL,139,138,104,1181.1,225,210,6,9,0,.960,-11,-11,1.65,1.55,OF
1962,585,Bill Skowron,/players/s/skowrbi01.shtml,skowrbi01,31,NYY,AL,135,123,113,1116.1,1141,1054,77,10,101,.991,7,7,9.12,8.38,1B
1962,586,Al Smith,/players/s/smithal04.shtml,smithal04,34,CHW,AL,144,136,87,1137.0,334,123,191,20,8,.940,-4,-4,2.49,2.18,3B-OF
1962,587,Bill Smith,/players/s/smithbi04.shtml,smithbi04,28,PHI,NL,24,5,0,50.1,14,6,6,2,1,.857,,,2.15,0.50,P
1962,588,Bobby Smith,/players/s/smithbo04.shtml,smithbo04,28,TOT,NL,93,39,33,450.2,91,86,5,0,1,1.000,3,9,1.82,0.98,OF
1962,589,Charley Smith,/players/s/smithch04.shtml,smithch04,24,CHW,AL,54,36,32,343.0,108,26,76,6,12,.944,1,2,2.68,1.89,3B
1962,590,Hal Smith,/players/s/smithha08.shtml,smithha08,31,HOU,NL,100,89,82,807.0,662,580,72,10,10,.985,-3,-4,7.27,6.52,C-3B-1B
1962,591,Jack Smith,/players/s/smithja04.shtml,smithja04,26,LAD,NL,8,0,0,10.0,0,0,0,0,0,,,,0.00,0.00,P
1962,592,Nate Smith,/players/s/smithna01.shtml,smithna01,27,BAL,AL,3,3,2,24.0,18,17,1,0,1,1.000,-1,-50,6.75,6.00,C
1962,593,Pete Smith,/players/s/smithpe01.shtml,smithpe01,22,BOS,AL,1,1,0,3.2,1,0,1,0,0,1.000,,,2.45,1.00,P
1962,594,Duke Snider,/players/s/snidedu01.shtml,snidedu01,35,LAD,NL,39,37,21,313.1,61,56,3,2,0,.967,-4,-16,1.69,1.51,OF
1962,595,Jim Snyder,/players/s/snydeji02.shtml,snydeji02,29,MIN,AL,6,3,2,29.0,17,8,8,1,3,.941,0,0,4.97,2.67,2B-1B
1962,596,Russ Snyder,/players/s/snyderu01.shtml,snyderu01,28,BAL,AL,121,90,76,880.0,232,218,8,6,2,.974,1,2,2.31,1.87,OF
1962,597,Warren Spahn,/players/s/spahnwa01.shtml,spahnwa01,41,MLN,NL,34,34,22,269.1,69,13,55,1,5,.986,,,2.27,2.00,P
1962,598,Al Spangler,/players/s/spangal01.shtml,spangal01,28,HOU,NL,121,109,90,960.1,198,183,7,8,2,.960,-12,-14,1.78,1.57,OF
1962,599,Daryl Spencer,/players/s/spencda01.shtml,spencda01,33,LAD,NL,67,47,26,430.0,149,38,101,10,7,.933,-2,-4,2.91,2.07,3B-SS
1962,600,Jack Spring,/players/s/sprinja01.shtml,sprinja01,29,LAA,AL,57,0,0,65.0,22,4,16,2,2,.909,,,2.77,0.35,P
1962,601,Bill Stafford,/players/s/staffbi01.shtml,staffbi01,23,NYY,AL,35,33,7,213.1,45,12,33,0,1,1.000,,,1.90,1.29,P
1962,602,Tracy Stallard,/players/s/stalltr01.shtml,stalltr01,24,BOS,AL,1,0,0,1.0,0,0,0,0,0,,,,0.00,0.00,P
1962,603,Lee Stange,/players/s/stangle01.shtml,stangle01,25,MIN,AL,44,6,1,95.0,23,7,14,2,0,.913,,,1.99,0.48,P
1962,604,Willie Stargell,/players/s/stargwi01.shtml,stargwi01,22,PIT,NL,9,7,7,68.0,14,12,1,1,0,.929,0,7,1.72,1.44,OF
1962,605,Morrie Steevens,/players/s/steevmo01.shtml,steevmo01,21,CHC,NL,12,1,0,15.0,6,0,5,1,0,.833,,,3.00,0.42,P
1962,606,Dave Stenhouse,/players/s/stenhda01.shtml,stenhda01,28,WSA,AL,34,26,9,197.0,54,21,33,0,3,1.000,,,2.47,1.59,P
1962,607,Dick Stigman,/players/s/stigmdi01.shtml,stigmdi01,26,MIN,AL,40,15,6,142.2,17,5,12,0,0,1.000,,,1.07,0.43,P
1962,608,Ron Stillwell,/players/s/stillro01.shtml,stillro01,22,WSA,AL,7,6,3,51.1,28,16,12,0,3,1.000,-1,-21,4.91,4.00,2B-SS
1962,609,Wes Stock,/players/s/stockwe01.shtml,stockwe01,28,BAL,AL,53,0,0,65.0,27,4,23,0,4,1.000,,,3.74,0.51,P
1962,610,Dean Stone,/players/s/stonede01.shtml,stonede01,31,TOT,ZZ,42,7,2,82.2,19,5,13,1,0,.947,,,1.96,0.43,P
1962,611,Dick Stuart,/players/s/stuardi01.shtml,stuardi01,29,PIT,NL,101,100,86,862.2,963,868,78,17,98,.982,-5,-7,9.87,9.37,1B
1962,612,Tom Sturdivant,/players/s/sturdto01.shtml,sturdto01,32,PIT,NL,49,12,2,125.1,36,10,23,3,0,.917,,,2.37,0.67,P
1962,613,Frank Sullivan,/players/s/sullifr01.shtml,sullifr01,32,TOT,ZZ,40,0,0,56.1,16,6,10,0,0,1.000,,,2.56,0.40,P
1962,614,Haywood Sullivan,/players/s/sulliha02.shtml,sulliha02,31,KCA,AL,95,80,70,709.2,490,449,31,10,2,.980,-6,-10,6.09,5.05,C-1B
1962,615,Chuck Tanner,/players/t/tannech01.shtml,tannech01,33,LAA,AL,2,0,0,4.0,0,0,0,0,0,,-0,-30,0.00,0.00,OF
1962,616,El Tappe,/players/t/tappeel01.shtml,tappeel01,35,CHC,NL,26,21,10,169.1,114,101,13,0,4,1.000,1,7,6.06,4.38,C
1962,617,Jose Tartabull,/players/t/tartajo01.shtml,tartajo01,23,KCA,AL,85,67,62,623.2,196,185,6,5,0,.974,-3,-5,2.76,2.25,OF
1962,618,Willie Tasby,/players/t/tasbywi01.shtml,tasbywi01,29,TOT,AL,77,54,37,520.1,122,119,2,1,0,.992,-8,-20,2.09,1.57,OF-3B
1962,619,Don Taussig,/players/t/taussdo01.shtml,taussdo01,30,HOU,NL,4,3,2,35.0,10,10,0,0,0,1.000,1,41,2.57,2.50,OF
1962,620,Hawk Taylor,/players/t/tayloha04.shtml,tayloha04,23,MLN,NL,11,11,6,90.0,25,23,1,1,0,.960,2,24,2.40,2.18,OF
1962,621,Ron Taylor,/players/t/tayloro01.shtml,tayloro01,24,CLE,AL,8,4,1,33.1,5,0,5,0,0,1.000,,,1.35,0.63,P
1962,622,Sammy Taylor,/players/t/taylosa02.shtml,taylosa02,29,TOT,NL,56,46,33,400.1,253,225,26,2,3,.992,0,0,5.64,4.48,C
1962,623,Tony Taylor,/players/t/tayloto02.shtml,tayloto02,26,PHI,NL,152,150,145,1327.0,779,372,385,22,101,.972,-9,-8,5.13,4.98,2B-SS
1962,624,Johnny Temple,/players/t/templjo01.shtml,templjo01,34,TOT,MLB,98,95,74,788.1,418,178,228,12,47,.971,-0,-1,4.64,4.14,2B-3B
1962,625,Ralph Terry,/players/t/terryra01.shtml,terryra01,26,NYY,AL,43,39,14,298.2,53,21,31,1,0,.981,,,1.57,1.21,P
1962,626,Moe Thacker,/players/t/thackmo01.shtml,thackmo01,28,CHC,NL,65,35,21,324.0,254,219,34,1,8,.996,2,7,7.03,3.89,C
1962,627,Frank Thomas,/players/t/thomafr03.shtml,thomafr03,33,NYM,NL,147,145,116,1244.1,361,311,36,14,8,.961,-4,-4,2.51,2.36,OF-3B-1B
1962,628,George Thomas,/players/t/thomage01.shtml,thomage01,24,LAA,AL,51,48,39,439.0,116,107,4,5,1,.957,9,24,2.28,2.18,OF
1962,629,Lee Thomas,/players/t/thomale03.shtml,thomale03,26,LAA,AL,164,146,136,1343.2,933,868,47,18,67,.981,-2,-2,6.13,5.58,1B-OF
1962,630,Marv Throneberry,/players/t/thronma01.shtml,thronma01,28,TOT,MLB,99,91,76,791.1,882,788,77,17,87,.981,-3,-5,9.84,8.74,1B-OF
1962,631,Bobby Tiefenauer,/players/t/tiefebo01.shtml,tiefebo01,32,HOU,NL,43,0,0,85.0,14,6,6,2,0,.857,,,1.27,0.28,P
1962,632,Verle Tiefenthaler,/players/t/tiefeve01.shtml,tiefeve01,24,CHW,AL,3,0,0,3.2,0,0,0,0,0,,,,0.00,0.00,P
1962,633,Bob Tillman,/players/t/tillmbo01.shtml,tillmbo01,25,BOS,AL,66,58,55,556.1,415,389,19,7,1,.983,-3,-6,6.60,6.18,C
1962,634,Rupe Toppin,/players/t/toppiru01.shtml,toppiru01,20,KCA,AL,2,0,0,2.0,0,0,0,0,0,,,,0.00,0.00,P
1962,635,Frank Torre,/players/t/torrefr01.shtml,torrefr01,30,PHI,NL,76,35,28,386.1,392,347,37,8,40,.980,0,0,8.95,5.05,1B
1962,636,Joe Torre,/players/t/torrejo01.shtml,torrejo01,21,MLN,NL,63,61,55,502.1,369,325,39,5,4,.986,5,12,6.52,5.78,C
1962,637,Felix Torres,/players/t/torrefe01.shtml,torrefe01,30,LAA,AL,123,118,101,1038.2,384,110,250,24,20,.938,-2,-2,3.12,2.93,3B
1962,638,Paul Toth,/players/t/tothpa01.shtml,tothpa01,27,TOT,NL,12,5,2,50.2,13,4,7,2,0,.846,,,1.95,0.92,P
1962,639,Dick Tracewski,/players/t/tracedi01.shtml,tracedi01,27,LAD,NL,4,0,0,6.0,5,1,4,0,0,1.000,0,100,7.50,1.25,SS
1962,640,Tom Tresh,/players/t/treshto01.shtml,treshto01,23,NYY,AL,154,154,151,1390.1,625,290,315,20,51,.968,0,0,3.92,3.93,SS-OF
1962,641,Gus Triandos,/players/t/triangu01.shtml,triangu01,31,BAL,AL,63,61,46,518.2,389,355,28,6,2,.985,-5,-12,6.65,6.08,C
1962,642,John Tsitouris,/players/t/tsitojo01.shtml,tsitojo01,26,CIN,NL,4,2,1,21.1,4,1,3,0,0,1.000,,,1.69,1.00,P
1962,643,Bob Turley,/players/t/turlebo01.shtml,turlebo01,31,NYY,AL,24,8,0,69.0,18,3,15,0,0,1.000,,,2.35,0.75,P
1962,644,Bill Tuttle,/players/t/tuttlbi01.shtml,tuttlbi01,32,MIN,AL,104,27,22,369.1,75,71,2,2,0,.973,-3,-8,1.78,0.70,OF
1962,645,Dave Tyriver,/players/t/tyrivda01.shtml,tyrivda01,24,CLE,AL,4,0,0,10.2,3,1,2,0,0,1.000,,,2.53,0.75,P
1962,646,Bob Uecker,/players/u/ueckebo01.shtml,ueckebo01,27,MLN,NL,24,13,11,154.0,113,101,10,2,4,.982,1,8,6.49,4.63,C
1962,647,Jim Umbricht,/players/u/umbriji01.shtml,umbriji01,31,HOU,NL,34,0,0,67.0,15,1,14,0,0,1.000,,,2.01,0.44,P
1962,648,Bob Veale,/players/v/vealebo01.shtml,vealebo01,26,PIT,NL,11,6,2,45.2,6,0,6,0,0,1.000,,,1.18,0.55,P
1962,649,Zoilo Versalles,/players/v/versazo01.shtml,versazo01,22,MIN,AL,160,157,152,1400.1,862,335,501,26,127,.970,11,9,5.37,5.23,SS
1962,650,Bill Virdon,/players/v/virdobi01.shtml,virdobi01,31,PIT,NL,156,156,154,1375.1,380,360,11,9,0,.976,2,2,2.43,2.38,OF
1962,651,Leon Wagner,/players/w/wagnele01.shtml,wagnele01,28,LAA,AL,156,154,138,1370.0,284,269,7,8,1,.972,-11,-9,1.81,1.77,OF
1962,652,Jerry Walker,/players/w/walkeje01.shtml,walkeje01,23,KCA,AL,31,21,3,143.1,42,15,27,0,3,1.000,,,2.64,1.35,P
1962,653,Lee Walls,/players/w/wallsle01.shtml,wallsle01,29,LAD,NL,32,23,13,204.0,112,98,12,2,4,.982,0,0,4.85,3.44,OF-1B-3B
1962,654,Pete Ward,/players/w/wardpe01.shtml,wardpe01,24,BAL,AL,6,6,6,51.0,10,10,0,0,0,1.000,-0,-7,1.76,1.67,OF
1962,655,Jack Warner,/players/w/warneja02.shtml,warneja02,21,CHC,NL,7,0,0,7.0,3,0,3,0,0,1.000,,,3.86,0.43,P
1962,656,Carl Warwick,/players/w/warwica01.shtml,warwica01,25,TOT,NL,138,125,104,1126.1,288,271,13,4,1,.986,-8,-8,2.27,2.06,OF
1962,657,Ray Washburn,/players/w/washbra01.shtml,washbra01,24,STL,NL,34,25,2,175.2,45,9,34,2,1,.956,,,2.20,1.26,P
1962,658,Floyd Weaver,/players/w/weavefl01.shtml,weavefl01,21,CLE,AL,1,1,0,5.0,0,0,0,0,0,,,,0.00,0.00,P
1962,659,John Weekly,/players/w/weekljo01.shtml,weekljo01,25,HOU,NL,7,5,4,57.0,8,8,0,0,0,1.000,-0,-4,1.26,1.14,OF
1962,660,Al Weis,/players/w/weisal01.shtml,weisal01,24,CHW,AL,6,4,2,34.0,19,3,13,3,0,.842,-0,-11,4.24,2.67,SS-2B-3B
1962,661,Vic Wertz,/players/w/wertzvi01.shtml,wertzvi01,37,DET,AL,16,14,5,112.0,85,75,9,1,5,.988,-2,-16,6.75,5.25,1B
1962,662,Bill White,/players/w/whitebi03.shtml,whitebi03,28,STL,NL,173,157,135,1378.1,1367,1260,97,10,116,.993,9,8,8.86,7.84,1B-OF
1962,663,Elder White,/players/w/whiteel02.shtml,whiteel02,28,CHC,NL,16,14,11,132.0,73,25,47,1,6,.986,-2,-21,4.91,4.50,SS-3B
1962,664,Sammy White,/players/w/whitesa02.shtml,whitesa02,34,PHI,NL,40,31,21,257.2,197,173,19,5,4,.975,2,9,6.71,4.80,C
1962,665,Fred Whitfield,/players/w/whitffr01.shtml,whitffr01,24,STL,NL,38,30,15,262.0,311,282,25,4,32,.987,-1,-5,10.55,8.08,1B
1962,666,Dave Wickersham,/players/w/wickeda01.shtml,wickeda01,26,KCA,AL,30,9,3,110.0,29,7,22,0,2,1.000,,,2.37,0.97,P
1962,667,Hoyt Wilhelm,/players/w/wilheho01.shtml,wilheho01,39,BAL,AL,52,0,0,93.0,22,10,12,0,0,1.000,,,2.13,0.42,P
1962,668,Bob Will,/players/w/willbo01.shtml,willbo01,30,CHC,NL,9,6,6,65.0,14,14,0,0,0,1.000,-1,-20,1.94,1.56,OF
1962,669,Carl Willey,/players/w/willeca01.shtml,willeca01,31,MLN,NL,30,6,0,73.1,16,3,12,1,0,.938,,,1.84,0.50,P
1962,670,Billy Williams,/players/w/willibi01.shtml,willibi01,24,CHC,NL,159,159,159,1412.1,301,273,18,10,4,.967,-2,-2,1.85,1.83,OF
1962,671,Dick Williams,/players/w/willidi02.shtml,willidi02,33,BAL,AL,54,37,24,337.0,193,180,13,0,13,1.000,2,7,5.15,3.57,OF-1B-3B
1962,672,Don Williams,/players/w/willido01.shtml,willido01,30,KCA,AL,3,0,0,4.0,1,1,0,0,0,1.000,,,2.25,0.33,P
1962,673,George Williams,/players/w/willige01.shtml,willige01,22,HOU,NL,3,0,0,13.0,6,1,5,0,1,1.000,1,55,4.15,2.00,2B
1962,674,Stan Williams,/players/w/willist02.shtml,willist02,25,LAD,NL,40,28,4,185.2,38,8,28,2,3,.947,,,1.75,0.90,P
1962,675,Maury Wills,/players/w/willsma01.shtml,willsma01,29,LAD,NL,165,164,152,1444.1,824,295,493,36,86,.956,-2,-2,4.91,4.78,SS
1962,676,Ted Wills,/players/w/willste01.shtml,willste01,28,TOT,ZZ,27,5,0,61.0,13,3,8,2,2,.846,,,1.62,0.41,P
1962,677,Earl Wilson,/players/w/wilsoea01.shtml,wilsoea01,27,BOS,AL,31,28,4,191.1,44,19,22,3,2,.932,,,1.93,1.32,P
1962,678,Gordie Windhorn,/players/w/windhgo01.shtml,windhgo01,28,TOT,AL,34,10,6,147.2,30,30,0,0,0,1.000,1,10,1.83,0.88,OF
1962,679,Bobby Wine,/players/w/winebo01.shtml,winebo01,23,PHI,NL,109,95,68,807.2,420,149,263,8,54,.981,-1,-2,4.59,3.78,SS-3B
1962,680,Red Witt,/players/w/wittge01.shtml,wittge01,30,TOT,ZZ,13,4,0,25.1,5,1,4,0,0,1.000,,,1.78,0.38,P
1962,681,John Wojcik,/players/w/wojcijo01.shtml,wojcijo01,20,KCA,AL,12,12,9,109.2,22,21,1,0,0,1.000,-0,-3,1.81,1.83,OF
1962,682,Jake Wood,/players/w/woodja01.shtml,woodja01,25,DET,AL,90,85,81,753.1,402,185,197,20,33,.950,-8,-12,4.56,4.24,2B
1962,683,Wilbur Wood,/players/w/woodwi01.shtml,woodwi01,20,BOS,AL,1,1,0,7.2,3,0,3,0,0,1.000,,,3.52,3.00,P
1962,684,Hal Woodeshick,/players/w/woodeha01.shtml,woodeha01,29,HOU,NL,31,26,2,139.1,36,7,26,3,0,.917,,,2.13,1.06,P
1962,685,Gene Woodling,/players/w/woodlge01.shtml,woodlge01,39,TOT,ZZ,78,70,35,567.1,112,109,0,3,0,.973,-5,-10,1.73,1.40,OF
1962,686,John Wyatt,/players/w/wyattjo02.shtml,wyattjo02,27,KCA,AL,59,9,0,125.0,25,8,14,3,0,.880,,,1.58,0.37,P
1962,687,Early Wynn,/players/w/wynnea01.shtml,wynnea01,42,CHW,AL,27,26,11,167.2,23,3,20,0,2,1.000,,,1.23,0.85,P
1962,688,Carl Yastrzemski,/players/y/yastrca01.shtml,yastrca01,22,BOS,AL,160,160,157,1427.2,355,329,15,11,3,.969,19,16,2.17,2.15,OF
1962,689,Eddie Yost,/players/y/yosted01.shtml,yosted01,35,LAA,AL,35,29,23,265.1,121,69,48,4,5,.967,-4,-20,3.97,3.34,3B-1B
1962,690,Dom Zanni,/players/z/zannido01.shtml,zannido01,30,CHW,AL,44,2,0,86.1,28,6,22,0,1,1.000,,,2.92,0.64,P
1962,691,Don Zimmer,/players/z/zimmedo01.shtml,zimmedo01,31,TOT,NL,75,61,47,550.0,217,77,129,11,14,.949,-0,-1,3.37,2.75,3B-2B-SS
1962,692,Jerry Zimmerman,/players/z/zimmeje01.shtml,zimmeje01,27,MIN,AL,34,15,8,172.1,121,111,9,1,0,.992,1,7,6.27,3.53,C
1962,693,Bud Zipfel,/players/z/zipfebu01.shtml,zipfebu01,23,WSA,AL,49,41,29,384.1,253,228,17,8,13,.968,-2,-7,5.74,5.00,1B-OF
1962,,LgAvg,,,,197,155,124,1384,665,463,187,16,44,.977,1,0,4.23,3.29,
