1988,1,Don Aase,/players/a/aasedo01.shtml,aasedo01,33,BAL,AL,0,0,,4.05,35,0,16,0,0,0,46.2,40,22,21,4,37,5,28,0,0,1,209,97,5.06,1.650,7.7,0.8,7.1,5.4,0.76
1988,2,Jim Acker,/players/a/ackerji01.shtml,ackerji01,29,ATL,NL,0,4,.000,4.71,21,1,7,0,0,0,42.0,45,26,22,6,14,3,25,1,0,2,184,78,4.51,1.405,9.6,1.3,3.0,5.4,1.79
1988,3,Juan Agosto*,/players/a/agostju01.shtml,agostju01,30,HOU,NL,10,2,.833,2.26,75,0,33,0,0,4,91.2,74,27,23,6,30,13,33,0,5,3,371,148,3.88,1.135,7.3,0.6,2.9,3.2,1.10
1988,4,Rick Aguilera,/players/a/aguilri01.shtml,aguilri01,26,NYM,NL,0,4,.000,6.93,11,3,2,0,0,0,24.2,29,20,19,2,10,2,16,1,1,1,111,47,3.86,1.581,10.6,0.7,3.6,5.8,1.60
1988,5,Gibson Alba*,/players/a/albagi01.shtml,albagi01,28,STL,NL,0,0,,2.70,3,0,1,0,0,0,3.1,1,2,1,0,2,0,3,0,0,0,14,146,2.77,0.900,2.7,0.0,5.4,8.1,1.50
1988,6,Doyle Alexander,/players/a/alexado01.shtml,alexado01,37,DET,AL,14,11,.560,4.32,34,34,0,5,1,0,229.0,260,122,110,30,46,7,126,5,1,2,985,88,4.04,1.336,10.2,1.2,1.8,5.0,2.74
1988,7,Neil Allen,/players/a/allenne01.shtml,allenne01,30,NYY,AL,5,3,.625,3.84,41,2,10,0,1,0,117.1,121,51,50,14,37,7,61,2,0,2,504,103,4.28,1.347,9.3,1.1,2.8,4.7,1.65
1988,8,Jose Alvarez,/players/a/alvarjo01.shtml,alvarjo01,32,ATL,NL,5,6,.455,2.99,60,0,23,0,0,3,102.1,88,34,34,7,53,12,81,6,1,4,436,123,3.80,1.378,7.7,0.6,4.7,7.1,1.53
1988,9,Larry Andersen,/players/a/anderla02.shtml,anderla02,35,HOU,NL,2,4,.333,2.94,53,0,25,0,0,5,82.2,82,29,27,3,20,8,66,1,2,1,350,113,2.41,1.234,8.9,0.3,2.2,7.2,3.30
1988,10,Allan Anderson*,/players/a/anderal02.shtml,anderal02,24,MIN,AL,16,9,.640,2.45,30,30,0,3,1,0,202.1,199,70,55,14,37,1,83,7,4,1,815,166,3.50,1.166,8.9,0.6,1.6,3.7,2.24
1988,11,Rick Anderson,/players/a/anderri02.shtml,anderri02,31,KCR,AL,2,1,.667,4.24,7,3,0,0,0,0,34.0,41,17,16,3,9,2,9,1,0,1,147,96,4.27,1.471,10.9,0.8,2.4,2.4,1.00
1988,12,Joaquin Andujar,/players/a/andujjo01.shtml,andujjo01,35,HOU,NL,2,5,.286,4.00,23,10,4,0,0,0,78.2,94,43,35,9,21,5,35,5,3,0,351,83,4.36,1.462,10.8,1.0,2.4,4.0,1.67
1988,13,Luis Aquino,/players/a/aquinlu01.shtml,aquinlu01,24,KCR,AL,1,0,1.000,2.79,7,5,0,1,1,0,29.0,33,15,9,1,17,0,11,1,1,1,136,146,4.32,1.724,10.2,0.3,5.3,3.4,0.65
1988,14,Jack Armstrong,/players/a/armstja01.shtml,armstja01,23,CIN,NL,4,7,.364,5.79,14,13,0,0,0,0,65.1,63,44,42,8,38,2,45,0,2,3,293,62,4.73,1.546,8.7,1.1,5.2,6.2,1.18
1988,15,Scott Arnold,/players/a/arnolsc01.shtml,arnolsc01,25,STL,NL,0,0,,5.40,6,0,2,0,0,0,6.2,9,4,4,0,4,1,8,0,3,3,32,69,2.17,1.950,12.2,0.0,5.4,10.8,2.00
1988,16,Paul Assenmacher*,/players/a/assenpa01.shtml,assenpa01,27,ATL,NL,8,7,.533,3.06,64,0,32,0,0,5,79.1,72,28,27,4,32,11,71,1,0,7,329,120,2.88,1.311,8.2,0.5,3.6,8.1,2.22
1988,17,Keith Atherton,/players/a/atherke01.shtml,atherke01,29,MIN,AL,7,5,.583,3.41,49,0,13,0,0,3,74.0,65,29,28,10,22,4,43,2,0,1,309,120,4.34,1.176,7.9,1.2,2.7,5.2,1.95
1988,18,Don August,/players/a/augusdo01.shtml,augusdo01,24,MIL,AL,13,7,.650,3.09,24,22,0,6,1,0,148.1,137,55,51,12,48,6,66,0,0,5,614,129,3.90,1.247,8.3,0.7,2.9,4.0,1.38
1988,19,Scott Bailes*,/players/b/bailesc01.shtml,bailesc01,26,CLE,AL,9,14,.391,4.90,37,21,7,5,2,0,145.0,149,89,79,22,46,0,53,2,3,2,617,84,5.00,1.345,9.2,1.4,2.9,3.3,1.15
1988,20,Doug Bair,/players/b/bairdo01.shtml,bairdo01,38,TOR,AL,0,0,,4.05,10,0,4,0,0,0,13.1,14,6,6,2,3,0,8,0,0,1,55,99,4.19,1.275,9.5,1.4,2.0,5.4,2.67
1988,21,Jeff Ballard*,/players/b/ballaje01.shtml,ballaje01,24,BAL,AL,8,12,.400,4.40,25,25,0,6,1,0,153.1,167,83,75,15,42,2,41,6,2,2,654,89,4.45,1.363,9.8,0.9,2.5,2.4,0.98
1988,22,Scott Bankhead,/players/b/bankhsc01.shtml,bankhsc01,24,SEA,AL,7,9,.438,3.07,21,21,0,2,1,0,135.0,115,53,46,8,38,5,102,1,1,3,557,136,2.89,1.133,7.7,0.5,2.5,6.8,2.68
1988,23,Floyd Bannister*,/players/b/bannifl01.shtml,bannifl01,33,KCR,AL,12,13,.480,4.33,31,31,0,2,0,0,189.1,182,102,91,22,68,6,113,5,2,6,816,93,4.24,1.320,8.7,1.0,3.2,5.4,1.66
1988,24,Salome Barojas,/players/b/barojsa01.shtml,barojsa01,31,PHI,NL,0,0,,8.31,6,0,2,0,0,0,8.2,7,9,8,1,8,0,1,0,2,0,39,45,6.81,1.731,7.3,1.0,8.3,1.0,0.13
1988,25,Tim Barrett,/players/b/barreti01.shtml,barreti01,27,MON,NL,0,0,,5.79,4,0,2,0,0,1,9.1,10,6,6,2,2,0,5,0,0,0,39,65,5.13,1.286,9.6,1.9,1.9,4.8,2.50
1988,26,Jose Bautista,/players/b/bautijo01.shtml,bautijo01,23,BAL,AL,6,15,.286,4.30,33,25,5,3,0,0,171.2,171,86,82,21,45,3,76,7,5,4,721,91,4.38,1.258,9.0,1.1,2.4,4.0,1.69
1988,27,Steve Bedrosian,/players/b/bedrost01.shtml,bedrost01,30,PHI,NL,6,6,.500,3.75,57,0,49,0,0,28,74.1,75,34,31,6,27,5,61,0,0,0,322,95,3.27,1.372,9.1,0.7,3.3,7.4,2.26
1988,28,Tim Belcher,/players/b/belchti01.shtml,belchti01,26,LAD,NL,12,6,.667,2.91,36,27,5,4,1,4,179.2,143,65,58,8,51,7,152,2,0,4,719,116,2.54,1.080,7.2,0.4,2.6,7.6,2.98
1988,29,Juan Berenguer,/players/b/berenju01.shtml,berenju01,33,MIN,AL,8,4,.667,3.96,57,1,27,0,0,2,100.0,74,44,44,7,61,7,99,1,5,3,428,103,3.56,1.350,6.7,0.6,5.5,8.9,1.62
1988,30,Karl Best,/players/b/bestka01.shtml,bestka01,29,MIN,AL,0,0,,6.00,11,0,8,0,0,0,12.0,15,9,8,1,7,1,9,0,1,0,59,70,4.10,1.833,11.3,0.8,5.3,6.8,1.29
1988,31,Mike Bielecki,/players/b/bielemi01.shtml,bielemi01,28,CHC,NL,2,2,.500,3.35,19,5,7,0,0,0,48.1,55,22,18,4,16,1,33,0,3,3,215,109,3.47,1.469,10.2,0.7,3.0,6.1,2.06
1988,32,Mike Birkbeck,/players/b/birkbmi01.shtml,birkbmi01,27,MIL,AL,10,8,.556,4.72,23,23,0,0,0,0,124.0,141,69,65,10,37,1,64,1,11,0,538,85,3.70,1.435,10.2,0.7,2.7,4.6,1.73
1988,33,Tim Birtsas*,/players/b/birtsti01.shtml,birtsti01,27,CIN,NL,1,3,.250,4.20,36,4,8,0,0,0,64.1,61,34,30,6,24,5,38,3,3,0,277,86,4.06,1.321,8.5,0.8,3.4,5.3,1.58
1988,34,Jeff Bittiger,/players/b/bittije01.shtml,bittije01,26,CHW,AL,2,4,.333,4.23,25,7,9,0,0,0,61.2,59,31,29,11,29,2,33,0,2,3,268,95,5.43,1.427,8.6,1.6,4.2,4.8,1.14
1988,35,Bud Black*,/players/b/blackbu02.shtml,blackbu02,31,TOT,AL,4,4,.500,5.00,33,7,9,0,0,1,81.0,82,47,45,8,34,3,63,4,6,5,358,82,3.90,1.432,9.1,0.9,3.8,7.0,1.85
1988,36,Bud Black*,/players/b/blackbu02.shtml,blackbu02,31,KCR,AL,2,1,.667,4.91,17,0,5,0,0,0,22.0,23,12,12,2,11,2,19,0,2,0,98,83,3.72,1.545,9.4,0.8,4.5,7.8,1.73
1988,37,Bud Black*,/players/b/blackbu02.shtml,blackbu02,31,CLE,AL,2,3,.400,5.03,16,7,4,0,0,1,59.0,59,35,33,6,23,1,44,4,4,5,260,82,3.97,1.390,9.0,0.9,3.5,6.7,1.91
1988,38,Kevin Blankenship,/players/b/blankke01.shtml,blankke01,25,TOT,NL,1,1,.500,4.60,3,3,0,0,0,0,15.2,14,8,8,2,8,0,9,1,0,0,67,84,5.00,1.404,8.0,1.1,4.6,5.2,1.13
1988,39,Kevin Blankenship,/players/b/blankke01.shtml,blankke01,25,ATL,NL,0,1,.000,3.38,2,2,0,0,0,0,10.2,7,4,4,0,7,0,5,1,0,0,44,113,4.08,1.313,5.9,0.0,5.9,4.2,0.71
1988,40,Kevin Blankenship,/players/b/blankke01.shtml,blankke01,25,CHC,NL,1,0,1.000,7.20,1,1,0,0,0,0,5.0,7,4,4,2,1,0,4,0,0,0,23,55,6.97,1.600,12.6,3.6,1.8,7.2,4.00
1988,41,Bert Blyleven,/players/b/blylebe01.shtml,blylebe01,37,MIN,AL,10,17,.370,5.43,33,33,0,7,0,0,207.1,240,128,125,21,51,1,145,16,3,5,895,75,3.66,1.404,10.4,0.9,2.2,6.3,2.84
1988,42,Randy Bockus,/players/b/bockura01.shtml,bockura01,27,SFG,NL,1,1,.500,4.78,20,0,4,0,0,0,32.0,35,19,17,2,13,2,18,1,0,2,138,70,3.77,1.500,9.8,0.6,3.7,5.1,1.38
1988,43,Mike Boddicker,/players/b/boddimi01.shtml,boddimi01,30,TOT,AL,13,15,.464,3.39,36,35,0,5,1,0,236.0,234,102,89,17,77,6,156,14,4,6,1001,118,3.54,1.318,8.9,0.6,2.9,5.9,2.03
1988,44,Mike Boddicker,/players/b/boddimi01.shtml,boddimi01,30,BAL,AL,6,12,.333,3.86,21,21,0,4,0,0,147.0,149,72,63,14,51,5,100,11,4,3,636,101,3.91,1.361,9.1,0.9,3.1,6.1,1.96
1988,45,Mike Boddicker,/players/b/boddimi01.shtml,boddimi01,30,BOS,AL,7,3,.700,2.63,15,14,0,1,1,0,89.0,85,30,26,3,26,1,56,3,0,3,365,158,2.93,1.247,8.6,0.3,2.6,5.7,2.15
1988,46,Joe Boever,/players/b/boevejo01.shtml,boevejo01,27,ATL,NL,0,2,.000,1.77,16,0,13,0,0,1,20.1,12,4,4,1,1,0,7,1,0,0,70,211,3.01,0.639,5.3,0.4,0.4,3.1,7.00
1988,47,Tom Bolton*,/players/b/boltoto01.shtml,boltoto01,26,BOS,AL,1,3,.250,4.75,28,0,8,0,0,1,30.1,35,17,16,1,14,1,21,0,1,2,140,88,3.20,1.615,10.4,0.3,4.2,6.2,1.50
1988,48,Greg Booker,/players/b/bookegr01.shtml,bookegr01,28,SDP,NL,2,2,.500,3.39,34,2,11,0,0,0,63.2,68,31,24,5,19,2,43,1,0,2,272,102,3.38,1.366,9.6,0.7,2.7,6.1,2.26
1988,49,Rich Bordi,/players/b/bordiri01.shtml,bordiri01,29,OAK,AL,0,1,.000,4.70,2,2,0,0,0,0,7.2,6,6,4,0,5,0,6,0,0,1,34,86,3.16,1.435,7.0,0.0,5.9,7.0,1.20
1988,50,Chris Bosio,/players/b/bosioch01.shtml,bosioch01,25,MIL,AL,7,15,.318,3.36,38,22,15,9,1,6,182.0,190,80,68,13,38,6,84,2,2,1,766,118,3.43,1.253,9.4,0.6,1.9,4.2,2.21
1988,51,Oil Can Boyd,/players/b/boydoi01.shtml,boydoi01,28,BOS,AL,9,7,.563,5.34,23,23,0,1,0,0,129.2,147,82,77,25,41,2,71,2,5,0,561,78,5.18,1.450,10.2,1.7,2.8,4.9,1.73
1988,52,Jeff Brantley,/players/b/brantje01.shtml,brantje01,24,SFG,NL,0,1,.000,5.66,9,1,2,0,0,1,20.2,22,13,13,2,6,1,11,1,1,0,88,59,3.98,1.355,9.6,0.9,2.6,4.8,1.83
1988,53,William Brennan,/players/b/brennwi01.shtml,brennwi01,25,LAD,NL,0,1,.000,6.75,4,2,2,0,0,0,9.1,13,7,7,0,6,1,7,0,1,2,44,52,3.20,2.036,12.5,0.0,5.8,6.8,1.17
1988,54,Keith Brown,/players/b/brownke02.shtml,brownke02,24,CIN,NL,2,1,.667,2.76,4,3,1,0,0,0,16.1,14,5,5,1,4,0,6,0,0,1,63,134,3.56,1.102,7.7,0.6,2.2,3.3,1.50
1988,55,Kevin Brown,/players/b/brownke01.shtml,brownke01,23,TEX,AL,1,1,.500,4.24,4,4,0,1,0,0,23.1,33,15,11,2,8,0,12,1,0,1,110,97,4.01,1.757,12.7,0.8,3.1,4.6,1.50
1988,56,Tom Browning*,/players/b/brownto05.shtml,brownto05,28,CIN,NL,18,5,.783,3.41,36,36,0,5,2,0,250.2,205,98,95,36,64,3,124,7,4,2,1001,105,4.50,1.073,7.4,1.3,2.3,4.5,1.94
1988,57,DeWayne Buice,/players/b/buicede01.shtml,buicede01,30,CAL,AL,2,4,.333,5.88,32,0,18,0,0,3,41.1,45,29,27,5,19,3,38,0,2,3,183,66,3.88,1.548,9.8,1.1,4.1,8.3,2.00
1988,58,Tim Burke,/players/b/burketi01.shtml,burketi01,29,MON,NL,3,5,.375,3.40,61,0,39,0,0,18,82.0,84,36,31,7,25,13,42,3,1,3,350,106,3.88,1.329,9.2,0.8,2.7,4.6,1.68
1988,59,Todd Burns,/players/b/burnsto02.shtml,burnsto02,24,OAK,AL,8,2,.800,3.16,17,14,3,2,0,1,102.2,93,38,36,8,34,1,57,1,6,3,425,121,3.69,1.237,8.2,0.7,3.0,5.0,1.68
1988,60,Greg Cadaret*,/players/c/cadargr01.shtml,cadargr01,26,OAK,AL,5,2,.714,2.89,58,0,16,0,0,3,71.2,60,26,23,2,36,1,64,1,3,5,311,133,2.89,1.340,7.5,0.3,4.5,8.0,1.78
1988,61,Jeff Calhoun*,/players/c/calhoje01.shtml,calhoje01,30,PHI,NL,0,0,,15.43,3,0,0,0,0,0,2.1,6,4,4,2,1,0,1,0,0,0,14,27,14.34,3.000,23.1,7.7,3.9,3.9,1.00
1988,62,Ernie Camacho,/players/c/camacer01.shtml,camacer01,33,HOU,NL,0,3,.000,7.64,13,0,6,0,0,1,17.2,25,15,15,1,12,2,13,0,3,4,85,45,4.07,2.094,12.7,0.5,6.1,6.6,1.08
1988,63,Mike Campbell,/players/c/campbmi01.shtml,campbmi01,24,SEA,AL,6,10,.375,5.89,20,20,0,2,0,0,114.2,128,81,75,18,43,1,63,0,4,4,507,71,4.84,1.491,10.0,1.4,3.4,4.9,1.47
1988,64,John Candelaria*,/players/c/candejo01.shtml,candejo01,34,NYY,AL,13,7,.650,3.38,25,24,1,6,2,1,157.0,150,69,59,18,23,2,121,2,12,2,640,117,3.20,1.102,8.6,1.0,1.3,6.9,5.26
1988,65,Tom Candiotti,/players/c/candito01.shtml,candito01,30,CLE,AL,14,8,.636,3.28,31,31,0,11,1,0,216.2,225,86,79,15,53,3,137,6,7,5,903,125,3.22,1.283,9.3,0.6,2.2,5.7,2.58
1988,66,John Cangelosi*,/players/c/cangejo01.shtml,cangejo01,25,PIT,NL,0,0,,0.00,1,0,1,0,0,0,2.0,1,0,0,0,0,0,0,0,0,1,7,,2.77,0.500,4.5,0.0,0.0,0.0,
1988,67,Mike Capel,/players/c/capelmi01.shtml,capelmi01,26,CHC,NL,2,1,.667,4.91,22,0,11,0,0,0,29.1,34,19,16,5,13,2,19,3,0,5,134,75,5.33,1.602,10.4,1.5,4.0,5.8,1.46
1988,68,Steve Carlton*,/players/c/carltst01.shtml,carltst01,43,MIN,AL,0,1,.000,16.76,4,1,1,0,0,0,9.2,20,19,18,5,5,1,5,0,2,0,54,25,10.01,2.586,18.6,4.7,4.7,4.7,1.00
1988,69,Don Carman*,/players/c/carmado01.shtml,carmado01,28,PHI,NL,10,14,.417,4.29,36,32,0,2,0,0,201.1,211,101,96,20,70,6,116,4,3,8,873,83,4.01,1.396,9.4,0.9,3.1,5.2,1.66
1988,70,Cris Carpenter,/players/c/carpecr01.shtml,carpecr01,23,STL,NL,2,3,.400,4.72,8,8,0,1,0,0,47.2,56,27,25,3,9,2,24,1,0,1,203,75,3.21,1.364,10.6,0.6,1.7,4.5,2.67
1988,71,Chuck Cary*,/players/c/carych01.shtml,carych01,28,ATL,NL,0,0,,6.48,7,0,1,0,0,0,8.1,8,6,6,1,4,0,7,1,0,1,39,59,4.45,1.440,8.6,1.1,4.3,7.6,1.75
1988,72,Tony Castillo*,/players/c/castito02.shtml,castito02,25,TOR,AL,1,0,1.000,3.00,14,0,6,0,0,0,15.0,10,5,5,2,2,0,14,0,0,0,54,133,3.04,0.800,6.0,1.2,1.2,8.4,7.00
1988,73,Jose Cecena,/players/c/cecenjo01.shtml,cecenjo01,24,TEX,AL,0,0,,4.78,22,0,7,0,0,1,26.1,20,16,14,2,23,1,27,2,2,3,121,86,4.55,1.633,6.8,0.7,7.9,9.2,1.17
1988,74,John Cerutti*,/players/c/cerutjo01.shtml,cerutjo01,28,TOR,AL,6,7,.462,3.13,46,12,11,0,0,1,123.2,120,56,43,12,42,6,65,3,3,7,524,125,4.07,1.310,8.7,0.9,3.1,4.7,1.55
1988,75,Norm Charlton*,/players/c/charlno01.shtml,charlno01,25,CIN,NL,4,5,.444,3.96,10,10,0,0,0,0,61.1,60,27,27,6,20,2,39,2,2,3,259,91,3.85,1.304,8.8,0.9,2.9,5.7,1.95
1988,76,Rocky Childress,/players/c/childro01.shtml,childro01,26,HOU,NL,1,0,1.000,6.17,11,0,3,0,0,0,23.1,26,17,16,3,9,2,24,1,0,0,103,55,3.67,1.500,10.0,1.2,3.5,9.3,2.67
1988,77,Jim Clancy,/players/c/clancji01.shtml,clancji01,32,TOR,AL,11,13,.458,4.49,36,31,5,4,0,1,196.1,207,106,98,26,47,3,118,9,0,7,827,87,4.14,1.294,9.5,1.2,2.2,5.4,2.51
1988,78,Terry Clark,/players/c/clarkte01.shtml,clarkte01,27,CAL,AL,6,6,.500,5.07,15,15,0,2,1,0,94.0,120,54,53,8,31,6,39,0,2,5,410,76,4.03,1.606,11.5,0.8,3.0,3.7,1.26
1988,79,Danny Clay,/players/c/clayda02.shtml,clayda02,26,PHI,NL,0,1,.000,6.00,17,0,2,0,0,0,24.0,27,17,16,5,21,2,12,0,1,2,114,60,7.10,2.000,10.1,1.9,7.9,4.5,0.57
1988,80,Mark Clear,/players/c/clearma01.shtml,clearma01,32,MIL,AL,1,0,1.000,2.79,25,0,16,0,0,0,29.0,23,12,9,4,21,0,26,0,4,1,130,144,4.94,1.517,7.1,1.2,6.5,8.1,1.24
1988,81,Roger Clemens,/players/c/clemero02.shtml,clemero02,25,BOS,AL,18,12,.600,2.93,35,35,0,14,8,0,264.0,217,93,86,17,62,4,291,6,7,4,1063,141,2.17,1.057,7.4,0.6,2.1,9.9,4.69
1988,82,Pat Clements*,/players/c/clemepa01.shtml,clemepa01,26,NYY,AL,0,0,,6.48,6,1,1,0,0,0,8.1,12,8,6,1,4,0,3,0,0,1,41,64,5.05,1.920,13.0,1.1,4.3,3.2,0.75
1988,83,Stew Cliburn,/players/c/clibust02.shtml,clibust02,31,CAL,AL,4,2,.667,4.07,40,1,13,0,0,0,84.0,83,45,38,11,32,6,42,6,4,1,361,95,4.83,1.369,8.9,1.2,3.4,4.5,1.31
1988,84,Chris Codiroli,/players/c/codirch01.shtml,codirch01,30,CLE,AL,0,4,.000,9.31,14,2,4,0,0,1,19.1,32,22,20,2,10,2,12,3,0,2,101,45,4.89,2.172,14.9,0.9,4.7,5.6,1.20
1988,85,Kevin Coffman,/players/c/coffmke01.shtml,coffmke01,23,ATL,NL,2,6,.250,5.78,18,11,2,0,0,0,67.0,62,52,43,3,54,2,24,4,1,11,311,64,5.23,1.731,8.3,0.4,7.3,3.2,0.44
1988,86,Keith Comstock*,/players/c/comstke01.shtml,comstke01,32,SDP,NL,0,0,,6.75,7,0,3,0,0,0,8.0,8,6,6,1,3,1,9,0,1,2,35,54,3.27,1.375,9.0,1.1,3.4,10.1,3.00
1988,87,Dave Concepcion,/players/c/conceda01.shtml,conceda01,40,CIN,NL,0,0,,0.00,1,0,1,0,0,0,1.1,2,0,0,0,0,0,1,0,0,0,6,,1.27,1.500,13.5,0.0,0.0,6.8,
1988,88,David Cone,/players/c/coneda01.shtml,coneda01,25,NYM,NL,20,3,.870,2.22,35,28,0,8,4,0,231.1,178,67,57,10,80,7,213,4,10,10,936,145,2.58,1.115,6.9,0.4,3.1,8.3,2.66
1988,89,Dennis Cook*,/players/c/cookde01.shtml,cookde01,25,SFG,NL,2,1,.667,2.86,4,4,0,1,1,0,22.0,9,8,7,1,11,1,13,0,0,1,86,117,3.68,0.909,3.7,0.4,4.5,5.3,1.18
1988,90,Mike Cook,/players/c/cookmi01.shtml,cookmi01,24,CAL,AL,0,1,.000,4.91,3,0,1,0,0,0,3.2,4,2,2,0,1,0,2,1,0,1,15,87,3.31,1.364,9.8,0.0,2.5,4.9,2.00
1988,91,Sherman Corbett*,/players/c/corbesh01.shtml,corbesh01,25,CAL,AL,2,1,.667,4.14,34,0,7,0,0,1,45.2,47,23,21,2,23,3,28,0,0,2,204,94,3.62,1.533,9.3,0.4,4.5,5.5,1.22
1988,92,Jim Corsi,/players/c/corsiji01.shtml,corsiji01,26,OAK,AL,0,1,.000,3.80,11,1,7,0,0,0,21.1,20,10,9,1,6,1,10,0,1,1,89,102,3.28,1.219,8.4,0.4,2.5,4.2,1.67
1988,93,John Costello,/players/c/costejo01.shtml,costejo01,27,STL,NL,5,2,.714,1.81,36,0,15,0,0,1,49.2,44,15,10,3,25,4,38,0,1,0,214,194,3.53,1.389,8.0,0.5,4.5,6.9,1.52
1988,94,Danny Cox,/players/c/coxda01.shtml,coxda01,28,STL,NL,3,8,.273,3.98,13,13,0,0,0,0,86.0,89,40,38,6,25,7,47,1,3,4,361,88,3.49,1.326,9.3,0.6,2.6,4.9,1.88
1988,95,Tim Crews,/players/c/crewsti01.shtml,crewsti01,27,LAD,NL,4,0,1.000,3.14,42,0,12,0,0,0,71.2,77,29,25,3,16,7,45,0,0,1,301,107,2.73,1.298,9.7,0.4,2.0,5.7,2.81
1988,96,Chuck Crim,/players/c/crimch01.shtml,crimch01,26,MIL,AL,7,6,.538,2.91,70,0,25,0,0,9,105.0,95,38,34,11,28,3,58,2,2,9,425,137,3.88,1.171,8.1,0.9,2.4,5.0,2.07
1988,97,Zach Crouch*,/players/c/croucza01.shtml,croucza01,22,BOS,AL,0,0,,6.75,3,0,1,0,0,0,1.1,4,1,1,0,2,0,0,0,0,0,9,78,7.27,4.500,27.0,0.0,13.5,0.0,0.00
1988,98,Steve Curry,/players/c/curryst01.shtml,curryst01,22,BOS,AL,0,1,.000,8.18,3,3,0,0,0,0,11.0,15,10,10,0,14,2,4,0,1,2,59,52,5.86,2.636,12.3,0.0,11.5,3.3,0.29
1988,99,Ron Darling,/players/d/darliro01.shtml,darliro01,27,NYM,NL,17,9,.654,3.25,34,34,0,7,4,0,240.2,218,97,87,24,60,2,161,5,2,7,971,99,3.54,1.155,8.2,0.9,2.2,6.0,2.68
1988,100,Danny Darwin,/players/d/darwida01.shtml,darwida01,32,HOU,NL,8,13,.381,3.84,44,20,9,3,0,3,192.0,189,86,82,20,48,9,129,7,2,1,804,86,3.64,1.234,8.9,0.9,2.3,6.0,2.69
1988,101,Joel Davis,/players/d/davisjo03.shtml,davisjo03,23,CHW,AL,0,1,.000,6.75,5,2,1,0,0,0,16.0,21,12,12,4,5,0,10,0,0,0,70,60,5.71,1.625,11.8,2.3,2.8,5.6,2.00
1988,102,John Davis,/players/d/davisjo04.shtml,davisjo04,25,CHW,AL,2,5,.286,6.64,34,1,10,0,0,1,63.2,77,58,47,5,50,10,37,4,3,6,319,60,5.17,1.995,10.9,0.7,7.1,5.2,0.74
1988,103,Mark Davis*,/players/d/davisma01.shtml,davisma01,27,SDP,NL,5,10,.333,2.01,62,0,52,0,0,28,98.1,70,24,22,2,42,11,102,0,1,9,402,171,2.24,1.139,6.4,0.2,3.8,9.3,2.43
1988,104,Ron Davis,/players/d/davisro02.shtml,davisro02,32,SFG,NL,1,1,.500,4.67,9,0,4,0,0,0,17.1,15,10,9,4,6,0,15,1,0,0,72,72,5.25,1.212,7.8,2.1,3.1,7.8,2.50
1988,105,Storm Davis,/players/d/davisst02.shtml,davisst02,26,OAK,AL,16,7,.696,3.70,33,33,0,1,0,0,201.2,211,86,83,16,91,2,127,1,2,16,872,103,3.91,1.498,9.4,0.7,4.1,5.7,1.40
1988,106,Bill Dawley,/players/d/dawlebi01.shtml,dawlebi01,30,PHI,NL,0,2,.000,13.50,8,0,1,0,0,0,8.2,16,13,13,3,4,1,3,0,0,2,47,28,7.96,2.308,16.6,3.1,4.2,3.1,0.75
1988,107,Ken Dayley*,/players/d/dayleke01.shtml,dayleke01,29,STL,NL,2,7,.222,2.77,54,0,21,0,0,5,55.1,48,20,17,2,19,7,38,1,0,2,226,127,2.95,1.211,7.8,0.3,3.1,6.2,2.00
1988,108,Jose de Jesus,/players/d/dejesjo01.shtml,dejesjo01,23,KCR,AL,0,1,.000,27.00,2,1,0,0,0,0,2.2,6,10,8,0,5,1,2,0,0,0,19,17,6.89,4.125,20.3,0.0,16.9,6.8,0.40
1988,109,Jeff Dedmon,/players/d/dedmoje01.shtml,dedmoje01,28,CLE,AL,1,0,1.000,4.54,21,0,12,0,0,1,33.2,35,20,17,3,21,1,17,3,1,2,157,91,5.06,1.663,9.4,0.8,5.6,4.5,0.81
1988,110,Jose DeLeon,/players/d/deleojo01.shtml,deleojo01,27,STL,NL,13,10,.565,3.67,34,34,0,3,1,0,225.1,198,95,92,13,86,7,208,2,0,10,940,95,2.84,1.260,7.9,0.5,3.4,8.3,2.42
1988,111,Jim Deshaies*,/players/d/deshaji01.shtml,deshaji01,28,HOU,NL,11,14,.440,3.00,31,31,0,3,2,0,207.0,164,77,69,20,72,5,127,2,6,1,847,111,3.87,1.140,7.1,0.9,3.1,5.5,1.76
1988,112,Rob Dibble,/players/d/dibblro01.shtml,dibblro01,24,CIN,NL,1,1,.500,1.82,37,0,6,0,0,0,59.1,43,12,12,2,21,5,59,1,2,3,235,199,2.33,1.079,6.5,0.3,3.2,8.9,2.81
1988,113,Gordon Dillard*,/players/d/dillago01.shtml,dillago01,24,BAL,AL,0,0,,6.00,2,1,0,0,0,0,3.0,3,2,2,1,4,0,2,0,0,0,15,73,9.77,2.333,9.0,3.0,12.0,6.0,0.50
1988,114,Frank DiMichele*,/players/d/dimicfr01.shtml,dimicfr01,23,CAL,AL,0,0,,9.64,4,0,0,0,0,0,4.2,5,5,5,2,2,0,1,0,1,0,21,43,9.20,1.500,9.6,3.9,3.9,1.9,0.50
1988,115,Frank DiPino*,/players/d/dipinfr01.shtml,dipinfr01,31,CHC,NL,2,3,.400,4.98,63,0,23,0,0,6,90.1,102,54,50,6,32,7,69,0,1,6,398,73,3.17,1.483,10.2,0.6,3.2,6.9,2.16
1988,116,John Dopson,/players/d/dopsojo01.shtml,dopsojo01,24,MON,NL,3,11,.214,3.04,26,26,0,1,0,0,168.2,150,69,57,15,58,3,101,1,1,3,704,118,3.78,1.233,8.0,0.8,3.1,5.4,1.74
1988,117,Richard Dotson,/players/d/dotsori01.shtml,dotsori01,29,NYY,AL,12,9,.571,5.00,32,29,0,4,0,0,171.0,178,103,95,27,72,3,77,4,3,3,755,79,5.25,1.462,9.4,1.4,3.8,4.1,1.07
1988,118,Kelly Downs,/players/d/downske01.shtml,downske01,27,SFG,NL,13,9,.591,3.32,27,26,0,6,3,0,168.0,140,67,62,11,47,8,118,3,4,7,685,99,3.11,1.113,7.5,0.6,2.5,6.3,2.51
1988,119,Doug Drabek,/players/d/drabedo01.shtml,drabedo01,25,PIT,NL,15,7,.682,3.08,33,32,0,3,1,0,219.1,194,83,75,21,50,4,127,6,1,4,880,110,3.62,1.112,8.0,0.9,2.1,5.2,2.54
1988,120,Dave Dravecky*,/players/d/draveda01.shtml,draveda01,32,SFG,NL,2,2,.500,3.16,7,7,0,1,0,0,37.0,33,19,13,4,8,0,19,0,2,0,151,105,3.80,1.108,8.0,1.0,1.9,4.6,2.38
1988,121,Mike Dunne,/players/d/dunnemi01.shtml,dunnemi01,25,PIT,NL,7,11,.389,3.92,30,28,1,1,0,0,170.0,163,88,74,15,88,3,70,5,7,12,752,87,4.73,1.476,8.6,0.8,4.7,3.7,0.80
1988,122,Gary Eave,/players/e/eavega01.shtml,eavega01,24,ATL,NL,0,0,,9.00,5,0,4,0,0,0,5.0,7,5,5,0,3,0,0,0,0,0,24,44,4.57,2.000,12.6,0.0,5.4,0.0,0.00
1988,123,Dennis Eckersley,/players/e/eckerde01.shtml,eckerde01,33,OAK,AL,4,2,.667,2.35,60,0,53,0,0,45,72.2,52,20,19,5,11,2,70,1,2,0,279,163,2.23,0.867,6.4,0.6,1.4,8.7,6.36
1988,124,Juan Eichelberger,/players/e/eicheju01.shtml,eicheju01,34,ATL,NL,2,0,1.000,3.86,20,0,7,0,0,0,37.1,44,19,16,3,10,2,13,0,0,0,165,96,3.92,1.446,10.6,0.7,2.4,3.1,1.30
1988,125,Mark Eichhorn,/players/e/eichhma01.shtml,eichhma01,27,TOR,AL,0,3,.000,4.19,37,0,17,0,0,1,66.2,79,32,31,3,27,4,28,6,6,3,302,94,4.00,1.590,10.7,0.4,3.6,3.8,1.04
1988,126,Dave Eiland,/players/e/eilanda01.shtml,eilanda01,21,NYY,AL,0,0,,6.39,3,3,0,0,0,0,12.2,15,9,9,6,4,0,7,2,0,0,57,63,9.24,1.500,10.7,4.3,2.8,5.0,1.75
1988,127,Steve Ellsworth,/players/e/ellswst01.shtml,ellswst01,27,BOS,AL,1,6,.143,6.75,8,7,0,0,0,0,36.0,47,29,27,7,16,1,16,1,0,1,168,62,5.82,1.750,11.8,1.8,4.0,4.0,1.00
1988,128,Steve Farr,/players/f/farrst01.shtml,farrst01,31,KCR,AL,5,4,.556,2.50,62,1,49,0,0,20,82.2,74,25,23,5,30,6,72,2,2,4,344,161,2.97,1.258,8.1,0.5,3.3,7.8,2.40
1988,129,John Farrell,/players/f/farrejo03.shtml,farrejo03,25,CLE,AL,14,10,.583,4.24,31,30,0,4,0,0,210.1,216,106,99,15,67,3,92,9,3,2,895,97,3.91,1.345,9.2,0.6,2.9,3.9,1.37
1988,130,Sid Fernandez*,/players/f/fernasi01.shtml,fernasi01,25,NYM,NL,12,10,.545,3.03,31,31,0,1,1,0,187.0,127,69,63,15,70,1,189,6,9,4,751,106,3.01,1.053,6.1,0.7,3.4,9.1,2.70
1988,131,Tom Filer,/players/f/filerto01.shtml,filerto01,31,MIL,AL,5,8,.385,4.43,19,16,0,2,1,0,101.2,108,54,50,8,33,4,39,1,0,5,431,90,4.03,1.387,9.6,0.7,2.9,3.5,1.18
1988,132,Chuck Finley*,/players/f/finlech01.shtml,finlech01,25,CAL,AL,9,15,.375,4.17,31,31,0,2,0,0,194.1,191,95,90,15,82,7,111,6,8,5,831,93,3.99,1.405,8.8,0.7,3.8,5.1,1.35
1988,133,Brian Fisher,/players/f/fishebr01.shtml,fishebr01,26,PIT,NL,8,10,.444,4.61,33,22,3,1,1,1,146.1,157,78,75,13,57,4,66,5,4,0,645,74,4.29,1.462,9.7,0.8,3.5,4.1,1.16
1988,134,Mike Flanagan*,/players/f/flanami01.shtml,flanami01,36,TOR,AL,13,13,.500,4.18,34,34,0,2,1,0,211.0,220,106,98,23,80,1,99,6,4,3,916,93,4.47,1.422,9.4,1.0,3.4,4.2,1.24
1988,135,Bob Forsch,/players/f/forscbo01.shtml,forscbo01,38,TOT,NL,10,8,.556,4.29,36,18,3,1,1,0,136.1,153,73,65,10,44,9,54,3,3,3,596,81,3.96,1.445,10.1,0.7,2.9,3.6,1.23
1988,136,Bob Forsch,/players/f/forscbo01.shtml,forscbo01,38,STL,NL,9,4,.692,3.73,30,12,3,1,1,0,108.2,111,51,45,8,38,8,40,1,3,2,463,94,4.07,1.371,9.2,0.7,3.1,3.3,1.05
1988,137,Bob Forsch,/players/f/forscbo01.shtml,forscbo01,38,HOU,NL,1,4,.200,6.51,6,6,0,0,0,0,27.2,42,22,20,2,6,1,14,2,0,1,133,52,3.56,1.735,13.7,0.7,2.0,4.6,2.33
1988,138,Tony Fossas*,/players/f/fossato01.shtml,fossato01,30,TEX,AL,0,0,,4.76,5,0,1,0,0,0,5.2,11,3,3,0,2,0,0,0,0,1,28,91,3.83,2.294,17.5,0.0,3.2,0.0,0.00
1988,139,John Franco*,/players/f/francjo01.shtml,francjo01,27,CIN,NL,6,6,.500,1.57,70,0,61,0,0,39,86.0,60,18,15,3,27,3,46,0,2,1,336,230,3.09,1.012,6.3,0.3,2.8,4.8,1.70
1988,140,Willie Fraser,/players/f/frasewi01.shtml,frasewi01,24,CAL,AL,12,13,.480,5.41,34,32,0,2,0,0,194.2,203,129,117,33,80,7,86,9,6,12,861,71,5.46,1.454,9.4,1.5,3.7,4.0,1.08
1988,141,Marvin Freeman,/players/f/freemma02.shtml,freemma02,25,PHI,NL,2,3,.400,6.10,11,11,0,0,0,0,51.2,55,36,35,2,43,2,37,1,1,3,249,59,4.39,1.897,9.6,0.3,7.5,6.4,0.86
1988,142,Todd Frohwirth,/players/f/frohwto01.shtml,frohwto01,25,PHI,NL,1,2,.333,8.25,12,0,6,0,0,0,12.0,16,11,11,2,11,6,11,0,0,1,62,45,5.85,2.250,12.0,1.5,8.3,8.3,1.00
1988,143,Gene Garber,/players/g/garbege01.shtml,garbege01,40,KCR,AL,0,4,.000,3.58,26,0,19,0,0,6,32.2,29,15,13,4,13,2,20,2,2,0,138,113,4.51,1.286,8.0,1.1,3.6,5.5,1.54
1988,144,Miguel Garcia*,/players/g/garcimi02.shtml,garcimi02,21,PIT,NL,0,0,,4.50,1,0,1,0,0,0,2.0,3,2,1,1,2,0,2,1,0,0,12,92,11.77,2.500,13.5,4.5,9.0,9.0,1.00
1988,145,Wes Gardner,/players/g/gardnwe01.shtml,gardnwe01,27,BOS,AL,8,6,.571,3.50,36,18,12,1,0,2,149.0,119,61,58,17,64,2,106,3,0,5,620,118,4.18,1.228,7.2,1.0,3.9,6.4,1.66
1988,146,Scott Garrelts,/players/g/garresc01.shtml,garresc01,26,SFG,NL,5,9,.357,3.58,65,0,40,0,0,13,98.0,80,42,39,3,46,10,86,2,4,6,413,92,2.88,1.286,7.3,0.3,4.2,7.9,1.87
1988,147,Paul Gibson*,/players/g/gibsopa01.shtml,gibsopa01,28,DET,AL,4,2,.667,2.93,40,1,18,0,0,0,92.0,83,33,30,6,34,8,50,2,1,3,390,131,3.70,1.272,8.1,0.6,3.3,4.9,1.47
1988,148,Dan Gladden,/players/g/gladdda01.shtml,gladdda01,30,MIN,AL,0,0,,0.00,1,0,1,0,0,0,1.0,0,0,0,0,0,0,0,0,0,0,3,,2.77,0.000,0.0,0.0,0.0,0.0,
1988,149,Tom Glavine*,/players/g/glavito02.shtml,glavito02,22,ATL,NL,7,17,.292,4.56,34,34,0,1,0,0,195.1,201,111,99,12,63,7,84,8,2,2,844,80,3.80,1.352,9.3,0.6,2.9,3.9,1.33
1988,150,Jerry Don Gleaton*,/players/g/gleatje01.shtml,gleatje01,30,KCR,AL,0,4,.000,3.55,42,0,20,0,0,3,38.0,33,17,15,2,17,1,29,3,0,2,164,114,3.51,1.316,7.8,0.5,4.0,6.9,1.71
1988,151,German Gonzalez,/players/g/gonzage01.shtml,gonzage01,26,MIN,AL,0,0,,3.38,16,0,14,0,0,1,21.1,20,8,8,4,8,1,19,1,0,0,92,122,4.69,1.313,8.4,1.7,3.4,8.0,2.38
1988,152,Dwight Gooden,/players/g/goodedw01.shtml,goodedw01,23,NYM,NL,18,9,.667,3.19,34,34,0,10,3,0,248.1,242,98,88,8,57,4,175,6,5,5,1024,101,2.54,1.204,8.8,0.3,2.1,6.3,3.07
1988,153,Don Gordon,/players/g/gordodo01.shtml,gordodo01,28,CLE,AL,3,4,.429,4.40,38,0,15,0,0,1,59.1,65,33,29,5,19,3,20,3,4,2,261,94,4.30,1.416,9.9,0.8,2.9,3.0,1.05
1988,154,Tom Gordon,/players/g/gordoto01.shtml,gordoto01,20,KCR,AL,0,2,.000,5.17,5,2,0,0,0,0,15.2,16,9,9,1,7,0,18,0,0,0,67,80,2.64,1.468,9.2,0.6,4.0,10.3,2.57
1988,155,Rich Gossage,/players/g/gossari01.shtml,gossari01,36,CHC,NL,4,4,.500,4.33,46,0,33,0,0,13,43.2,50,23,21,3,15,5,30,3,2,3,194,85,3.52,1.489,10.3,0.6,3.1,6.2,2.00
1988,156,Jim Gott,/players/g/gottji01.shtml,gottji01,28,PIT,NL,6,6,.500,3.49,67,0,59,0,0,34,77.1,68,30,30,9,22,5,76,2,6,1,314,98,3.25,1.164,7.9,1.0,2.6,8.8,3.45
1988,157,Mark Grant,/players/g/grantma01.shtml,grantma01,24,SDP,NL,2,8,.200,3.69,33,11,9,0,0,0,97.2,97,41,40,14,36,6,61,2,0,5,410,93,4.55,1.362,8.9,1.3,3.3,5.6,1.69
1988,158,Jeff Gray,/players/g/grayje01.shtml,grayje01,25,CIN,NL,0,0,,3.86,5,0,1,0,0,0,9.1,12,4,4,0,4,2,5,0,0,0,45,97,2.98,1.714,11.6,0.0,3.9,4.8,1.25
1988,159,Kevin Gross,/players/g/grosske01.shtml,grosske01,27,PHI,NL,12,14,.462,3.69,33,33,0,5,1,0,231.2,209,101,95,18,89,5,162,11,7,5,989,97,3.68,1.286,8.1,0.7,3.5,6.3,1.82
1988,160,Cecilio Guante,/players/g/guantce01.shtml,guantce01,28,TOT,AL,5,6,.455,2.82,63,0,40,0,0,12,79.2,67,26,25,11,26,4,65,5,3,0,331,141,4.10,1.167,7.6,1.2,2.9,7.3,2.50
1988,161,Cecilio Guante,/players/g/guantce01.shtml,guantce01,28,NYY,AL,5,6,.455,2.88,56,0,37,0,0,11,75.0,59,25,24,10,22,3,61,5,3,0,307,137,3.96,1.080,7.1,1.2,2.6,7.3,2.77
1988,162,Cecilio Guante,/players/g/guantce01.shtml,guantce01,28,TEX,AL,0,0,,1.93,7,0,3,0,0,1,4.2,8,1,1,1,4,1,4,0,0,0,24,227,6.41,2.571,15.4,1.9,7.7,7.7,1.00
1988,163,Mark Gubicza,/players/g/gubicma01.shtml,gubicma01,25,KCR,AL,20,8,.714,2.70,35,35,0,8,4,0,269.2,237,94,81,11,83,3,183,6,4,12,1111,149,2.93,1.187,7.9,0.4,2.8,6.1,2.20
1988,164,Lee Guetterman*,/players/g/guettle01.shtml,guettle01,29,NYY,AL,1,2,.333,4.65,20,2,7,0,0,0,40.2,49,21,21,2,14,0,15,1,0,2,177,85,3.78,1.549,10.8,0.4,3.1,3.3,1.07
1988,165,Ron Guidry*,/players/g/guidrro01.shtml,guidrro01,37,NYY,AL,2,3,.400,4.18,12,10,1,0,0,0,56.0,57,28,26,7,15,3,32,2,2,2,239,95,4.16,1.286,9.2,1.1,2.4,5.1,2.13
1988,166,Jose Guzman,/players/g/guzmajo01.shtml,guzmajo01,25,TEX,AL,11,13,.458,3.70,30,30,0,6,2,0,206.2,180,99,85,20,82,3,157,5,12,10,876,110,3.77,1.268,7.8,0.9,3.6,6.8,1.91
1988,167,John Habyan,/players/h/habyajo01.shtml,habyajo01,24,BAL,AL,1,0,1.000,4.30,7,0,1,0,0,0,14.2,22,10,7,2,4,0,4,0,1,1,68,93,4.81,1.773,13.5,1.2,2.5,2.5,1.00
1988,168,Drew Hall*,/players/h/halldr01.shtml,halldr01,25,CHC,NL,1,1,.500,7.66,19,0,8,0,0,1,22.1,26,20,19,4,9,2,22,1,0,0,103,48,4.47,1.567,10.5,1.6,3.6,8.9,2.44
1988,169,Atlee Hammaker*,/players/h/hammaat01.shtml,hammaat01,30,SFG,NL,9,9,.500,3.73,43,17,11,3,1,5,144.2,136,68,60,11,41,9,65,3,2,1,607,88,3.77,1.224,8.5,0.7,2.6,4.0,1.59
1988,170,Erik Hanson,/players/h/hansoer01.shtml,hansoer01,23,SEA,AL,2,3,.400,3.24,6,6,0,0,0,0,41.2,35,17,15,4,12,1,36,1,2,2,168,130,3.22,1.128,7.6,0.9,2.6,7.8,3.00
1988,171,Mike Harkey,/players/h/harkemi01.shtml,harkemi01,21,CHC,NL,0,3,.000,2.60,5,5,0,0,0,0,34.2,33,14,10,0,15,3,18,2,1,2,155,141,3.20,1.385,8.6,0.0,3.9,4.7,1.20
1988,172,Pete Harnisch,/players/h/harnipe01.shtml,harnipe01,21,BAL,AL,0,2,.000,5.54,2,2,0,0,0,0,13.0,13,8,8,1,9,1,10,0,0,1,61,72,4.31,1.692,9.0,0.7,6.2,6.9,1.11
1988,173,Greg Harris,/players/h/harrigr01.shtml,harrigr01,32,PHI,NL,4,6,.400,2.36,66,1,19,0,0,1,107.0,80,34,28,7,52,14,71,4,2,8,446,152,3.86,1.234,6.7,0.6,4.4,6.0,1.37
1988,174,Greg Harris,/players/h/harrigr02.shtml,harrigr02,24,SDP,NL,2,0,1.000,1.50,3,1,2,1,0,0,18.0,13,3,3,0,3,0,15,0,0,0,68,234,1.60,0.889,6.5,0.0,1.5,7.5,5.00
1988,175,Bryan Harvey,/players/h/harvebr01.shtml,harvebr01,25,CAL,AL,7,5,.583,2.13,50,0,38,0,0,17,76.0,59,22,18,4,20,6,67,1,1,4,303,182,2.52,1.039,7.0,0.5,2.4,7.9,3.35
1988,176,Brad Havens*,/players/h/havenbr01.shtml,havenbr01,28,TOT,MLB,2,3,.400,3.36,37,0,18,0,0,1,67.0,77,27,25,8,21,3,38,0,2,0,295,120,4.13,1.463,10.3,1.1,2.8,5.1,1.81
1988,177,Brad Havens*,/players/h/havenbr01.shtml,havenbr01,28,LAD,NL,0,0,,4.66,9,0,4,0,0,0,9.2,15,5,5,1,4,0,8,0,1,0,47,75,3.70,1.966,14.0,0.9,3.7,7.4,2.00
1988,178,Brad Havens*,/players/h/havenbr01.shtml,havenbr01,28,CLE,AL,2,3,.400,3.14,28,0,14,0,0,1,57.1,62,22,20,7,17,3,30,0,1,0,248,131,4.20,1.378,9.7,1.1,2.7,4.7,1.76
1988,179,Andy Hawkins,/players/h/hawkian01.shtml,hawkian01,28,SDP,NL,14,11,.560,3.35,33,33,0,4,2,0,217.2,196,88,81,16,76,4,91,6,3,1,906,102,4.02,1.250,8.1,0.7,3.1,3.8,1.20
1988,180,Ray Hayward*,/players/h/haywara01.shtml,haywara01,27,TEX,AL,4,6,.400,5.46,12,12,0,1,1,0,62.2,63,44,38,6,35,0,37,0,4,6,271,75,4.51,1.564,9.0,0.9,5.0,5.3,1.06
1988,181,Jeff Heathcock,/players/h/heathje02.shtml,heathje02,28,HOU,NL,0,5,.000,5.81,17,1,9,0,0,0,31.0,33,25,20,2,16,6,12,1,0,1,143,58,4.48,1.581,9.6,0.6,4.6,3.5,0.75
1988,182,Neal Heaton*,/players/h/heatone01.shtml,heatone01,28,MON,NL,3,10,.231,4.99,32,11,7,0,0,2,97.1,98,54,54,14,43,5,43,3,5,1,415,72,5.17,1.449,9.1,1.3,4.0,4.0,1.00
1988,183,Danny Heep*,/players/h/heepda01.shtml,heepda01,30,LAD,NL,0,0,,9.00,1,0,1,0,0,0,2.0,2,2,2,1,0,0,0,0,0,1,9,46,9.27,1.000,9.0,4.5,0.0,0.0,
1988,184,Don Heinkel,/players/h/heinkdo01.shtml,heinkdo01,28,DET,AL,0,0,,3.96,21,0,9,0,0,1,36.1,30,17,16,4,12,1,30,1,5,3,151,97,3.62,1.156,7.4,1.0,3.0,7.4,2.50
1988,185,Tom Henke,/players/h/henketo01.shtml,henketo01,30,TOR,AL,4,4,.500,2.91,52,0,44,0,0,25,68.0,60,23,22,6,24,3,66,2,0,0,285,135,3.12,1.235,7.9,0.8,3.2,8.7,2.75
1988,186,Mike Henneman,/players/h/hennemi01.shtml,hennemi01,26,DET,AL,9,6,.600,1.87,65,0,51,0,0,22,91.1,72,23,19,7,24,10,58,2,1,8,364,205,3.35,1.051,7.1,0.7,2.4,5.7,2.42
1988,187,Dwayne Henry,/players/h/henrydw01.shtml,henrydw01,26,TEX,AL,0,1,.000,8.71,11,0,5,0,0,1,10.1,15,10,10,1,9,1,10,3,1,3,59,48,5.58,2.323,13.1,0.9,7.8,8.7,1.11
1988,188,Willie Hernandez*,/players/h/hernawi01.shtml,hernawi01,33,DET,AL,6,5,.545,3.06,63,0,38,0,0,10,67.2,50,24,23,8,31,6,59,4,3,3,284,125,4.11,1.197,6.7,1.1,4.1,7.8,1.90
1988,189,Orel Hershiser,/players/h/hershor01.shtml,hershor01,29,LAD,NL,23,8,.742,2.26,35,34,1,15,8,1,267.0,208,73,67,18,73,10,178,4,5,6,1068,149,3.18,1.052,7.0,0.6,2.5,6.0,2.44
1988,190,Joe Hesketh*,/players/h/heskejo01.shtml,heskejo01,29,MON,NL,4,3,.571,2.85,60,0,23,0,0,9,72.2,63,30,23,1,35,9,64,0,1,5,304,127,2.63,1.349,7.8,0.1,4.3,7.9,1.83
1988,191,Teddy Higuera*,/players/h/higuete01.shtml,higuete01,30,MIL,AL,16,9,.640,2.45,31,31,0,8,1,0,227.1,168,66,62,15,59,4,192,6,6,0,895,162,2.80,0.999,6.7,0.6,2.3,7.6,3.25
1988,192,Ken Hill,/players/h/hillke01.shtml,hillke01,22,STL,NL,0,1,.000,5.14,4,1,0,0,0,0,14.0,16,9,8,0,6,0,6,0,0,1,62,70,3.20,1.571,10.3,0.0,3.9,3.9,1.00
1988,193,Shawn Hillegas,/players/h/hillesh01.shtml,hillesh01,23,TOT,MLB,6,6,.500,3.72,17,16,0,0,0,0,96.2,84,42,40,9,35,1,56,4,0,3,405,98,4.03,1.231,7.8,0.8,3.3,5.2,1.60
1988,194,Shawn Hillegas,/players/h/hillesh01.shtml,hillesh01,23,LAD,NL,3,4,.429,4.13,11,10,0,0,0,0,56.2,54,26,26,5,17,1,30,3,0,3,239,82,3.92,1.253,8.6,0.8,2.7,4.8,1.76
1988,195,Shawn Hillegas,/players/h/hillesh01.shtml,hillesh01,23,CHW,AL,3,2,.600,3.15,6,6,0,0,0,0,40.0,30,16,14,4,18,0,26,1,0,0,166,127,4.19,1.200,6.8,0.9,4.1,5.9,1.44
1988,196,Guy Hoffman*,/players/h/hoffmgu01.shtml,hoffmgu01,31,TEX,AL,0,0,,5.24,11,0,2,0,0,0,22.1,22,14,13,5,8,0,9,1,0,1,99,79,6.08,1.343,8.9,2.0,3.2,3.6,1.13
1988,197,Brian Holman,/players/h/holmabr01.shtml,holmabr01,23,MON,NL,4,8,.333,3.23,18,16,1,1,1,0,100.1,101,39,36,3,34,2,58,0,0,2,422,112,3.02,1.346,9.1,0.3,3.0,5.2,1.71
1988,198,Brian Holton,/players/h/holtobr01.shtml,holtobr01,28,LAD,NL,7,3,.700,1.70,45,0,11,0,0,1,84.2,69,19,16,1,26,7,49,1,6,1,339,198,2.72,1.122,7.3,0.1,2.8,5.2,1.88
1988,199,Rick Honeycutt*,/players/h/honeyri01.shtml,honeyri01,34,OAK,AL,3,2,.600,3.50,55,0,17,0,0,7,79.2,74,36,31,6,25,2,47,3,8,3,330,110,3.62,1.243,8.4,0.7,2.8,5.3,1.88
1988,200,Ricky Horton*,/players/h/hortori01.shtml,hortori01,28,TOT,MLB,7,11,.389,4.87,64,9,13,1,0,2,118.1,131,71,64,8,38,4,36,5,3,0,512,81,4.13,1.428,10.0,0.6,2.9,2.7,0.95
1988,201,Ricky Horton*,/players/h/hortori01.shtml,hortori01,28,CHW,AL,6,10,.375,4.86,52,9,12,1,0,2,109.1,120,64,59,6,36,4,28,5,3,0,471,82,4.10,1.427,9.9,0.5,3.0,2.3,0.78
1988,202,Ricky Horton*,/players/h/hortori01.shtml,hortori01,28,LAD,NL,1,1,.500,5.00,12,0,1,0,0,0,9.0,11,7,5,2,2,0,8,0,0,0,41,70,4.55,1.444,11.0,2.0,2.0,8.0,4.00
1988,203,Charlie Hough,/players/h/houghch01.shtml,houghch01,40,TEX,AL,15,16,.484,3.32,34,34,0,10,0,0,252.0,202,111,93,20,126,1,174,12,10,10,1067,122,4.06,1.302,7.2,0.7,4.5,6.2,1.38
1988,204,Jay Howell,/players/h/howelja01.shtml,howelja01,32,LAD,NL,5,3,.625,2.08,50,0,38,0,0,21,65.0,44,16,15,1,21,2,70,1,2,2,262,162,1.83,1.000,6.1,0.1,2.9,9.7,3.33
1988,205,Ken Howell,/players/h/howelke01.shtml,howelke01,27,LAD,NL,0,1,.000,6.39,4,1,2,0,0,0,12.2,16,10,9,0,4,1,12,0,0,0,55,54,1.82,1.579,11.4,0.0,2.8,8.5,3.00
1988,206,Charles Hudson,/players/h/hudsoch02.shtml,hudsoch02,29,NYY,AL,6,6,.500,4.49,28,12,10,1,0,2,106.1,93,53,53,9,36,4,58,4,1,4,447,88,3.91,1.213,7.9,0.8,3.0,4.9,1.61
1988,207,Mark Huismann,/players/h/huismma01.shtml,huismma01,30,DET,AL,1,0,1.000,5.06,5,0,2,0,0,0,5.1,6,3,3,0,2,1,6,0,0,0,23,81,1.64,1.500,10.1,0.0,3.4,10.1,3.00
1988,208,Bruce Hurst*,/players/h/hurstbr01.shtml,hurstbr01,30,BOS,AL,18,6,.750,3.66,33,32,0,7,1,0,216.2,222,98,88,21,65,1,166,2,3,5,922,113,3.42,1.325,9.2,0.9,2.7,6.9,2.55
1988,209,Jeff Innis,/players/i/innisje01.shtml,innisje01,25,NYM,NL,1,1,.500,1.89,12,0,7,0,0,0,19.0,19,6,4,0,2,1,14,0,0,0,80,174,1.61,1.105,9.0,0.0,0.9,6.6,7.00
1988,210,Danny Jackson*,/players/j/jacksda02.shtml,jacksda02,26,CIN,NL,23,8,.742,2.73,35,35,0,15,6,0,260.2,206,86,79,13,71,6,161,2,2,5,1034,132,3.02,1.063,7.1,0.4,2.5,5.6,2.27
1988,211,Michael Jackson,/players/j/jacksmi02.shtml,jacksmi02,23,SEA,AL,6,5,.545,2.63,62,0,29,0,0,4,99.1,74,37,29,10,43,10,76,2,6,6,412,159,3.91,1.178,6.7,0.9,3.9,6.9,1.77
1988,212,Mike Jeffcoat*,/players/j/jeffcmi01.shtml,jeffcmi01,28,TEX,AL,0,2,.000,11.70,5,2,2,0,0,0,10.0,19,13,13,1,5,1,5,2,0,0,52,36,5.17,2.400,17.1,0.9,4.5,4.5,1.00
1988,213,German Jimenez*,/players/j/jimenge01.shtml,jimenge01,25,ATL,NL,1,6,.143,5.01,15,9,2,0,0,0,55.2,65,39,31,4,12,0,26,1,3,3,241,74,3.47,1.383,10.5,0.6,1.9,4.2,2.17
1988,214,Tommy John*,/players/j/johnto01.shtml,johnto01,45,NYY,AL,9,8,.529,4.49,35,32,2,0,0,0,176.1,221,96,88,11,46,4,81,6,5,5,776,88,3.55,1.514,11.3,0.6,2.3,4.1,1.76
1988,215,Randy Johnson*,/players/j/johnsra05.shtml,johnsra05,24,MON,NL,3,0,1.000,2.42,4,4,0,1,0,0,26.0,23,8,7,3,7,0,25,0,0,3,109,151,3.15,1.154,8.0,1.0,2.4,8.7,3.57
1988,216,Barry Jones,/players/j/jonesba01.shtml,jonesba01,25,TOT,MLB,3,3,.500,2.84,59,0,25,0,0,3,82.1,72,28,26,6,38,7,48,1,2,13,347,127,3.97,1.336,7.9,0.7,4.2,5.2,1.26
1988,217,Barry Jones,/players/j/jonesba01.shtml,jonesba01,25,PIT,NL,1,1,.500,3.04,42,0,15,0,0,2,56.1,57,21,19,3,21,6,31,1,1,7,241,112,3.53,1.385,9.1,0.5,3.4,5.0,1.48
1988,218,Barry Jones,/players/j/jonesba01.shtml,jonesba01,25,CHW,AL,2,2,.500,2.42,17,0,10,0,0,1,26.0,15,7,7,3,17,1,17,0,1,6,106,166,4.92,1.231,5.2,1.0,5.9,5.9,1.00
1988,219,Doug Jones,/players/j/jonesdo01.shtml,jonesdo01,31,CLE,AL,3,4,.429,2.27,51,0,46,0,0,37,83.1,69,26,21,1,16,3,72,2,3,2,338,181,1.85,1.020,7.5,0.1,1.7,7.8,4.50
1988,220,Jimmy Jones,/players/j/jonesji02.shtml,jonesji02,24,SDP,NL,9,14,.391,4.12,29,29,0,3,0,0,179.0,192,98,82,14,44,3,82,3,1,4,760,83,3.66,1.318,9.7,0.7,2.2,4.1,1.86
1988,221,Odell Jones,/players/j/jonesod01.shtml,jonesod01,35,MIL,AL,5,0,1.000,4.35,28,2,8,0,0,1,80.2,75,47,39,8,29,6,48,1,3,7,339,92,3.98,1.289,8.4,0.9,3.2,5.4,1.66
1988,222,Jeff Kaiser*,/players/k/kaiseje01.shtml,kaiseje01,27,CLE,AL,0,0,,0.00,3,0,1,0,0,0,2.2,2,0,0,0,1,0,0,0,0,0,11,,3.89,1.125,6.8,0.0,3.4,0.0,0.00
1988,223,Jimmy Key*,/players/k/keyji01.shtml,keyji01,27,TOR,AL,12,5,.706,3.29,21,21,0,2,2,0,131.1,127,55,48,13,30,2,65,5,0,1,551,119,3.87,1.195,8.7,0.9,2.1,4.5,2.17
1988,224,Paul Kilgus*,/players/k/kilgupa01.shtml,kilgupa01,26,TEX,AL,12,15,.444,4.16,32,32,0,5,3,0,203.1,190,105,94,18,71,2,88,10,4,6,871,98,4.25,1.284,8.4,0.8,3.1,3.9,1.24
1988,225,Eric King,/players/k/kinger01.shtml,kinger01,24,DET,AL,4,1,.800,3.41,23,5,8,0,0,3,68.2,60,28,26,5,34,2,45,5,2,4,303,113,4.11,1.369,7.9,0.7,4.5,5.9,1.32
1988,226,Bob Kipper*,/players/k/kippebo01.shtml,kippebo01,23,PIT,NL,2,6,.250,3.74,50,0,15,0,0,0,65.0,54,33,27,7,26,4,39,2,1,1,267,91,4.26,1.231,7.5,1.0,3.6,5.4,1.50
1988,227,Bob Knepper*,/players/k/kneppbo01.shtml,kneppbo01,34,HOU,NL,14,5,.737,3.14,27,27,0,3,2,0,175.0,156,70,61,13,67,2,103,2,2,6,726,106,3.74,1.274,8.0,0.7,3.4,5.3,1.54
1988,228,Mark Knudson,/players/k/knudsma01.shtml,knudsma01,27,MIL,AL,0,0,,1.13,5,0,3,0,0,0,16.0,17,3,2,1,2,0,7,0,0,1,63,362,3.08,1.188,9.6,0.6,1.1,3.9,3.50
1988,229,Randy Kramer,/players/k/kramera01.shtml,kramera01,27,PIT,NL,1,2,.333,5.40,5,1,1,0,0,0,10.0,12,6,6,1,1,0,7,1,0,1,42,66,3.27,1.300,10.8,0.9,0.9,6.3,7.00
1988,230,Ray Krawczyk,/players/k/krawcra01.shtml,krawcra01,28,CAL,AL,0,1,.000,4.81,14,1,6,0,0,1,24.1,29,13,13,2,8,1,17,2,0,2,108,82,3.67,1.521,10.7,0.7,3.0,6.3,2.13
1988,231,Bill Krueger*,/players/k/kruegbi01.shtml,kruegbi01,30,LAD,NL,0,0,,11.57,1,1,0,0,0,0,2.1,4,3,3,0,2,1,1,1,0,0,14,35,5.77,2.571,15.4,0.0,7.7,3.9,0.50
1988,232,Mike Krukow,/players/k/krukomi01.shtml,krukomi01,36,SFG,NL,7,4,.636,3.54,20,20,0,1,0,0,124.2,111,51,49,13,31,3,75,5,1,5,517,93,3.79,1.139,8.0,0.9,2.2,5.4,2.42
1988,233,Jeff Kunkel,/players/k/kunkeje01.shtml,kunkeje01,26,TEX,AL,0,0,,0.00,1,0,1,0,0,0,1.0,0,0,0,0,0,0,1,0,0,0,3,,0.77,0.000,0.0,0.0,0.0,9.0,
1988,234,Mike LaCoss,/players/l/lacosmi01.shtml,lacosmi01,32,SFG,NL,7,7,.500,3.62,19,19,0,1,1,0,114.1,99,55,46,5,47,3,70,1,2,6,477,91,3.37,1.277,7.8,0.4,3.7,5.5,1.49
1988,235,Dennis Lamp,/players/l/lampde01.shtml,lampde01,35,BOS,AL,7,6,.538,3.48,46,0,14,0,0,0,82.2,92,39,32,3,19,3,49,2,8,5,350,119,2.82,1.343,10.0,0.3,2.1,5.3,2.58
1988,236,Les Lancaster,/players/l/lancale01.shtml,lancale01,26,CHC,NL,4,6,.400,3.78,44,3,15,1,0,5,85.2,89,42,36,4,34,7,36,1,3,3,371,96,3.76,1.436,9.4,0.4,3.6,3.8,1.06
1988,237,Bill Landrum,/players/l/landrbi01.shtml,landrbi01,30,CHC,NL,1,0,1.000,5.84,7,0,5,0,0,0,12.1,19,8,8,1,3,0,6,0,1,1,55,64,3.58,1.784,13.9,0.7,2.2,4.4,2.00
1988,238,Mark Langston*,/players/l/langsma01.shtml,langsma01,27,SEA,AL,15,11,.577,3.34,35,35,0,9,3,0,261.1,222,108,97,32,110,2,235,3,4,7,1078,125,3.86,1.270,7.6,1.1,3.8,8.1,2.14
1988,239,Dave LaPoint*,/players/l/lapoida01.shtml,lapoida01,28,TOT,MLB,14,13,.519,3.25,33,33,0,2,1,0,213.1,205,87,77,14,57,3,98,2,7,1,892,118,3.53,1.228,8.6,0.6,2.4,4.1,1.72
1988,240,Dave LaPoint*,/players/l/lapoida01.shtml,lapoida01,28,CHW,AL,10,11,.476,3.40,25,25,0,1,1,0,161.1,151,69,61,10,47,1,79,2,5,1,677,117,3.51,1.227,8.4,0.6,2.6,4.4,1.68
1988,241,Dave LaPoint*,/players/l/lapoida01.shtml,lapoida01,28,PIT,NL,4,2,.667,2.77,8,8,0,1,0,0,52.0,54,18,16,4,10,2,19,0,2,0,215,123,3.62,1.231,9.3,0.7,1.7,3.3,1.90
1988,242,Bill Laskey,/players/l/laskebi01.shtml,laskebi01,30,CLE,AL,1,0,1.000,5.18,17,0,6,0,0,1,24.1,32,16,14,0,6,0,17,0,3,0,110,80,2.11,1.562,11.8,0.0,2.2,6.3,2.83
1988,243,Jack Lazorko,/players/l/lazorja01.shtml,lazorja01,32,CAL,AL,0,1,.000,3.35,10,3,1,0,0,0,37.2,37,15,14,5,16,0,19,1,1,0,165,116,4.84,1.407,8.8,1.2,3.8,4.5,1.19
1988,244,Charlie Lea,/players/l/leach01.shtml,leach01,31,MIN,AL,7,7,.500,4.85,24,23,0,0,0,0,130.0,156,79,70,19,50,2,72,5,4,6,585,84,4.83,1.585,10.8,1.3,3.5,5.0,1.44
1988,245,Terry Leach,/players/l/leachte01.shtml,leachte01,34,NYM,NL,7,2,.778,2.54,52,0,21,0,0,3,92.0,95,32,26,5,24,4,51,3,0,0,392,127,3.25,1.293,9.3,0.5,2.3,5.0,2.13
1988,246,Tim Leary,/players/l/learyti01.shtml,learyti01,29,LAD,NL,17,11,.607,2.91,35,34,0,9,6,0,228.2,201,87,74,13,56,4,180,6,6,9,932,115,2.75,1.124,7.9,0.5,2.2,7.1,3.21
1988,247,Mark Lee*,/players/l/leema03.shtml,leema03,23,KCR,AL,0,0,,3.60,4,0,4,0,0,0,5.0,6,2,2,0,1,0,0,0,0,0,21,120,3.37,1.400,10.8,0.0,1.8,0.0,0.00
1988,248,Craig Lefferts*,/players/l/leffecr01.shtml,leffecr01,30,SFG,NL,3,8,.273,2.92,64,0,30,0,0,11,92.1,74,33,30,7,23,5,58,1,0,4,362,113,3.28,1.051,7.2,0.7,2.2,5.7,2.52
1988,249,Charlie Leibrandt*,/players/l/leibrch01.shtml,leibrch01,31,KCR,AL,13,12,.520,3.19,35,35,0,7,2,0,243.0,244,98,86,20,62,3,125,4,4,10,1002,126,3.62,1.259,9.0,0.7,2.3,4.6,2.02
1988,250,Dave Leiper*,/players/l/leipeda01.shtml,leipeda01,26,SDP,NL,3,0,1.000,2.17,35,0,10,0,0,1,54.0,45,19,13,1,14,5,33,0,0,2,217,159,2.57,1.093,7.5,0.2,2.3,5.5,2.36
1988,251,Al Leiter*,/players/l/leiteal01.shtml,leiteal01,22,NYY,AL,4,4,.500,3.92,14,14,0,0,0,0,57.1,49,27,25,7,33,0,60,5,4,1,251,101,4.25,1.430,7.7,1.1,5.2,9.4,1.82
1988,252,Bill Long,/players/l/longbi01.shtml,longbi01,28,CHW,AL,8,11,.421,4.03,47,18,14,3,0,2,174.0,187,89,78,21,43,4,77,4,0,2,732,99,4.26,1.322,9.7,1.1,2.2,4.0,1.79
1988,253,Vance Lovelace*,/players/l/lovelva01.shtml,lovelva01,24,CAL,AL,0,0,,13.50,3,0,2,0,0,0,1.1,2,2,2,1,3,0,0,0,0,0,8,37,19.27,3.750,13.5,6.8,20.3,0.0,0.00
1988,254,Urbano Lugo,/players/l/lugour01.shtml,lugour01,25,CAL,AL,0,0,,9.00,1,0,0,0,0,0,2.0,2,2,2,1,1,0,1,0,0,0,9,51,9.77,1.500,9.0,4.5,4.5,4.5,1.00
1988,255,Morris Madden*,/players/m/maddemo01.shtml,maddemo01,27,PIT,NL,0,0,,0.00,5,0,1,0,0,0,5.2,5,0,0,0,7,1,3,0,0,1,25,,5.42,2.118,7.9,0.0,11.1,4.8,0.43
1988,256,Greg Maddux,/players/m/maddugr01.shtml,maddugr01,22,CHC,NL,18,8,.692,3.18,34,34,0,9,3,0,249.0,230,97,88,13,81,16,140,9,6,3,1047,114,3.41,1.249,8.3,0.5,2.9,5.1,1.73
1988,257,Mike Maddux,/players/m/maddumi01.shtml,maddumi01,26,PHI,NL,4,3,.571,3.76,25,11,4,0,0,0,88.2,91,41,37,6,34,4,59,5,2,4,380,95,3.64,1.410,9.2,0.6,3.5,6.0,1.74
1988,258,Alex Madrid,/players/m/madrial01.shtml,madrial01,25,PHI,NL,1,1,.500,2.76,5,2,2,1,0,0,16.1,15,5,5,0,6,2,2,0,0,1,70,133,3.63,1.286,8.3,0.0,3.3,1.1,0.33
1988,259,Joe Magrane*,/players/m/magrajo01.shtml,magrajo01,23,STL,NL,5,9,.357,2.18,24,24,0,4,3,0,165.1,133,57,40,6,51,4,100,2,8,8,677,161,2.99,1.113,7.2,0.3,2.8,5.4,1.96
1988,260,Rick Mahler,/players/m/mahleri01.shtml,mahleri01,34,ATL,NL,9,16,.360,3.69,39,34,2,5,0,0,249.0,279,125,102,17,42,6,131,8,8,5,1063,99,3.21,1.289,10.1,0.6,1.5,4.7,3.12
1988,261,Ravelo Manzanillo*,/players/m/manzara01.shtml,manzara01,24,CHW,AL,0,1,.000,5.79,2,2,0,0,0,0,9.1,7,6,6,1,12,0,10,1,0,1,46,72,6.20,2.036,6.8,1.0,11.6,9.6,0.83
1988,262,Dennis Martinez,/players/m/martide01.shtml,martide01,34,MON,NL,15,13,.536,2.72,34,34,0,9,2,0,235.1,215,94,71,21,55,3,120,6,10,5,968,133,3.69,1.147,8.2,0.8,2.1,4.6,2.18
1988,263,Ramon Martinez,/players/m/martira02.shtml,martira02,20,LAD,NL,1,3,.250,3.79,9,6,0,0,0,0,35.2,27,17,15,0,22,1,23,0,0,1,151,90,3.33,1.374,6.8,0.0,5.6,5.8,1.05
1988,264,Tippy Martinez*,/players/m/martiti01.shtml,martiti01,38,MIN,AL,0,0,,18.00,3,0,2,0,0,0,4.0,8,9,8,1,4,0,3,1,1,0,24,25,8.27,3.000,18.0,2.3,9.0,6.8,0.75
1988,265,Mike Mason*,/players/m/masonmi01.shtml,masonmi01,29,MIN,AL,0,1,.000,10.80,5,0,0,0,0,0,6.2,8,8,8,1,9,0,7,0,0,0,37,40,6.67,2.550,10.8,1.4,12.2,9.5,0.78
1988,266,Greg Mathews*,/players/m/mathegr01.shtml,mathegr01,26,STL,NL,4,6,.400,4.24,13,13,0,1,0,0,68.0,61,34,32,4,33,5,31,2,4,4,286,83,4.17,1.382,8.1,0.5,4.4,4.1,0.94
1988,267,Scott May,/players/m/maysc01.shtml,maysc01,26,TEX,AL,0,0,,8.59,3,1,0,0,0,0,7.1,8,7,7,3,4,1,4,0,0,0,33,50,8.63,1.636,9.8,3.7,4.9,4.9,1.00
1988,268,Tom McCarthy,/players/m/mccarto03.shtml,mccarto03,27,CHW,AL,2,0,1.000,1.38,6,0,4,0,0,1,13.0,9,2,2,0,2,0,5,2,0,0,51,296,2.92,0.846,6.2,0.0,1.4,3.5,2.50
1988,269,Kirk McCaskill,/players/m/mccaski01.shtml,mccaski01,27,CAL,AL,8,6,.571,4.31,23,23,0,4,2,0,146.1,155,78,70,9,61,3,98,1,2,13,635,90,3.50,1.476,9.5,0.6,3.8,6.0,1.61
1988,270,Bob McClure*,/players/m/mcclubo01.shtml,mcclubo01,36,TOT,NL,2,3,.400,5.40,33,0,13,0,0,3,30.0,35,18,18,4,8,0,19,2,3,1,133,66,4.24,1.433,10.5,1.2,2.4,5.7,2.38
1988,271,Bob McClure*,/players/m/mcclubo01.shtml,mcclubo01,36,MON,NL,1,3,.250,6.16,19,0,8,0,0,2,19.0,23,13,13,3,6,0,12,1,3,0,87,60,4.66,1.526,10.9,1.4,2.8,5.7,2.00
1988,272,Bob McClure*,/players/m/mcclubo01.shtml,mcclubo01,36,NYM,NL,1,0,1.000,4.09,14,0,5,0,0,1,11.0,12,5,5,1,2,0,7,1,0,1,46,82,3.50,1.273,9.8,0.8,1.6,5.7,3.50
1988,273,Lance McCullers,/players/m/mcculla01.shtml,mcculla01,24,SDP,NL,3,6,.333,2.49,60,0,39,0,0,10,97.2,70,29,27,8,55,12,81,0,2,4,407,138,3.86,1.280,6.5,0.7,5.1,7.5,1.47
1988,274,Jack McDowell,/players/m/mcdowja01.shtml,mcdowja01,22,CHW,AL,5,10,.333,3.97,26,26,0,1,0,0,158.2,147,85,70,12,68,5,84,7,1,11,687,100,4.11,1.355,8.3,0.7,3.9,4.8,1.24
1988,275,Roger McDowell,/players/m/mcdowro01.shtml,mcdowro01,27,NYM,NL,5,5,.500,2.63,62,0,41,0,0,16,89.0,80,31,26,1,31,7,46,3,1,6,378,123,3.03,1.247,8.1,0.1,3.1,4.7,1.48
1988,276,Andy McGaffigan,/players/m/mcgafan01.shtml,mcgafan01,31,MON,NL,6,0,1.000,2.76,63,0,24,0,0,4,91.1,81,31,28,4,37,7,71,2,2,2,392,131,3.06,1.292,8.0,0.4,3.6,7.0,1.92
1988,277,Scott McGregor*,/players/m/mcgresc01.shtml,mcgresc01,34,BAL,AL,0,3,.000,8.83,4,4,0,0,0,0,17.1,27,18,17,3,7,0,10,0,0,0,82,45,5.08,1.962,14.0,1.6,3.6,5.2,1.43
1988,278,Craig McMurtry,/players/m/mcmurcr01.shtml,mcmurcr01,28,TEX,AL,3,3,.500,2.25,32,0,14,0,0,3,60.0,37,16,15,5,24,4,35,1,2,2,236,181,3.94,1.017,5.6,0.8,3.6,5.3,1.46
1988,279,Larry McWilliams*,/players/m/mcwilla01.shtml,mcwilla01,34,STL,NL,6,9,.400,3.90,42,17,12,2,1,1,136.0,130,64,59,10,45,7,70,4,3,9,581,90,3.78,1.287,8.6,0.7,3.0,4.6,1.56
1988,280,Dave Meads*,/players/m/meadsda01.shtml,meadsda01,24,HOU,NL,3,1,.750,3.18,22,2,8,0,0,0,39.2,37,20,14,4,14,0,27,0,0,1,171,106,3.78,1.286,8.4,0.9,3.2,6.1,1.93
1988,281,Scott Medvin,/players/m/medvisc01.shtml,medvisc01,26,PIT,NL,3,0,1.000,4.88,17,0,5,0,0,0,27.2,23,16,15,1,9,2,16,1,0,5,112,71,3.17,1.157,7.5,0.3,2.9,5.2,1.78
1988,282,Brian Meyer,/players/m/meyerbr01.shtml,meyerbr01,25,HOU,NL,0,0,,1.46,8,0,5,0,0,0,12.1,9,2,2,2,4,0,10,0,0,0,46,236,4.23,1.054,6.6,1.5,2.9,7.3,2.50
1988,283,Bob Milacki,/players/m/milacbo01.shtml,milacbo01,23,BAL,AL,2,0,1.000,0.72,3,3,0,1,1,0,25.0,9,2,2,1,9,0,18,0,0,0,91,550,2.93,0.720,3.2,0.4,3.2,6.5,2.00
1988,284,Greg Minton,/players/m/mintogr01.shtml,mintogr01,36,CAL,AL,4,5,.444,2.85,44,0,26,0,0,7,79.0,67,37,25,1,34,10,46,3,1,4,331,136,3.17,1.278,7.6,0.1,3.9,5.2,1.35
1988,285,Paul Mirabella*,/players/m/mirabpa01.shtml,mirabpa01,34,MIL,AL,2,2,.500,1.65,38,0,13,0,0,4,60.0,44,12,11,3,21,5,33,0,0,1,241,242,3.37,1.083,6.6,0.5,3.2,5.0,1.57
1988,286,John Mitchell,/players/m/mitchjo02.shtml,mitchjo02,22,NYM,NL,0,0,,0.00,1,0,0,0,0,0,1.0,2,0,0,0,1,0,1,0,0,0,5,,3.77,3.000,18.0,0.0,9.0,9.0,1.00
1988,287,Dale Mohorcic,/players/m/mohorda01.shtml,mohorda01,32,TOT,AL,4,8,.333,4.22,56,0,25,0,0,6,74.2,83,42,35,7,29,7,44,8,0,4,342,96,4.30,1.500,10.0,0.8,3.5,5.3,1.52
1988,288,Dale Mohorcic,/players/m/mohorda01.shtml,mohorda01,32,TEX,AL,2,6,.250,4.85,43,0,21,0,0,5,52.0,62,35,28,6,20,5,25,5,0,2,240,84,4.75,1.577,10.7,1.0,3.5,4.3,1.25
1988,289,Dale Mohorcic,/players/m/mohorda01.shtml,mohorda01,32,NYY,AL,2,2,.500,2.78,13,0,4,0,0,1,22.2,21,7,7,1,9,2,19,3,0,2,102,144,3.25,1.324,8.3,0.4,3.6,7.5,2.11
1988,290,Rich Monteleone,/players/m/monteri01.shtml,monteri01,25,CAL,AL,0,0,,0.00,3,0,2,0,0,0,4.1,4,0,0,0,1,1,3,1,1,0,20,,2.77,1.154,8.3,0.0,2.1,6.2,3.00
1988,291,Jeff Montgomery,/players/m/montgje01.shtml,montgje01,26,KCR,AL,7,2,.778,3.45,45,0,13,0,0,1,62.2,54,25,24,6,30,1,47,2,6,3,271,117,4.05,1.340,7.8,0.9,4.3,6.8,1.57
1988,292,Brad Moore,/players/m/moorebr01.shtml,moorebr01,24,PHI,NL,0,0,,0.00,5,0,2,0,0,0,5.2,4,0,0,0,4,1,2,0,0,0,21,,4.18,1.412,6.4,0.0,6.4,3.2,0.50
1988,293,Donnie Moore,/players/m/mooredo01.shtml,mooredo01,34,CAL,AL,5,2,.714,4.91,27,0,22,0,0,4,33.0,48,20,18,4,8,2,22,0,4,2,150,79,3.74,1.697,13.1,1.1,2.2,6.0,2.75
1988,294,Mike Moore,/players/m/mooremi01.shtml,mooremi01,28,SEA,AL,9,15,.375,3.78,37,32,3,9,3,1,228.2,196,104,96,24,63,6,182,3,3,4,918,111,3.41,1.133,7.7,0.9,2.5,7.2,2.89
1988,295,Mike Morgan,/players/m/morgami01.shtml,morgami01,28,BAL,AL,1,6,.143,5.43,22,10,6,2,0,1,71.1,70,45,43,6,23,1,29,1,0,5,299,72,4.06,1.304,8.8,0.8,2.9,3.7,1.26
1988,296,Jack Morris,/players/m/morrija02.shtml,morrija02,33,DET,AL,15,13,.536,3.94,34,34,0,10,2,0,235.0,225,115,103,20,83,7,168,4,11,11,997,97,3.56,1.311,8.6,0.8,3.2,6.4,2.02
1988,297,Jim Morrison,/players/m/morriji01.shtml,morriji01,35,ATL,NL,0,0,,0.00,3,0,3,0,0,0,3.2,3,0,0,0,2,0,1,0,0,0,16,,3.86,1.364,7.4,0.0,4.9,2.5,0.50
1988,298,Jamie Moyer*,/players/m/moyerja01.shtml,moyerja01,25,CHC,NL,9,15,.375,3.48,34,30,1,3,1,0,202.0,212,84,78,20,55,7,121,4,0,4,855,105,3.73,1.322,9.4,0.9,2.5,5.4,2.20
1988,299,Terry Mulholland*,/players/m/mulhote01.shtml,mulhote01,25,SFG,NL,2,1,.667,3.72,9,6,1,2,1,0,46.0,50,20,19,3,7,0,18,1,0,1,191,89,3.36,1.239,9.8,0.6,1.4,3.5,2.57
1988,300,Rob Murphy*,/players/m/murphro01.shtml,murphro01,28,CIN,NL,0,6,.000,3.08,76,0,28,0,0,3,84.2,69,31,29,3,38,6,74,1,1,5,350,117,2.86,1.264,7.3,0.3,4.0,7.9,1.95
1988,301,Jeff Musselman*,/players/m/musseje01.shtml,musseje01,25,TOR,AL,8,5,.615,3.18,15,15,0,0,0,0,85.0,80,34,30,4,30,2,39,3,2,1,354,123,3.63,1.294,8.5,0.4,3.2,4.1,1.30
1988,302,Randy Myers*,/players/m/myersra01.shtml,myersra01,25,NYM,NL,7,3,.700,1.72,55,0,44,0,0,26,68.0,45,15,13,5,17,2,69,2,0,2,261,188,2.53,0.912,6.0,0.7,2.3,9.1,4.06
1988,303,Gene Nelson,/players/n/nelsoge01.shtml,nelsoge01,27,OAK,AL,9,6,.600,3.06,54,1,20,0,0,3,111.2,93,42,38,9,38,4,67,3,6,4,456,125,3.72,1.173,7.5,0.7,3.1,5.4,1.76
1988,304,Rod Nichols,/players/n/nichoro02.shtml,nichoro02,23,CLE,AL,1,7,.125,5.06,11,10,1,3,0,0,69.1,73,41,39,5,23,1,31,2,3,2,297,81,3.89,1.385,9.5,0.6,3.0,4.0,1.35
1988,305,Tom Niedenfuer,/players/n/niedeto01.shtml,niedeto01,28,BAL,AL,3,4,.429,3.51,52,0,42,0,0,18,59.0,59,23,23,8,19,3,40,2,0,0,252,112,4.24,1.322,9.0,1.2,2.9,6.1,2.11
1988,306,Joe Niekro,/players/n/niekrjo01.shtml,niekrjo01,43,MIN,AL,1,1,.500,10.03,5,2,2,0,0,0,11.2,16,13,13,2,9,0,7,0,3,2,59,42,6.11,2.143,12.3,1.5,6.9,5.4,0.78
1988,307,Scott Nielsen,/players/n/nielssc01.shtml,nielssc01,29,NYY,AL,1,2,.333,6.86,7,2,1,0,0,0,19.2,27,16,15,5,13,2,4,0,0,1,94,58,7.65,2.034,12.4,2.3,5.9,1.8,0.31
1988,308,Juan Nieves*,/players/n/nieveju01.shtml,nieveju01,23,MIL,AL,7,5,.583,4.08,25,15,4,1,1,1,110.1,84,53,50,13,50,4,73,1,3,1,458,98,4.36,1.215,6.9,1.1,4.1,6.0,1.46
1988,309,Al Nipper,/players/n/nippeal01.shtml,nippeal01,29,CHC,NL,2,4,.333,3.04,22,12,3,0,0,1,80.0,72,37,27,9,34,2,27,3,1,1,341,120,4.94,1.325,8.1,1.0,3.8,3.0,0.79
1988,310,Dickie Noles,/players/n/nolesdi01.shtml,nolesdi01,31,BAL,AL,0,2,.000,24.30,2,2,0,0,0,0,3.1,11,10,9,2,0,0,1,1,0,0,23,18,10.87,3.300,29.7,5.4,0.0,2.7,
1988,311,Eric Nolte*,/players/n/nolteer01.shtml,nolteer01,24,SDP,NL,0,0,,6.00,2,0,1,0,0,0,3.0,3,2,2,1,2,0,1,0,1,0,14,66,8.44,1.667,9.0,3.0,6.0,3.0,0.50
1988,312,Ed Nunez,/players/n/nunezed01.shtml,nunezed01,25,TOT,MLB,2,4,.333,6.85,24,3,6,0,0,0,43.1,66,40,33,5,17,3,27,2,1,1,210,57,4.34,1.915,13.7,1.0,3.5,5.6,1.59
1988,313,Ed Nunez,/players/n/nunezed01.shtml,nunezed01,25,SEA,AL,1,4,.200,7.98,14,3,2,0,0,0,29.1,45,33,26,4,14,3,19,2,1,0,145,53,4.88,2.011,13.8,1.2,4.3,5.8,1.36
1988,314,Ed Nunez,/players/n/nunezed01.shtml,nunezed01,25,NYM,NL,1,0,1.000,4.50,10,0,4,0,0,0,14.0,21,7,7,1,3,0,8,0,0,1,65,74,3.20,1.714,13.5,0.6,1.9,5.1,2.67
1988,315,Jose Nunez,/players/n/nunezjo01.shtml,nunezjo01,24,TOR,AL,0,1,.000,3.07,13,2,3,0,0,0,29.1,28,11,10,3,17,3,18,1,1,2,127,129,4.71,1.534,8.6,0.9,5.2,5.5,1.06
1988,316,Randy O'Neal,/players/o/o'neara01.shtml,o'neara01,27,STL,NL,2,3,.400,4.58,10,8,0,0,0,0,53.0,57,29,27,7,10,1,20,2,0,4,222,77,4.41,1.264,9.7,1.2,1.7,3.4,2.00
1988,317,Bob Ojeda*,/players/o/ojedabo01.shtml,ojedabo01,30,NYM,NL,10,13,.435,2.88,29,29,0,5,5,0,190.1,158,74,61,6,33,2,133,4,7,4,752,112,2.36,1.004,7.5,0.3,1.6,6.3,4.03
1988,318,Gregg Olson,/players/o/olsongr01.shtml,olsongr01,21,BAL,AL,1,1,.500,3.27,10,0,4,0,0,0,11.0,10,4,4,1,10,1,9,0,1,0,51,123,5.04,1.818,8.2,0.8,8.2,7.4,0.90
1988,319,Ed Olwine*,/players/o/olwined01.shtml,olwined01,30,ATL,NL,0,0,,6.75,16,0,7,0,0,1,18.2,22,15,14,4,4,1,5,1,0,1,82,55,5.82,1.393,10.6,1.9,1.9,2.4,1.25
1988,320,Steve Ontiveros,/players/o/ontivst02.shtml,ontivst02,27,OAK,AL,3,4,.429,4.61,10,10,0,0,0,0,54.2,57,32,28,4,21,1,30,0,5,5,241,83,3.78,1.427,9.4,0.7,3.5,4.9,1.43
1988,321,Jose Oquendo,/players/o/oquenjo01.shtml,oquenjo01,24,STL,NL,0,1,.000,4.50,1,0,1,0,0,0,4.0,4,2,2,0,6,2,1,0,0,1,21,86,6.77,2.500,9.0,0.0,13.5,2.3,0.17
1988,322,Jesse Orosco*,/players/o/oroscje01.shtml,oroscje01,31,LAD,NL,3,2,.600,2.72,55,0,21,0,0,9,53.0,41,18,16,4,30,3,43,2,0,1,229,124,3.94,1.340,7.0,0.7,5.1,7.3,1.43
1988,323,Dave Otto*,/players/o/ottoda01.shtml,ottoda01,23,OAK,AL,0,0,,1.80,3,2,1,0,0,0,10.0,9,2,2,0,6,0,7,0,1,0,43,221,3.17,1.500,8.1,0.0,5.4,6.3,1.17
1988,324,Pat Pacillo,/players/p/pacilpa01.shtml,pacilpa01,24,CIN,NL,1,0,1.000,5.06,6,0,0,0,0,0,10.2,14,7,6,2,4,0,11,0,0,0,49,74,4.27,1.688,11.8,1.7,3.4,9.3,2.75
1988,325,Vicente Palacios,/players/p/palacvi01.shtml,palacvi01,24,PIT,NL,1,2,.333,6.66,7,3,0,0,0,0,24.1,28,18,18,3,15,1,15,0,3,2,113,52,4.99,1.767,10.4,1.1,5.5,5.5,1.00
1988,326,Donn Pall,/players/p/palldo01.shtml,palldo01,26,CHW,AL,0,2,.000,3.45,17,0,6,0,0,0,28.2,39,11,11,1,8,1,16,0,0,1,130,117,2.94,1.640,12.2,0.3,2.5,5.0,2.00
1988,327,David Palmer,/players/p/palmeda01.shtml,palmeda01,30,PHI,NL,7,9,.438,4.47,22,22,0,1,1,0,129.0,129,67,64,8,48,5,85,0,0,2,551,80,3.37,1.372,9.0,0.6,3.3,5.9,1.77
1988,328,Jeff Parrett,/players/p/parreje01.shtml,parreje01,26,MON,NL,12,4,.750,2.65,61,0,34,0,0,6,91.2,66,29,27,8,45,9,62,1,1,4,369,136,4.06,1.211,6.5,0.8,4.4,6.1,1.38
1988,329,Ken Patterson*,/players/p/patteke01.shtml,patteke01,23,CHW,AL,0,2,.000,4.79,9,2,3,0,0,1,20.2,25,11,11,2,7,0,8,0,1,1,92,85,4.27,1.548,10.9,0.9,3.0,3.5,1.14
1988,330,John Pawlowski,/players/p/pawlojo01.shtml,pawlojo01,24,CHW,AL,1,0,1.000,8.36,6,0,2,0,0,0,14.0,20,14,13,2,3,0,10,0,2,1,65,49,3.84,1.643,12.9,1.3,1.9,6.4,3.33
1988,331,Alejandro Pena,/players/p/penaal01.shtml,penaal01,29,LAD,NL,6,7,.462,1.91,60,0,31,0,0,12,94.1,75,29,20,4,27,6,83,1,2,3,378,176,2.45,1.081,7.2,0.4,2.6,7.9,3.07
1988,332,Hipolito Pena*,/players/p/penahi01.shtml,penahi01,24,NYY,AL,1,1,.500,3.14,16,0,8,0,0,0,14.1,10,8,5,1,9,1,10,0,0,1,62,129,4.16,1.326,6.3,0.6,5.7,6.3,1.11
1988,333,Oswaldo Peraza,/players/p/perazos01.shtml,perazos01,25,BAL,AL,5,7,.417,5.55,19,15,0,1,0,0,86.0,98,62,53,10,37,2,61,2,4,4,392,71,4.22,1.570,10.3,1.0,3.9,6.4,1.65
1988,334,Melido Perez,/players/p/perezme01.shtml,perezme01,22,CHW,AL,12,10,.545,3.79,32,32,0,3,1,0,197.0,186,105,83,26,72,0,138,2,3,13,836,105,4.21,1.310,8.5,1.2,3.3,6.3,1.92
1988,335,Pascual Perez,/players/p/perezpa01.shtml,perezpa01,31,MON,NL,12,8,.600,2.44,27,27,0,4,2,0,188.0,133,59,51,15,44,6,131,7,10,5,741,147,3.23,0.941,6.4,0.7,2.1,6.3,2.98
1988,336,Jon Perlman,/players/p/perlmjo01.shtml,perlmjo01,31,CLE,AL,0,2,.000,5.49,10,0,5,0,0,0,19.2,25,12,12,0,11,3,10,0,3,1,94,76,3.43,1.831,11.4,0.0,5.0,4.6,0.91
1988,337,Pat Perry*,/players/p/perrypa02.shtml,perrypa02,29,TOT,NL,4,4,.500,4.14,47,0,18,0,0,1,58.2,61,32,27,9,16,4,35,1,1,3,251,89,4.44,1.313,9.4,1.4,2.5,5.4,2.19
1988,338,Pat Perry*,/players/p/perrypa02.shtml,perrypa02,29,CIN,NL,2,2,.500,5.66,12,0,5,0,0,0,20.2,21,17,13,4,9,4,11,0,1,1,93,65,5.53,1.452,9.1,1.7,3.9,4.8,1.22
1988,339,Pat Perry*,/players/p/perrypa02.shtml,perrypa02,29,CHC,NL,2,2,.500,3.32,35,0,13,0,0,1,38.0,40,15,14,5,7,0,24,1,0,2,158,111,3.85,1.237,9.5,1.2,1.7,5.7,3.43
1988,340,Steve Peters*,/players/p/peterst01.shtml,peterst01,25,STL,NL,3,3,.500,6.40,44,0,9,0,0,0,45.0,57,34,32,8,22,7,30,0,1,4,213,55,5.21,1.756,11.4,1.6,4.4,6.0,1.36
1988,341,Adam Peterson,/players/p/peterad01.shtml,peterad01,22,CHW,AL,0,1,.000,13.50,2,2,0,0,0,0,6.0,6,9,9,0,6,1,5,0,0,1,31,31,4.10,2.000,9.0,0.0,9.0,7.5,0.83
1988,342,Dan Petry,/players/p/petryda01.shtml,petryda01,29,CAL,AL,3,9,.250,4.38,22,22,0,4,1,0,139.2,139,70,68,18,59,5,64,6,2,5,604,88,4.92,1.418,9.0,1.2,3.8,4.1,1.08
1988,343,Jeff Pico,/players/p/picoje01.shtml,picoje01,22,CHC,NL,6,7,.462,4.15,29,13,9,3,2,1,112.2,108,57,52,6,37,6,57,0,1,6,472,88,3.43,1.287,8.6,0.5,3.0,4.6,1.54
1988,344,Dan Plesac*,/players/p/plesada01.shtml,plesada01,26,MIL,AL,1,2,.333,2.41,50,0,48,0,0,30,52.1,46,14,14,2,12,2,52,0,6,4,211,166,1.97,1.108,7.9,0.3,2.1,8.9,4.33
1988,345,Eric Plunk,/players/p/plunker01.shtml,plunker01,24,OAK,AL,7,2,.778,3.00,49,0,22,0,0,5,78.0,62,27,26,6,39,4,79,1,7,4,331,128,3.28,1.295,7.2,0.7,4.5,9.1,2.03
1988,346,Mark Portugal,/players/p/portuma01.shtml,portuma01,25,MIN,AL,3,3,.500,4.53,26,0,9,0,0,3,57.2,60,30,29,11,17,1,31,1,2,2,242,90,5.11,1.335,9.4,1.7,2.7,4.8,1.82
1988,347,Dennis Powell*,/players/p/powelde01.shtml,powelde01,24,SEA,AL,1,3,.250,8.68,12,2,1,0,0,0,18.2,29,20,18,2,11,2,15,2,0,0,95,49,4.64,2.143,14.0,1.0,5.3,7.2,1.36
1988,348,Ted Power,/players/p/powerte01.shtml,powerte01,33,TOT,AL,6,7,.462,5.91,26,14,3,2,2,0,99.0,121,67,65,8,38,7,57,3,2,4,443,68,3.91,1.606,11.0,0.7,3.5,5.2,1.50
1988,349,Ted Power,/players/p/powerte01.shtml,powerte01,33,KCR,AL,5,6,.455,5.94,22,12,3,2,2,0,80.1,98,54,53,7,30,3,44,3,2,3,360,68,4.04,1.593,11.0,0.8,3.4,4.9,1.47
1988,350,Ted Power,/players/p/powerte01.shtml,powerte01,33,DET,AL,1,1,.500,5.79,4,2,0,0,0,0,18.2,23,13,12,1,8,4,13,0,0,1,83,67,3.36,1.661,11.1,0.5,3.9,6.3,1.63
1988,351,Joe Price*,/players/p/pricejo02.shtml,pricejo02,31,SFG,NL,1,6,.143,3.94,38,3,14,0,0,4,61.2,59,33,27,5,27,6,49,1,3,1,269,84,3.60,1.395,8.6,0.7,3.9,7.2,1.81
1988,352,Charlie Puleo,/players/p/puleoch01.shtml,puleoch01,33,ATL,NL,5,5,.500,3.47,53,3,17,0,0,1,106.1,101,46,41,9,47,7,70,3,3,0,462,106,3.96,1.392,8.5,0.8,4.0,5.9,1.49
1988,353,Dan Quisenberry,/players/q/quiseda01.shtml,quiseda01,35,TOT,MLB,2,1,.667,5.12,53,0,26,0,0,1,63.1,86,37,36,4,11,3,28,0,3,1,278,73,3.23,1.532,12.2,0.6,1.6,4.0,2.55
1988,354,Dan Quisenberry,/players/q/quiseda01.shtml,quiseda01,35,KCR,AL,0,1,.000,3.55,20,0,13,0,0,1,25.1,32,11,10,0,5,2,9,0,1,1,110,115,2.65,1.461,11.4,0.0,1.8,3.2,1.80
1988,355,Dan Quisenberry,/players/q/quiseda01.shtml,quiseda01,35,STL,NL,2,0,1.000,6.16,33,0,13,0,0,0,38.0,54,26,26,4,6,1,19,0,2,0,168,57,3.61,1.579,12.8,0.9,1.4,4.5,3.17
1988,356,Dennis Rasmussen*,/players/r/rasmude01.shtml,rasmude01,29,TOT,NL,16,10,.615,3.43,31,31,0,7,1,0,204.2,199,84,78,17,58,4,112,4,5,7,854,102,3.66,1.256,8.8,0.7,2.6,4.9,1.93
1988,357,Dennis Rasmussen*,/players/r/rasmude01.shtml,rasmude01,29,CIN,NL,2,6,.250,5.75,11,11,0,1,1,0,56.1,68,36,36,8,22,4,27,2,5,1,255,63,4.93,1.598,10.9,1.3,3.5,4.3,1.23
1988,358,Dennis Rasmussen*,/players/r/rasmude01.shtml,rasmude01,29,SDP,NL,14,4,.778,2.55,20,20,0,6,0,0,148.1,131,48,42,9,36,0,85,2,0,6,599,135,3.18,1.126,7.9,0.5,2.2,5.2,2.36
1988,359,Shane Rawley*,/players/r/rawlesh01.shtml,rawlesh01,32,PHI,NL,8,16,.333,4.18,32,32,0,4,1,0,198.0,220,111,92,27,78,7,87,4,0,2,873,85,4.91,1.505,10.0,1.2,3.5,4.0,1.12
1988,360,Jeff Reardon,/players/r/reardje01.shtml,reardje01,32,MIN,AL,2,4,.333,2.47,63,0,58,0,0,42,73.0,68,21,20,6,15,2,56,2,3,0,299,165,3.00,1.137,8.4,0.7,1.8,6.9,3.73
1988,361,Jerry Reed,/players/r/reedje01.shtml,reedje01,32,SEA,AL,1,1,.500,3.96,46,0,19,0,0,1,86.1,82,42,38,8,33,7,48,2,7,1,363,106,4.08,1.332,8.5,0.8,3.4,5.0,1.45
1988,362,Rick Reed,/players/r/reedri01.shtml,reedri01,23,PIT,NL,1,0,1.000,3.00,2,2,0,0,0,0,12.0,10,4,4,1,2,0,6,0,0,0,47,117,3.35,1.000,7.5,0.8,1.5,4.5,3.00
1988,363,Rick Reuschel,/players/r/reuscri01.shtml,reuscri01,39,SFG,NL,19,11,.633,3.12,36,36,0,7,2,0,245.0,242,88,85,11,42,8,92,6,0,4,1000,105,3.19,1.159,8.9,0.4,1.5,3.4,2.19
1988,364,Jerry Reuss*,/players/r/reussje01.shtml,reussje01,39,CHW,AL,13,9,.591,3.44,32,29,1,2,0,0,183.0,183,79,70,15,43,1,73,3,4,3,751,116,3.79,1.235,9.0,0.7,2.1,3.6,1.70
1988,365,Rick Rhoden,/players/r/rhoderi01.shtml,rhoderi01,35,NYY,AL,12,12,.500,4.29,30,30,0,5,1,0,197.0,206,107,94,20,56,4,94,8,6,2,847,92,4.11,1.330,9.4,0.9,2.6,4.3,1.68
1988,366,Dave Righetti*,/players/r/righeda01.shtml,righeda01,29,NYY,AL,5,4,.556,3.52,60,0,41,0,0,25,87.0,86,35,34,5,37,2,70,1,4,2,377,112,3.22,1.414,8.9,0.5,3.8,7.2,1.89
1988,367,Jose Rijo,/players/r/rijojo01.shtml,rijojo01,23,CIN,NL,13,8,.619,2.39,49,19,12,0,0,0,162.0,120,47,43,7,63,7,160,3,4,1,653,151,2.58,1.130,6.7,0.4,3.5,8.9,2.54
1988,368,Wally Ritchie*,/players/r/ritchwa01.shtml,ritchwa01,22,PHI,NL,0,0,,3.12,19,0,8,0,0,0,26.0,19,14,9,1,17,2,8,1,0,2,115,116,4.73,1.385,6.6,0.3,5.9,2.8,0.47
1988,369,Don Robinson,/players/r/robindo01.shtml,robindo01,31,SFG,NL,10,5,.667,2.45,51,19,19,3,2,6,176.2,152,63,48,11,49,12,122,3,2,4,725,135,3.08,1.138,7.7,0.6,2.5,6.2,2.49
1988,370,Jeff Robinson,/players/r/robinje02.shtml,robinje02,26,DET,AL,13,6,.684,2.98,24,23,0,6,2,0,172.0,121,61,57,19,72,5,114,3,1,8,698,128,4.19,1.122,6.3,1.0,3.8,6.0,1.58
1988,371,Jeff Robinson,/players/r/robinje01.shtml,robinje01,27,PIT,NL,11,5,.688,3.03,75,0,35,0,0,9,124.2,113,44,42,6,39,5,87,3,0,11,513,112,3.01,1.219,8.2,0.4,2.8,6.3,2.23
1988,372,Ron Robinson,/players/r/robinro01.shtml,robinro01,26,CIN,NL,3,7,.300,4.12,17,16,0,0,0,0,78.2,88,47,36,5,26,4,38,2,0,3,347,88,3.70,1.449,10.1,0.6,3.0,4.3,1.46
1988,373,Mike Rochford*,/players/r/rochfmi01.shtml,rochfmi01,25,BOS,AL,0,0,,0.00,2,0,0,0,0,0,2.1,4,0,0,0,1,0,1,0,0,0,12,,3.20,2.143,15.4,0.0,3.9,3.9,1.00
1988,374,Rick Rodriguez,/players/r/rodriri01.shtml,rodriri01,27,CLE,AL,1,2,.333,7.09,10,5,4,0,0,0,33.0,43,28,26,4,17,1,9,1,0,2,156,58,5.44,1.818,11.7,1.1,4.6,2.5,0.53
1988,375,Steve Rosenberg*,/players/r/rosenst01.shtml,rosenst01,23,CHW,AL,0,1,.000,4.30,33,0,18,0,0,1,46.0,53,22,22,5,19,0,28,0,0,1,203,93,4.20,1.565,10.4,1.0,3.7,5.5,1.47
1988,376,Mark Ross,/players/r/rossma01.shtml,rossma01,33,TOR,AL,0,0,,4.91,3,0,2,0,0,0,7.1,5,6,4,0,4,1,4,0,0,0,32,84,3.31,1.227,6.1,0.0,4.9,4.9,1.00
1988,377,Dave Rucker*,/players/r/ruckeda01.shtml,ruckeda01,30,PIT,NL,0,2,.000,4.76,31,0,11,0,0,0,28.1,39,19,15,2,9,1,16,0,0,1,131,72,3.51,1.694,12.4,0.6,2.9,5.1,1.78
1988,378,Bruce Ruffin*,/players/r/ruffibr01.shtml,ruffibr01,24,PHI,NL,6,10,.375,4.43,55,15,14,3,0,3,144.1,151,86,71,7,80,6,82,3,0,12,646,81,3.99,1.600,9.4,0.4,5.0,5.1,1.03
1988,379,Jeff Russell,/players/r/russeje01.shtml,russeje01,26,TEX,AL,10,9,.526,3.82,34,24,1,5,0,0,188.2,183,86,80,15,66,3,88,7,7,5,793,106,4.03,1.320,8.7,0.7,3.1,4.2,1.33
1988,380,Nolan Ryan,/players/r/ryanno01.shtml,ryanno01,41,HOU,NL,12,11,.522,3.52,33,33,0,4,1,0,220.0,186,98,86,18,87,6,228,7,7,10,930,94,3.04,1.241,7.6,0.7,3.6,9.3,2.62
1988,381,Bret Saberhagen,/players/s/saberbr01.shtml,saberbr01,24,KCR,AL,14,16,.467,3.80,35,35,0,9,0,0,260.2,271,122,110,18,59,5,171,4,0,9,1089,106,3.08,1.266,9.4,0.6,2.0,5.9,2.90
1988,382,Roger Samuels*,/players/s/samuero01.shtml,samuero01,27,SFG,NL,1,2,.333,3.47,15,0,8,0,0,0,23.1,17,10,9,4,7,0,22,1,0,2,92,96,4.14,1.029,6.6,1.5,2.7,8.5,3.14
1988,383,Israel Sanchez*,/players/s/sanchis01.shtml,sanchis01,24,KCR,AL,3,2,.600,4.54,19,1,6,0,0,1,35.2,36,20,18,0,18,2,14,0,1,3,157,89,3.50,1.514,9.1,0.0,4.5,3.5,0.78
1988,384,Scott Sanderson,/players/s/sandesc01.shtml,sandesc01,31,CHC,NL,1,2,.333,5.28,11,0,3,0,0,0,15.1,13,9,9,1,3,1,6,0,0,0,62,71,3.42,1.043,7.6,0.6,1.8,3.5,2.00
1988,385,Rich Sauveur*,/players/s/sauveri01.shtml,sauveri01,24,MON,NL,0,0,,6.00,4,0,0,0,0,0,3.0,3,2,2,1,2,0,3,0,0,0,14,68,7.10,1.667,9.0,3.0,6.0,9.0,1.50
1988,386,Dan Schatzeder*,/players/s/schatda01.shtml,schatda01,33,TOT,AL,0,3,.000,6.49,25,0,10,0,0,3,26.1,34,21,19,7,7,1,17,2,0,0,121,65,5.96,1.557,11.6,2.4,2.4,5.8,2.43
1988,387,Dan Schatzeder*,/players/s/schatda01.shtml,schatda01,33,CLE,AL,0,2,.000,9.56,15,0,8,0,0,3,16.0,26,19,17,6,2,0,10,1,0,0,77,44,6.96,1.750,14.6,3.4,1.1,5.6,5.00
1988,388,Dan Schatzeder*,/players/s/schatda01.shtml,schatda01,33,MIN,AL,0,1,.000,1.74,10,0,2,0,0,0,10.1,8,2,2,1,5,1,7,1,0,0,44,241,4.41,1.258,7.0,0.9,4.4,6.1,1.40
1988,389,Bill Scherrer*,/players/s/scherbi01.shtml,scherbi01,30,TOT,MLB,0,1,.000,8.44,12,0,1,0,0,0,10.2,15,10,10,2,5,0,6,0,2,0,51,47,5.49,1.875,12.7,1.7,4.2,5.1,1.20
1988,390,Bill Scherrer*,/players/s/scherbi01.shtml,scherbi01,30,BAL,AL,0,1,.000,13.50,4,0,0,0,0,0,4.0,8,6,6,2,3,0,3,0,2,0,23,32,10.02,2.750,18.0,4.5,6.8,6.8,1.00
1988,391,Bill Scherrer*,/players/s/scherbi01.shtml,scherbi01,30,PHI,NL,0,0,,5.40,8,0,1,0,0,0,6.2,7,4,4,0,2,0,3,0,0,0,28,70,2.77,1.350,9.5,0.0,2.7,4.1,1.50
1988,392,Curt Schilling,/players/s/schilcu01.shtml,schilcu01,21,BAL,AL,0,3,.000,9.82,4,4,0,0,0,0,14.2,22,19,16,3,10,1,4,1,0,2,76,41,7.13,2.182,13.5,1.8,6.1,2.5,0.40
1988,393,Calvin Schiraldi,/players/s/schirca01.shtml,schirca01,26,CHC,NL,9,13,.409,4.38,29,27,2,2,1,1,166.1,166,87,81,13,63,7,140,2,3,6,717,83,3.27,1.377,9.0,0.7,3.4,7.6,2.22
1988,394,Dave Schmidt,/players/s/schmida01.shtml,schmida01,31,BAL,AL,8,5,.615,3.40,41,9,11,0,0,2,129.2,129,58,49,14,38,5,67,3,0,3,541,115,4.09,1.288,9.0,1.0,2.6,4.7,1.76
1988,395,Mike Schooler,/players/s/schoomi01.shtml,schoomi01,25,SEA,AL,5,8,.385,3.54,40,0,33,0,0,15,48.1,45,21,19,4,24,4,54,1,1,4,214,119,3.16,1.428,8.4,0.7,4.5,10.1,2.25
1988,396,Mike Scott,/players/s/scottmi03.shtml,scottmi03,33,HOU,NL,14,8,.636,2.92,32,32,0,8,5,0,218.2,162,74,71,19,53,6,190,8,1,1,875,114,3.00,0.983,6.7,0.8,2.2,7.8,3.58
1988,397,Rod Scurry*,/players/s/scurrro01.shtml,scurrro01,32,SEA,AL,0,2,.000,4.02,39,0,18,0,0,2,31.1,32,16,14,6,18,4,33,4,11,2,150,105,5.26,1.596,9.2,1.7,5.2,9.5,1.83
1988,398,Steve Searcy*,/players/s/searcst01.shtml,searcst01,24,DET,AL,0,2,.000,5.63,2,2,0,0,0,0,8.0,8,6,5,3,4,0,5,0,0,0,37,71,7.89,1.500,9.0,3.4,4.5,5.6,1.25
1988,399,Bob Sebra,/players/s/sebrabo01.shtml,sebrabo01,26,PHI,NL,1,2,.333,7.94,3,3,0,0,0,0,11.1,15,11,10,0,10,0,7,0,1,0,60,46,4.18,2.206,11.9,0.0,7.9,5.6,0.70
1988,400,Jose Segura,/players/s/segurjo01.shtml,segurjo01,25,CHW,AL,0,0,,13.50,4,0,1,0,0,0,8.2,19,17,13,1,8,0,2,0,3,2,52,31,6.58,3.115,19.7,1.0,8.3,2.1,0.25
1988,401,Jeff Sellers,/players/s/selleje01.shtml,selleje01,24,BOS,AL,1,7,.125,4.83,18,12,2,1,0,0,85.2,89,49,46,9,56,3,70,3,7,8,393,86,4.57,1.693,9.4,0.9,5.9,7.4,1.25
1988,402,Scott Service,/players/s/servisc01.shtml,servisc01,21,PHI,NL,0,0,,1.69,5,0,1,0,0,0,5.1,7,1,1,0,1,0,6,1,0,0,23,228,1.64,1.500,11.8,0.0,1.7,10.1,6.00
1988,403,Jeff Shaver,/players/s/shaveje01.shtml,shaveje01,24,OAK,AL,0,0,,0.00,1,0,1,0,0,0,1.0,0,0,0,0,0,0,0,1,0,0,4,,5.77,0.000,0.0,0.0,0.0,0.0,
1988,404,Steve Shields,/players/s/shielst01.shtml,shielst01,29,NYY,AL,5,5,.500,4.37,39,0,13,0,0,0,82.1,96,44,40,8,30,4,55,2,1,3,362,90,3.86,1.530,10.5,0.9,3.3,6.0,1.83
1988,405,Eric Show,/players/s/shower01.shtml,shower01,32,SDP,NL,16,11,.593,3.26,32,32,0,13,1,0,234.2,201,86,85,22,53,5,144,6,5,4,936,105,3.51,1.082,7.7,0.8,2.0,5.5,2.72
1988,406,Candy Sierra,/players/s/sierrca01.shtml,sierrca01,21,TOT,NL,0,1,.000,5.53,16,0,4,0,0,0,27.2,41,17,17,2,12,2,24,0,0,0,127,64,3.28,1.916,13.3,0.7,3.9,7.8,2.00
1988,407,Candy Sierra,/players/s/sierrca01.shtml,sierrca01,21,SDP,NL,0,1,.000,5.70,15,0,4,0,0,0,23.2,36,15,15,2,11,2,20,0,0,0,109,61,3.57,1.986,13.7,0.8,4.2,7.6,1.82
1988,408,Candy Sierra,/players/s/sierrca01.shtml,sierrca01,21,CIN,NL,0,0,,4.50,1,0,0,0,0,0,4.0,5,2,2,0,1,0,4,0,0,0,18,88,1.52,1.500,11.3,0.0,2.3,9.0,4.00
1988,409,Doug Sisk,/players/s/siskdo01.shtml,siskdo01,30,BAL,AL,3,3,.500,3.72,52,0,29,0,0,0,94.1,109,43,39,3,45,6,26,2,0,3,410,105,4.13,1.633,10.4,0.3,4.3,2.5,0.58
1988,410,John Smiley*,/players/s/smilejo01.shtml,smilejo01,23,PIT,NL,13,11,.542,3.25,34,32,0,5,1,0,205.0,185,81,74,15,46,4,129,3,6,6,835,104,3.18,1.127,8.1,0.7,2.0,5.7,2.80
1988,411,Bryn Smith,/players/s/smithbr01.shtml,smithbr01,32,MON,NL,12,10,.545,3.00,32,32,0,1,0,0,198.0,179,79,66,15,32,2,122,10,5,2,791,120,3.16,1.066,8.1,0.7,1.5,5.5,3.81
1988,412,Dave Smith,/players/s/smithda02.shtml,smithda02,33,HOU,NL,4,5,.444,2.67,51,0,39,0,0,27,57.1,60,26,17,1,19,8,38,1,3,1,249,125,2.72,1.378,9.4,0.2,3.0,6.0,2.00
1988,413,Lee Smith,/players/s/smithle02.shtml,smithle02,30,BOS,AL,4,5,.444,2.80,64,0,57,0,0,29,83.2,72,34,26,7,37,6,96,1,0,2,363,148,2.92,1.303,7.7,0.8,4.0,10.3,2.59
1988,414,Mike Smith,/players/s/smithmi04.shtml,smithmi04,27,MON,NL,0,0,,3.12,5,0,3,0,0,1,8.2,6,3,3,0,5,0,4,0,0,0,35,121,3.58,1.269,6.2,0.0,5.2,4.2,0.80
1988,415,Pete Smith,/players/s/smithpe02.shtml,smithpe02,22,ATL,NL,7,15,.318,3.69,32,32,0,5,3,0,195.1,183,89,80,15,88,3,124,1,7,5,837,100,3.86,1.387,8.4,0.7,4.1,5.7,1.41
1988,416,Roy Smith,/players/s/smithro01.shtml,smithro01,26,MIN,AL,3,0,1.000,2.68,9,4,1,0,0,0,37.0,29,12,11,3,12,1,17,1,4,1,152,153,3.96,1.108,7.1,0.7,2.9,4.1,1.42
1988,417,Zane Smith*,/players/s/smithza01.shtml,smithza01,27,ATL,NL,5,10,.333,4.30,23,22,0,3,0,0,140.1,159,72,67,8,44,4,59,3,2,2,609,85,3.67,1.447,10.2,0.5,2.8,3.8,1.34
1988,418,Mike Smithson,/players/s/smithmi03.shtml,smithmi03,33,BOS,AL,9,6,.600,5.97,31,18,6,1,0,0,126.2,149,87,84,25,37,1,73,6,6,2,561,69,5.20,1.468,10.6,1.8,2.6,5.2,1.97
1988,419,John Smoltz,/players/s/smoltjo01.shtml,smoltjo01,21,ATL,NL,2,7,.222,5.48,12,12,0,0,0,0,64.0,74,40,39,10,33,4,37,2,1,2,297,67,5.28,1.672,10.4,1.4,4.6,5.2,1.12
1988,420,Julio Solano,/players/s/solanju01.shtml,solanju01,28,SEA,AL,0,0,,4.09,17,0,10,0,0,3,22.0,22,13,10,3,12,2,10,0,0,1,98,104,5.27,1.545,9.0,1.2,4.9,4.1,0.83
1988,421,Lary Sorensen,/players/s/sorenla01.shtml,sorenla01,32,SFG,NL,0,0,,4.86,12,0,4,0,0,2,16.2,24,13,9,1,3,0,9,0,0,0,78,69,3.01,1.620,13.0,0.5,1.6,4.9,3.00
1988,422,Mario Soto,/players/s/sotoma01.shtml,sotoma01,31,CIN,NL,3,7,.300,4.66,14,14,0,3,1,0,87.0,88,49,45,8,28,3,34,2,8,0,367,78,4.22,1.333,9.1,0.8,2.9,3.5,1.21
1988,423,Randy St. Claire,/players/s/st.clra01.shtml,st.clra01,27,TOT,NL,1,0,1.000,3.86,16,0,9,0,0,0,21.0,24,13,9,5,10,3,14,0,1,0,98,97,5.96,1.619,10.3,2.1,4.3,6.0,1.40
1988,424,Randy St. Claire,/players/s/st.clra01.shtml,st.clra01,27,MON,NL,0,0,,6.14,6,0,3,0,0,0,7.1,11,5,5,2,5,1,6,0,1,0,38,62,6.72,2.182,13.5,2.5,6.1,7.4,1.20
1988,425,Randy St. Claire,/players/s/st.clra01.shtml,st.clra01,27,CIN,NL,1,0,1.000,2.63,10,0,6,0,0,0,13.2,13,8,4,3,5,2,8,0,0,0,60,141,5.55,1.317,8.6,2.0,3.3,5.3,1.60
1988,426,Bob Stanley,/players/s/stanlbo01.shtml,stanlbo01,33,BOS,AL,6,4,.600,3.19,57,0,31,0,0,5,101.2,90,41,36,6,29,7,57,7,1,5,419,130,3.48,1.170,8.0,0.5,2.6,5.0,1.97
1988,427,Dave Stapleton*,/players/s/staplda02.shtml,staplda02,26,MIL,AL,0,0,,5.93,6,0,0,0,0,0,13.2,20,9,9,1,9,1,6,1,1,0,69,69,5.04,2.122,13.2,0.7,5.9,4.0,0.67
1988,428,Dave Stewart,/players/s/stewada01.shtml,stewada01,31,OAK,AL,21,12,.636,3.23,37,37,0,14,2,0,275.2,240,111,99,14,110,5,192,3,16,14,1156,118,3.27,1.270,7.8,0.5,3.6,6.3,1.75
1988,429,Dave Stieb,/players/s/stiebda01.shtml,stiebda01,30,TOR,AL,16,8,.667,3.04,32,31,1,8,4,0,207.1,157,76,70,15,79,0,147,13,5,4,844,128,3.62,1.138,6.8,0.7,3.4,6.4,1.86
1988,430,Tim Stoddard,/players/s/stoddti01.shtml,stoddti01,35,NYY,AL,2,2,.500,6.38,28,0,9,0,0,3,55.0,62,41,39,5,27,1,33,2,0,3,253,62,4.33,1.618,10.1,0.8,4.4,5.4,1.22
1988,431,Todd Stottlemyre,/players/s/stottto01.shtml,stottto01,23,TOR,AL,4,8,.333,5.69,28,16,2,0,0,0,98.0,109,70,62,15,46,5,67,4,3,2,443,69,4.92,1.582,10.0,1.4,4.2,6.2,1.46
1988,432,Les Straker,/players/s/strakle01.shtml,strakle01,28,MIN,AL,2,5,.286,3.92,16,14,1,1,1,1,82.2,86,39,36,8,25,1,23,0,3,4,341,104,4.38,1.343,9.4,0.9,2.7,2.5,0.92
1988,433,Rick Sutcliffe,/players/s/sutclri01.shtml,sutclri01,32,CHC,NL,13,14,.481,3.86,32,32,0,12,2,0,226.0,232,97,97,18,70,9,144,2,4,11,958,94,3.49,1.336,9.2,0.7,2.8,5.7,2.06
1988,434,Bruce Sutter,/players/s/suttebr01.shtml,suttebr01,35,ATL,NL,1,4,.200,4.76,38,0,26,0,0,14,45.1,49,26,24,4,11,3,40,1,0,0,193,78,2.95,1.324,9.7,0.8,2.2,7.9,3.64
1988,435,Don Sutton,/players/s/suttodo01.shtml,suttodo01,43,LAD,NL,3,6,.333,3.92,16,16,0,0,0,0,87.1,91,44,38,7,30,6,44,1,4,2,380,86,3.87,1.385,9.4,0.7,3.1,4.5,1.47
1988,436,Bill Swift,/players/s/swiftbi02.shtml,swiftbi02,26,SEA,AL,8,12,.400,4.59,38,24,4,6,1,0,174.2,199,99,89,10,65,3,47,8,2,6,757,91,4.23,1.511,10.3,0.5,3.3,2.4,0.72
1988,437,Greg Swindell*,/players/s/swindgr01.shtml,swindgr01,23,CLE,AL,18,14,.563,3.20,33,33,0,12,4,0,242.0,234,97,86,18,45,3,180,1,0,5,988,128,2.82,1.153,8.7,0.7,1.7,6.7,4.00
1988,438,Frank Tanana*,/players/t/tananfr01.shtml,tananfr01,34,DET,AL,14,11,.560,4.21,32,32,0,2,0,0,203.0,213,105,95,25,64,7,127,4,0,6,876,91,4.12,1.365,9.4,1.1,2.8,5.6,1.98
1988,439,Terry Taylor,/players/t/taylote01.shtml,taylote01,23,SEA,AL,0,1,.000,6.26,5,5,0,0,0,0,23.0,26,17,16,2,11,1,9,0,0,1,101,68,4.55,1.609,10.2,0.8,4.3,3.5,0.82
1988,440,Kent Tekulve,/players/t/tekulke01.shtml,tekulke01,41,PHI,NL,3,7,.300,3.60,70,0,35,0,0,4,80.0,87,34,32,3,22,11,43,2,0,0,347,99,3.08,1.363,9.8,0.3,2.5,4.8,1.95
1988,441,Walt Terrell,/players/t/terrewa01.shtml,terrewa01,30,DET,AL,7,16,.304,3.97,29,29,0,11,1,0,206.1,199,101,91,20,78,8,84,2,2,7,870,96,4.38,1.342,8.7,0.9,3.4,3.7,1.08
1988,442,Scott Terry,/players/t/terrysc01.shtml,terrysc01,28,STL,NL,9,6,.600,2.92,51,11,14,1,0,3,129.1,119,48,42,5,34,6,65,0,2,1,524,120,3.06,1.183,8.3,0.3,2.4,4.5,1.91
1988,443,Bob Tewksbury,/players/t/tewksbo01.shtml,tewksbo01,27,CHC,NL,0,0,,8.10,1,1,0,0,0,0,3.1,6,5,3,1,2,0,1,0,0,0,18,50,7.87,2.400,16.2,2.7,5.4,2.7,0.50
1988,444,Bobby Thigpen,/players/t/thigpbo01.shtml,thigpbo01,24,CHW,AL,5,8,.385,3.30,68,0,59,0,0,34,90.0,96,38,33,6,33,3,62,4,2,6,398,121,3.49,1.433,9.6,0.6,3.3,6.2,1.88
1988,445,Mark Thurmond*,/players/t/thurmma01.shtml,thurmma01,31,BAL,AL,1,8,.111,4.58,43,6,15,0,0,3,74.2,80,43,38,10,27,3,29,2,0,0,322,86,4.90,1.433,9.6,1.2,3.3,3.5,1.07
1988,446,Jay Tibbs,/players/t/tibbsja01.shtml,tibbsja01,26,BAL,AL,4,15,.211,5.39,30,24,1,1,0,0,158.2,184,103,95,18,63,2,82,3,3,8,708,72,4.46,1.557,10.4,1.0,3.6,4.7,1.30
1988,447,Freddie Toliver,/players/t/tolivfr01.shtml,tolivfr01,27,MIN,AL,7,6,.538,4.24,21,19,0,0,0,0,114.2,116,57,54,8,52,1,69,1,1,10,491,96,3.86,1.465,9.1,0.6,4.1,5.4,1.33
1988,448,John Trautwein,/players/t/trautjo01.shtml,trautjo01,25,BOS,AL,0,1,.000,9.00,9,0,4,0,0,0,16.0,26,17,16,2,9,0,8,1,0,1,78,47,5.27,2.188,14.6,1.1,5.1,4.5,0.89
1988,449,Steve Trout*,/players/t/troutst01.shtml,troutst01,30,SEA,AL,4,7,.364,7.83,15,13,1,0,0,0,56.1,86,53,49,6,31,2,14,5,7,5,278,54,5.57,2.077,13.7,1.0,5.0,2.2,0.45
1988,450,Mike Trujillo,/players/t/trujimi01.shtml,trujimi01,28,DET,AL,0,0,,5.11,6,0,2,0,0,0,12.1,11,7,7,2,5,2,5,0,0,1,52,77,5.28,1.297,8.0,1.5,3.6,3.6,1.00
1988,451,John Tudor*,/players/t/tudorjo01.shtml,tudorjo01,34,TOT,NL,10,8,.556,2.32,30,30,0,5,1,0,197.2,189,60,51,10,41,7,87,1,3,0,794,149,3.18,1.164,8.6,0.5,1.9,4.0,2.12
1988,452,John Tudor*,/players/t/tudorjo01.shtml,tudorjo01,34,STL,NL,6,5,.545,2.29,21,21,0,4,1,0,145.1,131,44,37,5,31,7,55,1,1,0,578,153,3.12,1.115,8.1,0.3,1.9,3.4,1.77
1988,453,John Tudor*,/players/t/tudorjo01.shtml,tudorjo01,34,LAD,NL,4,3,.571,2.41,9,9,0,1,0,0,52.1,58,16,14,5,10,0,32,0,2,0,216,140,3.36,1.299,10.0,0.9,1.7,5.5,3.20
1988,454,Fernando Valenzuela*,/players/v/valenfe01.shtml,valenfe01,27,LAD,NL,5,8,.385,4.24,23,22,1,3,0,1,142.1,142,71,67,11,76,4,64,0,1,7,626,79,4.48,1.532,9.0,0.7,4.8,4.0,0.84
1988,455,Ed Vande Berg*,/players/v/vandeed01.shtml,vandeed01,29,TEX,AL,2,2,.500,4.14,26,0,7,0,0,2,37.0,44,19,17,2,11,4,18,0,1,0,159,99,3.39,1.486,10.7,0.5,2.7,4.4,1.64
1988,456,DeWayne Vaughn,/players/v/vaughde01.shtml,vaughde01,28,TEX,AL,0,0,,7.63,8,0,4,0,0,0,15.1,24,15,13,4,4,0,8,0,0,1,75,54,5.90,1.826,14.1,2.3,2.3,4.7,2.00
1988,457,Frank Viola*,/players/v/violafr01.shtml,violafr01,28,MIN,AL,24,7,.774,2.64,35,35,0,7,2,0,255.1,236,80,75,20,54,2,193,3,1,5,1031,154,2.95,1.136,8.3,0.7,1.9,6.8,3.57
1988,458,Bob Walk,/players/w/walkbo01.shtml,walkbo01,31,PIT,NL,12,10,.545,2.71,32,32,0,1,1,0,212.2,183,75,64,6,65,5,81,2,9,13,881,125,3.32,1.166,7.7,0.3,2.8,3.4,1.25
1988,459,Mike Walker,/players/w/walkemi01.shtml,walkemi01,21,CLE,AL,0,1,.000,7.27,3,1,0,0,0,0,8.2,8,7,7,0,10,0,7,0,0,0,42,59,4.62,2.077,8.3,0.0,10.4,7.3,0.70
1988,460,Gene Walter*,/players/w/waltege01.shtml,waltege01,27,TOT,MLB,1,1,.500,4.60,35,0,9,0,0,0,43.0,42,25,22,0,26,5,27,2,9,1,195,84,3.47,1.581,8.8,0.0,5.4,5.7,1.04
1988,461,Gene Walter*,/players/w/waltege01.shtml,waltege01,27,NYM,NL,0,1,.000,3.78,19,0,5,0,0,0,16.2,21,9,7,0,11,1,14,0,3,0,80,87,3.07,1.920,11.3,0.0,5.9,7.6,1.27
1988,462,Gene Walter*,/players/w/waltege01.shtml,waltege01,27,SEA,AL,1,0,1.000,5.13,16,0,4,0,0,0,26.1,21,16,15,0,15,4,13,2,6,1,115,83,3.72,1.367,7.2,0.0,5.1,4.4,0.87
1988,463,Duane Ward,/players/w/warddu01.shtml,warddu01,24,TOR,AL,9,3,.750,3.30,64,0,32,0,0,15,111.2,101,46,41,5,60,8,91,5,3,10,487,118,3.47,1.442,8.1,0.4,4.8,7.3,1.52
1988,464,Bill Wegman,/players/w/wegmabi01.shtml,wegmabi01,25,MIL,AL,13,13,.500,4.12,32,31,0,4,1,0,199.0,207,104,91,24,50,5,84,4,1,1,847,97,4.31,1.291,9.4,1.1,2.3,3.8,1.68
1988,465,Bob Welch,/players/w/welchbo01.shtml,welchbo01,31,OAK,AL,17,9,.654,3.64,36,36,0,4,2,0,244.2,237,107,99,22,81,1,158,10,13,3,1034,105,3.76,1.300,8.7,0.8,3.0,5.8,1.95
1988,466,David Wells*,/players/w/wellsda01.shtml,wellsda01,25,TOR,AL,3,5,.375,4.62,41,0,15,0,0,4,64.1,65,36,33,12,31,9,56,2,2,6,279,85,4.99,1.492,9.1,1.7,4.3,7.8,1.81
1988,467,David West*,/players/w/westda01.shtml,westda01,23,NYM,NL,1,0,1.000,3.00,2,1,0,0,0,0,6.0,6,2,2,0,3,0,3,0,2,0,25,116,3.27,1.500,9.0,0.0,4.5,4.5,1.00
1988,468,Ed Whitson,/players/w/whitsed01.shtml,whitsed01,33,SDP,NL,13,11,.542,3.77,34,33,0,3,1,0,205.1,202,93,86,17,45,1,118,1,2,2,846,91,3.37,1.203,8.9,0.7,2.0,5.2,2.62
1988,469,Bill Wilkinson*,/players/w/wilkibi01.shtml,wilkibi01,23,SEA,AL,2,2,.500,3.48,30,0,9,0,0,2,31.0,28,14,12,3,15,0,25,0,0,3,136,121,3.87,1.387,8.1,0.9,4.4,7.3,1.67
1988,470,Frank Williams,/players/w/willifr01.shtml,willifr01,30,CIN,NL,3,2,.600,2.59,60,0,8,0,0,1,62.2,59,24,18,6,35,4,43,2,1,4,276,140,4.41,1.500,8.5,0.9,5.0,6.2,1.23
1988,471,Mitch Williams*,/players/w/willimi02.shtml,willimi02,23,TEX,AL,2,7,.222,4.63,67,0,51,0,0,18,68.0,48,38,35,4,47,3,61,6,6,5,296,88,4.08,1.397,6.4,0.5,6.2,8.1,1.30
1988,472,Mark Williamson,/players/w/willima05.shtml,willima05,28,BAL,AL,5,8,.385,4.90,37,10,11,2,0,2,117.2,125,70,64,14,40,8,69,2,3,5,507,80,4.21,1.402,9.6,1.1,3.1,5.3,1.73
1988,473,Carl Willis,/players/w/willica01.shtml,willica01,27,CHW,AL,0,0,,8.25,6,0,0,0,0,0,12.0,17,12,11,3,7,1,6,0,0,2,55,50,6.77,2.000,12.8,2.3,5.3,4.5,0.86
1988,474,Frank Wills,/players/w/willsfr01.shtml,willsfr01,29,TOR,AL,0,0,,5.23,10,0,4,0,0,0,20.2,22,12,12,2,6,2,19,0,0,1,89,76,3.06,1.355,9.6,0.9,2.6,8.3,3.17
1988,475,Steve Wilson*,/players/w/wilsost01.shtml,wilsost01,23,TEX,AL,0,0,,5.87,3,0,1,0,0,0,7.2,7,5,5,1,4,1,1,0,0,0,31,72,5.77,1.435,8.2,1.2,4.7,1.2,0.25
1988,476,Trevor Wilson*,/players/w/wilsotr01.shtml,wilsotr01,22,SFG,NL,0,2,.000,4.09,4,4,0,0,0,0,22.0,25,14,10,1,8,0,15,0,1,0,96,82,3.09,1.500,10.2,0.4,3.3,6.1,1.88
1988,477,Jim Winn,/players/w/winnji01.shtml,winnji01,28,MIN,AL,1,0,1.000,6.00,9,0,5,0,0,0,21.0,33,15,14,4,10,1,9,0,1,3,104,69,5.82,2.048,14.1,1.7,4.3,3.9,0.90
1988,478,Bobby Witt,/players/w/wittbo01.shtml,wittbo01,24,TEX,AL,8,10,.444,3.92,22,22,0,13,2,0,174.1,134,83,76,13,101,2,148,1,8,16,736,104,3.80,1.348,6.9,0.7,5.2,7.6,1.47
1988,479,Mike Witt,/players/w/wittmi01.shtml,wittmi01,27,CAL,AL,13,16,.448,4.15,34,34,0,12,2,0,249.2,263,130,115,14,87,7,133,5,2,9,1080,93,3.54,1.402,9.5,0.5,3.1,4.8,1.53
1988,480,Rob Woodward,/players/w/woodwbo01.shtml,woodwbo01,25,BOS,AL,0,0,,13.50,1,0,1,0,0,0,0.2,2,1,1,0,1,0,0,0,0,0,5,48,7.27,4.500,27.0,0.0,13.5,0.0,0.00
1988,481,Todd Worrell,/players/w/worreto01.shtml,worreto01,28,STL,NL,5,9,.357,3.00,68,0,54,0,0,32,90.0,69,32,30,7,34,14,78,1,2,6,366,117,3.21,1.144,6.9,0.7,3.4,7.8,2.29
1988,482,Rich Yett,/players/y/yettri01.shtml,yettri01,25,CLE,AL,9,6,.600,4.62,23,22,0,0,0,0,134.1,146,72,69,11,55,1,71,1,3,4,590,89,4.03,1.496,9.8,0.7,3.7,4.8,1.29
1988,483,Floyd Youmans,/players/y/youmafl01.shtml,youmafl01,24,MON,NL,3,6,.333,3.21,14,13,1,1,1,0,84.0,64,35,30,8,41,1,54,2,1,4,351,112,4.26,1.250,6.9,0.9,4.4,5.8,1.32
1988,484,Curt Young*,/players/y/youngcu01.shtml,youngcu01,28,OAK,AL,11,8,.579,4.14,26,26,0,1,0,0,156.1,162,77,72,23,50,3,69,4,6,3,651,92,4.84,1.356,9.3,1.3,2.9,4.0,1.38
