2001,1,Paul Abbott,/players/a/abbotpa01.shtml,abbotpa01,33,SEA,163.0,28,27,17,4,6,7,0,22,5,.815,2,4,1,0,11,41%,50.5,74,8,14,3,0,13,7.3,7.3,6.0,101,2,10,12,3,128
2001,2,Jose Acevedo,/players/a/acevejo01.shtml,acevejo01,23,CIN,96.0,18,18,5,7,6,0,2,8,10,.444,1,2,0,0,10,56%,46.6,66,10,10,4,0,9,5.7,5.3,5.3,85,7,5,6,0,108
2001,3,Terry Adams,/players/a/adamste01.shtml,adamste01,28,LAD,166.1,43,22,10,6,6,2,2,12,10,.545,2,4,0,0,13,59%,51.1,80,24,12,6,1,4,4.6,4.6,6.2,100,2,10,9,1,120
2001,4,Brian Anderson*,/players/a/anderbr02.shtml,anderbr02,29,ARI,133.1,29,22,3,9,10,2,2,9,13,.409,3,3,1,0,9,41%,43.0,70,13,10,8,1,8,5.1,4.0,5.6,81,9,10,3,0,111
2001,5,Jimmy Anderson*,/players/a/anderji02.shtml,anderji02,25,PIT,206.1,34,34,9,17,8,0,4,16,18,.471,3,3,1,0,17,50%,44.9,76,-9,28,10,0,15,3.8,4.1,6.1,93,8,12,13,1,120
2001,6,Rick Ankiel*,/players/a/ankieri01.shtml,ankieri01,21,STL,24.0,6,6,1,2,3,1,0,2,4,.333,0,2,0,0,0,0%,41.3,58,34,7,3,0,5,5.0,6.8,4.0,86,3,2,1,0,100
2001,7,Kevin Appier,/players/a/appieke01.shtml,appieke01,33,NYM,206.2,33,33,11,10,12,0,2,16,17,.485,3,6,1,1,22,67%,55.4,82,20,15,4,0,18,4.0,3.8,6.3,100,2,10,18,3,125
2001,8,Tony Armas,/players/a/armasto02.shtml,armasto02,23,MON,196.2,34,34,9,14,11,3,3,16,18,.471,4,6,0,0,16,47%,51.8,84,20,10,6,0,10,3.9,3.7,5.8,99,5,9,18,2,126
2001,9,Rolando Arrojo,/players/a/arrojro01.shtml,arrojro01,32,BOS,103.1,41,9,2,1,6,0,1,4,5,.444,3,1,0,0,6,67%,58.3,76,34,12,2,1,4,4.9,4.8,5.4,83,3,5,1,0,114
2001,10,Bronson Arroyo,/players/a/arroybr01.shtml,arroybr01,24,PIT,88.1,24,13,4,7,2,3,1,5,8,.385,0,2,1,0,2,15%,42.5,73,25,10,4,2,9,4.7,4.1,5.2,78,8,4,1,0,114
2001,11,Andy Ashby,/players/a/ashbyan01.shtml,ashbyan01,33,LAD,11.2,2,2,2,0,0,2,0,2,0,1.000,0,0,0,0,0,0%,49.5,53,46,2,0,0,2,6.4,9.8,5.8,85,1,1,0,0,93
2001,12,Pedro Astacio,/players/a/astacpe01.shtml,astacpe01,32,TOT,169.2,26,26,8,14,4,1,7,9,17,.346,2,1,4,1,15,58%,48.8,86,5,19,5,1,12,5.4,5.5,6.5,103,3,6,14,3,126
2001,13,Pedro Astacio,/players/a/astacpe01.shtml,astacpe01,32,COL,141.0,22,22,6,13,3,1,6,6,16,.273,2,0,4,1,11,50%,47.5,86,5,16,5,1,9,5.5,5.5,6.4,103,3,5,11,3,126
2001,14,Pedro Astacio,/players/a/astacpe01.shtml,astacpe01,32,HOU,28.2,4,4,2,1,1,0,1,3,1,.750,0,1,0,0,4,100%,56.2,61,51,3,0,0,3,4.9,5.5,7.2,105,0,1,3,0,119
2001,15,Manny Aybar,/players/a/aybarma01.shtml,aybarma01,29,CHC,22.2,17,1,1,0,0,1,0,1,0,1.000,0,0,0,0,0,0%,62.0,62,62,12,5,0,0,11.0,9.0,5.0,69,1,0,0,0,69
2001,16,James Baldwin,/players/b/baldwja01.shtml,baldwja01,29,TOT,175.0,29,28,10,11,7,2,3,13,15,.464,3,3,2,1,15,54%,47.6,76,11,9,2,1,16,4.4,4.0,6.1,98,2,9,14,3,124
2001,17,James Baldwin,/players/b/baldwja01.shtml,baldwja01,29,CHW,95.2,17,16,7,5,4,2,2,10,6,.625,1,2,2,1,9,56%,45.1,70,11,8,1,0,8,5.1,4.8,5.8,97,1,6,6,3,124
2001,18,James Baldwin,/players/b/baldwja01.shtml,baldwja01,29,LAD,79.1,12,12,3,6,3,0,1,3,9,.250,2,1,0,0,6,50%,51.0,76,22,1,1,1,8,3.4,3.0,6.6,99,1,3,8,0,112
2001,19,Miguel Batista,/players/b/batismi01.shtml,batismi01,30,ARI,139.1,48,18,6,6,6,3,0,8,10,.444,4,0,0,0,5,28%,52.4,72,33,19,6,5,7,4.3,4.5,5.4,87,6,8,4,0,109
2001,20,Rick Bauer,/players/b/bauerri01.shtml,bauerri01,24,BAL,33.0,6,6,0,5,1,0,2,1,5,.167,1,0,0,0,3,50%,46.7,62,17,6,0,0,3,2.5,2.3,5.5,91,2,1,3,0,108
2001,21,Josh Beckett,/players/b/beckejo02.shtml,beckejo02,21,FLA,24.0,4,4,2,2,0,0,2,2,2,.500,0,0,0,0,4,100%,61.8,72,54,0,0,0,4,5.6,5.7,6.0,87,0,4,0,0,91
2001,22,Joe Beimel*,/players/b/beimejo01.shtml,beimejo01,24,PIT,115.1,42,15,4,10,1,3,0,4,11,.267,1,0,0,0,1,7%,38.7,66,17,22,9,1,7,4.3,4.9,4.8,77,8,7,0,0,98
2001,23,Rob Bell,/players/b/bellro01.shtml,bellro01,24,TOT,149.2,27,27,5,10,12,3,3,11,16,.407,3,7,0,0,6,22%,41.1,72,12,22,6,0,14,5.4,5.1,5.5,89,6,13,8,0,111
2001,24,Rob Bell,/players/b/bellro01.shtml,bellro01,24,CIN,44.1,9,9,0,5,4,0,3,1,8,.111,0,3,0,0,3,33%,46.6,64,35,6,0,0,5,3.1,3.0,4.9,74,5,3,1,0,100
2001,25,Rob Bell,/players/b/bellro01.shtml,bellro01,24,TEX,105.1,18,18,5,5,8,3,0,10,8,.556,3,4,0,0,3,17%,38.4,72,12,16,6,0,9,6.6,6.0,5.9,97,1,10,7,0,111
2001,26,Alan Benes,/players/b/benesal01.shtml,benesal01,29,STL,14.2,9,1,1,0,0,0,0,1,0,1.000,0,0,0,0,1,100%,61.0,61,61,3,1,0,1,6.8,9.0,6.0,92,0,1,0,0,92
2001,27,Andy Benes,/players/b/benesan01.shtml,benesan01,33,STL,107.1,27,19,6,6,7,2,1,10,9,.526,2,2,0,0,7,37%,40.9,66,0,27,9,0,11,6.1,6.9,5.1,95,2,10,7,0,117
2001,28,Joaquin Benoit,/players/b/benoijo01.shtml,benoijo01,23,TEX,5.0,1,1,0,0,1,0,0,0,1,.000,0,0,0,0,0,0%,28.0,28,28,0,0,0,1,6.0,13.5,5.0,93,0,1,0,0,93
2001,29,Jason Bere,/players/b/bereja01.shtml,bereja01,30,CHC,188.0,32,32,11,11,10,3,3,16,16,.500,2,6,2,0,18,56%,52.2,84,11,14,5,0,16,4.8,4.3,5.9,93,5,14,12,1,127
2001,30,Rocky Biddle,/players/b/biddlro01.shtml,biddlro01,25,CHW,128.2,30,21,4,7,10,2,2,8,13,.381,2,5,0,0,8,38%,45.0,62,14,17,6,1,10,5.2,5.9,5.4,91,5,9,7,0,116
2001,31,Nick Bierbrodt*,/players/b/bierbni01.shtml,bierbni01,23,TOT,84.1,16,16,5,6,5,1,0,8,8,.500,2,2,0,0,6,38%,44.2,77,9,7,1,0,9,6.3,6.5,5.3,97,3,6,6,1,122
2001,32,Nick Bierbrodt*,/players/b/bierbni01.shtml,bierbni01,23,ARI,23.0,5,5,2,2,1,1,0,3,2,.600,0,1,0,0,1,20%,38.4,53,22,0,0,0,4,10.3,13.3,4.6,89,3,0,1,1,122
2001,33,Nick Bierbrodt*,/players/b/bierbni01.shtml,bierbni01,23,TBD,61.1,11,11,3,4,4,0,0,5,6,.455,2,1,0,0,5,45%,46.8,77,9,7,1,0,5,4.6,4.3,5.6,100,0,6,5,0,117
2001,34,Willie Blair,/players/b/blairwi01.shtml,blairwi01,35,DET,24.0,9,4,0,4,0,0,1,0,4,.000,0,0,0,0,1,25%,26.0,53,15,6,5,1,2,3.8,2.0,4.3,81,2,0,2,0,104
2001,35,Matt Blank*,/players/b/blankma01.shtml,blankma01,25,MON,22.2,5,4,2,2,0,2,0,2,2,.500,0,0,0,0,0,0%,41.8,52,29,5,0,0,3,5.4,6.0,5.1,91,0,3,1,0,102
2001,36,Brian Bohanon*,/players/b/bohanbr01.shtml,bohanbr01,32,COL,97.0,20,19,5,8,6,1,0,8,11,.421,2,5,0,0,7,37%,37.9,60,5,14,6,1,11,6.1,4.5,5.1,85,5,13,1,0,106
2001,37,Joe Borowski,/players/b/borowjo01.shtml,borowjo01,30,CHC,1.2,1,1,0,1,0,0,0,0,1,.000,0,0,0,0,0,0%,17.0,17,17,1,0,0,1,4.0,0.0,1.7,53,1,0,0,0,53
2001,38,Kent Bottenfield,/players/b/botteke01.shtml,botteke01,32,HOU,52.0,13,9,2,5,2,1,0,2,7,.222,1,1,0,0,1,11%,39.9,63,18,6,0,0,6,4.1,4.7,4.8,83,3,5,1,0,115
2001,39,Jim Brower,/players/b/broweji01.shtml,broweji01,28,CIN,129.1,46,10,4,3,3,3,1,6,4,.600,1,2,0,0,2,20%,42.1,61,24,18,6,1,4,6.0,5.4,4.9,83,2,6,2,0,100
2001,40,Kevin Brown,/players/b/brownke01.shtml,brownke01,36,LAD,115.2,20,19,10,4,5,3,1,13,6,.684,2,3,1,0,10,53%,57.7,86,27,13,5,1,8,4.5,4.0,6.0,93,5,8,6,0,115
2001,41,Mark Buehrle*,/players/b/buehrma01.shtml,buehrma01,22,CHW,221.1,32,32,16,8,8,2,3,20,12,.625,2,4,4,2,20,63%,56.2,88,21,18,9,0,17,5.3,5.4,6.9,103,1,10,21,0,117
2001,42,Dave Burba,/players/b/burbada01.shtml,burbada01,34,CLE,150.2,32,27,10,10,7,4,2,14,13,.519,2,3,1,0,11,41%,41.3,70,8,25,10,2,11,6.3,6.4,5.1,88,9,8,10,0,118
2001,43,John Burkett,/players/b/burkejo03.shtml,burkejo03,36,ATL,219.1,34,34,12,12,10,1,5,18,16,.529,2,4,1,1,22,65%,57.1,85,26,23,2,0,11,4.6,4.2,6.5,97,3,16,15,0,116
2001,44,A.J. Burnett,/players/b/burnea.01.shtml,burnea.01,24,FLA,173.1,27,27,11,12,4,1,4,12,15,.444,1,1,2,1,17,63%,53.0,85,15,17,8,0,15,3.7,4.1,6.4,103,3,6,16,2,129
2001,45,Paul Byrd,/players/b/byrdpa01.shtml,byrdpa01,30,TOT,103.1,19,16,5,7,4,0,1,6,10,.375,1,4,1,0,8,50%,47.0,78,14,12,5,0,7,4.5,3.1,5.9,90,4,6,6,0,119
2001,46,Paul Byrd,/players/b/byrdpa01.shtml,byrdpa01,30,PHI,10.0,3,1,0,1,0,0,0,0,1,.000,0,0,0,0,0,0%,35.0,35,35,1,1,0,1,3.0,3.0,7.0,103,0,0,1,0,103
2001,47,Paul Byrd,/players/b/byrdpa01.shtml,byrdpa01,30,KCR,93.1,16,15,5,6,4,0,1,6,9,.400,1,4,1,0,8,53%,47.8,78,14,11,4,0,6,4.6,3.1,5.9,89,4,6,5,0,119
2001,48,Chris Carpenter,/players/c/carpech01.shtml,carpech01,26,TOR,215.2,34,34,11,11,12,1,4,18,16,.529,6,3,3,2,17,50%,50.1,87,8,19,11,0,15,5.2,5.1,6.3,97,3,15,13,3,124
2001,49,Giovanni Carrara,/players/c/carragi01.shtml,carragi01,33,LAD,85.1,47,3,1,1,1,0,0,2,1,.667,0,1,0,0,1,33%,57.7,59,56,16,3,2,0,6.5,6.2,5.3,82,2,1,0,0,97
2001,50,Frank Castillo,/players/c/castifr01.shtml,castifr01,32,BOS,136.2,26,26,10,9,7,5,2,12,14,.462,2,3,0,0,9,35%,49.5,77,14,18,9,0,15,4.4,5.0,5.3,86,5,17,3,1,124
2001,51,Shawn Chacon,/players/c/chacosh01.shtml,chacosh01,23,COL,160.0,27,27,6,10,11,1,3,11,16,.407,4,4,0,0,14,52%,48.1,76,3,10,2,0,17,5.0,5.0,5.9,101,1,10,14,2,125
2001,52,Bruce Chen*,/players/c/chenbr01.shtml,chenbr01,24,TOT,146.0,27,27,7,7,13,3,0,16,11,.593,4,6,0,0,9,33%,48.5,78,15,18,6,0,15,5.7,4.8,5.4,91,5,10,11,1,129
2001,53,Bruce Chen*,/players/c/chenbr01.shtml,chenbr01,24,PHI,86.1,16,16,4,5,7,2,0,7,9,.438,3,4,0,0,4,25%,48.2,72,15,8,2,0,9,5.6,5.0,5.4,93,3,6,6,1,129
2001,54,Bruce Chen*,/players/c/chenbr01.shtml,chenbr01,24,NYM,59.2,11,11,3,2,6,1,0,9,2,.818,1,2,0,0,5,45%,48.9,78,21,10,4,0,6,5.9,4.3,5.4,90,2,4,5,0,109
2001,55,Roger Clemens,/players/c/clemero02.shtml,clemero02,38,NYY,220.1,33,33,20,3,10,5,0,27,5,.844,2,6,0,0,21,64%,55.9,84,31,15,4,1,14,5.7,5.9,6.7,109,0,6,22,5,135
2001,56,Matt Clement,/players/c/clemema01.shtml,clemema01,26,FLA,169.1,31,31,9,10,12,1,0,16,15,.516,3,8,0,0,12,39%,47.1,77,25,31,16,0,15,5.4,5.0,5.5,90,5,16,10,0,109
2001,57,Pasqual Coco,/players/c/cocopa01.shtml,cocopa01,23,TOR,14.1,7,1,0,0,1,0,0,1,0,1.000,0,0,0,0,0,0%,42.0,42,42,4,2,0,1,7.0,3.6,4.3,88,0,1,0,0,88
2001,58,Dave Coggin,/players/c/coggida01.shtml,coggida01,24,PHI,95.0,17,17,6,7,4,0,2,8,9,.471,0,2,0,0,10,59%,49.3,80,24,15,4,0,11,3.4,3.4,5.6,90,3,8,6,0,111
2001,59,Bartolo Colon,/players/c/colonba01.shtml,colonba01,28,CLE,222.1,34,34,14,12,8,4,2,18,16,.529,2,3,1,0,19,56%,52.7,80,7,20,7,1,17,4.9,4.9,6.5,107,3,6,15,10,139
2001,60,David Cone,/players/c/coneda01.shtml,coneda01,38,BOS,135.2,25,25,9,7,9,3,1,15,10,.600,0,5,0,0,10,40%,48.5,79,20,13,2,0,13,4.7,4.5,5.4,93,3,17,4,1,120
2001,61,Brian Cooper,/players/c/coopebr01.shtml,coopebr01,26,ANA,13.2,7,1,0,1,0,0,0,0,1,.000,0,0,0,0,0,0%,56.0,56,56,0,0,1,0,2.0,2.3,5.0,73,1,0,0,0,73
2001,62,Rocky Coppinger,/players/c/coppiro01.shtml,coppiro01,27,MIL,22.2,8,3,1,0,2,1,0,3,0,1.000,1,1,0,0,0,0%,47.7,50,46,2,0,0,0,6.9,6.4,5.0,89,0,3,0,0,97
2001,63,Nate Cornejo,/players/c/cornena01.shtml,cornena01,21,DET,42.2,10,10,4,4,2,2,0,6,4,.600,0,2,0,0,2,20%,36.6,59,19,11,1,0,5,6.2,5.0,4.3,83,5,3,2,0,106
2001,64,Paxton Crawford,/players/c/crawfpa02.shtml,crawfpa02,23,BOS,36.0,8,7,3,0,4,1,0,5,2,.714,0,3,0,0,4,57%,48.0,69,16,3,0,0,5,6.8,5.4,4.9,83,2,3,2,0,105
2001,65,Juan Cruz,/players/c/cruzju02.shtml,cruzju02,22,CHC,44.2,8,8,3,1,4,1,1,4,4,.500,2,1,0,0,4,50%,54.2,65,39,3,0,0,3,6.1,5.9,5.6,85,2,5,1,0,101
2001,66,Will Cunnane,/players/c/cunnawi01.shtml,cunnawi01,27,MIL,51.2,31,1,0,1,0,0,0,0,1,.000,0,0,0,0,0,0%,27.0,27,27,8,6,0,1,3.0,0.0,4.0,69,1,0,0,0,69
2001,67,Jeff D'Amico,/players/d/d'amije01.shtml,d'amije01,25,MIL,47.1,10,10,2,4,4,1,0,5,5,.500,1,2,0,0,3,30%,40.6,61,23,4,3,0,7,5.3,5.3,4.7,80,5,3,2,0,103
2001,68,Omar Daal*,/players/d/daalom01.shtml,daalom01,29,PHI,185.2,32,32,13,7,12,4,2,21,11,.656,3,7,0,0,16,50%,48.1,83,15,20,8,0,19,5.3,4.8,5.8,89,6,18,7,1,124
2001,69,Doug Davis*,/players/d/davisdo02.shtml,davisdo02,25,TEX,186.0,30,30,11,10,9,3,4,13,17,.433,3,6,1,0,17,57%,46.7,71,19,24,8,0,17,5.1,5.5,6.2,102,2,9,17,2,125
2001,70,Lance Davis*,/players/d/davisla01.shtml,davisla01,24,CIN,106.1,20,20,8,4,8,1,0,11,9,.550,1,6,1,0,9,45%,46.0,78,11,15,3,0,8,5.2,5.2,5.3,85,6,9,4,1,121
2001,71,Ryan Dempster,/players/d/dempsry01.shtml,dempsry01,24,FLA,211.1,34,34,15,12,7,2,3,18,16,.529,2,5,2,1,19,56%,48.0,83,13,25,10,0,18,5.2,5.6,6.2,105,3,7,18,6,129
2001,72,Elmer Dessens,/players/d/desseel01.shtml,desseel01,30,CIN,205.0,34,34,10,14,10,3,5,17,17,.500,4,4,1,1,19,56%,49.0,80,17,16,11,0,15,4.4,3.8,6.0,94,6,16,12,0,116
2001,73,Octavio Dotel,/players/d/doteloc01.shtml,doteloc01,27,HOU,105.0,61,4,1,2,1,0,0,1,3,.250,1,0,0,0,1,25%,43.5,65,26,15,9,1,3,5.1,4.5,5.3,89,1,2,1,0,103
2001,74,Sean Douglass,/players/d/douglse01.shtml,douglse01,22,BAL,20.1,4,4,2,1,1,2,0,3,1,.750,0,1,0,0,1,25%,46.2,62,18,6,0,0,2,6.0,7.2,5.1,94,0,3,1,0,105
2001,75,Darren Dreifort,/players/d/dreifda01.shtml,dreifda01,29,LAD,94.2,16,16,4,7,5,1,1,7,9,.438,2,3,0,0,6,38%,48.6,73,12,10,2,0,9,4.7,5.2,5.9,95,2,8,5,1,122
2001,76,Ryan Drese,/players/d/dresery01.shtml,dresery01,25,CLE,36.2,9,4,1,1,2,1,1,2,2,.500,1,0,0,0,1,25%,52.5,68,45,3,3,0,3,4.6,3.0,5.9,98,1,1,2,0,111
2001,77,Tim Drew,/players/d/drewti01.shtml,drewti01,22,CLE,35.0,8,6,0,2,4,0,0,3,3,.500,0,0,0,0,1,17%,38.0,60,22,10,2,0,6,7.0,8.6,4.3,75,4,1,1,0,102
2001,78,Justin Duchscherer,/players/d/duchsju01.shtml,duchsju01,23,TEX,14.2,5,2,1,1,0,1,0,1,1,.500,0,0,0,0,0,0%,37.5,50,25,3,2,0,2,4.2,7.0,5.2,86,0,2,0,0,92
2001,79,Brandon Duckworth,/players/d/duckwbr01.shtml,duckwbr01,25,PHI,69.0,11,11,3,2,6,1,1,6,5,.545,3,2,0,0,8,73%,53.5,74,34,12,4,0,4,3.9,4.0,6.3,102,1,3,7,0,117
2001,80,Chad Durbin,/players/d/durbich01.shtml,durbich01,23,KCR,179.0,29,29,9,16,4,1,5,10,19,.345,0,0,2,0,16,55%,46.1,77,14,26,4,0,10,3.8,3.8,6.2,100,5,7,14,3,137
2001,81,Adam Eaton,/players/e/eatonad01.shtml,eatonad01,23,SDP,116.2,17,17,8,5,4,4,1,10,7,.588,0,4,2,0,8,47%,53.7,80,29,4,2,0,10,5.0,5.1,6.9,108,1,3,10,3,132
2001,82,Scott Elarton,/players/e/elartsc01.shtml,elartsc01,25,TOT,132.2,24,24,4,10,10,1,1,10,14,.417,2,5,0,0,5,21%,41.3,72,19,19,10,0,12,5.7,5.2,5.5,95,3,10,8,3,128
2001,83,Scott Elarton,/players/e/elartsc01.shtml,elartsc01,25,HOU,109.2,20,20,4,8,8,1,0,9,11,.450,2,3,0,0,4,20%,40.7,72,19,19,10,0,8,6.2,5.6,5.5,96,3,7,7,3,128
2001,84,Scott Elarton,/players/e/elartsc01.shtml,elartsc01,25,COL,23.0,4,4,0,2,2,0,1,1,3,.250,0,2,0,0,1,25%,44.0,68,24,0,0,0,4,3.6,3.3,5.8,93,0,3,1,0,101
2001,85,Cal Eldred,/players/e/eldreca01.shtml,eldreca01,33,CHW,6.0,2,2,0,1,1,0,0,1,1,.500,0,1,0,0,0,0%,30.5,49,12,0,0,0,2,5.8,3.0,3.0,60,1,1,0,0,85
2001,86,Robert Ellis,/players/e/ellisro02.shtml,ellisro02,30,ARI,92.0,19,17,6,5,6,3,1,11,6,.647,2,2,0,0,8,47%,43.8,64,17,5,2,2,8,5.6,4.9,5.2,78,8,6,3,0,103
2001,87,Kelvim Escobar,/players/e/escobke01.shtml,escobke01,25,TOR,126.0,59,11,4,4,3,1,1,6,5,.545,0,1,1,1,5,45%,57.2,83,16,29,12,1,5,4.6,4.7,6.2,94,2,4,5,0,113
2001,88,Shawn Estes*,/players/e/estessh01.shtml,estessh01,28,SFG,159.0,27,27,9,8,10,2,2,14,13,.519,2,7,0,0,16,59%,50.7,77,18,15,8,0,16,4.2,3.6,5.9,93,5,10,11,1,121
2001,89,Jared Fernandez,/players/f/fernaja01.shtml,fernaja01,29,CIN,12.1,5,2,0,1,1,0,0,0,2,.000,0,0,0,0,0,0%,34.0,35,33,5,2,1,1,3.5,3.4,3.7,62,2,0,0,0,66
2001,90,Osvaldo Fernandez,/players/f/fernaos01.shtml,fernaos01,32,CIN,79.1,20,14,5,6,3,2,1,7,7,.500,2,1,0,0,5,36%,38.6,65,8,6,4,0,7,4.5,5.7,4.9,82,7,5,2,0,116
2001,91,Nelson Figueroa,/players/f/figuene01.shtml,figuene01,27,PHI,89.0,19,13,4,5,4,1,0,4,9,.308,1,1,0,0,6,46%,49.9,66,33,13,5,0,6,4.8,3.8,6.0,94,1,8,4,0,106
2001,92,Chuck Finley*,/players/f/finlech01.shtml,finlech01,38,CLE,113.2,22,22,8,7,7,2,1,13,9,.591,1,4,1,0,9,41%,46.0,75,4,18,6,0,12,5.8,5.6,5.2,83,7,11,4,0,113
2001,93,Casey Fossum*,/players/f/fossuca01.shtml,fossuca01,23,BOS,44.1,13,7,2,2,3,2,0,5,2,.714,0,1,0,0,0,0%,42.3,58,22,12,4,1,4,6.1,6.5,5.0,87,2,3,2,0,104
2001,94,Eric Gagne,/players/g/gagneer01.shtml,gagneer01,25,LAD,151.2,33,24,5,6,13,1,1,11,13,.458,4,5,0,0,12,50%,49.4,79,16,9,2,0,11,5.3,4.9,5.7,94,5,10,8,1,122
2001,95,Freddy Garcia,/players/g/garcifr03.shtml,garcifr03,24,SEA,238.2,34,34,18,6,10,2,2,24,10,.706,3,3,4,3,24,71%,57.9,86,23,23,5,0,15,5.1,5.3,7.0,104,1,12,18,3,126
2001,96,Mark Gardner,/players/g/gardnma01.shtml,gardnma01,39,SFG,91.2,23,15,4,5,6,2,0,7,8,.467,1,1,0,0,6,40%,46.0,71,5,12,6,1,9,4.1,4.5,5.4,93,2,9,3,1,122
2001,97,Jon Garland,/players/g/garlajo01.shtml,garlajo01,21,CHW,117.0,35,16,4,6,6,1,0,7,9,.438,2,2,0,0,6,38%,45.4,64,17,19,8,0,6,4.3,4.3,5.2,89,4,8,4,0,108
2001,98,Chris George*,/players/g/georgch02.shtml,georgch02,21,KCR,74.0,13,13,4,8,1,0,2,4,9,.308,1,0,1,0,6,46%,44.2,71,25,8,3,0,7,5.1,5.1,5.7,89,2,7,4,0,108
2001,99,Tom Glavine*,/players/g/glavito02.shtml,glavito02,35,ATL,219.1,35,35,16,7,12,3,0,21,14,.600,6,4,1,1,21,60%,51.2,76,22,21,9,0,9,5.0,4.6,6.3,98,5,9,19,2,126
2001,100,Gary Glover,/players/g/glovega01.shtml,glovega01,24,CHW,100.1,46,11,2,4,5,0,1,4,7,.364,3,0,0,0,3,27%,47.3,62,22,24,7,1,6,4.5,5.9,5.2,86,3,4,4,0,103
2001,101,Ryan Glynn,/players/g/glynnry01.shtml,glynnry01,26,TEX,46.0,12,9,1,5,3,0,1,1,8,.111,0,2,0,0,2,22%,37.3,79,14,11,3,0,5,4.1,3.6,4.5,80,3,5,1,0,112
2001,102,Dicky Gonzalez,/players/g/gonzadi01.shtml,gonzadi01,22,NYM,59.0,16,7,2,2,3,2,1,5,2,.714,0,2,0,0,1,14%,39.7,47,27,6,2,0,3,6.2,5.4,5.5,89,1,5,1,0,102
2001,103,Steve Green,/players/g/greenst01.shtml,greenst01,23,ANA,6.0,1,1,0,0,1,0,0,0,1,.000,0,0,0,0,1,100%,54.0,54,54,0,0,0,1,2.0,3.0,6.0,98,0,1,0,0,98
2001,104,Jason Grilli,/players/g/grillja01.shtml,grillja01,24,FLA,26.2,6,5,2,2,1,1,0,3,2,.600,0,1,0,0,1,20%,42.4,66,8,8,4,0,3,5.7,4.3,5.1,80,3,2,0,0,97
2001,105,John Halama*,/players/h/halamjo01.shtml,halamjo01,29,SEA,110.1,31,17,6,6,5,2,1,11,6,.647,0,4,0,0,6,35%,41.5,68,16,24,11,1,9,6.6,6.2,4.8,77,9,7,1,0,104
2001,106,Roy Halladay,/players/h/hallaro01.shtml,hallaro01,24,TOR,105.1,17,16,5,3,8,0,2,8,8,.500,5,1,1,1,13,81%,58.9,91,38,10,3,0,7,3.9,3.6,6.4,93,1,11,4,0,112
2001,107,Joey Hamilton,/players/h/hamiljo02.shtml,hamiljo02,30,TOT,139.2,26,26,6,10,10,4,0,12,14,.462,2,4,0,0,7,27%,41.2,65,18,21,8,0,12,4.7,4.3,5.4,89,9,8,8,1,122
2001,108,Joey Hamilton,/players/h/hamiljo02.shtml,hamiljo02,30,TOR,122.1,22,22,5,8,9,3,0,10,12,.455,2,3,0,0,7,32%,41.2,65,18,18,8,0,9,4.9,4.6,5.6,90,6,8,7,1,122
2001,109,Joey Hamilton,/players/h/hamiljo02.shtml,hamiljo02,30,CIN,17.1,4,4,1,2,1,1,0,2,2,.500,0,1,0,0,0,0%,41.5,65,29,3,0,0,3,3.6,1.8,4.3,81,3,0,1,0,109
2001,110,Mike Hampton*,/players/h/hamptmi01.shtml,hamptmi01,28,COL,203.0,32,32,14,13,5,6,2,16,16,.500,2,1,2,1,12,38%,43.8,76,2,20,10,0,16,6.1,6.6,6.3,104,2,8,19,3,128
2001,111,Pete Harnisch,/players/h/harnipe01.shtml,harnipe01,34,CIN,35.1,7,7,1,3,3,1,0,3,4,.429,0,3,0,0,1,14%,38.0,49,24,3,0,0,4,4.9,3.7,5.0,85,1,6,0,0,97
2001,112,Travis Harper,/players/h/harpetr01.shtml,harpetr01,25,TBD,7.0,2,2,0,2,0,0,0,0,2,.000,0,0,0,0,0,0%,29.0,30,28,0,0,0,2,1.0,3.0,3.5,70,1,1,0,0,81
2001,113,Jimmy Haynes,/players/h/hayneji01.shtml,hayneji01,28,MIL,172.2,31,29,8,16,5,0,5,12,17,.414,1,0,0,0,16,55%,48.4,75,15,15,5,1,9,4.1,3.8,5.8,92,7,10,11,1,123
2001,114,Rick Helling,/players/h/helliri01.shtml,helliri01,30,TEX,215.2,34,34,12,11,11,1,1,17,17,.500,5,7,2,1,15,44%,46.0,83,13,23,9,0,16,5.6,6.0,6.3,106,2,9,18,5,125
2001,115,Pat Hentgen,/players/h/hentgpa01.shtml,hentgpa01,32,BAL,62.1,9,9,2,3,4,0,1,5,4,.556,2,0,1,0,7,78%,55.7,82,38,4,0,0,5,3.5,3.4,6.9,106,0,2,7,0,116
2001,116,Gil Heredia,/players/h/heredgi01.shtml,heredgi01,35,OAK,109.2,24,18,6,8,4,3,2,6,12,.333,3,1,0,0,8,44%,40.1,61,12,14,6,0,12,5.5,5.7,5.5,81,9,8,1,0,105
2001,117,Dustin Hermanson,/players/h/hermadu01.shtml,hermadu01,28,STL,192.1,33,33,14,13,6,3,4,16,17,.485,2,2,0,0,20,61%,48.8,74,12,11,2,0,16,5.2,5.1,5.8,96,5,10,18,0,116
2001,118,Adrian Hernandez,/players/h/hernaad01.shtml,hernaad01,26,NYY,22.0,6,3,0,3,0,0,1,0,3,.000,0,0,0,0,1,33%,45.7,52,35,2,0,1,2,2.0,2.4,5.0,88,0,3,0,0,93
2001,119,Carlos Hernandez*,/players/h/hernaca03.shtml,hernaca03,21,HOU,17.2,3,3,1,0,2,0,0,3,0,1.000,1,0,0,0,2,67%,64.3,79,47,1,0,0,2,3.7,3.4,5.9,92,0,2,1,0,102
2001,120,Livan Hernandez,/players/h/hernali01.shtml,hernali01,26,SFG,226.2,34,34,13,15,6,5,1,16,18,.471,2,4,2,0,12,35%,44.9,79,13,15,4,0,16,4.3,4.6,6.7,109,3,5,16,10,136
2001,121,Orlando Hernandez,/players/h/hernaor01.shtml,hernaor01,35,NYY,94.2,17,16,3,7,6,0,1,6,10,.375,1,4,0,0,5,31%,48.8,76,13,10,5,0,11,3.3,2.8,5.7,100,2,6,7,1,137
2001,122,Junior Herndon,/players/h/herndju01.shtml,herndju01,22,SDP,42.2,12,8,2,5,1,1,1,3,5,.375,0,1,0,0,3,38%,41.2,61,-6,11,5,0,5,3.5,2.4,5.0,86,2,4,1,1,120
2001,123,Erik Hiljus,/players/h/hiljuer01.shtml,hiljuer01,28,OAK,66.0,16,11,5,0,6,3,0,8,3,.727,2,2,0,0,2,18%,50.8,63,39,8,0,0,8,8.0,9.2,5.2,84,3,7,1,0,100
2001,124,Brett Hinchliffe,/players/h/hinchbr01.shtml,hinchbr01,26,NYM,2.0,1,1,0,1,0,0,0,0,1,.000,0,0,0,0,0,0%,7.0,7,7,1,1,0,1,8.0,3.0,2.0,58,1,0,0,0,58
2001,125,Sterling Hitchcock*,/players/h/hitchst01.shtml,hitchst01,30,TOT,70.1,13,12,6,5,1,2,2,7,5,.583,0,1,1,0,6,50%,44.0,80,15,13,5,0,7,6.7,6.8,5.7,90,3,6,2,1,126
2001,126,Sterling Hitchcock*,/players/h/hitchst01.shtml,hitchst01,30,SDP,19.0,3,3,2,1,0,0,0,2,1,.667,0,0,0,0,2,67%,52.3,64,35,0,0,0,2,9.0,7.4,6.3,92,0,2,1,0,102
2001,127,Sterling Hitchcock*,/players/h/hitchst01.shtml,hitchst01,30,NYY,51.1,10,9,4,4,1,2,2,5,4,.556,0,1,1,0,4,44%,41.2,80,15,13,5,0,5,6.0,6.6,5.5,90,3,4,1,1,126
2001,128,Chris Holt,/players/h/holtch01.shtml,holtch01,29,DET,151.1,30,22,7,9,6,2,1,9,13,.409,2,4,1,0,8,36%,40.6,64,11,25,11,1,11,4.8,4.7,5.8,98,2,8,11,1,121
2001,129,Tim Hudson,/players/h/hudsoti01.shtml,hudsoti01,25,OAK,235.0,35,35,18,9,8,2,3,24,11,.686,2,5,3,0,25,71%,55.5,80,16,17,1,0,13,4.6,4.5,6.7,103,3,4,26,2,122
2001,130,Hideki Irabu,/players/i/irabuhi01.shtml,irabuhi01,32,MON,16.2,3,3,0,2,1,0,1,0,3,.000,0,0,0,0,1,33%,47.7,58,40,1,1,0,3,1.7,3.0,5.6,96,0,3,0,0,99
2001,131,Kevin Jarvis,/players/j/jarvike01.shtml,jarvike01,31,SDP,193.1,32,32,12,11,9,2,2,16,16,.500,5,4,1,1,14,44%,49.8,83,17,22,11,0,16,5.2,5.0,6.0,90,8,18,6,0,118
2001,132,Jason Jennings,/players/j/jennija01.shtml,jennija01,22,COL,39.1,7,7,4,1,2,0,0,6,1,.857,0,1,1,1,4,57%,47.9,81,10,9,4,0,5,7.0,7.2,5.6,90,2,2,2,1,124
2001,133,Ryan Jensen,/players/j/jensery01.shtml,jensery01,25,SFG,42.1,10,7,1,2,4,0,0,5,2,.714,0,1,0,0,2,29%,49.1,68,38,10,2,1,3,5.0,4.4,5.0,87,3,2,2,0,111
2001,134,Brett Jodie,/players/j/jodiebr01.shtml,jodiebr01,24,TOT,25.1,8,3,0,2,1,0,0,0,3,.000,0,0,0,0,0,0%,43.3,58,17,2,1,0,3,2.0,2.5,4.0,69,2,1,0,0,84
2001,135,Brett Jodie,/players/j/jodiebr01.shtml,jodiebr01,24,NYY,2.0,1,1,0,1,0,0,0,0,1,.000,0,0,0,0,0,0%,17.0,17,17,1,1,0,1,4.0,9.0,2.0,56,1,0,0,0,56
2001,136,Brett Jodie,/players/j/jodiebr01.shtml,jodiebr01,24,SDP,23.1,7,2,0,1,1,0,0,0,2,.000,0,0,0,0,0,0%,56.5,58,55,1,0,0,2,1.0,1.0,5.0,76,1,1,0,0,84
2001,137,Adam Johnson,/players/j/johnsad01.shtml,johnsad01,21,MIN,25.0,7,4,1,2,1,1,0,1,3,.250,0,1,0,0,1,25%,40.8,51,27,6,1,0,2,3.5,4.1,5.0,102,0,2,2,0,117
2001,138,Jason Johnson,/players/j/johnsja02.shtml,johnsja02,27,BAL,196.0,32,32,10,12,10,2,2,14,18,.438,1,3,2,0,15,47%,48.9,70,25,30,5,0,16,4.3,4.4,6.1,102,4,9,16,3,123
2001,139,Randy Johnson*,/players/j/johnsra05.shtml,johnsra05,37,ARI,249.2,35,34,20,6,8,2,2,24,10,.706,0,2,3,2,27,79%,66.9,97,13,8,3,0,6,5.2,4.8,7.1,117,1,2,16,15,145
2001,140,Bobby Jones,/players/j/jonesbo03.shtml,jonesbo03,31,SDP,195.0,33,33,8,19,6,1,7,10,23,.303,4,3,1,0,18,55%,43.8,71,10,18,4,0,15,4.0,3.8,5.9,95,6,10,16,1,127
2001,141,Mike Judd,/players/j/juddmi01.shtml,juddmi01,26,TOT,29.0,12,3,1,1,1,1,0,1,2,.333,0,1,0,0,0,0%,35.3,55,23,6,5,0,2,5.9,10.6,3.8,81,2,1,0,0,95
2001,142,Mike Judd,/players/j/juddmi01.shtml,juddmi01,26,TBD,20.0,8,2,1,0,1,1,0,1,1,.500,0,1,0,0,0,0%,41.5,55,28,3,3,0,1,6.8,11.3,4.3,86,1,1,0,0,95
2001,143,Mike Judd,/players/j/juddmi01.shtml,juddmi01,26,TEX,9.0,4,1,0,1,0,0,0,0,1,.000,0,0,0,0,0,0%,23.0,23,23,3,2,0,1,4.0,9.0,2.7,71,1,0,0,0,71
2001,144,Randy Keisler*,/players/k/keislra01.shtml,keislra01,25,NYY,50.2,10,10,1,2,7,1,1,7,3,.700,1,3,0,0,3,30%,42.8,54,30,9,4,0,6,6.8,6.4,5.1,92,3,3,4,0,114
2001,145,Joe Kennedy*,/players/k/kennejo04.shtml,kennejo04,22,TBD,117.2,20,20,7,8,5,2,3,8,12,.400,0,1,0,0,12,60%,49.1,69,22,4,2,0,11,4.0,4.8,5.9,94,1,13,6,0,111
2001,146,Darryl Kile,/players/k/kileda01.shtml,kileda01,32,STL,227.1,34,34,16,11,7,2,4,19,15,.559,3,2,2,1,22,65%,55.8,79,18,9,6,0,15,4.1,4.3,6.7,99,4,9,18,3,124
2001,147,Sun-Woo Kim,/players/k/kimsu01.shtml,kimsu01,23,BOS,41.2,20,2,0,1,1,0,0,1,1,.500,1,1,0,0,1,50%,35.0,46,24,16,6,0,2,4.3,3.3,5.2,87,0,2,0,0,93
2001,148,Eric Knott*,/players/k/knotter01.shtml,knotter01,26,ARI,4.2,3,1,0,1,0,0,0,0,1,.000,0,0,0,0,0,0%,35.0,35,35,2,2,0,1,5.0,9.0,3.7,70,1,0,0,0,70
2001,149,Gary Knotts,/players/k/knottga01.shtml,knottga01,24,FLA,6.0,2,1,0,1,0,0,0,0,1,.000,0,0,0,0,0,0%,47.0,47,47,0,0,0,0,3.0,1.8,5.0,94,0,1,0,0,94
2001,150,Ryan Kohlmeier,/players/k/kohlmry01.shtml,kohlmry01,24,BAL,40.2,34,1,0,1,0,0,0,0,1,.000,0,0,0,0,0,0%,37.0,37,37,13,3,0,0,0.0,0.0,4.7,80,0,1,0,0,80
2001,151,Brian Lawrence,/players/l/lawrebr02.shtml,lawrebr02,25,SDP,114.2,27,15,5,5,5,0,3,6,9,.400,0,2,1,0,10,67%,54.9,73,19,9,3,1,8,3.7,3.8,6.5,93,4,5,6,0,114
2001,152,Al Leiter*,/players/l/leiteal01.shtml,leiteal01,35,NYM,187.1,29,29,11,11,7,0,5,14,15,.483,4,1,0,0,23,79%,55.0,78,14,5,2,0,17,3.9,3.9,6.5,105,3,5,17,4,129
2001,153,Mark Leiter,/players/l/leitema01.shtml,leitema01,38,MIL,36.0,20,3,1,1,1,0,0,2,1,.667,0,0,0,0,1,33%,58.0,62,53,5,1,0,1,6.9,9.8,4.2,56,2,1,0,0,81
2001,154,Al Levine,/players/l/levinal01.shtml,levinal01,33,ANA,75.2,64,1,0,0,1,0,0,1,0,1.000,0,0,0,0,0,0%,39.0,39,39,17,2,1,0,6.3,6.8,3.0,48,1,0,0,0,48
2001,155,Allen Levrault,/players/l/levraal01.shtml,levraal01,23,MIL,130.2,32,20,5,10,5,4,3,6,14,.300,0,2,1,0,5,25%,42.1,62,14,21,9,1,9,4.1,5.2,5.2,91,5,10,5,0,115
2001,156,Cory Lidle,/players/l/lidleco01.shtml,lidleco01,29,OAK,188.0,29,29,13,6,10,3,2,16,13,.552,7,3,1,0,17,59%,54.0,78,7,17,7,0,15,5.4,5.3,6.5,94,2,19,8,0,113
2001,157,Jon Lieber,/players/l/liebejo01.shtml,liebejo01,31,CHC,232.1,34,34,20,6,8,6,4,24,10,.706,1,6,5,1,22,65%,53.9,86,21,11,1,0,16,5.7,5.3,6.8,96,5,17,11,1,125
2001,158,Ted Lilly*,/players/l/lillyte01.shtml,lillyte01,25,NYY,120.2,26,21,4,6,11,2,1,11,10,.524,4,2,0,0,7,33%,45.6,77,18,21,9,0,12,5.3,5.1,5.0,89,5,7,8,1,120
2001,159,Jose Lima,/players/l/limajo01.shtml,limajo01,28,TOT,165.2,32,27,6,12,9,1,4,10,17,.370,2,4,2,0,11,41%,44.4,75,14,21,5,1,16,4.3,4.2,5.8,88,7,13,7,0,115
2001,160,Jose Lima,/players/l/limajo01.shtml,limajo01,28,HOU,53.0,14,9,1,2,6,0,0,4,5,.444,1,4,0,0,2,22%,38.4,75,14,12,3,1,6,4.9,3.8,4.9,84,3,4,2,0,104
2001,161,Jose Lima,/players/l/limajo01.shtml,limajo01,28,DET,112.2,18,18,5,10,3,1,4,6,12,.333,1,0,2,0,9,50%,47.4,71,15,9,2,0,10,4.0,4.4,6.3,89,4,9,5,0,115
2001,162,Esteban Loaiza,/players/l/loaizes01.shtml,loaizes01,29,TOR,190.0,36,30,11,11,8,1,2,17,13,.567,1,3,1,1,15,50%,45.2,79,16,14,4,3,13,5.3,5.9,6.0,96,4,11,14,1,120
2001,163,Carlton Loewer,/players/l/loeweca01.shtml,loeweca01,27,SDP,4.1,2,2,0,2,0,0,0,0,2,.000,0,0,0,0,0,0%,18.5,20,17,3,1,0,2,1.5,0.0,2.2,53,2,0,0,0,61
2001,164,Kyle Lohse,/players/l/lohseky01.shtml,lohseky01,22,MIN,90.1,19,16,4,7,5,2,1,6,10,.375,2,1,0,0,4,25%,43.8,73,27,15,4,1,4,4.7,5.4,5.3,88,4,7,5,0,109
2001,165,Albie Lopez,/players/l/lopezal02.shtml,lopezal02,29,TOT,205.2,33,33,9,19,5,0,3,10,23,.303,3,2,3,3,15,45%,47.3,87,2,12,8,0,11,3.7,3.5,6.2,97,3,13,16,1,124
2001,166,Albie Lopez,/players/l/lopezal02.shtml,lopezal02,29,TBD,124.2,20,20,5,12,3,0,1,6,14,.300,2,0,1,1,7,35%,42.6,83,2,9,6,0,8,3.4,3.8,6.2,101,1,7,11,1,124
2001,167,Albie Lopez,/players/l/lopezal02.shtml,lopezal02,29,ARI,81.0,13,13,4,7,2,0,2,4,9,.308,1,2,2,2,8,62%,54.5,87,14,3,2,0,3,4.1,2.9,6.2,91,2,6,5,0,115
2001,168,Derek Lowe,/players/l/lowede01.shtml,lowede01,28,BOS,91.2,67,3,1,0,2,0,0,1,2,.333,2,0,0,0,1,33%,62.3,66,59,15,8,0,2,5.0,6.0,5.3,73,3,0,0,0,76
2001,169,Sean Lowe,/players/l/lowese01.shtml,lowese01,30,CHW,127.0,45,11,4,4,3,1,1,6,5,.545,1,2,0,0,5,45%,47.8,71,16,24,4,1,3,4.4,4.0,6.1,94,3,2,6,0,117
2001,170,Brandon Lyon,/players/l/lyonbr01.shtml,lyonbr01,21,TOR,63.0,11,11,5,4,2,1,1,5,6,.455,1,1,0,0,7,64%,50.1,70,16,4,1,0,7,3.7,3.5,5.7,83,4,6,1,0,101
2001,171,Mike MacDougal,/players/m/macdomi01.shtml,macdomi01,24,KCR,15.1,3,3,1,1,1,1,1,1,2,.333,0,0,0,0,1,33%,44.3,52,39,2,1,0,2,4.3,4.8,5.1,87,1,2,0,0,99
2001,172,Greg Maddux,/players/m/maddugr01.shtml,maddugr01,35,ATL,233.0,34,34,17,11,6,3,6,20,14,.588,4,3,3,3,24,71%,58.0,96,25,10,3,0,9,4.0,4.1,6.9,88,8,17,9,0,114
2001,173,Calvin Maduro,/players/m/madurca01.shtml,madurca01,26,BAL,93.2,22,12,5,4,3,0,1,6,6,.500,1,1,0,0,8,67%,49.8,68,20,13,6,1,5,4.7,4.4,5.8,91,3,7,2,0,116
2001,174,Pat Mahomes,/players/m/mahompa01.shtml,mahompa01,30,TEX,107.1,56,4,1,2,1,1,0,1,3,.250,1,0,0,0,0,0%,26.2,48,9,23,12,2,0,4.4,6.6,3.8,78,2,1,1,0,104
2001,175,Jason Marquis,/players/m/marquja01.shtml,marquja01,22,ATL,129.1,38,16,4,6,6,1,4,5,11,.313,1,3,0,0,11,69%,53.3,85,30,14,7,3,8,3.1,2.8,6.2,98,2,7,6,1,120
2001,176,Pedro Martinez,/players/m/martipe02.shtml,martipe02,29,BOS,116.2,18,18,7,3,8,0,1,9,9,.500,3,1,1,0,13,72%,65.7,89,40,7,5,0,13,4.1,4.1,6.5,99,2,7,6,3,136
2001,177,Ramon Martinez,/players/m/martira02.shtml,martira02,33,PIT,15.2,4,4,0,2,2,0,0,0,4,.000,0,1,0,0,0,0%,38.0,43,34,3,0,0,3,4.8,4.2,3.9,77,2,2,0,0,94
2001,178,Troy Mattes,/players/m/mattetr01.shtml,mattetr01,25,MON,45.0,8,8,3,3,2,2,0,4,4,.500,1,1,0,0,2,25%,42.0,74,23,5,1,0,2,6.4,5.5,5.6,93,0,5,3,0,108
2001,179,Mike Matthews*,/players/m/matthmi01.shtml,matthmi01,27,STL,89.0,51,10,2,4,4,0,0,3,7,.300,0,3,0,0,2,20%,47.3,75,25,19,1,1,5,4.0,2.9,4.7,77,4,6,0,0,98
2001,180,Joe Mays,/players/m/maysjo01.shtml,maysjo01,25,MIN,233.2,34,34,17,13,4,1,2,20,14,.588,2,3,4,2,20,59%,55.9,78,26,14,5,1,9,4.5,3.9,6.9,100,1,13,19,1,122
2001,181,Chuck McElroy*,/players/m/mcelrch01.shtml,mcelrch01,33,TOT,75.0,49,5,1,1,3,1,0,2,3,.400,1,2,0,0,0,0%,,56,30,32,11,1,2,4.9,3.3,4.7,77,4,1,0,0,87
2001,182,Chuck McElroy*,/players/m/mcelrch01.shtml,mcelrch01,33,BAL,45.1,18,5,1,1,3,1,0,2,3,.400,1,2,0,0,0,0%,41.4,56,30,16,6,1,2,4.9,3.3,4.7,77,4,1,0,0,87
2001,183,Tony McKnight,/players/m/mcknito01.shtml,mcknito01,24,TOT,87.1,15,15,3,6,6,0,2,7,8,.467,2,3,0,0,6,40%,44.5,66,30,8,3,0,6,4.6,3.8,5.8,89,2,10,3,0,109
2001,184,Tony McKnight,/players/m/mcknito01.shtml,mcknito01,24,HOU,18.0,3,3,1,0,2,0,0,2,1,.667,1,0,0,0,2,67%,49.7,62,32,0,0,0,2,6.8,7.9,6.0,96,0,3,0,0,97
2001,185,Tony McKnight,/players/m/mcknito01.shtml,mcknito01,24,PIT,69.1,12,12,2,6,4,0,2,5,7,.417,1,3,0,0,4,33%,43.2,66,30,8,3,0,4,4.1,2.8,5.8,88,2,7,3,0,109
2001,186,Brian Meadows,/players/m/meadobr01.shtml,meadobr01,25,KCR,50.1,10,10,1,6,3,0,0,3,7,.300,3,0,0,0,2,20%,37.2,54,24,6,4,0,5,4.5,4.9,5.0,79,6,4,0,0,98
2001,187,Ramiro Mendoza,/players/m/mendora01.shtml,mendora01,29,NYY,100.2,56,2,0,0,2,0,0,1,1,.500,1,1,0,0,0,0%,36.5,41,32,13,5,0,1,6.8,7.9,4.8,74,2,0,0,0,75
2001,188,Jose Mercedes,/players/m/mercejo02.shtml,mercejo02,30,BAL,184.0,33,31,8,16,7,2,2,10,20,.333,6,2,2,0,13,42%,44.0,68,16,30,10,2,15,4.0,4.8,5.9,96,7,9,14,1,129
2001,189,Chris Michalak*,/players/m/michach01.shtml,michach01,30,TOT,136.2,35,18,6,7,5,3,0,8,10,.444,1,2,0,0,5,28%,,70,18,22,2,0,10,4.1,5.1,5.5,91,3,10,5,0,115
2001,190,Chris Michalak*,/players/m/michach01.shtml,michach01,30,TOR,115.0,24,18,6,7,5,3,0,8,10,.444,1,2,0,0,5,28%,46.6,70,18,20,1,0,10,4.1,5.1,5.5,91,3,10,5,0,115
2001,191,Jason Middlebrook,/players/m/middlja01.shtml,middlja01,26,SDP,19.1,4,3,2,1,0,0,0,2,1,.667,0,0,0,0,2,67%,51.7,62,34,1,1,0,2,5.9,2.4,5.3,89,0,3,0,0,91
2001,192,Wade Miller,/players/m/millewa04.shtml,millewa04,24,HOU,212.0,32,32,16,8,8,3,4,22,10,.688,2,4,1,0,21,66%,56.4,88,22,6,2,0,14,4.9,4.9,6.6,104,1,4,22,5,129
2001,193,Kevin Millwood,/players/m/millwke01.shtml,millwke01,26,ATL,121.0,21,21,7,7,7,0,2,12,9,.571,1,1,0,0,13,62%,50.0,72,23,3,0,0,9,5.8,5.4,5.8,88,5,10,5,1,122
2001,194,Eric Milton*,/players/m/miltoer01.shtml,miltoer01,25,MIN,220.2,35,34,15,7,12,3,2,21,13,.618,4,4,2,1,20,59%,51.5,84,21,12,2,1,9,5.2,5.0,6.4,103,2,12,18,2,128
2001,195,Dave Mlicki,/players/m/mlickda01.shtml,mlickda01,33,TOT,167.2,34,29,10,11,8,2,1,16,13,.552,3,3,0,0,11,38%,40.6,72,14,20,8,1,12,4.9,5.6,5.5,91,6,14,8,1,121
2001,196,Dave Mlicki,/players/m/mlickda01.shtml,mlickda01,33,DET,81.0,15,15,4,8,3,1,1,7,8,.467,2,1,0,0,5,33%,35.9,68,14,16,6,0,8,4.1,4.7,5.4,94,3,6,5,1,121
2001,197,Dave Mlicki,/players/m/mlickda01.shtml,mlickda01,33,HOU,86.2,19,14,6,3,5,1,0,9,5,.643,1,2,0,0,6,43%,45.7,72,21,4,2,1,4,5.7,6.8,5.6,88,3,8,3,0,105
2001,198,Brian Moehler,/players/m/moehlbr01.shtml,moehlbr01,29,DET,8.0,1,1,0,0,1,0,0,0,1,.000,1,0,0,0,1,100%,59.0,59,59,0,0,0,1,4.5,5.1,8.0,98,0,1,0,0,98
2001,199,Mike Morgan,/players/m/morgami01.shtml,morgami01,41,ARI,38.0,31,1,0,0,1,0,0,0,1,.000,0,1,0,0,0,0%,27.0,27,27,1,1,1,0,8.0,0.0,4.0,50,1,0,0,0,50
2001,200,Matt Morris,/players/m/morrima01.shtml,morrima01,26,STL,216.1,34,34,22,8,4,4,3,24,10,.706,1,0,2,1,24,71%,55.5,84,5,10,2,0,12,6.0,5.9,6.4,98,4,10,19,1,123
2001,201,Damian Moss*,/players/m/mossda01.shtml,mossda01,24,ATL,9.0,5,1,0,0,1,0,0,0,1,.000,0,1,0,0,0,0%,49.0,49,49,1,0,0,1,2.0,0.0,4.0,86,0,1,0,0,86
2001,202,Jamie Moyer*,/players/m/moyerja01.shtml,moyerja01,38,SEA,209.2,33,33,20,6,7,8,2,25,8,.758,4,1,1,0,20,61%,54.6,78,19,17,5,2,13,5.5,5.8,6.4,94,4,18,10,1,120
2001,203,Mark Mulder*,/players/m/muldema01.shtml,muldema01,23,OAK,229.1,34,34,21,8,5,4,3,23,11,.676,1,4,6,4,22,65%,55.3,94,9,19,9,0,13,5.4,5.5,6.7,97,2,18,13,1,129
2001,204,Terry Mulholland*,/players/m/mulhote01.shtml,mulhote01,38,TOT,65.2,41,4,0,1,3,0,0,2,2,.500,1,0,0,0,1,25%,47.0,56,41,8,3,0,3,3.6,3.7,4.7,74,2,2,0,0,89
2001,205,Terry Mulholland*,/players/m/mulhote01.shtml,mulhote01,38,PIT,36.1,22,1,0,0,1,0,0,1,0,1.000,0,0,0,0,0,0%,41.0,41,41,2,0,0,1,5.4,4.5,3.7,56,1,0,0,0,56
2001,206,Terry Mulholland*,/players/m/mulhote01.shtml,mulhote01,38,LAD,29.1,19,3,0,1,2,0,0,1,2,.333,1,0,0,0,1,33%,49.0,56,43,6,3,0,2,3.0,3.5,5.0,80,1,2,0,0,89
2001,207,Bobby Munoz,/players/m/munozbo01.shtml,munozbo01,33,MON,42.0,15,7,0,4,3,0,1,1,6,.143,0,2,0,0,3,43%,40.1,56,8,10,2,0,2,2.1,1.4,4.9,84,2,4,1,0,105
2001,208,Heath Murray*,/players/m/murrahe01.shtml,murrahe01,28,DET,63.1,40,4,1,3,0,1,0,1,3,.250,0,0,0,0,0,0%,38.2,66,20,21,8,2,1,3.1,3.9,4.1,66,4,0,0,0,77
2001,209,Mike Mussina,/players/m/mussimi01.shtml,mussimi01,32,NYY,228.2,34,34,17,11,6,2,6,20,14,.588,0,2,4,3,24,71%,59.0,98,6,5,3,1,13,4.2,3.9,6.7,102,3,7,23,1,120
2001,210,Aaron Myette,/players/m/myettaa01.shtml,myettaa01,23,TEX,80.2,19,15,4,5,6,1,0,6,9,.400,0,3,0,0,5,33%,41.9,72,20,12,3,0,9,5.6,6.9,4.8,88,5,5,5,0,115
2001,211,Charles Nagy,/players/n/nagych01.shtml,nagych01,34,CLE,70.1,15,13,4,5,4,1,0,5,8,.385,3,0,0,0,3,23%,38.8,63,9,8,4,0,6,6.4,7.1,5.2,82,4,7,2,0,102
2001,212,Denny Neagle*,/players/n/neaglde01.shtml,neaglde01,32,COL,170.2,30,30,9,8,13,4,0,16,14,.533,5,7,0,0,12,40%,46.2,70,12,15,6,0,18,6.3,6.3,5.7,99,4,5,21,0,119
2001,213,Nick Neugebauer,/players/n/neugeni01.shtml,neugeni01,20,MIL,6.0,2,2,1,1,0,1,0,1,1,.500,0,0,0,0,0,0%,46.5,63,30,0,0,0,1,6.0,10.8,3.0,68,1,1,0,0,97
2001,214,Hideo Nomo,/players/n/nomohi01.shtml,nomohi01,32,BOS,198.0,33,33,13,10,10,2,1,19,14,.576,3,6,2,2,16,48%,53.0,99,8,22,14,0,17,5.2,5.0,6.0,98,3,12,18,0,119
2001,215,Vladimir Nunez,/players/n/nunezvl01.shtml,nunezvl01,26,FLA,92.0,52,3,1,1,1,0,0,1,2,.333,1,0,0,0,1,33%,50.3,62,42,20,5,1,1,3.7,4.5,5.9,92,0,2,1,0,105
2001,216,Tomo Ohka,/players/o/ohkato01.shtml,ohkato01,25,TOT,107.0,22,21,3,9,9,1,1,8,13,.381,4,0,0,0,5,24%,44.1,70,16,17,6,1,14,4.2,4.8,5.0,81,10,10,1,0,101
2001,217,Tomo Ohka,/players/o/ohkato01.shtml,ohkato01,25,BOS,52.1,12,11,2,5,4,0,0,4,7,.364,2,0,0,0,2,18%,42.3,66,16,9,4,0,7,4.5,6.0,4.7,83,4,6,1,0,101
2001,218,Tomo Ohka,/players/o/ohkato01.shtml,ohkato01,25,MON,54.2,10,10,1,4,5,1,1,4,6,.400,2,0,0,0,3,30%,46.1,70,17,8,2,1,7,3.9,3.6,5.5,78,6,4,0,0,95
2001,219,Omar Olivares,/players/o/olivaom01.shtml,olivaom01,33,PIT,110.0,45,12,2,7,3,1,2,4,8,.333,0,3,1,0,3,25%,40.4,67,16,10,3,0,7,5.4,4.6,5.3,84,5,4,3,0,116
2001,220,Darren Oliver*,/players/o/oliveda02.shtml,oliveda02,30,TEX,154.0,28,28,11,11,6,4,2,15,13,.536,0,2,1,0,10,36%,42.3,76,16,23,6,0,14,6.0,6.6,5.5,91,5,12,10,1,122
2001,221,Kevin Olsen,/players/o/olsenke01.shtml,olsenke01,24,FLA,15.0,4,2,0,0,2,0,0,0,2,.000,0,0,0,0,1,50%,61.5,69,54,0,0,0,1,0.9,1.8,6.0,99,0,1,1,0,108
2001,222,Ramon Ortiz,/players/o/ortizra02.shtml,ortizra02,28,ANA,208.2,32,32,13,11,8,1,1,16,16,.500,2,4,2,0,18,56%,48.8,69,15,26,9,0,19,4.6,5.1,6.5,99,2,11,19,0,118
2001,223,Russ Ortiz,/players/o/ortizru01.shtml,ortizru01,27,SFG,218.2,33,33,17,9,7,4,1,20,13,.606,4,0,1,1,21,64%,55.7,79,19,20,9,0,14,5.6,5.4,6.6,106,1,7,23,2,121
2001,224,Roy Oswalt,/players/o/oswalro01.shtml,oswalro01,23,HOU,141.2,28,20,12,2,6,0,0,16,4,.800,1,4,3,1,14,70%,59.8,86,14,10,4,1,8,6.5,6.9,6.4,93,3,9,7,1,125
2001,225,Chan Ho Park,/players/p/parkch01.shtml,parkch01,28,LAD,234.0,36,35,15,10,10,3,5,21,14,.600,4,3,2,1,26,74%,58.2,92,17,22,9,2,10,4.4,4.3,6.7,105,1,12,16,6,132
2001,226,Christian Parker,/players/p/parkech01.shtml,parkech01,25,NYY,3.0,1,1,0,1,0,0,0,0,1,.000,0,0,0,0,0,0%,15.0,15,15,1,0,0,1,4.0,0.0,3.0,54,1,0,0,0,54
2001,227,Jim Parque*,/players/p/parquji01.shtml,parquji01,26,CHW,28.0,5,5,0,3,2,0,0,1,4,.200,1,0,1,0,0,0%,36.2,62,19,6,4,1,2,5.4,5.0,5.6,88,3,0,2,0,112
2001,228,Steve Parris,/players/p/parrist01.shtml,parrist01,33,TOR,105.2,19,19,4,6,9,1,2,7,12,.368,4,4,1,0,9,47%,45.1,72,11,22,6,0,10,4.4,4.2,5.6,94,3,9,7,0,114
2001,229,John Parrish*,/players/p/parrijo01.shtml,parrijo01,23,BAL,22.0,16,1,0,1,0,0,0,0,1,.000,0,0,0,0,0,0%,42.0,42,42,3,0,0,1,5.0,3.0,6.0,93,0,1,0,0,93
2001,230,Carl Pavano,/players/p/pavanca01.shtml,pavanca01,25,MON,42.2,8,8,1,6,1,0,3,1,7,.125,1,0,0,0,5,63%,41.2,69,2,6,2,0,6,1.6,2.1,5.3,89,3,2,3,0,118
2001,231,Brad Penny,/players/p/pennybr01.shtml,pennybr01,23,FLA,205.0,31,31,10,10,11,2,2,14,17,.452,2,7,1,1,18,58%,54.9,92,19,14,6,0,18,3.9,3.4,6.6,94,5,16,10,0,118
2001,232,Odalis Perez*,/players/p/perezod01.shtml,perezod01,23,ATL,95.1,24,16,6,6,4,2,0,9,7,.563,2,1,0,0,6,38%,47.6,74,16,19,9,3,8,4.4,4.2,5.4,92,5,5,6,0,115
2001,233,Matt Perisho*,/players/p/perisma01.shtml,perisma01,26,DET,39.1,30,4,0,2,2,0,0,0,4,.000,0,1,0,0,0,0%,30.8,47,20,19,6,2,2,3.3,4.8,3.8,69,4,0,0,0,75
2001,234,Robert Person,/players/p/persoro01.shtml,persoro01,31,PHI,208.1,33,33,15,7,11,4,2,20,13,.606,5,5,3,1,18,55%,53.3,87,8,26,14,0,16,4.8,4.5,6.3,100,3,12,15,3,126
2001,235,Chris Peters*,/players/p/peterch01.shtml,peterch01,29,MON,31.0,13,6,2,3,1,2,0,2,4,.333,0,0,0,0,0,0%,38.7,53,19,8,4,1,2,4.4,4.0,4.6,83,2,4,0,0,97
2001,236,Kyle Peterson,/players/p/peterky01.shtml,peterky01,25,MIL,14.2,3,2,1,1,0,1,0,1,1,.500,0,0,0,0,0,0%,39.5,50,29,2,0,0,2,4.0,6.8,4.3,79,1,1,0,0,83
2001,237,Andy Pettitte*,/players/p/pettian01.shtml,pettian01,29,NYY,200.2,31,31,15,10,6,1,4,18,13,.581,1,1,2,0,19,61%,51.6,76,16,25,9,1,13,5.4,6.0,6.5,101,5,5,16,5,143
2001,238,Adam Pettyjohn*,/players/p/pettyad01.shtml,pettyad01,24,DET,65.0,16,9,0,6,3,0,1,1,8,.111,2,1,0,0,3,33%,45.0,60,26,15,5,2,4,3.2,2.4,6.0,93,0,8,1,0,106
2001,239,Joel Pineiro,/players/p/pineijo01.shtml,pineijo01,22,SEA,75.1,17,11,5,2,4,1,0,9,2,.818,1,0,0,0,6,55%,56.9,76,27,5,2,0,4,3.6,4.3,5.5,84,3,6,2,0,110
2001,240,Sidney Ponson,/players/p/ponsosi01.shtml,ponsosi01,24,BAL,138.1,23,23,5,10,8,2,2,7,16,.304,3,4,3,1,7,30%,46.3,88,21,10,5,0,14,4.2,3.6,6.0,93,5,6,12,0,113
2001,241,Lou Pote,/players/p/potelo01.shtml,potelo01,29,ANA,86.2,44,1,1,0,0,1,0,1,0,1.000,0,0,0,0,0,0%,55.0,55,55,10,5,1,0,3.0,5.4,5.0,60,1,0,0,0,60
2001,242,Brian Powell,/players/p/powelbr01.shtml,powelbr01,27,HOU,3.0,1,1,0,1,0,0,0,0,1,.000,0,0,0,0,0,0%,25.0,25,25,0,0,0,1,5.0,3.0,3.0,69,1,0,0,0,69
2001,243,Luke Prokopec,/players/p/prokolu01.shtml,prokolu01,23,LAD,138.1,29,22,7,7,8,1,1,12,10,.545,3,3,0,0,11,50%,48.8,74,20,18,6,0,15,5.5,5.3,5.9,95,0,14,8,0,110
2001,244,Ruben Quevedo,/players/q/queveru01.shtml,queveru01,22,MIL,56.2,10,10,4,5,1,0,1,4,6,.400,0,1,0,0,6,60%,50.6,69,9,7,2,0,5,3.9,3.7,5.7,101,2,2,4,2,122
2001,245,Brad Radke,/players/r/radkebr01.shtml,radkebr01,28,MIN,226.0,33,33,15,11,7,0,2,19,14,.576,1,3,6,2,20,61%,52.8,86,21,17,3,1,11,5.3,5.1,6.8,95,4,17,11,1,122
2001,246,Pat Rapp,/players/r/rapppa01.shtml,rapppa01,33,ANA,170.0,31,28,5,12,11,3,3,11,17,.393,4,3,1,0,10,36%,46.8,67,20,11,4,0,15,4.4,4.5,5.9,97,2,14,12,0,109
2001,247,Britt Reames,/players/r/reamebr01.shtml,reamebr01,27,MON,95.0,41,13,3,8,2,1,1,4,9,.308,2,0,0,0,3,23%,43.5,70,7,17,5,1,5,3.5,4.3,4.9,86,2,9,2,0,106
2001,248,Tim Redding,/players/r/redditi01.shtml,redditi01,23,HOU,55.2,13,9,3,1,5,2,0,6,3,.667,0,3,0,0,1,11%,41.9,56,22,5,1,1,3,6.0,6.3,5.0,93,1,6,2,0,107
2001,249,Mark Redman*,/players/r/redmama01.shtml,redmama01,27,TOT,58.0,11,11,2,6,3,2,1,4,7,.364,1,2,0,0,3,27%,46.0,61,22,9,1,1,7,3.7,4.3,5.3,94,1,5,5,0,110
2001,250,Mark Redman*,/players/r/redmama01.shtml,redmama01,27,MIN,49.0,9,9,2,4,3,2,1,4,5,.444,1,2,0,0,3,33%,47.0,61,22,5,1,1,5,4.1,4.6,5.4,95,1,4,4,0,110
2001,251,Mark Redman*,/players/r/redmama01.shtml,redmama01,27,DET,9.0,2,2,0,2,0,0,0,0,2,.000,0,0,0,0,0,0%,41.5,50,33,4,0,0,2,2.0,3.0,4.5,91,0,1,1,0,101
2001,252,Rick Reed,/players/r/reedri01.shtml,reedri01,36,TOT,202.1,32,32,12,12,8,0,4,18,14,.563,3,5,3,1,22,69%,52.2,80,17,17,8,1,15,4.2,4.3,6.3,93,6,13,12,1,124
2001,253,Rick Reed,/players/r/reedri01.shtml,reedri01,36,NYM,134.2,20,20,8,6,6,0,4,13,7,.650,2,4,3,1,16,80%,57.6,80,21,10,5,0,11,4.2,3.9,6.7,94,4,6,9,1,124
2001,254,Rick Reed,/players/r/reedri01.shtml,reedri01,36,MIN,67.2,12,12,4,6,2,0,0,5,7,.417,1,1,0,0,6,50%,43.3,73,17,7,3,1,4,4.2,5.1,5.6,92,2,7,3,0,112
2001,255,Dan Reichert,/players/r/reichda01.shtml,reichda01,24,KCR,123.0,27,19,8,8,3,2,2,9,10,.474,2,1,0,0,8,42%,43.6,77,8,16,6,0,10,5.1,5.8,5.8,91,3,12,3,1,128
2001,256,Brian Reith,/players/r/reithbr01.shtml,reithbr01,23,CIN,40.1,9,8,0,7,1,0,1,0,8,.000,0,1,0,0,1,13%,35.4,54,21,10,2,1,4,2.5,2.2,4.9,85,2,5,1,0,112
2001,257,Chris Reitsma,/players/r/reitsch01.shtml,reitsch01,23,CIN,182.0,36,29,6,15,8,0,5,10,19,.345,3,5,0,0,16,55%,44.3,70,8,20,7,0,12,4.6,4.5,6.0,92,7,11,10,1,122
2001,258,Bryan Rekar,/players/r/rekarbr01.shtml,rekarbr01,29,TBD,140.2,25,25,3,13,9,1,2,6,19,.240,3,4,0,0,9,36%,42.9,66,4,15,7,0,11,3.6,3.3,5.6,95,2,11,11,1,122
2001,259,Dennys Reyes*,/players/r/reyesde01.shtml,reyesde01,24,CIN,53.0,35,6,1,4,1,1,0,1,5,.167,1,0,0,0,0,0%,39.3,52,20,23,3,0,2,2.7,2.9,4.6,83,2,4,0,0,95
2001,260,Shane Reynolds,/players/r/reynosh01.shtml,reynosh01,33,HOU,182.2,28,28,14,11,3,3,5,15,13,.536,1,2,3,0,18,64%,48.8,74,10,21,7,1,11,4.9,5.2,6.5,91,4,15,9,0,117
2001,261,Armando Reynoso,/players/r/reynoar02.shtml,reynoar02,35,ARI,46.2,9,9,1,6,2,0,1,2,7,.222,0,0,0,0,3,33%,41.3,65,18,4,1,0,5,4.0,4.5,5.2,79,5,4,0,0,90
2001,262,Paul Rigdon,/players/r/rigdopa01.shtml,rigdopa01,25,MIL,79.1,15,15,3,5,7,1,2,5,10,.333,1,4,0,0,6,40%,43.5,74,12,13,7,0,7,4.2,3.8,5.3,91,4,7,4,0,115
2001,263,Todd Ritchie,/players/r/ritchto01.shtml,ritchto01,29,PIT,207.1,33,33,11,15,7,2,4,11,22,.333,2,3,4,2,16,48%,49.3,91,5,24,8,0,15,3.2,3.6,6.3,91,6,16,10,1,121
2001,264,Willis Roberts,/players/r/roberwi01.shtml,roberwi01,26,BAL,132.0,46,18,6,8,4,1,1,6,12,.333,2,1,1,0,9,50%,45.5,68,1,21,9,2,9,4.5,5.3,5.7,92,4,8,6,0,119
2001,265,Kenny Rogers*,/players/r/rogerke01.shtml,rogerke01,36,TEX,120.2,20,20,5,7,8,1,0,9,11,.450,4,2,0,0,9,45%,41.4,63,7,20,12,0,9,5.5,5.9,6.0,98,1,8,10,1,127
2001,266,J.C. Romero*,/players/r/romerj.01.shtml,romerj.01,25,MIN,65.0,14,11,1,4,6,0,0,4,7,.364,2,3,0,0,5,45%,41.5,70,16,13,4,0,7,4.9,5.1,5.1,84,3,6,2,0,102
2001,267,Brian Rose,/players/r/rosebr01.shtml,rosebr01,25,TOT,29.0,10,3,0,2,1,0,0,1,2,.333,0,1,0,0,0,0%,,32,21,1,0,0,2,4.2,2.7,3.7,75,2,1,0,0,95
2001,268,Brian Rose,/players/r/rosebr01.shtml,rosebr01,25,TBD,20.1,7,3,0,2,1,0,0,1,2,.333,0,1,0,0,0,0%,27.3,32,21,0,0,0,2,4.2,2.7,3.7,75,2,1,0,0,95
2001,269,Kirk Rueter*,/players/r/rueteki01.shtml,rueteki01,30,SFG,195.1,34,34,14,12,8,4,2,18,16,.529,3,3,0,0,16,47%,46.8,75,7,20,9,2,15,5.2,5.6,5.7,94,3,20,11,0,112
2001,270,Ryan Rupe,/players/r/rupery01.shtml,rupery01,26,TBD,143.1,28,26,5,11,10,1,1,10,16,.385,3,1,0,0,9,35%,45.7,75,12,17,10,0,15,4.4,4.1,5.4,92,3,14,9,0,112
2001,271,Glendon Rusch*,/players/r/ruschgl01.shtml,ruschgl01,26,NYM,179.0,33,33,8,12,13,1,0,12,21,.364,1,7,1,0,14,42%,48.1,89,9,34,8,1,17,3.2,3.0,5.4,93,7,9,16,1,122
2001,272,CC Sabathia*,/players/s/sabatc.01.shtml,sabatc.01,20,CLE,180.1,33,33,17,5,11,8,0,24,9,.727,1,5,0,0,14,42%,51.6,82,19,26,9,1,14,5.5,5.1,5.5,95,8,8,14,3,125
2001,273,Bret Saberhagen,/players/s/saberbr01.shtml,saberbr01,37,BOS,15.0,3,3,1,2,0,0,0,1,2,.333,0,0,0,0,1,33%,43.7,65,25,2,2,0,2,5.2,9.0,5.0,79,1,2,0,0,82
2001,274,Jesus Sanchez*,/players/s/sanchje01.shtml,sanchje01,26,FLA,62.2,16,9,2,4,3,0,1,4,5,.444,1,1,0,0,4,44%,48.6,79,2,3,2,0,5,5.0,4.7,5.8,97,2,2,5,0,118
2001,275,Johan Santana*,/players/s/santajo02.shtml,santajo02,22,MIN,43.2,15,4,1,0,3,1,0,4,0,1.000,0,2,0,0,0,0%,41.2,52,32,6,1,0,1,8.0,10.4,4.9,78,3,1,0,0,86
2001,276,Victor Santos,/players/s/santovi01.shtml,santovi01,24,DET,76.1,33,7,2,2,3,1,0,3,4,.429,3,0,0,0,3,43%,45.4,71,21,17,6,2,4,7.1,9.0,5.1,93,1,5,1,0,116
2001,277,Curt Schilling,/players/s/schilcu01.shtml,schilcu01,34,ARI,256.2,35,35,22,6,7,2,3,27,8,.771,1,3,6,1,27,77%,62.6,93,29,7,0,1,8,4.9,5.3,7.3,106,3,7,18,7,132
2001,278,Jason Schmidt,/players/s/schmija01.shtml,schmija01,28,TOT,150.1,25,25,13,7,5,3,3,16,9,.640,1,3,1,0,15,60%,52.9,78,7,15,9,0,14,5.6,5.1,6.0,101,2,8,13,2,124
2001,279,Jason Schmidt,/players/s/schmija01.shtml,schmija01,28,PIT,84.0,14,14,6,6,2,1,3,7,7,.500,1,1,1,0,8,57%,51.5,78,7,9,6,0,8,4.5,4.7,6.0,98,1,7,5,1,124
2001,280,Jason Schmidt,/players/s/schmija01.shtml,schmija01,28,SFG,66.1,11,11,7,1,3,2,0,9,2,.818,0,2,0,0,7,64%,54.6,78,29,6,3,0,6,7.0,5.7,6.0,104,1,1,8,1,120
2001,281,Scott Schoeneweis*,/players/s/schoesc01.shtml,schoesc01,27,ANA,205.1,32,32,10,11,11,1,4,18,14,.563,4,4,1,0,18,56%,45.6,70,-9,27,13,0,13,4.6,4.8,6.4,99,4,11,16,1,125
2001,282,Aaron Sele,/players/s/seleaa01.shtml,seleaa01,31,SEA,215.0,34,33,15,5,13,0,1,21,12,.636,4,4,2,1,21,64%,52.1,87,17,20,2,1,12,6.2,6.3,6.5,98,4,11,17,1,120
2001,283,Wascar Serrano,/players/s/serrawa01.shtml,serrawa01,23,SDP,46.2,20,5,2,2,1,1,1,2,3,.400,0,1,0,0,2,40%,43.2,62,25,5,3,0,3,6.8,5.7,5.7,96,0,2,3,0,108
2001,284,Ben Sheets,/players/s/sheetbe01.shtml,sheetbe01,22,MIL,151.1,25,25,11,10,4,3,2,12,13,.480,1,4,1,1,12,48%,47.0,79,8,19,4,0,9,5.0,5.1,6.1,95,2,14,9,0,114
2001,285,Bud Smith*,/players/s/smithbu02.shtml,smithbu02,21,STL,84.2,16,14,6,3,5,2,1,10,4,.714,1,2,1,1,8,57%,52.0,90,21,3,2,0,6,5.5,5.0,5.9,91,4,6,3,1,134
2001,286,Chuck Smith,/players/s/smithch07.shtml,smithch07,31,FLA,88.0,15,15,5,5,5,0,0,6,9,.400,2,3,0,0,7,47%,49.6,78,9,8,2,0,8,5.2,5.3,5.9,97,2,4,7,2,123
2001,287,John Smoltz,/players/s/smoltjo01.shtml,smoltjo01,34,ATL,59.0,36,5,2,2,1,0,0,3,2,.600,0,0,0,0,2,40%,44.4,64,27,3,0,0,4,5.8,6.0,5.0,82,2,3,0,0,94
2001,288,Steve Sparks,/players/s/sparkst01.shtml,sparkst01,35,DET,232.0,35,33,14,9,10,2,1,18,15,.545,5,1,8,1,20,61%,51.0,82,16,23,4,2,14,4.7,4.8,7.0,107,0,8,21,4,132
2001,289,Dennis Springer,/players/s/sprinde01.shtml,sprinde01,36,LAD,19.0,4,3,1,1,1,0,1,2,1,.667,0,1,0,0,2,67%,51.7,66,34,0,0,1,1,5.5,5.8,6.0,83,1,2,0,0,98
2001,290,Jason Standridge,/players/s/standja01.shtml,standja01,22,TBD,19.1,9,1,0,0,1,0,0,0,1,.000,1,0,0,0,1,100%,69.0,69,69,2,0,0,1,3.0,3.0,6.3,80,0,1,0,0,80
2001,291,Denny Stark,/players/s/starkde01.shtml,starkde01,26,SEA,14.2,4,3,1,1,1,1,0,2,1,.667,0,0,0,0,0,0%,36.0,58,6,5,2,0,2,2.8,4.5,3.9,68,2,1,0,0,96
2001,292,Blake Stein,/players/s/steinbl01.shtml,steinbl01,27,KCR,131.0,36,15,6,6,3,2,0,9,6,.600,1,0,0,0,5,33%,48.6,71,8,15,8,3,9,4.8,5.1,5.0,89,3,7,4,1,124
2001,293,Tanyon Sturtze,/players/s/sturtta01.shtml,sturtta01,30,TBD,195.1,39,27,11,10,6,1,1,15,12,.556,4,2,0,0,15,56%,49.2,71,11,10,7,0,12,4.8,4.2,6.6,107,0,6,17,4,127
2001,294,Jeff Suppan,/players/s/suppaje01.shtml,suppaje01,26,KCR,218.1,34,34,10,14,10,4,3,14,20,.412,5,3,1,0,15,44%,48.4,80,28,32,13,0,13,4.2,4.3,6.4,105,1,11,20,2,128
2001,295,Mac Suzuki,/players/s/suzukma01.shtml,suzukma01,26,TOT,118.1,33,19,4,10,5,1,1,4,15,.211,3,0,0,0,7,37%,46.0,77,16,26,11,0,12,4.7,5.6,4.8,87,5,10,4,0,115
2001,296,Mac Suzuki,/players/s/suzukma01.shtml,suzukma01,26,TOT,62.1,18,10,2,5,3,0,1,2,8,.200,2,0,0,0,4,40%,45.6,77,16,19,8,0,5,4.5,5.5,4.8,89,2,6,2,0,113
2001,297,Mac Suzuki,/players/s/suzukma01.shtml,suzukma01,26,KCR,56.0,15,9,2,5,2,1,0,2,7,.222,1,0,0,0,3,33%,46.4,73,25,7,3,0,7,5.0,5.7,4.9,84,3,4,2,0,115
2001,298,Mac Suzuki,/players/s/suzukma01.shtml,suzukma01,26,COL,6.1,3,1,0,1,0,0,0,0,1,.000,0,0,0,0,0,0%,40.0,40,40,5,3,0,1,3.0,5.4,4.3,92,0,1,0,0,92
2001,299,Mac Suzuki,/players/s/suzukma01.shtml,suzukma01,26,MIL,56.0,15,9,2,4,3,0,1,2,7,.222,2,0,0,0,4,44%,46.2,77,16,14,5,0,4,4.7,5.5,4.9,88,2,5,2,0,113
2001,300,Kevin Tapani,/players/t/tapanke01.shtml,tapanke01,37,CHC,168.1,29,29,9,14,6,3,3,12,17,.414,2,5,0,0,14,48%,49.7,81,-4,13,6,0,15,4.1,4.0,5.8,93,4,18,5,2,123
2001,301,Julian Tavarez,/players/t/tavarju01.shtml,tavarju01,28,CHC,161.1,34,28,10,9,9,3,2,15,13,.536,3,2,0,0,12,43%,47.9,72,16,21,6,1,15,5.1,5.1,5.5,93,4,13,10,1,131
2001,302,Amaury Telemaco,/players/t/telemam01.shtml,telemam01,27,PHI,89.1,24,14,4,4,6,1,1,8,6,.571,1,4,1,0,6,43%,45.1,76,9,12,8,1,7,5.4,3.3,5.3,85,4,5,5,0,114
2001,303,Brad Thomas*,/players/t/thomabr01.shtml,thomabr01,23,MIN,16.1,5,5,0,2,3,0,0,1,4,.200,0,2,0,0,1,20%,37.8,53,27,3,1,0,4,3.8,3.4,3.3,69,3,1,1,0,102
2001,304,John Thomson,/players/t/thomsjo01.shtml,thomsjo01,27,COL,93.2,14,14,4,5,5,0,2,7,7,.500,3,2,1,1,8,57%,53.7,83,29,3,1,0,11,5.8,5.8,6.7,99,1,7,5,1,120
2001,305,Mike Thurman,/players/t/thurmmi01.shtml,thurmmi01,27,MON,147.0,28,26,9,11,6,3,2,12,14,.462,0,2,0,0,10,38%,45.3,70,12,15,9,1,10,4.9,4.7,5.6,90,6,12,8,0,113
2001,306,Brian Tollberg,/players/t/tollbbr01.shtml,tollbbr01,28,SDP,117.1,19,19,10,4,5,5,0,15,4,.789,4,2,0,0,7,37%,49.1,80,25,13,5,0,13,5.8,6.1,6.2,88,4,11,4,0,103
2001,307,Brett Tomko,/players/t/tomkobr01.shtml,tomkobr01,28,SEA,34.2,11,4,1,1,2,1,0,2,2,.500,1,1,0,0,0,0%,40.8,59,16,4,0,0,2,8.0,9.5,4.6,87,2,1,1,0,108
2001,308,Josh Towers,/players/t/towerjo01.shtml,towerjo01,24,BAL,140.1,24,20,7,9,4,1,1,9,11,.450,0,3,1,1,9,45%,47.5,80,26,12,4,0,12,4.7,3.5,6.6,92,2,15,3,0,110
2001,309,Steve Trachsel,/players/t/trachst01.shtml,trachst01,30,NYM,173.2,28,28,11,13,4,1,3,13,15,.464,2,1,1,1,17,61%,52.1,88,10,13,5,0,16,3.6,3.6,6.2,97,5,5,17,1,122
2001,310,Ismael Valdez,/players/v/valdeis01.shtml,valdeis01,27,ANA,163.2,27,27,9,13,5,3,6,10,17,.370,2,2,1,0,15,56%,48.7,77,12,18,11,0,17,3.4,3.4,6.1,96,5,10,11,1,124
2001,311,Javier Vazquez,/players/v/vazquja01.shtml,vazquja01,24,MON,223.2,32,32,16,11,5,1,3,19,13,.594,4,2,5,3,19,59%,58.5,92,13,10,6,0,8,4.7,4.6,7.0,106,2,7,19,4,123
2001,312,Ron Villone*,/players/v/villoro01.shtml,villoro01,31,TOT,114.2,53,12,2,6,4,2,0,3,9,.250,0,1,0,0,0,0%,39.6,61,20,25,8,2,7,4.1,5.7,4.8,90,3,7,2,0,117
2001,313,Ron Villone*,/players/v/villoro01.shtml,villoro01,31,COL,46.2,22,6,1,2,3,1,0,2,4,.333,0,1,0,0,0,0%,36.2,50,20,6,2,0,5,5.3,7.4,4.6,89,2,3,1,0,107
2001,314,Ron Villone*,/players/v/villoro01.shtml,villoro01,31,HOU,68.0,31,6,1,4,1,1,0,1,5,.167,0,0,0,0,0,0%,43.0,61,22,19,6,2,2,3.0,4.0,5.0,91,1,4,1,0,117
2001,315,Ryan Vogelsong,/players/v/vogelry01.shtml,vogelry01,23,TOT,34.2,15,2,0,2,0,0,0,0,2,.000,0,0,0,0,0,0%,,39,24,4,2,0,2,5.0,1.8,3.0,72,1,1,0,0,85
2001,316,Ryan Vogelsong,/players/v/vogelry01.shtml,vogelry01,23,PIT,6.0,2,2,0,2,0,0,0,0,2,.000,0,0,0,0,0,0%,31.5,39,24,2,0,0,2,5.0,1.8,3.0,72,1,1,0,0,85
2001,317,Tim Wakefield,/players/w/wakefti01.shtml,wakefti01,34,BOS,168.2,45,17,5,9,3,1,5,6,11,.353,1,1,0,0,12,71%,50.9,79,23,20,8,3,5,4.4,4.2,6.2,101,1,7,7,2,121
2001,318,Jeff Wallace*,/players/w/wallaje01.shtml,wallaje01,25,TBD,50.1,29,1,0,1,0,0,0,0,1,.000,0,0,0,0,0,0%,38.0,38,38,14,7,0,1,2.0,0.0,5.0,102,0,0,1,0,102
2001,319,Jarrod Washburn*,/players/w/washbja01.shtml,washbja01,26,ANA,193.1,30,30,11,10,9,2,4,16,14,.533,3,3,1,0,20,67%,51.9,78,19,11,4,0,14,4.8,4.8,6.4,103,2,10,15,3,125
2001,320,Jeff Weaver,/players/w/weaveje01.shtml,weaveje01,24,DET,229.1,33,33,13,16,4,0,6,15,18,.455,3,1,5,0,21,64%,51.5,75,12,19,7,0,16,4.5,4.6,6.9,110,0,5,24,4,128
2001,321,David Wells*,/players/w/wellsda01.shtml,wellsda01,38,CHW,100.2,16,16,5,7,4,1,0,9,7,.563,0,1,1,0,5,31%,48.2,73,17,8,1,1,10,4.7,5.0,6.3,90,4,4,6,2,127
2001,322,Kip Wells,/players/w/wellski01.shtml,wellski01,24,CHW,133.1,40,20,7,10,3,0,1,9,11,.450,0,2,0,0,8,40%,44.7,82,13,30,8,0,9,4.4,3.6,5.2,89,4,12,4,0,112
2001,323,Don Wengert,/players/w/wengedo01.shtml,wengedo01,31,PIT,16.0,4,4,0,2,2,0,0,2,2,.500,1,2,0,0,0,0%,23.5,38,15,6,6,0,4,5.8,3.6,4.0,68,3,0,1,0,104
2001,324,Jake Westbrook,/players/w/westbja01.shtml,westbja01,23,CLE,64.2,23,6,2,3,1,1,0,2,4,.333,0,1,0,0,1,17%,39.8,60,15,18,7,1,2,4.7,5.8,4.8,80,2,4,0,0,95
2001,325,David Williams*,/players/w/willida07.shtml,willida07,22,PIT,114.0,22,18,3,7,8,1,3,7,11,.389,2,2,0,0,8,44%,50.5,73,26,15,3,0,9,3.9,3.9,5.8,87,6,8,4,0,106
2001,326,Jeff Williams*,/players/w/willije02.shtml,willije02,29,LAD,24.1,15,1,0,1,0,0,0,0,1,.000,0,0,0,0,0,0%,29.0,29,29,11,4,0,0,2.0,1.5,6.0,95,0,1,0,0,95
2001,327,Woody Williams,/players/w/williwo02.shtml,williwo02,34,TOT,220.0,34,34,15,9,10,3,3,21,13,.618,6,1,3,1,19,56%,51.5,89,12,21,6,0,12,5.7,5.6,6.5,103,2,11,18,3,138
2001,328,Woody Williams,/players/w/williwo02.shtml,williwo02,34,SDP,145.0,23,23,8,8,7,2,3,13,10,.565,5,0,0,0,11,48%,46.5,72,12,18,5,0,8,6.1,6.3,6.3,103,1,6,15,1,130
2001,329,Woody Williams,/players/w/williwo02.shtml,williwo02,34,STL,75.0,11,11,7,1,3,1,0,8,3,.727,1,1,3,1,8,73%,61.8,89,28,3,1,0,4,4.8,4.3,6.8,103,1,5,3,2,138
2001,330,Kris Wilson,/players/w/wilsokr01.shtml,wilsokr01,24,KCR,109.1,29,15,6,5,4,2,0,7,8,.467,0,2,0,0,6,40%,43.2,71,16,10,6,2,8,4.7,5.1,5.6,91,4,7,2,2,123
2001,331,Paul Wilson,/players/w/wilsopa02.shtml,wilsopa02,28,TBD,151.1,37,24,8,9,7,3,1,10,14,.417,2,1,0,0,8,33%,46.3,79,7,15,5,0,11,4.7,6.1,5.5,94,5,10,8,1,130
2001,332,Scott Winchester,/players/w/winchsc01.shtml,winchsc01,28,CIN,24.0,12,1,0,1,0,0,0,0,1,.000,0,0,0,0,0,0%,32.0,32,32,4,0,0,1,4.0,4.5,5.0,57,1,0,0,0,57
2001,333,Matt Wise,/players/w/wisema01.shtml,wisema01,25,ANA,49.1,11,9,1,4,4,1,1,2,7,.222,0,1,0,0,1,11%,49.1,60,38,5,0,0,6,3.5,3.4,5.0,90,1,6,2,0,102
2001,334,Bobby Witt,/players/w/wittbo01.shtml,wittbo01,37,ARI,43.1,14,7,3,1,3,2,0,4,3,.571,0,2,0,0,2,29%,47.7,63,28,5,2,1,5,5.4,4.5,5.1,90,1,4,2,0,116
2001,335,Randy Wolf*,/players/w/wolfra02.shtml,wolfra02,24,PHI,163.0,28,25,9,11,5,1,1,12,13,.480,1,2,4,2,13,52%,54.5,92,16,15,1,0,16,4.0,3.7,6.3,100,4,8,10,3,138
2001,336,Kerry Wood,/players/w/woodke02.shtml,woodke02,24,CHC,174.1,28,28,12,6,10,2,3,16,12,.571,3,2,1,1,20,71%,58.7,97,24,11,1,0,13,4.3,4.4,6.2,108,2,2,23,1,126
2001,337,Steve Woodard,/players/w/woodast01.shtml,woodast01,26,CLE,97.0,29,10,2,3,5,0,0,5,5,.500,0,4,0,0,3,30%,40.7,64,18,15,4,4,2,5.0,4.6,5.0,83,7,0,3,0,116
2001,338,Dan Wright,/players/w/wrighda02.shtml,wrighda02,23,CHW,66.1,13,12,5,3,4,3,0,8,4,.667,3,2,0,0,3,25%,41.1,68,5,11,1,1,4,6.8,7.2,5.3,93,2,5,5,0,115
2001,339,Jamey Wright,/players/w/wrighja01.shtml,wrighja01,26,MIL,194.2,33,33,11,12,10,3,3,15,18,.455,4,3,1,1,16,48%,46.9,86,15,31,11,1,11,4.8,5.4,5.9,97,4,12,16,1,123
2001,340,Jaret Wright,/players/w/wrighja02.shtml,wrighja02,25,CLE,29.0,7,7,2,2,3,1,0,5,2,.714,1,1,0,0,1,14%,40.7,66,15,6,2,0,4,5.9,7.1,4.1,76,3,3,1,0,105
2001,341,Masato Yoshii,/players/y/yoshima01.shtml,yoshima01,36,MON,113.0,42,11,2,7,2,1,2,3,8,.273,0,0,0,0,4,36%,42.4,65,17,13,2,2,5,4.8,2.8,5.0,79,4,6,1,0,104
2001,342,Carlos Zambrano,/players/z/zambrca01.shtml,zambrca01,20,CHC,7.2,6,1,0,1,0,0,0,0,1,.000,0,0,0,0,0,0%,25.0,25,25,3,2,0,1,2.0,0.0,4.0,70,1,0,0,0,70
2001,343,Chad Zerbe*,/players/z/zerbech01.shtml,zerbech01,29,SFG,39.0,27,1,1,0,0,1,0,1,0,1.000,0,0,0,0,0,0%,58.0,58,58,8,4,1,0,6.8,6.8,5.0,79,1,0,0,0,79
2001,344,Barry Zito*,/players/z/zitoba01.shtml,zitoba01,23,OAK,214.1,35,35,17,8,10,2,2,25,10,.714,5,4,3,2,24,69%,55.7,88,22,20,12,0,14,5.9,5.4,6.1,101,2,12,19,2,122
