2005,1,Jeremy Accardo,/players/a/accarje01.shtml,accarje01,23,SFG,29.2,28,0,13,3.94,4.65,-0.17,-0.35,99.4,4.44,2,0.2,1.3,-0.0,0.4,4,.506,.501,,Amateur Free Agent
2005,2,Jose Acevedo,/players/a/acevejo01.shtml,acevejo01,27,COL,64.0,36,5,48,6.75,4.45,-0.12,-0.16,111.8,4.93,-13,-1.3,.9,-0.1,-0.8,-7,.464,.492,,Traded
2005,3,Mike Adams,/players/a/adamsmi03.shtml,adamsmi03,26,MIL,13.1,13,0,4,2.70,4.54,-0.05,-0.34,102.0,4.33,2,0.3,1.2,-0.0,0.4,4,.519,.502,"$331,000",Amateur Free Agent
2005,4,Terry Adams,/players/a/adamste01.shtml,adamste01,32,PHI,13.1,16,0,19,12.83,4.76,0.80,-0.36,99.3,3.58,-14,-1.3,.6,0.2,-0.9,-13,.418,.492,"$500,000",Free Agency
2005,5,Jon Adkins,/players/a/adkinjo01.shtml,adkinjo01,27,CHW,8.1,5,0,8,8.64,4.68,0.35,-0.35,101.4,4.03,-4,-0.4,.6,0.1,-0.2,-3,.419,.497,,Traded
2005,6,Jeremy Affeldt*,/players/a/affelje01.shtml,affelje01,26,KCR,49.2,49,0,35,6.34,4.73,-0.72,-0.36,100.6,5.13,-7,-0.7,.9,-0.1,-0.2,-1,.486,.496,"$950,000",Amateur Draft
2005,7,Antonio Alfonseca,/players/a/alfonan01.shtml,alfonan01,33,FLA,27.1,33,0,15,4.94,4.54,-0.44,-0.34,93.2,4.32,-2,-0.2,1.4,-0.1,-0.1,0,.494,.499,"$300,000",Free Agency
2005,8,Armando Almanza*,/players/a/almanar01.shtml,almanar01,32,ARI,4.0,6,0,1,2.25,5.14,-0.09,-0.39,101.2,4.89,1,0.1,1.3,0.0,0.2,2,.520,.501,,Free Agency
2005,9,Carlos Almanzar,/players/a/almanca01.shtml,almanca01,31,TEX,5.0,6,0,8,14.40,5.04,-0.36,-0.38,107.8,5.42,-5,-0.5,.4,0.1,-0.3,-4,.421,.497,"$1,100,000",Free Agency
2005,10,Abe Alvarez*,/players/a/alvarab01.shtml,alvarab01,22,BOS,2.1,2,0,4,15.43,4.70,-0.21,-0.35,108.0,4.92,-3,-0.2,.0,0.1,-0.1,-2,.377,.498,,Amateur Draft
2005,11,Wilson Alvarez*,/players/a/alvarwi01.shtml,alvarwi01,35,LAD,24.0,21,2,15,5.63,4.72,0.03,-0.18,96.5,4.35,-3,-0.3,1.2,-0.1,-0.2,-1,.483,.498,"$2,000,000",Free Agency
2005,12,Brian Anderson*,/players/a/anderbr02.shtml,anderbr02,33,KCR,30.2,6,6,24,7.04,4.46,-0.80,0.16,101.3,5.49,-6,-0.5,,-0.0,-0.2,-2,.414,.497,"$3,250,000",Traded
2005,13,Jason Anderson,/players/a/anderja01.shtml,anderja01,26,NYY,5.2,3,0,5,7.94,4.98,-0.68,-0.38,99.7,5.26,-2,-0.2,.7,0.0,-0.1,-1,.444,.499,,Waivers
2005,14,Matt Anderson,/players/a/anderma01.shtml,anderma01,28,COL,10.0,12,0,17,15.30,4.91,-0.14,-0.37,114.5,5.35,-11,-1.1,.6,0.2,-0.8,-10,.412,.493,,Free Agency
2005,15,Greg Aquino,/players/a/aquingr01.shtml,aquingr01,27,ARI,31.1,35,0,29,8.33,4.54,-0.08,-0.34,105.3,4.50,-13,-1.3,.7,0.1,-0.9,-11,.462,.492,"$325,000",Amateur Free Agent
2005,16,Tony Armas,/players/a/armasto02.shtml,armasto02,27,WSN,101.1,19,19,57,5.06,4.63,-0.02,0.17,99.1,4.78,-3,-0.3,,-0.1,0.5,5,.482,.498,"$2,260,000",Traded
2005,17,Bronson Arroyo,/players/a/arroybr01.shtml,arroybr01,28,BOS,205.1,35,32,116,5.08,4.84,-0.14,0.17,104.7,5.40,5,0.5,.8,-0.1,2.5,29,.516,.503,"$1,850,000",Waivers
2005,18,Ezequiel Astacio,/players/a/astacez01.shtml,astacez01,25,HOU,81.0,22,14,56,6.22,4.51,0.33,0.10,101.0,4.32,-17,-1.7,.2,0.0,-0.9,-10,.424,.490,,Traded
2005,19,Pedro Astacio,/players/a/astacpe01.shtml,astacpe01,36,2TM,126.2,24,22,66,4.69,4.64,-0.27,0.17,100.4,5.10,5,0.6,.3,-0.1,1.7,18,.525,.502,"$800,000",Free Agency
2005,20,Scott Atchison,/players/a/atchisc01.shtml,atchisc01,29,SEA,6.2,6,0,5,6.75,5.07,-0.02,-0.38,99.6,4.68,-2,-0.2,.4,0.0,-0.1,-1,.474,.499,"$323,000",Amateur Draft
2005,21,Luis Ayala,/players/a/ayalalu01.shtml,ayalalu01,27,WSN,71.0,68,0,23,2.92,4.65,-0.02,-0.35,97.0,4.19,10,1.0,1.5,0.1,1.8,16,.515,.506,"$363,000",Purchased
2005,22,Manny Aybar,/players/a/aybarma01.shtml,aybarma01,33,NYM,25.1,22,0,17,6.04,4.62,-0.15,-0.35,96.3,4.26,-5,-0.5,.4,0.1,-0.2,-3,.477,.497,"$425,000",Free Agency
2005,23,Brandon Backe,/players/b/backebr01.shtml,backebr01,27,HOU,149.1,26,25,82,4.94,4.65,0.32,0.16,99.9,4.49,-8,-0.8,.0,-0.1,0.4,5,.470,.495,"$350,000",Traded
2005,24,Danys Baez,/players/b/baezda01.shtml,baezda01,27,TBD,72.1,67,0,27,3.36,5.03,-0.03,-0.38,99.3,4.65,10,1.0,1.9,0.2,2.0,18,.515,.506,"$3,750,000",Free Agency
2005,25,Jeff Bajenaru,/players/b/bajenje01.shtml,bajenje01,27,CHW,4.1,4,0,3,6.23,4.92,0.28,-0.37,107.1,4.58,-1,-0.1,.1,0.0,-0.0,-0,.479,.499,,Amateur Draft
2005,26,Scott Baker,/players/b/bakersc02.shtml,bakersc02,23,MIN,53.2,10,9,21,3.52,4.66,0.19,0.16,99.9,4.63,6,0.6,1.1,-0.0,1.2,12,.564,.504,,Amateur Draft
2005,27,James Baldwin,/players/b/baldwja01.shtml,baldwja01,33,2TM,56.2,28,0,28,4.45,5.15,0.04,-0.39,101.0,4.77,2,0.2,.5,-0.2,0.6,8,.506,.501,,Free Agency
2005,28,Cliff Bartosh*,/players/b/bartocl01.shtml,bartocl01,25,CHC,19.2,19,0,13,5.95,4.92,0.02,-0.37,103.2,4.67,-3,-0.3,.4,0.0,-0.1,-1,.485,.498,"$318,600",Traded
2005,29,Miguel Batista,/players/b/batismi01.shtml,batismi01,34,TOR,74.2,71,0,39,4.70,4.87,0.39,-0.37,102.5,4.21,-5,-0.5,1.7,-0.4,-0.0,4,.493,.497,"$4,750,000",Free Agency
2005,30,Rick Bauer,/players/b/bauerri01.shtml,bauerri01,28,BAL,8.1,5,0,9,9.72,4.71,0.20,-0.36,98.8,4.11,-5,-0.5,.1,0.2,-0.2,-4,.403,.497,"$350,000",Amateur Draft
2005,31,Denny Bautista,/players/b/bautide01.shtml,bautide01,22,KCR,35.2,7,7,23,5.80,4.79,-0.72,0.18,98.8,5.62,-1,-0.1,,-0.0,0.2,3,.486,.499,"$316,000",Traded
2005,32,Jonah Bayliss,/players/b/baylijo01.shtml,baylijo01,24,KCR,11.2,11,0,6,4.63,5.09,-0.60,-0.38,99.8,5.29,1,0.1,.1,-0.1,0.1,2,.507,.500,,Amateur Draft
2005,33,Yorman Bazardo,/players/b/bazaryo01.shtml,bazaryo01,20,FLA,1.2,1,0,5,27.00,4.65,-0.68,-0.35,88.0,4.38,-4,-0.3,2.6,-0.2,-0.5,-4,.204,.498,,Amateur Free Agent
2005,34,Colter Bean,/players/b/beanco01.shtml,beanco01,28,NYY,2.0,1,0,1,4.50,4.81,-0.54,-0.36,94.0,4.68,0,0.0,.0,-0.0,0.0,0,.502,.500,,Rule 5 returned
2005,35,Josh Beckett,/players/b/beckejo02.shtml,beckejo02,25,FLA,178.2,29,29,75,3.78,4.47,-0.39,0.16,95.2,4.78,20,2.1,,-0.1,3.5,35,.574,.513,"$2,400,000",Amateur Draft
2005,36,Erik Bedard*,/players/b/bedarer01.shtml,bedarer01,26,BAL,141.2,24,24,66,4.19,4.84,0.16,0.18,99.1,4.82,9,0.9,,-0.1,2.3,25,.537,.506,"$330,000",Amateur Draft
2005,37,Joe Beimel*,/players/b/beimejo01.shtml,beimejo01,28,TBD,11.0,7,0,4,3.27,5.23,-0.04,-0.40,101.1,4.92,2,0.2,.2,-0.1,0.2,3,.528,.501,,Free Agency
2005,38,Matt Belisle,/players/b/belisma01.shtml,belisma01,25,CIN,85.2,60,5,49,5.15,4.58,-0.28,-0.20,101.0,4.71,-4,-0.4,1.2,-0.2,0.1,3,.493,.497,"$316,000",Traded
2005,39,Heath Bell,/players/b/bellhe01.shtml,bellhe01,27,NYM,46.2,42,0,30,5.79,4.71,-0.16,-0.36,95.8,4.32,-8,-0.8,.8,-0.0,-0.4,-4,.482,.495,,Amateur Free Agent
2005,40,Rob Bell,/players/b/bellro01.shtml,bellro01,28,TBD,25.0,8,3,25,9.00,4.78,-0.04,-0.07,99.6,4.72,-12,-1.1,.7,0.0,-0.8,-9,.366,.493,"$800,000",Free Agency
2005,41,Armando Benitez,/players/b/benitar01.shtml,benitar01,32,SFG,30.0,30,0,17,5.10,4.47,-0.15,-0.34,103.1,4.42,-2,-0.2,1.6,-0.1,-0.1,0,.492,.499,"$4,966,667",Free Agency
2005,42,Joaquin Benoit,/players/b/benoijo01.shtml,benoijo01,27,TEX,87.0,32,9,39,4.03,4.88,-0.24,-0.08,105.9,5.33,12,1.2,1.2,-0.1,2.1,22,.538,.508,"$372,500",Amateur Free Agent
2005,43,Kris Benson,/players/b/bensokr01.shtml,bensokr01,30,NYM,174.1,28,28,86,4.44,4.63,-0.17,0.17,95.0,4.72,5,0.5,,-0.1,1.9,20,.520,.503,"$5,333,333",Traded
2005,44,Chad Bentz*,/players/b/bentzch01.shtml,bentzch01,25,FLA,2.0,4,0,7,31.50,4.66,-0.98,-0.36,102.3,5.40,-6,-0.5,.9,0.0,-0.5,-6,.368,.497,,Free Agency
2005,45,Jason Bergmann,/players/b/bergmja01.shtml,bergmja01,23,WSN,19.2,15,1,6,2.75,4.71,-0.02,-0.30,93.0,4.11,3,0.3,.7,-0.1,0.4,5,.521,.502,,Amateur Draft
2005,46,Adam Bernero,/players/b/bernead01.shtml,bernead01,28,ATL,47.0,36,0,35,6.70,4.70,0.38,-0.36,99.1,3.92,-15,-1.5,.8,0.0,-1.0,-11,.460,.491,"$450,000",Free Agency
2005,47,Rafael Betancourt,/players/b/betanra01.shtml,betanra01,30,CLE,67.2,54,0,23,3.06,4.59,0.27,-0.35,96.6,3.83,5,0.5,.9,-0.2,1.1,13,.510,.503,"$338,600",Free Agency
2005,48,Joe Blanton,/players/b/blantjo01.shtml,blantjo01,24,OAK,201.1,33,33,86,3.84,4.76,0.25,0.18,100.6,4.71,18,1.8,,-0.1,3.8,41,.556,.511,"$316,500",Amateur Draft
2005,49,Jeremy Bonderman,/players/b/bondeje01.shtml,bondeje01,22,DET,189.0,29,29,101,4.81,4.78,0.16,0.18,98.6,4.72,-3,-0.3,,-0.1,1.5,19,.488,.498,"$400,000",Traded
2005,50,Chris Booker,/players/b/bookech01.shtml,bookech01,28,CIN,2.0,3,0,8,36.00,4.54,-0.36,-0.35,102.0,4.64,-7,-0.6,.2,0.2,-0.3,-7,.305,.496,,Free Agency
2005,51,Chris Bootcheck,/players/b/bootcch01.shtml,bootcch01,26,LAA,18.2,5,2,7,3.38,5.01,0.31,-0.09,95.4,4.40,2,0.2,.4,-0.1,0.3,4,.541,.501,,Amateur Draft
2005,52,Joe Borowski,/players/b/borowjo01.shtml,borowjo01,34,2TM,46.1,43,0,23,4.47,4.92,-0.02,-0.37,100.3,4.58,0,0.0,1.4,0.1,0.6,5,.501,.501,"$2,300,000",Free Agency
2005,53,Ricky Bottalico,/players/b/bottari01.shtml,bottari01,35,MIL,41.2,40,0,24,5.18,4.54,-0.06,-0.35,100.8,4.29,-4,-0.4,1.2,-0.1,-0.2,-1,.489,.497,"$800,000",Free Agency
2005,54,Travis Bowyer,/players/b/bowyetr01.shtml,bowyetr01,23,MIN,9.2,8,0,6,5.59,4.71,0.16,-0.36,99.5,4.17,-2,-0.2,.3,0.0,-0.0,-0,.480,.499,,Amateur Draft
2005,55,Blaine Boyer,/players/b/boyerbl01.shtml,boyerbl01,23,ATL,37.2,43,0,13,3.11,4.69,0.31,-0.36,100.4,4.04,4,0.4,1.1,-0.1,0.7,7,.509,.502,,Amateur Draft
2005,56,Chad Bradford,/players/b/bradfch01.shtml,bradfch01,30,BOS,23.1,31,0,10,3.86,4.74,-0.16,-0.36,104.2,4.73,2,0.2,1.3,-0.0,0.4,5,.507,.501,,Traded
2005,57,Dewon Brazelton,/players/b/brazede01.shtml,brazede01,25,TBD,71.0,20,8,65,8.24,4.90,-0.03,-0.04,101.8,4.98,-26,-2.4,.9,-0.0,-1.7,-18,.381,.485,"$1,124,000",Amateur Draft
2005,58,Yhency Brazoban,/players/b/brazoyh01.shtml,brazoyh01,25,LAD,72.2,74,0,46,5.70,4.46,0.02,-0.34,98.5,4.03,-14,-1.4,1.5,-0.5,-1.2,-7,.481,.492,"$319,500",Traded
2005,59,Craig Breslow*,/players/b/breslcr01.shtml,breslcr01,24,SDP,16.1,14,0,6,3.31,4.71,-0.23,-0.36,99.2,4.55,2,0.2,.6,-0.1,0.3,4,.517,.501,,Free Agency
2005,60,Eude Brito*,/players/b/britoeu01.shtml,britoeu01,26,PHI,22.0,6,5,9,3.68,4.64,0.54,0.15,100.7,4.28,1,0.2,.0,-0.0,0.3,3,.525,.501,,Amateur Free Agent
2005,61,Doug Brocail,/players/b/brocado01.shtml,brocado01,38,TEX,73.1,61,0,48,5.89,4.84,-0.28,-0.37,105.6,5.02,-8,-0.8,1.0,-0.2,-0.2,1,.487,.495,"$1,000,000",Free Agency
2005,62,Frank Brooks*,/players/b/brookfr01.shtml,brookfr01,26,ATL,0.1,1,0,0,0.00,4.64,0.32,-0.35,82.0,3.27,0,0.0,.9,-0.0,0.0,0,.513,.500,,Waivers
2005,63,Jim Brower,/players/b/broweji01.shtml,broweji01,32,2TM,60.1,69,0,36,5.37,4.61,0.08,-0.35,102.2,4.28,-7,-0.7,1.1,-0.2,-0.4,-2,.489,.498,"$1,162,500",Free Agency
2005,64,Kevin Brown,/players/b/brownke01.shtml,brownke01,40,NYY,73.1,13,13,57,7.00,4.70,-0.78,0.17,98.1,5.54,-12,-1.2,,-0.0,-0.4,-4,.411,.493,"$15,714,286",Traded
2005,65,Jonathan Broxton,/players/b/broxtjo01.shtml,broxtjo01,21,LAD,13.2,14,0,11,7.24,4.59,0.02,-0.35,94.6,3.99,-5,-0.5,.7,0.0,-0.3,-4,.465,.497,,Amateur Draft
2005,66,Brian Bruney,/players/b/brunebr01.shtml,brunebr01,23,ARI,46.0,47,0,39,7.63,4.49,-0.07,-0.34,105.4,4.45,-16,-1.6,1.2,-0.3,-1.5,-12,.465,.490,"$322,500",Amateur Draft
2005,67,Mark Buehrle*,/players/b/buehrma01.shtml,buehrma01,26,CHW,236.2,33,33,99,3.76,4.72,0.27,0.17,102.9,4.75,24,2.5,,-0.1,4.8,52,.577,.516,"$6,000,000",Amateur Draft
2005,68,Ryan Bukvich,/players/b/bukviry01.shtml,bukviry01,27,TEX,4.0,4,0,5,11.25,4.82,-0.19,-0.36,105.4,4.90,-3,-0.3,1.3,-0.0,-0.3,-2,.432,.498,"$319,500",Waivers
2005,69,Jason Bulger,/players/b/bulgeja01.shtml,bulgeja01,26,ARI,10.0,9,0,6,5.40,4.46,-0.08,-0.34,109.4,4.60,-1,-0.1,.4,0.0,0.0,-0,.490,.499,,Amateur Draft
2005,70,Bryan Bullington,/players/b/bullibr01.shtml,bullibr01,24,PIT,1.1,1,0,2,13.50,5.20,0.08,-0.40,100.0,4.72,-1,-0.1,3.4,-0.1,-0.3,-1,.380,.499,,Amateur Draft
2005,71,Nate Bump,/players/b/bumpna01.shtml,bumpna01,28,FLA,38.0,31,0,18,4.26,4.62,-0.49,-0.35,93.9,4.48,1,0.1,.9,-0.1,0.3,4,.503,.501,"$360,000",Traded
2005,72,Ambiorix Burgos,/players/b/burgoam01.shtml,burgoam01,21,KCR,63.1,59,0,29,4.12,4.79,-0.61,-0.36,101.6,5.12,6,0.7,1.4,-0.0,1.3,14,.511,.504,,Amateur Free Agent
2005,73,A.J. Burnett,/players/b/burnea.01.shtml,burnea.01,28,FLA,209.0,32,32,97,4.18,4.59,-0.40,0.17,95.0,4.89,16,1.8,,-0.1,3.4,35,.555,.511,"$3,650,000",Traded
2005,74,Mike Burns,/players/b/burnsmi01.shtml,burnsmi01,26,HOU,31.0,27,0,18,5.23,4.56,0.33,-0.35,102.1,3.97,-4,-0.4,.3,0.1,-0.1,-2,.484,.497,,Amateur Draft
2005,75,Sean Burroughs,/players/b/burrose01.shtml,burrose01,24,SDP,1.0,1,0,3,27.00,4.23,-0.53,-0.32,126.0,5.59,-2,-0.2,.0,0.1,-0.1,-2,.301,.499,"$1,675,000",Amateur Draft
2005,76,Dave Bush,/players/b/bushda01.shtml,bushda01,25,TOR,136.1,25,24,73,4.82,4.81,0.40,0.17,102.3,4.69,-3,-0.3,.0,-0.1,1.0,13,.487,.498,"$327,000",Amateur Draft
2005,77,Paul Byrd,/players/b/byrdpa01.shtml,byrdpa01,34,LAA,204.1,31,31,95,4.18,4.73,0.29,0.17,97.1,4.48,5,0.5,,-0.1,2.5,29,.516,.503,"$5,000,000",Free Agency
2005,78,Tim Byrdak*,/players/b/byrdati01.shtml,byrdati01,31,BAL,26.2,41,0,14,4.73,5.19,0.16,-0.39,98.8,4.58,-1,-0.1,1.2,-0.1,0.2,2,.498,.500,,Conditional Deal
2005,79,Daniel Cabrera,/players/c/cabreda01.shtml,cabreda01,24,BAL,161.1,29,29,92,5.13,4.91,0.15,0.18,100.1,4.94,-5,-0.5,,-0.1,1.1,14,.484,.497,"$325,000",Amateur Free Agent
2005,80,Fernando Cabrera,/players/c/cabrefe01.shtml,cabrefe01,23,CLE,30.2,15,0,7,2.05,4.59,0.28,-0.35,93.5,3.71,5,0.6,.5,-0.2,0.7,9,.537,.503,,Amateur Draft
2005,81,Matt Cain,/players/c/cainma01.shtml,cainma01,20,SFG,46.1,7,7,12,2.33,4.26,-0.15,0.16,104.8,4.78,13,1.5,,-0.0,1.8,17,.708,.509,,Amateur Draft
2005,82,Kiko Calero,/players/c/calerki01.shtml,calerki01,30,OAK,55.2,58,0,20,3.23,4.73,0.22,-0.36,100.0,4.15,5,0.5,.9,-0.2,1.0,12,.509,.503,"$330,000",Traded
2005,83,Carmen Cali*,/players/c/calica01.shtml,calica01,26,STL,6.0,6,0,8,12.00,4.84,0.44,-0.37,100.7,4.06,-5,-0.5,.2,0.2,-0.3,-5,.415,.497,,Amateur Draft
2005,84,Shawn Camp,/players/c/campsh01.shtml,campsh01,29,KCR,49.0,29,0,40,7.35,4.90,-0.81,-0.37,100.8,5.38,-11,-1.1,1.4,-0.3,-0.9,-5,.463,.493,"$319,500",Free Agency
2005,85,Jorge Campillo,/players/c/campijo01.shtml,campijo01,26,SEA,2.0,2,1,0,0.00,4.74,-0.03,-0.09,93.8,4.39,1,0.1,.0,-0.0,0.1,1,.550,.501,,Free Agency
2005,86,Jose Capellan,/players/c/capeljo01.shtml,capeljo01,24,MIL,15.2,17,0,6,3.45,4.61,-0.06,-0.35,102.4,4.42,2,0.2,.8,-0.1,0.3,3,.510,.501,,Traded
2005,87,Matt Capps,/players/c/cappsma01.shtml,cappsma01,21,PIT,4.0,4,0,2,4.50,4.63,0.08,-0.35,97.8,4.10,-0,-0.0,.3,-0.0,0.0,0,.495,.500,,Amateur Draft
2005,88,Chris Capuano*,/players/c/capuach01.shtml,capuach01,26,MIL,219.0,35,35,105,4.32,4.54,-0.06,0.17,102.1,4.86,13,1.4,,-0.1,3.1,32,.539,.508,"$340,000",Traded
2005,89,Buddy Carlyle,/players/c/carlybu01.shtml,carlybu01,27,LAD,14.0,10,0,13,8.36,4.17,0.02,-0.32,101.7,3.90,-7,-0.7,.7,0.1,-0.5,-6,.432,.496,"$330,000",Free Agency
2005,90,Chris Carpenter,/players/c/carpech01.shtml,carpech01,30,STL,241.2,33,33,82,3.05,4.52,0.34,0.17,100.4,4.36,35,3.9,,-0.2,5.8,56,.618,.524,"$2,000,000",Free Agency
2005,91,Giovanni Carrara,/players/c/carragi01.shtml,carragi01,37,LAD,75.2,72,0,35,4.16,4.44,0.02,-0.34,98.1,4.00,-1,-0.1,1.0,-0.2,0.4,5,.498,.499,"$500,000",Free Agency
2005,92,D.J. Carrasco,/players/c/carradj01.shtml,carradj01,28,KCR,114.2,21,20,67,5.26,4.68,-0.77,0.17,102.6,5.77,5,0.6,.9,-0.1,1.7,19,.527,.503,,Rule 5 Draft
2005,93,Hector Carrasco,/players/c/carrahe01.shtml,carrahe01,35,WSN,88.1,64,5,23,2.34,4.66,-0.02,-0.20,95.4,4.27,19,2.0,1.4,0.1,2.9,26,.531,.512,,Free Agency
2005,94,Lance Carter,/players/c/cartela02.shtml,cartela02,30,TBD,57.0,39,0,31,4.89,5.04,-0.03,-0.38,99.0,4.65,-2,-0.2,.9,-0.1,0.3,5,.495,.499,"$361,000",Free Agency
2005,95,Marcos Carvajal,/players/c/carvama01.shtml,carvama01,20,COL,53.0,39,0,30,5.09,4.50,-0.09,-0.34,115.1,4.90,-1,-0.1,.4,-0.1,0.3,3,.497,.499,"$316,000",Purchased
2005,96,Santiago Casilla,/players/g/garcija01.shtml,garcija01,24,OAK,3.0,3,0,1,3.00,4.68,0.27,-0.35,100.0,4.06,0,0.0,.0,-0.0,0.0,1,.511,.500,,Amateur Free Agent
2005,97,Scott Cassidy,/players/c/cassisc01.shtml,cassisc01,29,2TM,13.0,11,0,13,9.00,4.27,-0.25,-0.32,98.1,4.11,-7,-0.7,.8,0.1,-0.4,-6,.441,.497,,Conditional Deal
2005,98,Frank Castillo,/players/c/castifr01.shtml,castifr01,36,FLA,4.1,1,1,5,10.38,4.65,-0.42,0.17,88.0,4.61,-3,-0.2,,-0.0,-0.2,-2,.276,.499,,Free Agency
2005,99,Jaime Cerda*,/players/c/cerdaja01.shtml,cerdaja01,26,KCR,19.0,20,0,14,6.63,4.81,-0.69,-0.36,101.6,5.22,-3,-0.3,1.2,-0.1,-0.2,-1,.484,.498,"$341,500",Traded
2005,100,Gustavo Chacin*,/players/c/chacigu01.shtml,chacigu01,24,TOR,203.0,34,34,93,4.12,4.85,0.39,0.18,101.9,4.73,12,1.2,,-0.1,3.2,36,.536,.508,"$316,000",Amateur Free Agent
2005,101,Shawn Chacon,/players/c/chacosh01.shtml,chacosh01,27,2TM,151.2,27,24,59,3.50,4.59,-0.40,0.16,104.1,5.32,30,3.3,.9,-0.1,4.6,46,.622,.510,"$2,350,000",Amateur Draft
2005,102,Bruce Chen*,/players/c/chenbr01.shtml,chenbr01,28,BAL,197.1,34,32,94,4.29,4.92,0.17,0.17,98.9,4.86,11,1.1,.5,-0.1,3.0,34,.533,.507,"$550,000",Conditional Deal
2005,103,Matt Childers,/players/c/childma01.shtml,childma01,26,ATL,4.0,3,0,2,4.50,4.95,0.42,-0.38,93.0,3.86,-0,-0.0,.1,0.0,0.0,0,.490,.500,,Free Agency
2005,104,Randy Choate*,/players/c/choatra01.shtml,choatra01,29,ARI,7.0,8,0,7,9.00,4.66,-0.09,-0.35,96.1,4.22,-4,-0.4,1.2,-0.0,-0.3,-3,.454,.498,"$550,000",Free Agency
2005,105,Jason Christiansen*,/players/c/chrisja01.shtml,chrisja01,35,2TM,45.2,68,0,28,5.52,4.84,-0.15,-0.37,100.6,4.65,-4,-0.5,1.1,-0.2,-0.2,-0,.493,.497,"$1,050,000",Traded
2005,106,Vinnie Chulk,/players/c/chulkvi01.shtml,chulkvi01,26,TOR,72.0,62,0,33,4.13,4.90,0.39,-0.37,102.3,4.24,0,0.0,1.0,-0.2,0.6,9,.500,.500,"$326,000",Amateur Draft
2005,107,Brandon Claussen*,/players/c/clausbr01.shtml,clausbr01,26,CIN,166.2,29,29,89,4.81,4.52,-0.27,0.16,102.0,5.06,4,0.5,,-0.1,1.8,19,.516,.503,"$320,000",Traded
2005,108,Roger Clemens,/players/c/clemero02.shtml,clemero02,42,HOU,211.1,32,32,51,2.17,4.56,0.28,0.17,99.9,4.45,53,6.1,,-0.1,7.8,72,.691,.538,"$18,000,000",Free Agency
2005,109,Matt Clement,/players/c/clemema01.shtml,clemema01,30,BOS,191.0,32,32,102,4.81,4.87,-0.13,0.18,105.2,5.45,12,1.3,,-0.1,3.1,35,.539,.508,"$6,500,000",Free Agency
2005,110,Todd Coffey,/players/c/coffeto01.shtml,coffeto01,24,CIN,58.0,57,0,33,5.12,4.56,-0.32,-0.35,101.3,4.60,-3,-0.4,.7,-0.1,0.1,2,.494,.498,,Amateur Draft
2005,111,Jesus Colome,/players/c/colomje01.shtml,colomje01,27,TBD,45.1,36,0,29,5.76,5.02,-0.03,-0.38,99.3,4.64,-6,-0.6,.8,-0.0,-0.2,-1,.483,.496,"$600,000",Traded
2005,112,Bartolo Colon,/players/c/colonba01.shtml,colonba01,32,LAA,222.2,33,33,93,3.76,4.79,0.27,0.18,96.9,4.55,18,1.8,,-0.1,4.0,44,.556,.511,"$10,000,000",Free Agency
2005,113,Roman Colon,/players/c/colonro01.shtml,colonro01,25,2TM,69.1,35,7,45,5.84,4.71,0.30,-0.11,97.6,4.20,-13,-1.3,.8,-0.0,-0.6,-6,.464,.496,"$318,500",Amateur Free Agent
2005,114,Jose Contreras,/players/c/contrjo01.shtml,contrjo01,33,CHW,204.2,32,32,91,4.00,4.67,0.25,0.17,103.4,4.75,15,1.6,,-0.1,3.6,39,.550,.510,"$8,500,000",Traded
2005,115,Aaron Cook,/players/c/cookaa01.shtml,cookaa01,26,COL,83.1,13,13,38,4.10,4.42,-0.12,0.16,111.8,5.26,11,1.2,,-0.1,1.8,18,.589,.507,"$326,000",Amateur Draft
2005,116,Brian Cooper,/players/c/coopebr01.shtml,coopebr01,30,SFG,17.2,8,1,6,3.06,4.54,-0.17,-0.14,96.5,4.41,3,0.3,.5,-0.1,0.4,4,.535,.502,,Free Agency
2005,117,Tim Corcoran,/players/c/corcoti02.shtml,corcoti02,27,TBD,22.2,10,1,15,5.96,5.10,-0.03,-0.28,100.5,4.88,-3,-0.3,.1,0.1,0.0,-0,.472,.498,,MinorLg Draft
2005,118,Chad Cordero,/players/c/cordech01.shtml,cordech01,23,WSN,74.1,74,0,24,2.91,4.66,-0.02,-0.35,96.1,4.15,10,1.1,1.8,0.3,2.0,17,.514,.507,"$346,500",Amateur Draft
2005,119,Francisco Cordero,/players/c/cordefr01.shtml,cordefr01,30,TEX,69.0,69,0,28,3.65,4.74,-0.23,-0.36,105.1,4.84,9,0.9,1.6,0.1,1.7,17,.512,.505,"$3,875,000",Traded
2005,120,Lance Cormier,/players/c/cormila01.shtml,cormila01,24,ARI,79.1,67,0,50,5.67,4.52,-0.08,-0.34,104.8,4.45,-11,-1.1,1.2,-0.3,-0.7,-4,.484,.493,,Amateur Draft
2005,121,Rheal Cormier*,/players/c/cormirh01.shtml,cormirh01,38,PHI,47.1,57,0,33,6.27,4.59,0.60,-0.35,104.9,3.82,-13,-1.3,1.2,-0.2,-1.1,-9,.477,.492,"$2,250,000",Free Agency
2005,122,Kevin Correia,/players/c/correke01.shtml,correke01,24,SFG,58.1,16,11,31,4.78,4.77,-0.16,0.12,100.2,5.07,2,0.2,.9,-0.0,0.6,7,.512,.501,,Amateur Draft
2005,123,David Cortes,/players/c/corteda01.shtml,corteda01,31,COL,52.2,50,0,24,4.10,4.50,-0.10,-0.34,113.2,4.82,4,0.4,.8,-0.2,0.7,9,.509,.503,,Free Agency
2005,124,Neal Cotts*,/players/c/cottsne01.shtml,cottsne01,25,CHW,60.1,69,0,15,2.24,4.85,0.21,-0.37,102.7,4.38,14,1.4,1.1,-0.1,2.0,21,.521,.509,"$330,000",Traded
2005,125,Jesse Crain,/players/c/crainje01.shtml,crainje01,23,MIN,79.2,75,0,28,3.16,4.77,0.20,-0.36,101.9,4.29,9,0.9,1.4,0.0,1.8,19,.513,.506,"$321,000",Amateur Draft
2005,126,Doug Creek*,/players/c/creekdo01.shtml,creekdo01,36,DET,22.1,20,0,18,7.25,4.80,0.18,-0.36,97.7,4.16,-8,-0.8,.6,0.1,-0.4,-5,.462,.495,,Free Agency
2005,127,Jim Crowell*,/players/c/croweji01.shtml,croweji01,31,FLA,3.1,4,0,8,21.60,4.87,-0.76,-0.37,91.0,4.78,-6,-0.6,.1,0.2,-0.3,-6,.359,.497,,Free Agency
2005,128,Juan Cruz,/players/c/cruzju02.shtml,cruzju02,26,OAK,32.2,28,0,33,9.09,5.01,0.24,-0.38,100.5,4.41,-17,-1.7,.5,0.3,-1.0,-13,.441,.490,"$600,000",Traded
2005,129,Vic Darensbourg*,/players/d/darenvi01.shtml,darenvi01,34,DET,22.1,22,0,7,2.82,4.81,0.18,-0.36,97.1,4.14,3,0.3,1.2,-0.0,0.5,6,.514,.502,,Free Agency
2005,130,Kyle Davies,/players/d/davieky01.shtml,davieky01,21,ATL,87.2,21,14,51,5.24,4.60,0.37,0.10,99.7,4.32,-9,-0.9,1.4,-0.1,-0.2,-1,.457,.494,,Amateur Draft
2005,131,Doug Davis*,/players/d/davisdo02.shtml,davisdo02,29,MIL,222.2,35,35,103,4.16,4.62,-0.05,0.17,101.2,4.89,18,1.9,,-0.1,3.7,37,.554,.512,"$2,050,000",Free Agency
2005,132,Jason Davis,/players/d/davisja02.shtml,davisja02,25,CLE,40.1,11,4,22,4.91,4.52,0.32,-0.04,99.3,4.13,-4,-0.4,.7,-0.0,0.0,1,.466,.498,"$341,700",Amateur Draft
2005,133,Kane Davis,/players/d/daviska01.shtml,daviska01,30,MIL,16.2,15,0,6,3.24,4.77,-0.05,-0.36,104.2,4.65,3,0.3,1.6,0.0,0.4,4,.518,.502,,Free Agency
2005,134,Zach Day,/players/d/dayza01.shtml,dayza01,27,2TM,47.1,17,8,40,7.61,4.71,-0.04,0.05,103.3,4.96,-14,-1.3,.4,0.1,-0.9,-10,.421,.495,"$357,500",Traded
2005,135,Jorge De La Rosa*,/players/r/rosajo01.shtml,rosajo01,24,MIL,42.1,38,0,23,4.89,4.73,-0.06,-0.36,100.6,4.45,-2,-0.2,.9,-0.1,0.1,2,.494,.499,"$317,000",Traded
2005,136,Valerio De Los Santos*,/players/d/delosva01.shtml,delosva01,32,FLA,22.0,27,0,15,6.14,4.59,-0.47,-0.35,95.6,4.50,-4,-0.4,1.2,-0.1,-0.3,-2,.485,.497,,Free Agency
2005,137,Jorge De Paula,/players/d/depaujo01.shtml,depaujo01,26,NYY,6.2,3,0,6,8.10,4.79,-0.77,-0.36,99.9,5.19,-2,-0.2,.1,0.1,-0.1,-1,.430,.499,,Traded
2005,138,Mike DeJean,/players/d/dejeami01.shtml,dejeami01,34,2TM,62.1,66,0,33,4.76,4.60,-0.13,-0.35,103.7,4.53,-2,-0.2,1.2,0.1,0.4,4,.498,.500,"$1,150,000",Free Agency
2005,139,Manny Delcarmen,/players/d/delcama01.shtml,delcama01,23,BOS,9.0,10,0,3,3.00,4.65,-0.11,-0.35,105.2,4.64,2,0.2,.4,-0.1,0.2,3,.516,.501,,Amateur Draft
2005,140,Chris Demaria,/players/d/demarch01.shtml,demarch01,24,KCR,9.0,8,0,10,10.00,4.91,-0.67,-0.37,98.7,5.14,-5,-0.5,.4,0.1,-0.2,-4,.441,.497,,MinorLg Draft
2005,141,Ryan Dempster,/players/d/dempsry01.shtml,dempsry01,28,CHC,92.0,63,6,35,3.42,4.61,0.02,-0.16,104.2,4.62,12,1.3,1.7,0.1,2.2,20,.520,.508,"$2,000,000",Free Agency
2005,142,Elmer Dessens,/players/d/desseel01.shtml,desseel01,34,LAD,65.2,28,7,30,4.11,4.45,0.03,-0.09,99.0,4.29,1,0.1,.5,-0.1,0.6,7,.504,.501,"$1,300,000",Traded
2005,143,Joey Devine,/players/d/devinjo01.shtml,devinjo01,21,ATL,5.0,5,0,7,12.60,4.60,0.40,-0.35,97.8,3.77,-5,-0.5,.9,0.0,-0.4,-4,.407,.497,,Amateur Draft
2005,144,R.A. Dickey,/players/d/dicker.01.shtml,dicker.01,30,TEX,29.2,9,4,23,6.98,4.73,-0.28,0.05,107.7,5.45,-5,-0.5,1.7,-0.1,-0.3,-2,.444,.497,"$372,500",Amateur Draft
2005,145,Lenny DiNardo*,/players/d/dinarle01.shtml,dinarle01,25,BOS,14.2,8,1,6,3.68,4.82,-0.12,-0.14,106.7,5.12,2,0.2,.2,-0.1,0.3,4,.529,.501,,Free Agency
2005,146,Craig Dingman,/players/d/dingmcr01.shtml,dingmcr01,31,DET,32.0,34,0,14,3.94,4.71,0.15,-0.36,97.4,4.10,0,0.0,1.2,-0.1,0.3,4,.501,.500,,Free Agency
2005,147,Scott Dohmann,/players/d/dohmasc01.shtml,dohmasc01,27,COL,31.0,32,0,21,6.10,4.47,-0.09,-0.34,114.2,4.82,-4,-0.5,1.3,-0.1,-0.3,-2,.486,.497,"$319,000",Amateur Draft
2005,148,Juan Dominguez,/players/d/dominju01.shtml,dominju01,25,TEX,70.1,22,10,37,4.73,4.83,-0.28,0.08,103.7,5.39,4,0.5,.6,-0.1,1.1,13,.521,.503,,Amateur Free Agent
2005,149,Brendan Donnelly,/players/d/donnebr01.shtml,donnebr01,33,LAA,65.1,65,0,30,4.13,4.90,0.26,-0.37,98.1,4.19,-0,-0.0,1.3,-0.2,0.5,8,.500,.500,"$420,000",Free Agency
2005,150,Octavio Dotel,/players/d/doteloc01.shtml,doteloc01,31,OAK,15.1,15,0,6,3.52,4.97,0.20,-0.38,99.6,4.38,1,0.1,2.2,0.0,0.3,3,.509,.501,"$4,750,000",Traded
2005,151,Sean Douglass,/players/d/douglse01.shtml,douglse01,26,DET,87.1,18,16,57,5.87,4.66,0.17,0.15,99.4,4.61,-13,-1.2,.8,-0.1,-0.4,-3,.431,.492,,Free Agency
2005,152,Scott Downs*,/players/d/downssc01.shtml,downssc01,29,TOR,94.0,26,13,49,4.69,5.03,0.37,0.04,101.2,4.75,-0,-0.0,.5,-0.1,0.9,11,.499,.500,,Free Agency
2005,153,Ryan Drese,/players/d/dresery01.shtml,dresery01,29,2TM,129.1,23,23,90,6.26,4.65,-0.18,0.17,102.4,5.13,-17,-1.6,,-0.1,-0.5,-4,.430,.495,"$550,000",Traded
2005,154,Travis Driskill,/players/d/drisktr01.shtml,drisktr01,33,HOU,1.0,1,0,0,0.00,5.03,0.22,-0.38,100.0,4.44,0,0.1,.3,-0.0,0.0,1,.553,.500,,Free Agency
2005,155,Eric DuBose*,/players/d/duboser01.shtml,duboser01,29,BAL,29.1,15,3,21,6.44,5.05,0.18,-0.19,100.1,4.69,-6,-0.6,1.4,-0.1,-0.4,-3,.461,.496,,Free Agency
2005,156,Justin Duchscherer,/players/d/duchsju01.shtml,duchsju01,27,OAK,85.2,65,0,25,2.63,4.78,0.21,-0.36,100.2,4.21,14,1.5,1.3,-0.0,2.3,24,.522,.509,"$329,500",Traded
2005,157,Brandon Duckworth,/players/d/duckwbr01.shtml,duckwbr01,29,HOU,16.1,7,2,20,11.02,4.99,0.36,-0.07,100.5,4.58,-12,-1.0,.3,0.1,-0.8,-10,.351,.494,"$500,000",Traded
2005,158,Zach Duke*,/players/d/dukeza01.shtml,dukeza01,22,PIT,84.2,14,14,20,2.13,4.56,0.08,0.17,100.8,4.68,24,2.8,,-0.1,3.4,31,.697,.517,,Amateur Draft
2005,159,Adam Eaton,/players/e/eatonad01.shtml,eatonad01,27,SDP,128.2,24,22,70,4.90,4.38,-0.25,0.15,94.4,4.52,-6,-0.6,.0,-0.1,0.5,6,.477,.497,"$3,375,000",Traded
2005,160,Joey Eischen*,/players/e/eischjo01.shtml,eischjo01,35,WSN,36.1,57,0,14,3.47,4.97,-0.02,-0.38,95.8,4.41,4,0.4,1.0,-0.1,0.6,7,.507,.502,"$1,040,000",Free Agency
2005,161,Scott Elarton,/players/e/elartsc01.shtml,elartsc01,29,CLE,181.2,31,31,100,4.95,4.68,0.34,0.17,95.2,4.30,-15,-1.4,,-0.1,0.3,7,.454,.491,"$850,000",Free Agency
2005,162,Cal Eldred,/players/e/eldreca01.shtml,eldreca01,37,STL,37.0,31,1,9,2.19,4.52,0.36,-0.30,100.1,3.86,7,0.7,.5,-0.2,0.8,10,.523,.504,"$600,000",Free Agency
2005,163,Alan Embree*,/players/e/embreal01.shtml,embreal01,35,2TM,52.0,67,0,47,8.13,5.04,-0.32,-0.38,102.2,5.09,-18,-1.8,1.0,-0.1,-1.3,-12,.473,.494,"$3,000,000",Traded
2005,164,Scott Erickson,/players/e/ericksc01.shtml,ericksc01,37,LAD,55.1,19,8,37,6.02,4.45,0.03,0.01,96.2,4.26,-11,-1.1,.2,0.1,-0.5,-6,.444,.493,"$525,000",Free Agency
2005,165,Kelvim Escobar,/players/e/escobke01.shtml,escobke01,29,LAA,59.2,16,7,21,3.17,4.77,0.22,0.01,98.7,4.50,8,0.9,1.5,-0.0,1.5,15,.554,.505,"$6,250,000",Free Agency
2005,166,Mike Esposito,/players/e/esposmi01.shtml,esposmi01,23,COL,14.2,3,3,11,6.75,4.69,-0.12,0.17,107.0,5.33,-2,-0.2,,-0.0,-0.1,-1,.425,.499,,Amateur Draft
2005,167,Shawn Estes*,/players/e/estessh01.shtml,estessh01,32,ARI,123.2,21,21,70,5.09,4.48,-0.08,0.16,107.7,5.09,-0,-0.0,,-0.1,0.9,11,.499,.500,"$2,500,000",Free Agency
2005,168,Seth Etherton,/players/e/etherse01.shtml,etherse01,28,OAK,17.2,3,3,13,6.62,5.20,0.26,0.19,97.3,4.99,-3,-0.3,,-0.0,-0.1,-1,.397,.498,,Free Agency
2005,169,Dana Eveland*,/players/e/evelada01.shtml,evelada01,21,MIL,31.2,27,0,21,5.97,4.68,-0.06,-0.36,101.9,4.47,-5,-0.5,1.4,-0.2,-0.4,-3,.480,.497,,Amateur Draft
2005,170,Scott Eyre*,/players/e/eyresc01.shtml,eyresc01,33,SFG,68.1,86,0,21,2.77,4.62,-0.14,-0.35,101.8,4.48,13,1.4,1.7,0.3,2.3,19,.516,.508,"$1,540,000",Waivers
2005,171,Brian Falkenborg,/players/f/falkebr01.shtml,falkebr01,27,SDP,11.0,10,0,11,9.00,4.62,-0.27,-0.35,95.6,4.34,-6,-0.6,.4,0.1,-0.3,-5,.444,.497,,Free Agency
2005,172,Kyle Farnsworth,/players/f/farnsky01.shtml,farnsky01,29,2TM,70.0,72,0,18,2.31,4.69,0.17,-0.36,99.1,4.13,14,1.4,1.3,0.0,2.2,21,.520,.504,"$1,975,000",Traded
2005,173,Jeff Fassero*,/players/f/fasseje01.shtml,fasseje01,42,SFG,91.0,48,6,48,4.75,4.56,-0.17,-0.19,100.8,4.58,-2,-0.2,1.0,-0.2,0.4,6,.496,.499,"$500,000",Free Agency
2005,174,Scott Feldman,/players/f/feldmsc01.shtml,feldmsc01,22,TEX,9.1,8,0,1,0.96,4.58,-0.28,-0.35,106.9,4.82,4,0.4,1.2,0.0,0.5,5,.551,.503,,Amateur Draft
2005,175,Nate Field,/players/f/fieldna01.shtml,fieldna01,29,KCR,6.2,7,0,7,9.45,4.60,-0.85,-0.35,99.3,5.06,-3,-0.3,1.1,-0.0,-0.3,-3,.454,.498,"$327,500",Free Agency
2005,176,Randy Flores*,/players/f/florera01.shtml,florera01,29,STL,41.2,50,0,22,4.75,4.79,0.33,-0.36,101.0,4.13,-3,-0.3,.9,-0.1,-0.0,1,.494,.498,"$320,000",Free Agency
2005,177,Ron Flores*,/players/f/florero01.shtml,florero01,25,OAK,8.2,11,0,1,1.04,4.80,0.26,-0.36,99.6,4.16,3,0.3,.2,-0.1,0.3,4,.527,.502,,Amateur Draft
2005,178,Gavin Floyd,/players/f/floydga01.shtml,floydga01,22,PHI,26.0,7,4,31,10.73,4.70,0.63,0.08,101.5,4.21,-19,-1.5,.2,0.1,-1.2,-17,.281,.491,"$316,000",Amateur Draft
2005,179,Josh Fogg,/players/f/foggjo01.shtml,foggjo01,28,PIT,169.1,34,28,106,5.63,4.56,0.09,0.15,100.6,4.65,-19,-1.8,.8,-0.1,-0.5,-4,.446,.489,"$2,150,000",Traded
2005,180,Jesse Foppert,/players/f/foppeje01.shtml,foppeje01,24,SFG,10.1,3,2,7,6.10,4.36,-0.17,0.10,100.5,4.64,-2,-0.2,.2,-0.0,-0.1,-1,.445,.499,,Amateur Draft
2005,181,Casey Fossum*,/players/f/fossuca01.shtml,fossuca01,27,TBD,162.2,36,25,100,5.53,4.95,-0.03,0.11,100.2,5.10,-9,-0.9,1.1,-0.1,0.6,10,.475,.494,"$950,000",Traded
2005,182,John Foster*,/players/f/fostejo01.shtml,fostejo01,27,ATL,34.2,62,0,17,4.41,5.02,0.31,-0.38,100.3,4.34,-0,-0.0,1.5,-0.1,0.2,3,.500,.500,,Free Agency
2005,183,Keith Foulke,/players/f/foulkke01.shtml,foulkke01,32,BOS,45.2,43,0,30,5.91,4.99,-0.14,-0.38,104.4,4.96,-5,-0.5,1.2,-0.2,-0.2,0,.488,.497,"$7,500,000",Free Agency
2005,184,Chad Fox,/players/f/foxch02.shtml,foxch02,34,CHC,8.0,11,0,6,6.75,4.52,0.01,-0.34,105.6,4.40,-2,-0.2,1.5,-0.1,-0.2,-1,.481,.499,"$575,000",Free Agency
2005,185,Jeff Francis*,/players/f/francje01.shtml,francje01,24,COL,183.2,33,33,119,5.83,4.48,-0.10,0.16,110.8,5.26,-12,-1.2,,-0.1,0.3,4,.464,.493,"$317,000",Amateur Draft
2005,186,John Franco*,/players/f/francjo01.shtml,francjo01,44,HOU,15.0,31,0,13,7.80,4.96,0.34,-0.38,101.1,4.30,-6,-0.6,1.0,-0.0,-0.5,-5,.481,.496,"$700,000",Free Agency
2005,187,Ryan Franklin,/players/f/frankry01.shtml,frankry01,32,SEA,190.2,32,30,110,5.19,4.80,-0.03,0.17,97.2,4.85,-9,-0.9,.8,-0.1,1.0,14,.473,.495,"$2,600,000",Amateur Draft
2005,188,Wayne Franklin*,/players/f/frankwa01.shtml,frankwa01,31,NYY,12.2,13,0,12,8.53,4.97,-0.64,-0.38,99.3,5.19,-5,-0.5,1.1,-0.1,-0.4,-3,.464,.497,,Free Agency
2005,189,Jason Frasor,/players/f/frasoja01.shtml,frasoja01,27,TOR,74.2,67,0,31,3.74,4.87,0.34,-0.37,102.2,4.26,4,0.4,1.2,-0.1,1.0,12,.506,.502,"$332,500",Traded
2005,190,Brian Fuentes*,/players/f/fuentbr01.shtml,fuentbr01,29,COL,74.1,78,0,25,3.03,4.55,-0.08,-0.35,114.2,4.89,15,1.6,1.7,0.4,2.7,22,.521,.510,"$328,000",Traded
2005,191,Aaron Fultz*,/players/f/fultzaa01.shtml,fultzaa01,31,PHI,72.1,62,0,21,2.61,4.66,0.51,-0.35,103.3,3.93,10,1.1,.7,-0.3,1.4,17,.518,.507,"$550,000",Waivers
2005,192,Eric Gagne,/players/g/gagneer01.shtml,gagneer01,29,LAD,13.1,14,0,4,2.70,4.37,0.02,-0.33,96.3,3.87,2,0.2,1.2,-0.0,0.3,3,.513,.501,"$8,000,000",Amateur Free Agent
2005,193,Mike Gallo*,/players/g/gallomi01.shtml,gallomi01,28,HOU,20.1,36,0,6,2.66,4.79,0.31,-0.36,100.5,4.14,3,0.3,1.1,-0.0,0.5,5,.510,.502,,Amateur Draft
2005,194,Freddy Garcia,/players/g/garcifr03.shtml,garcifr03,28,CHW,228.0,33,33,102,4.03,4.63,0.26,0.17,102.2,4.64,14,1.4,,-0.1,3.6,40,.543,.509,"$8,000,000",Traded
2005,195,Lee Gardner,/players/g/gardnle01.shtml,gardnle01,30,TBD,7.1,5,0,9,11.05,4.79,-0.04,-0.36,99.1,4.43,-5,-0.5,.3,0.2,-0.3,-5,.400,.497,,Free Agency
2005,196,Jon Garland,/players/g/garlajo01.shtml,garlajo01,25,CHW,221.0,32,32,93,3.79,4.77,0.27,0.18,103.1,4.82,23,2.5,,-0.1,4.6,49,.578,.515,"$3,400,000",Traded
2005,197,Dave Gassner*,/players/g/gassnda01.shtml,gassnda01,26,MIN,7.2,2,2,7,8.22,4.96,0.25,0.18,96.2,4.71,-3,-0.3,,-0.0,-0.2,-2,.365,.498,,Traded
2005,198,Chad Gaudin,/players/g/gaudich01.shtml,gaudich01,22,TOR,13.0,5,3,19,13.15,4.77,0.50,0.07,99.3,4.30,-13,-1.0,.6,0.0,-0.9,-11,.292,.494,,Traded
2005,199,Geoff Geary,/players/g/gearyge01.shtml,gearyge01,28,PHI,58.0,40,0,29,4.50,4.62,0.57,-0.35,103.8,3.85,-4,-0.4,.7,-0.1,0.0,1,.489,.497,,Free Agency
2005,200,Franklyn German,/players/g/germafr01.shtml,germafr01,25,DET,59.0,58,0,26,3.97,4.73,0.17,-0.33,98.8,4.18,1,0.1,.8,-0.1,0.6,8,.502,.501,"$321,000",Traded
2005,201,Matt Ginter,/players/g/gintema01.shtml,gintema01,27,DET,35.0,14,1,25,6.43,4.62,0.19,-0.29,97.5,4.04,-10,-0.9,.4,0.2,-0.4,-5,.435,.494,"$333,000",Traded
2005,202,Tom Glavine*,/players/g/glavito02.shtml,glavito02,39,NYM,211.1,33,33,88,3.75,4.57,-0.17,0.17,96.1,4.71,22,2.4,,-0.1,4.1,41,.574,.515,"$10,765,608",Free Agency
2005,203,Gary Glover,/players/g/glovega01.shtml,glovega01,28,MIL,64.2,15,11,41,5.71,4.59,-0.06,0.11,100.4,4.78,-7,-0.7,1.4,-0.1,-0.2,-1,.455,.496,"$390,000",Free Agency
2005,204,Ryan Glynn,/players/g/glynnry01.shtml,glynnry01,30,OAK,17.0,5,3,16,8.47,4.66,0.28,0.11,97.2,4.37,-8,-0.7,1.3,-0.0,-0.5,-6,.361,.496,,Purchased
2005,205,Jimmy Gobble*,/players/g/gobblji01.shtml,gobblji01,23,KCR,53.2,28,4,34,5.70,4.68,-0.73,-0.18,100.8,5.27,-3,-0.3,.8,-0.1,0.2,3,.489,.498,,Amateur Draft
2005,206,Edgar Gonzalez,/players/g/gonzaed01.shtml,gonzaed01,22,ARI,0.1,1,0,4,108.00,4.10,-0.13,-0.32,110.0,4.29,-4,-0.3,.0,0.1,-0.1,-4,.219,.498,,Amateur Free Agent
2005,207,Geremi Gonzalez,/players/g/gonzaje01.shtml,gonzaje01,30,BOS,56.0,28,3,39,6.27,4.79,-0.15,-0.23,102.8,4.84,-9,-0.9,.7,0.0,-0.3,-3,.467,.494,,Free Agency
2005,208,Mike Gonzalez*,/players/g/gonzami02.shtml,gonzami02,27,PIT,50.0,51,0,15,2.70,4.67,0.06,-0.36,99.8,4.25,9,0.9,1.6,0.2,1.5,13,.517,.506,"$330,000",Traded
2005,209,Andrew Good,/players/g/goodan01.shtml,goodan01,25,DET,5.0,2,0,3,5.40,4.44,0.12,-0.33,96.3,3.84,-1,-0.1,.1,0.0,-0.0,-0,.456,.499,,Free Agency
2005,210,Tom Gordon,/players/g/gordoto01.shtml,gordoto01,37,NYY,80.2,79,0,25,2.79,4.82,-0.59,-0.36,97.4,4.92,18,1.9,1.4,0.2,3.0,28,.524,.512,"$3,750,000",Free Agency
2005,211,Tom Gorzelanny*,/players/g/gorzeto01.shtml,gorzeto01,22,PIT,6.0,3,1,8,12.00,4.42,0.11,0.02,98.7,4.27,-5,-0.5,.8,0.0,-0.4,-5,.347,.497,,Amateur Draft
2005,212,Mike Gosling*,/players/g/goslimi01.shtml,goslimi01,24,ARI,32.1,13,5,20,5.57,4.60,-0.09,0.04,107.5,5.09,-2,-0.2,.8,-0.0,0.1,1,.486,.499,"$317,500",Amateur Draft
2005,213,John Grabow*,/players/g/grabojo02.shtml,grabojo02,26,PIT,52.0,63,0,31,5.37,4.73,0.07,-0.36,100.6,4.32,-6,-0.6,1.1,-0.2,-0.3,-2,.490,.496,"$327,000",Amateur Draft
2005,214,Alex Graman*,/players/g/gramaal01.shtml,gramaal01,27,NYY,1.1,2,0,2,13.50,4.27,-1.11,-0.32,94.0,4.75,-1,-0.1,.6,0.0,-0.1,-1,.438,.499,,Amateur Draft
2005,215,Danny Graves,/players/g/graveda01.shtml,graveda01,31,2TM,38.2,40,0,35,8.15,4.73,-0.27,-0.36,100.4,4.66,-15,-1.5,.9,-0.0,-1.2,-12,.462,.495,"$6,250,000",Traded
2005,216,Kevin Gregg,/players/g/greggke01.shtml,greggke01,27,LAA,64.1,33,2,37,5.18,4.82,0.27,-0.30,97.0,4.11,-8,-0.8,.6,-0.0,-0.1,-1,.476,.495,"$360,000",Free Agency
2005,217,Zack Greinke,/players/g/greinza01.shtml,greinza01,21,KCR,183.0,33,33,125,6.15,4.81,-0.77,0.18,101.4,5.84,-8,-0.8,,-0.1,1.0,14,.477,.495,"$330,500",Amateur Draft
2005,218,Seth Greisinger,/players/g/greisse01.shtml,greisse01,29,ATL,5.0,1,1,2,3.60,4.35,0.40,0.16,100.0,4.11,0,0.0,,-0.0,0.1,1,.529,.500,,Conditional Deal
2005,219,Jason Grilli,/players/g/grillja01.shtml,grillja01,28,DET,16.0,3,2,6,3.38,4.45,0.17,0.10,96.9,4.25,1,0.1,.2,-0.0,0.3,3,.549,.501,,Free Agency
2005,220,Jason Grimsley,/players/g/grimsja01.shtml,grimsja01,37,BAL,22.0,22,0,15,6.14,5.08,0.18,-0.38,100.5,4.54,-4,-0.4,.9,-0.0,-0.2,-2,.482,.498,"$2,000,000",Traded
2005,221,Buddy Groom*,/players/g/groombu01.shtml,groombu01,39,2TM,41.0,47,0,22,4.83,4.76,-0.51,-0.36,100.2,4.91,0,0.0,.7,-0.1,0.3,4,.500,.500,,Free Agency
2005,222,Kevin Gryboski,/players/g/gryboke01.shtml,gryboke01,31,2TM,31.0,42,0,25,7.26,4.93,0.16,-0.37,101.2,4.47,-10,-0.9,1.1,-0.2,-0.8,-7,.478,.498,"$877,500",Traded
2005,223,Eddie Guardado*,/players/g/guarded01.shtml,guarded01,34,SEA,56.1,58,0,23,3.67,4.85,-0.02,-0.37,96.1,4.33,4,0.4,1.7,-0.0,1.0,10,.506,.502,"$6,000,000",Free Agency
2005,224,Matt Guerrier,/players/g/guerrma02.shtml,guerrma02,26,MIN,71.2,43,0,29,3.64,4.67,0.20,-0.35,102.4,4.22,4,0.4,.6,-0.3,0.9,12,.509,.502,"$318,500",Waivers
2005,225,Jeremy Guthrie,/players/g/guthrje01.shtml,guthrje01,26,CLE,6.0,1,0,4,6.00,4.74,0.41,-0.36,92.0,3.66,-2,-0.1,.3,0.0,-0.1,-1,.358,.499,,Amateur Draft
2005,226,John Halama*,/players/h/halamjo01.shtml,halamjo01,33,2TM,65.0,40,4,44,6.09,4.91,-0.11,-0.25,99.7,4.76,-10,-1.0,.3,0.1,-0.2,-3,.475,.496,"$850,000",Free Agency
2005,227,Roy Halladay,/players/h/hallaro01.shtml,hallaro01,28,TOR,141.2,19,19,39,2.48,4.91,0.35,0.18,103.1,4.88,37,4.1,,-0.1,5.5,53,.718,.526,"$10,500,000",Amateur Draft
2005,228,Brad Halsey*,/players/h/halsebr01.shtml,halsebr01,24,ARI,160.0,28,26,101,5.68,4.53,-0.09,0.15,103.7,4.94,-13,-1.3,.0,-0.1,-0.1,1,.453,.492,"$317,500",Traded
2005,229,Chris Hammond*,/players/h/hammoch01.shtml,hammoch01,39,SDP,58.2,55,0,25,3.84,4.48,-0.25,-0.34,92.8,4.08,2,0.2,1.1,-0.1,0.5,7,.503,.501,"$750,000",Free Agency
2005,230,Mike Hampton*,/players/h/hamptmi01.shtml,hamptmi01,32,ATL,69.1,12,12,28,3.63,4.59,0.38,0.17,98.2,4.30,5,0.5,,-0.0,1.1,11,.545,.503,"$15,125,000",Traded
2005,231,Tim Hamulack*,/players/h/hamulti01.shtml,hamulti01,28,NYM,2.1,6,0,6,23.14,5.52,-0.23,-0.42,102.3,5.45,-5,-0.4,.7,0.1,-0.3,-4,.426,.497,,Free Agency
2005,232,Josh Hancock,/players/h/hancojo01.shtml,hancojo01,27,CIN,14.0,11,0,4,2.57,4.76,-0.29,-0.36,101.4,4.75,3,0.4,.5,-0.1,0.3,5,.532,.502,"$327,250",Traded
2005,233,Craig Hansen,/players/h/hansecr01.shtml,hansecr01,21,BOS,3.0,4,0,2,6.00,4.99,-0.16,-0.38,102.8,4.91,-0,-0.0,1.4,-0.0,-0.0,-0,.490,.500,,Amateur Draft
2005,234,Aaron Harang,/players/h/haranaa01.shtml,haranaa01,27,CIN,211.2,32,32,93,3.95,4.55,-0.26,0.17,101.7,5.06,26,2.8,,-0.1,4.5,44,.588,.517,"$440,000",Traded
2005,235,Rich Harden,/players/h/harderi01.shtml,harderi01,23,OAK,128.0,22,19,42,2.95,4.74,0.22,0.15,99.4,4.65,23,2.5,.9,-0.1,3.7,38,.613,.515,"$336,500",Amateur Draft
2005,236,Dan Haren,/players/h/harenda01.shtml,harenda01,24,OAK,217.0,34,34,101,4.19,4.79,0.25,0.18,100.7,4.75,12,1.2,,-0.1,3.3,37,.535,.507,"$323,500",Traded
2005,237,Tim Harikkala,/players/h/harikti01.shtml,harikti01,33,OAK,12.2,8,0,9,6.39,5.26,0.28,-0.40,100.0,4.58,-3,-0.3,.3,0.1,-0.1,-1,.467,.498,,Waivers
2005,238,Travis Harper,/players/h/harpetr01.shtml,harpetr01,29,TBD,73.1,52,0,57,7.00,5.07,-0.03,-0.38,100.2,4.73,-19,-1.9,1.5,-0.7,-1.7,-11,.464,.488,"$745,000",Free Agency
2005,239,Jeff Harris,/players/h/harrije02.shtml,harrije02,30,SEA,53.2,11,8,27,4.53,4.94,-0.03,0.08,99.8,5.04,3,0.3,.4,-0.1,0.8,9,.524,.502,,Purchased
2005,240,Chad Harville,/players/h/harvich01.shtml,harvich01,28,2TM,45.1,45,0,26,5.16,4.71,0.22,-0.36,102.6,4.24,-5,-0.5,.5,0.0,-0.0,-1,.489,.498,"$365,000",Waivers
2005,241,Shigetoshi Hasegawa,/players/h/hasegsh01.shtml,hasegsh01,36,SEA,66.2,46,0,31,4.19,4.90,-0.03,-0.37,95.3,4.34,1,0.1,.6,-0.2,0.6,8,.501,.500,"$3,225,000",Free Agency
2005,242,LaTroy Hawkins,/players/h/hawkila01.shtml,hawkila01,32,2TM,56.1,66,0,27,4.31,4.63,-0.10,-0.35,102.8,4.51,1,0.1,1.6,-0.1,0.5,6,.502,.500,"$4,500,000",Free Agency
2005,243,Aaron Heilman,/players/h/heilmaa01.shtml,heilmaa01,26,NYM,108.0,53,7,40,3.33,4.63,-0.13,-0.15,96.0,4.43,13,1.4,1.1,-0.2,2.2,22,.526,.508,,Amateur Draft
2005,244,Rick Helling,/players/h/helliri01.shtml,helliri01,34,MIL,49.0,15,7,13,2.39,4.67,-0.05,0.09,102.1,4.91,14,1.5,1.3,-0.0,1.9,18,.600,.509,,Free Agency
2005,245,Mark Hendrickson*,/players/h/hendrma01.shtml,hendrma01,31,TBD,178.1,31,31,126,6.36,4.98,-0.03,0.18,99.0,5.15,-25,-2.4,,-0.1,-0.7,-5,.423,.485,"$362,500",Traded
2005,246,Sean Henn*,/players/h/hennse01.shtml,hennse01,24,NYY,11.1,3,3,16,12.71,4.78,-0.87,0.18,95.5,5.57,-9,-0.7,,-0.0,-0.6,-8,.266,.496,,Amateur Draft
2005,247,Brad Hennessey,/players/h/hennebr01.shtml,hennebr01,25,SFG,118.1,21,21,63,4.79,4.52,-0.18,0.16,100.2,4.87,1,0.1,,-0.1,1.0,11,.504,.501,,Amateur Draft
2005,248,Clay Hensley,/players/h/henslcl01.shtml,henslcl01,25,SDP,47.2,24,1,12,2.27,4.53,-0.23,-0.29,92.6,4.14,10,1.0,1.1,-0.1,1.4,14,.544,.506,,Traded
2005,249,Felix Heredia*,/players/h/heredfe01.shtml,heredfe01,30,NYM,2.2,3,0,0,0.00,4.98,-0.11,-0.38,103.0,4.86,1,0.2,.1,-0.1,0.1,2,.551,.501,"$1,800,000",Traded
2005,250,Matt Herges,/players/h/hergema01.shtml,hergema01,35,2TM,29.0,28,0,23,7.14,4.44,-0.17,-0.34,105.9,4.52,-8,-0.8,.7,0.2,-0.4,-6,.472,.499,"$1,600,000",Traded
2005,251,Dustin Hermanson,/players/h/hermadu01.shtml,hermadu01,32,CHW,57.1,57,0,17,2.67,4.70,0.25,-0.36,102.6,4.20,9,0.9,2.2,0.4,2.0,16,.517,.506,"$2,000,000",Free Agency
2005,252,Felix Hernandez,/players/h/hernafe02.shtml,hernafe02,19,SEA,84.1,12,12,26,2.77,4.72,-0.02,0.17,96.2,4.72,18,1.9,,-0.0,2.8,27,.662,.512,,Amateur Free Agent
2005,253,Livan Hernandez,/players/h/hernali01.shtml,hernali01,30,WSN,246.1,35,35,116,4.24,4.63,-0.02,0.17,95.7,4.61,10,1.0,,-0.2,3.0,31,.530,.506,"$8,000,000",Traded
2005,254,Orlando Hernandez,/players/h/hernaor01.shtml,hernaor01,39,CHW,128.1,24,22,77,5.40,4.78,0.26,0.16,103.8,4.86,-9,-0.9,1.8,-0.1,0.4,6,.464,.495,"$3,500,000",Free Agency
2005,255,Roberto Hernandez,/players/h/hernaro01.shtml,hernaro01,40,NYM,69.2,67,0,20,2.58,4.63,-0.14,-0.35,95.7,4.23,13,1.3,1.7,0.3,2.2,19,.520,.508,"$650,000",Free Agency
2005,256,Runelvys Hernandez,/players/h/hernaru03.shtml,hernaru03,27,KCR,159.2,29,29,101,5.69,4.65,-0.74,0.17,102.5,5.70,-1,-0.1,,-0.1,1.4,17,.496,.499,"$325,000",Amateur Free Agent
2005,257,Rich Hill*,/players/h/hillri01.shtml,hillri01,25,CHC,23.2,10,4,24,9.13,4.48,0.02,-0.01,105.3,4.69,-12,-1.1,.8,0.0,-0.9,-10,.391,.493,,Amateur Draft
2005,258,Trevor Hoffman,/players/h/hoffmtr01.shtml,hoffmtr01,37,SDP,57.2,60,0,23,3.59,4.39,-0.23,-0.33,90.3,3.87,2,0.2,1.9,-0.1,0.6,7,.503,.501,"$5,000,000",Free Agency
2005,259,Joe Horgan*,/players/h/horgajo01.shtml,horgajo01,28,WSN,6.0,8,0,15,22.50,4.72,-0.03,-0.36,97.3,4.27,-12,-1.1,.4,0.3,-0.7,-12,.363,.493,"$319,000",Traded
2005,260,D.J. Houlton,/players/h/houltdj01.shtml,houltdj01,25,LAD,129.0,35,19,79,5.51,4.43,0.03,0.07,96.5,4.32,-17,-1.7,.5,-0.0,-0.6,-6,.451,.489,"$316,000",MinorLg Draft
2005,261,J.P. Howell*,/players/h/howeljp01.shtml,howeljp01,22,KCR,72.2,15,15,55,6.81,4.67,-0.69,0.17,101.8,5.63,-10,-1.0,,-0.0,-0.3,-2,.435,.494,,Amateur Draft
2005,262,Bob Howry,/players/h/howrybo01.shtml,howrybo01,31,CLE,73.0,79,0,23,2.84,4.69,0.29,-0.35,96.5,3.90,8,0.8,1.3,-0.1,1.5,17,.510,.505,"$900,000",Free Agency
2005,263,Luke Hudson,/players/h/hudsolu01.shtml,hudsolu01,28,CIN,84.2,19,16,62,6.59,4.54,-0.26,0.11,99.6,4.89,-16,-1.5,.9,-0.1,-0.9,-9,.419,.490,"$318,000",Traded
2005,264,Tim Hudson,/players/h/hudsoti01.shtml,hudsoti01,29,ATL,192.0,29,29,79,3.70,4.62,0.36,0.17,101.4,4.48,16,1.8,,-0.1,3.3,33,.561,.511,"$6,500,000",Traded
2005,265,Travis Hughes,/players/h/hughetr01.shtml,hughetr01,27,WSN,13.0,14,0,8,5.54,4.86,-0.02,-0.37,93.2,4.21,-2,-0.2,.8,-0.0,-0.1,-1,.486,.499,,Waivers
2005,266,Kazuhisa Ishii*,/players/i/ishiika01.shtml,ishiika01,31,NYM,91.0,19,16,59,5.84,4.64,-0.16,0.16,99.1,4.91,-9,-0.9,1.5,-0.1,-0.2,-1,.451,.494,"$3,575,000",Traded
2005,267,Jason Isringhausen,/players/i/isrinja01.shtml,isrinja01,32,STL,59.0,63,0,14,2.14,4.57,0.34,-0.35,101.4,3.94,12,1.2,1.6,0.2,2.0,17,.520,.508,"$7,000,000",Free Agency
2005,268,Edwin Jackson,/players/j/jacksed01.shtml,jacksed01,21,LAD,28.2,7,6,22,6.91,4.44,0.03,0.13,97.8,4.44,-8,-0.7,.4,-0.0,-0.5,-5,.394,.495,,Amateur Draft
2005,269,Chuck James*,/players/j/jamesch03.shtml,jamesch03,23,ATL,5.2,2,0,1,1.59,4.60,0.30,-0.35,92.2,3.65,1,0.1,.8,-0.0,0.2,2,.570,.501,,Amateur Draft
2005,270,Kevin Jarvis,/players/j/jarvike01.shtml,jarvike01,35,STL,3.1,4,0,5,13.50,4.81,0.36,-0.36,100.5,4.10,-3,-0.3,.8,0.0,-0.3,-3,.417,.498,,Free Agency
2005,271,Bobby Jenks,/players/j/jenksbo01.shtml,jenksbo01,24,CHW,39.1,32,0,15,3.43,4.68,0.21,-0.35,103.5,4.26,3,0.3,1.4,-0.0,0.7,8,.510,.502,,Waivers
2005,272,Jason Jennings,/players/j/jennija01.shtml,jennija01,26,COL,122.0,20,20,73,5.39,4.55,-0.10,0.17,112.9,5.44,1,0.1,,-0.1,1.0,11,.503,.500,"$2,400,000",Amateur Draft
2005,273,Ryan Jensen,/players/j/jensery01.shtml,jensery01,29,KCR,25.1,9,3,20,7.11,4.82,-0.76,-0.08,103.5,5.69,-4,-0.4,1.0,-0.0,-0.2,-1,.455,.497,,Free Agency
2005,274,Jason Johnson,/players/j/johnsja02.shtml,johnsja02,31,DET,210.0,33,33,117,5.01,4.60,0.18,0.17,98.4,4.51,-13,-1.3,,-0.1,0.7,11,.460,.492,"$4,000,000",Free Agency
2005,275,Josh Johnson,/players/j/johnsjo09.shtml,johnsjo09,21,FLA,12.1,4,1,5,3.65,4.83,-0.39,-0.13,94.3,4.80,2,0.2,.4,-0.0,0.2,3,.541,.501,,Amateur Draft
2005,276,Randy Johnson*,/players/j/johnsra05.shtml,johnsra05,41,NYY,225.2,34,34,102,4.07,4.83,-0.61,0.18,97.2,5.46,33,3.5,,-0.1,5.7,59,.604,.522,"$16,000,000",Traded
2005,277,Tyler Johnson*,/players/j/johnsty01.shtml,johnsty01,24,STL,2.2,5,0,0,0.00,5.61,0.27,-0.43,100.6,4.95,1,0.2,1.4,0.0,0.2,2,.531,.501,,Rule 5 returned
2005,278,Mike Johnston*,/players/j/johnsmi03.shtml,johnsmi03,26,PIT,1.0,1,0,4,36.00,5.03,0.13,-0.38,100.0,4.53,-3,-0.3,.1,0.1,-0.1,-3,.236,.498,,Amateur Draft
2005,279,Greg Jones,/players/j/jonesgr01.shtml,jonesgr01,28,LAA,5.1,6,0,4,6.75,4.82,0.25,-0.36,96.8,4.07,-2,-0.2,.1,0.1,-0.0,-1,.473,.499,,Free Agency
2005,280,Todd Jones,/players/j/jonesto02.shtml,jonesto02,37,FLA,73.0,68,0,19,2.34,4.62,-0.40,-0.35,93.5,4.37,16,1.7,1.9,0.6,2.9,23,.525,.511,"$1,100,000",Free Agency
2005,281,Jimmy Journell,/players/j/journji01.shtml,journji01,27,STL,4.1,5,0,6,12.46,4.87,0.36,-0.37,100.6,4.17,-4,-0.4,.8,0.0,-0.3,-4,.423,.498,,Amateur Draft
2005,282,Jorge Julio,/players/j/juliojo01.shtml,juliojo01,26,BAL,71.2,67,0,50,6.28,5.01,0.17,-0.38,99.8,4.45,-15,-1.5,1.0,-0.1,-0.9,-7,.478,.491,"$2,500,000",Traded
2005,283,Jason Karnuth,/players/k/karnuja01.shtml,karnuja01,29,DET,1.2,3,0,1,5.40,4.48,0.22,-0.34,98.6,3.86,-0,-0.0,.1,0.0,0.0,-0,.490,.500,,Free Agency
2005,284,Steve Karsay,/players/k/karsast01.shtml,karsast01,33,2TM,21.2,20,0,19,7.89,4.86,-0.46,-0.37,103.5,5.11,-7,-0.7,.5,0.1,-0.3,-4,.466,.498,"$6,000,000",Free Agency
2005,285,Scott Kazmir*,/players/k/kazmisc01.shtml,kazmisc01,21,TBD,186.0,32,32,90,4.35,4.93,-0.03,0.18,100.4,5.16,15,1.6,,-0.1,3.4,37,.549,.510,"$316,000",Traded
2005,286,Randy Keisler*,/players/k/keislra01.shtml,keislra01,29,CIN,56.0,24,4,45,7.23,4.63,-0.28,-0.18,102.5,4.85,-15,-1.5,.4,0.2,-0.8,-10,.439,.491,,Free Agency
2005,287,Joe Kennedy*,/players/k/kennejo04.shtml,kennejo04,26,2TM,152.2,35,24,114,6.72,4.63,0.03,0.11,107.2,5.04,-29,-2.6,1.3,-0.1,-1.3,-14,.425,.493,"$2,200,000",Traded
2005,288,Logan Kensing,/players/k/kensilo01.shtml,kensilo01,22,FLA,5.2,3,0,7,11.12,4.74,-0.60,-0.36,88.0,4.38,-4,-0.4,1.0,-0.0,-0.3,-4,.371,.498,,Amateur Draft
2005,289,Masao Kida,/players/k/kidama01.shtml,kidama01,36,SEA,2.0,1,0,1,4.50,4.64,-0.03,-0.35,96.0,4.15,-0,-0.0,.1,-0.0,0.0,0,.491,.500,,Waivers
2005,290,Byung-Hyun Kim,/players/k/kimby01.shtml,kimby01,26,COL,148.0,40,22,82,4.99,4.40,-0.10,0.09,114.1,5.23,4,0.4,.8,-0.1,1.5,17,.510,.502,"$6,575,000",Traded
2005,291,Sun-Woo Kim,/players/k/kimsu01.shtml,kimsu01,27,2TM,82.2,24,10,46,5.01,4.56,-0.07,-0.01,106.3,4.91,-1,-0.1,1.0,-0.1,0.5,6,.497,.500,,Waivers
2005,292,Ray King*,/players/k/kingra01.shtml,kingra01,31,STL,40.0,77,0,17,3.83,5.01,0.41,-0.38,100.6,4.25,2,0.2,1.4,-0.1,0.5,5,.502,.501,"$1,850,000",Traded
2005,293,Matt Kinney,/players/k/kinnema01.shtml,kinnema01,28,SFG,12.0,5,1,8,6.00,4.49,-0.19,-0.24,106.8,4.74,-2,-0.2,.8,-0.0,-0.1,-1,.466,.499,,Free Agency
2005,294,Steve Kline*,/players/k/klinest02.shtml,klinest02,32,BAL,61.0,67,0,34,5.02,5.17,0.17,-0.39,99.4,4.58,-4,-0.3,1.1,-0.2,0.1,4,.495,.498,"$2,500,000",Free Agency
2005,295,Danny Kolb,/players/k/kolbda01.shtml,kolbda01,30,ATL,57.2,65,0,39,6.09,4.61,0.39,-0.35,100.2,3.88,-14,-1.4,1.3,-0.3,-1.3,-9,.478,.491,"$3,400,000",Traded
2005,296,Dae-Sung Koo*,/players/k/kooda01.shtml,kooda01,35,NYM,23.0,33,0,12,4.70,5.12,-0.15,-0.39,96.5,4.71,0,0.0,1.1,-0.1,0.2,2,.500,.500,"$450,000",Amateur Free Agent
2005,297,Mike Koplove,/players/k/koplomi01.shtml,koplomi01,28,ARI,49.2,44,0,31,5.62,4.43,-0.08,-0.34,106.9,4.46,-6,-0.7,1.0,-0.1,-0.3,-2,.485,.496,"$825,000",Amateur Draft
2005,298,John Koronka*,/players/k/koronjo01.shtml,koronjo01,24,CHC,15.2,4,3,13,7.47,4.65,0.02,0.16,103.6,4.96,-4,-0.4,.3,-0.0,-0.3,-3,.397,.497,,Traded
2005,299,Hung-Chih Kuo*,/players/k/kuoho01.shtml,kuoho01,23,LAD,5.1,9,0,4,6.75,4.97,0.02,-0.38,104.9,4.80,-1,-0.1,1.2,-0.0,-0.1,-1,.487,.499,,Amateur Free Agent
2005,300,John Lackey,/players/l/lackejo01.shtml,lackejo01,26,LAA,209.0,33,33,85,3.66,4.82,0.25,0.18,98.0,4.65,21,2.2,,-0.1,4.2,46,.567,.514,"$440,000",Amateur Draft
2005,301,Brian Lawrence,/players/l/lawrebr02.shtml,lawrebr02,29,SDP,195.2,33,33,106,4.88,4.43,-0.26,0.16,93.4,4.54,-8,-0.8,,-0.1,0.8,9,.477,.495,"$2,375,000",Amateur Draft
2005,302,Brandon League,/players/l/leagubr01.shtml,leagubr01,22,TOR,35.2,20,0,27,6.81,5.13,0.41,-0.39,102.8,4.45,-10,-0.9,.6,0.1,-0.4,-5,.453,.494,"$316,000",Amateur Draft
2005,303,Wil Ledezma*,/players/l/ledezwi01.shtml,ledezwi01,24,DET,49.2,10,10,46,8.34,4.79,0.18,0.18,99.2,4.74,-20,-1.7,,-0.0,-1.2,-14,.328,.489,"$335,000",Rule 5 Draft
2005,304,Cliff Lee*,/players/l/leecl02.shtml,leecl02,26,CLE,202.0,32,32,91,4.05,4.69,0.32,0.17,95.7,4.35,5,0.5,,-0.1,2.5,29,.515,.503,"$345,000",Traded
2005,305,Justin Lehr,/players/l/lehrju01.shtml,lehrju01,27,MIL,34.2,23,0,19,4.93,4.62,-0.06,-0.35,103.3,4.47,-2,-0.2,.8,-0.1,0.1,1,.492,.499,,Traded
2005,306,Jon Leicester,/players/l/leicejo01.shtml,leicejo01,26,CHC,9.0,6,1,10,10.00,4.66,0.02,-0.18,107.4,4.80,-5,-0.5,1.6,-0.1,-0.5,-4,.417,.497,"$300,000",Amateur Draft
2005,307,Al Leiter*,/players/l/leiteal01.shtml,leiteal01,39,2TM,142.1,33,26,103,6.51,4.76,-0.56,0.11,93.8,5.10,-23,-2.2,.7,-0.1,-0.9,-9,.434,.493,"$7,000,000",Free Agency
2005,308,Anthony Lerew,/players/l/lerewan01.shtml,lerewan01,22,ATL,8.0,7,0,5,5.63,4.78,0.37,-0.36,99.5,4.02,-1,-0.1,.8,-0.0,-0.1,-1,.479,.499,,Amateur Draft
2005,309,Al Levine,/players/l/levinal01.shtml,levinal01,37,SFG,10.1,9,0,11,9.58,4.59,-0.22,-0.35,100.2,4.47,-6,-0.6,.6,0.1,-0.4,-5,.436,.496,,Free Agency
2005,310,Brad Lidge,/players/l/lidgebr01.shtml,lidgebr01,28,HOU,70.2,70,0,21,2.67,4.66,0.23,-0.35,100.0,4.08,11,1.1,1.7,0.2,2.0,17,.516,.507,"$500,000",Amateur Draft
2005,311,Cory Lidle,/players/l/lidleco01.shtml,lidleco01,33,PHI,184.2,31,31,105,5.12,4.54,0.61,0.17,103.4,4.24,-18,-1.8,,-0.1,-0.3,-2,.442,.489,"$3,000,000",Traded
2005,312,Jon Lieber,/players/l/liebejo01.shtml,liebejo01,35,PHI,218.1,35,35,107,4.41,4.55,0.59,0.17,102.8,4.24,-4,-0.4,,-0.1,1.3,15,.488,.497,"$5,583,333",Free Agency
2005,313,Kerry Ligtenberg,/players/l/ligteke01.shtml,ligteke01,34,ARI,9.2,7,0,15,13.97,4.42,-0.10,-0.34,113.7,4.75,-10,-0.9,.6,0.2,-0.6,-9,.371,.494,,Free Agency
2005,314,Ted Lilly*,/players/l/lillyte01.shtml,lillyte01,29,TOR,126.1,25,25,79,5.63,5.04,0.38,0.19,102.3,4.95,-11,-1.0,,-0.1,0.2,4,.459,.494,"$3,100,000",Traded
2005,315,Jose Lima,/players/l/limajo01.shtml,limajo01,32,KCR,168.2,32,32,140,7.47,4.63,-0.81,0.17,101.4,5.70,-35,-3.2,,-0.1,-1.5,-15,.400,.480,"$2,500,000",Free Agency
2005,316,Scott Linebrink,/players/l/linebsc01.shtml,linebsc01,28,SDP,73.2,73,0,17,2.08,4.45,-0.20,-0.34,93.2,4.02,16,1.7,1.5,0.2,2.5,22,.523,.510,"$910,000",Waivers
2005,317,Francisco Liriano*,/players/l/liriafr01.shtml,liriafr01,21,MIN,23.2,6,4,15,5.70,4.64,0.14,0.13,101.9,4.72,-3,-0.3,.0,-0.0,-0.0,-0,.455,.498,,Traded
2005,318,Pedro Liriano,/players/l/liriape01.shtml,liriape01,24,PHI,7.2,5,0,11,12.91,4.67,0.63,-0.35,96.4,3.55,-8,-0.7,.1,0.3,-0.4,-7,.356,.496,"$316,000",Waivers
2005,319,Esteban Loaiza,/players/l/loaizes01.shtml,loaizes01,33,WSN,217.0,34,34,93,3.86,4.66,-0.02,0.17,96.1,4.66,19,2.1,,-0.1,3.8,38,.561,.513,"$2,900,000",Free Agency
2005,320,Kameron Loe,/players/l/loeka01.shtml,loeka01,23,TEX,92.0,48,8,43,4.21,4.66,-0.28,-0.09,106.4,5.17,9,0.9,1.1,-0.1,1.8,20,.519,.506,,Amateur Draft
2005,321,Kyle Lohse,/players/l/lohseky01.shtml,lohseky01,26,MIN,178.2,31,30,85,4.28,4.66,0.22,0.17,103.0,4.75,8,0.8,.2,-0.1,2.5,29,.525,.505,"$2,400,000",Traded
2005,322,Braden Looper,/players/l/loopebr01.shtml,loopebr01,30,NYM,59.1,60,0,31,4.70,4.61,-0.18,-0.35,96.0,4.26,-3,-0.3,1.7,-0.2,-0.0,2,.495,.498,"$800,000",Free Agency
2005,323,Aquilino Lopez,/players/l/lopezaq01.shtml,lopezaq01,30,2TM,16.2,11,0,5,2.70,4.67,0.35,-0.35,106.2,4.25,3,0.3,.4,-0.1,0.3,4,.528,.501,,Free Agency
2005,324,Javier Lopez*,/players/l/lopezja02.shtml,lopezja02,27,2TM,16.1,32,0,20,11.02,4.92,-0.10,-0.37,109.2,5.07,-11,-1.1,1.2,-0.0,-0.9,-9,.467,.496,"$321,000",Waivers
2005,325,Rodrigo Lopez,/players/l/lopezro02.shtml,lopezro02,29,BAL,209.1,35,35,126,5.42,4.99,0.19,0.18,99.0,4.94,-13,-1.3,,-0.1,0.8,12,.464,.492,"$2,375,000",Free Agency
2005,326,Derek Lowe,/players/l/lowede01.shtml,lowede01,32,LAD,222.0,35,35,113,4.58,4.48,0.03,0.16,97.0,4.48,-3,-0.3,,-0.1,1.5,17,.492,.498,"$7,000,000",Free Agency
2005,327,Noah Lowry*,/players/l/lowryno01.shtml,lowryno01,24,SFG,204.2,33,33,92,4.05,4.52,-0.16,0.16,103.3,5.00,22,2.3,,-0.1,4.0,39,.571,.514,"$322,500",Amateur Draft
2005,328,Brandon Lyon,/players/l/lyonbr01.shtml,lyonbr01,25,ARI,29.1,32,0,25,7.67,4.50,-0.10,-0.34,106.1,4.51,-10,-1.0,1.6,-0.4,-1.1,-8,.468,.494,"$330,000",Traded
2005,329,Mike MacDougal,/players/m/macdomi01.shtml,macdomi01,28,KCR,70.1,68,0,32,4.09,4.75,-0.62,-0.36,101.5,5.08,7,0.7,1.4,-0.0,1.4,15,.511,.504,"$352,000",Amateur Draft
2005,330,Greg Maddux,/players/m/maddugr01.shtml,maddugr01,39,CHC,225.0,35,35,112,4.48,4.57,0.02,0.17,103.9,4.90,10,1.1,,-0.1,2.8,30,.530,.507,"$9,000,000",Free Agency
2005,331,Bobby Madritsch*,/players/m/madribo01.shtml,madribo01,29,SEA,4.1,1,1,3,6.23,4.09,-0.03,0.15,92.0,3.93,-1,-0.1,,-0.0,-0.1,-1,.395,.499,"$335,000",Purchased
2005,332,Ryan Madson,/players/m/madsory01.shtml,madsory01,24,PHI,87.0,78,0,44,4.55,4.60,0.53,-0.35,102.7,3.83,-7,-0.7,1.4,-0.4,-0.3,0,.491,.496,"$350,000",Amateur Draft
2005,333,Ron Mahay*,/players/m/mahayro01.shtml,mahayro01,34,TEX,35.2,30,0,28,7.07,4.94,-0.28,-0.37,106.8,5.18,-8,-0.8,.8,-0.0,-0.4,-4,.474,.495,"$775,000",Free Agency
2005,334,Paul Maholm*,/players/m/maholpa01.shtml,maholpa01,23,PIT,41.1,6,6,10,2.18,4.64,0.07,0.17,100.9,4.78,12,1.4,,-0.0,1.7,16,.731,.509,,Amateur Draft
2005,335,John Maine,/players/m/mainejo01.shtml,mainejo01,24,BAL,40.0,10,8,30,6.75,5.06,0.18,0.09,100.8,5.01,-8,-0.8,.3,0.0,-0.3,-3,.424,.495,,Amateur Draft
2005,336,Gary Majewski,/players/m/majewga01.shtml,majewga01,25,WSN,86.0,79,0,32,3.35,4.68,-0.02,-0.36,96.2,4.18,8,0.8,1.2,-0.1,1.5,15,.510,.505,,Traded
2005,337,Matt Mantei,/players/m/mantema01.shtml,mantema01,31,BOS,26.1,34,0,20,6.84,4.94,-0.12,-0.37,103.1,4.83,-6,-0.6,.7,0.0,-0.3,-3,.482,.496,"$750,000",Free Agency
2005,338,Shaun Marcum,/players/m/marcush01.shtml,marcush01,23,TOR,8.0,5,0,0,0.00,5.11,0.36,-0.39,101.9,4.45,4,0.4,.5,-0.1,0.4,5,.583,.503,,Amateur Draft
2005,339,Mike Maroth*,/players/m/marotmi01.shtml,marotmi01,27,DET,209.0,34,34,123,5.30,4.63,0.18,0.17,98.2,4.55,-19,-1.8,,-0.1,0.2,5,.446,.489,"$405,000",Traded
2005,340,Jason Marquis,/players/m/marquja01.shtml,marquja01,26,STL,207.0,33,32,110,4.78,4.60,0.40,0.16,100.9,4.40,-9,-0.9,1.0,-0.1,0.7,9,.472,.494,"$3,000,000",Traded
2005,341,Damaso Marte*,/players/m/marteda01.shtml,marteda01,30,CHW,45.1,66,0,21,4.17,5.00,0.22,-0.38,102.8,4.52,1,0.1,1.7,-0.1,0.6,7,.502,.501,"$1,250,000",Traded
2005,342,Tom Martin*,/players/m/martito02.shtml,martito02,35,ATL,2.1,4,0,5,19.29,5.29,0.58,-0.40,93.1,4.01,-4,-0.4,.8,0.0,-0.3,-4,.406,.498,"$1,900,000",Traded
2005,343,Pedro Martinez,/players/m/martipe02.shtml,martipe02,33,NYM,217.0,31,31,69,2.86,4.72,-0.13,0.17,95.1,4.78,46,5.2,,-0.1,6.9,65,.669,.532,"$10,875,000",Free Agency
2005,344,Julio Mateo,/players/m/mateoju01.shtml,mateoju01,27,SEA,88.1,55,1,32,3.26,4.92,-0.02,-0.34,94.9,4.37,10,1.0,1.2,-0.1,1.9,21,.519,.506,"$390,000",Amateur Free Agent
2005,345,Mike Matthews*,/players/m/matthmi01.shtml,matthmi01,31,NYM,5.0,6,0,6,10.80,4.70,-0.22,-0.36,95.8,4.37,-4,-0.4,.4,0.1,-0.2,-3,.442,.498,"$500,000",Free Agency
2005,346,Darrell May*,/players/m/mayda02.shtml,mayda02,33,2TM,66.1,24,9,51,6.92,4.53,-0.35,-0.03,95.3,4.63,-17,-1.5,.2,0.1,-0.8,-11,.439,.495,"$3,225,000",Traded
2005,347,Joe Mays,/players/m/maysjo01.shtml,maysjo01,29,MIN,156.0,31,26,109,6.29,4.84,0.23,0.14,101.5,4.82,-27,-2.5,.4,-0.1,-0.9,-8,.419,.484,"$7,250,000",Traded
2005,348,Macay McBride*,/players/m/mcbrima01.shtml,mcbrima01,22,ATL,14.0,23,0,11,7.07,4.87,0.31,-0.37,101.4,4.25,-4,-0.4,1.7,-0.2,-0.5,-3,.481,.497,,Amateur Draft
2005,349,Brandon McCarthy,/players/m/mccarbr01.shtml,mccarbr01,21,CHW,67.0,12,10,30,4.03,4.74,0.26,0.11,104.3,4.79,5,0.5,.3,-0.1,1.1,13,.544,.503,,Amateur Draft
2005,350,Seth McClung,/players/m/mccluse01.shtml,mccluse01,24,TBD,109.1,34,17,85,7.00,4.99,-0.03,0.09,100.2,5.12,-24,-2.3,1.1,-0.1,-1.2,-11,.433,.486,"$320,000",Amateur Draft
2005,351,Dustin McGowan,/players/m/mcgowdu01.shtml,mcgowdu01,23,TOR,45.1,13,7,34,6.75,4.81,0.39,0.05,102.4,4.58,-11,-1.1,.6,-0.0,-0.6,-6,.418,.493,,Amateur Draft
2005,352,Brian Meadows,/players/m/meadobr01.shtml,meadobr01,29,PIT,74.2,65,0,42,5.06,4.67,0.09,-0.36,99.8,4.22,-7,-0.7,.7,-0.1,-0.1,-1,.489,.496,"$1,125,000",Free Agency
2005,353,Gil Meche,/players/m/mechegi01.shtml,mechegi01,26,SEA,143.1,29,26,92,5.78,4.85,-0.03,0.17,94.7,4.78,-17,-1.6,.5,-0.1,-0.2,-0,.443,.490,"$2,535,000",Amateur Draft
2005,354,Jim Mecir,/players/m/mecirji01.shtml,mecirji01,35,FLA,43.1,52,0,17,3.53,4.66,-0.42,-0.35,92.4,4.37,4,0.4,1.2,-0.1,0.8,8,.508,.503,"$1,100,000",Free Agency
2005,355,Brandon Medders,/players/m/meddebr01.shtml,meddebr01,25,ARI,30.1,27,0,6,1.78,4.48,-0.06,-0.34,104.8,4.40,9,0.9,.7,-0.2,1.0,11,.534,.506,,Free Agency
2005,356,Ramiro Mendoza,/players/m/mendora01.shtml,mendora01,33,NYY,1.0,1,0,2,18.00,4.56,-0.88,-0.34,92.0,4.70,-1,-0.1,.8,0.0,-0.1,-1,.368,.499,,Free Agency
2005,357,Kent Mercker*,/players/m/merckke01.shtml,merckke01,37,CIN,61.2,78,0,27,3.94,4.54,-0.27,-0.35,102.0,4.55,4,0.4,1.2,-0.1,0.9,9,.506,.503,"$1,250,000",Free Agency
2005,358,Cla Meredith,/players/m/meredcl01.shtml,meredcl01,22,BOS,2.1,3,0,7,27.00,4.66,-0.23,-0.35,102.7,4.66,-6,-0.5,.7,0.1,-0.4,-6,.335,.497,,Amateur Draft
2005,359,Jose Mesa,/players/m/mesajo01.shtml,mesajo01,39,PIT,56.2,55,0,30,4.76,4.65,0.09,-0.35,100.0,4.21,-4,-0.4,1.7,-0.3,-0.1,1,.493,.498,"$2,000,000",Free Agency
2005,360,Randy Messenger,/players/m/messera01.shtml,messera01,23,FLA,37.0,29,0,22,5.35,4.55,-0.45,-0.35,98.2,4.58,-3,-0.3,.5,-0.0,-0.0,-0,.489,.498,,Amateur Draft
2005,361,Dan Miceli,/players/m/micelda01.shtml,micelda01,34,COL,18.1,19,0,12,5.89,4.60,-0.09,-0.35,113.9,4.94,-2,-0.2,1.1,-0.1,-0.1,-0,.489,.499,,Free Agency
2005,362,Justin Miller,/players/m/milleju01.shtml,milleju01,27,TOR,2.1,1,0,4,15.43,5.15,0.50,-0.39,112.0,4.77,-3,-0.2,1.8,-0.1,-0.3,-3,.280,.499,,Traded
2005,363,Matt Miller,/players/m/millema02.shtml,millema02,33,CLE,29.2,23,0,6,1.82,4.62,0.28,-0.35,96.7,3.86,6,0.7,1.4,0.1,1.0,10,.529,.504,"$329,700",Free Agency
2005,364,Trever Miller*,/players/m/milletr02.shtml,milletr02,32,TBD,44.1,61,0,23,4.67,5.39,-0.03,-0.41,100.0,5.01,1,0.1,1.4,-0.1,0.5,7,.502,.501,"$1,100,000",Free Agency
2005,365,Wade Miller,/players/m/millewa04.shtml,millewa04,28,BOS,91.0,16,16,53,5.24,4.72,-0.14,0.17,105.4,5.31,-0,-0.0,,-0.1,0.9,11,.499,.500,"$1,500,000",Free Agency
2005,366,Kevin Millwood,/players/m/millwke01.shtml,millwke01,30,CLE,192.0,30,30,72,3.38,4.70,0.31,0.17,96.3,4.39,20,2.1,,-0.1,4.0,43,.570,.513,"$7,000,000",Free Agency
2005,367,Eric Milton*,/players/m/miltoer01.shtml,miltoer01,29,CIN,186.1,34,34,141,6.81,4.50,-0.30,0.16,102.3,5.08,-36,-3.4,,-0.1,-1.9,-20,.400,.479,"$5,333,333",Free Agency
2005,368,Sergio Mitre,/players/m/mitrese01.shtml,mitrese01,24,CHC,60.1,21,7,37,5.52,4.67,0.02,0.02,103.3,4.83,-5,-0.5,.6,-0.0,0.0,1,.477,.497,,Amateur Draft
2005,369,Brian Moehler,/players/m/moehlbr01.shtml,moehlbr01,33,FLA,158.1,37,25,82,4.66,4.60,-0.49,0.10,93.5,4.85,3,0.3,.9,-0.1,1.6,17,.509,.502,"$400,000",Free Agency
2005,370,Matt Morris,/players/m/morrima01.shtml,morrima01,30,STL,192.2,31,31,101,4.72,4.57,0.41,0.17,101.1,4.37,-8,-0.8,,-0.1,0.8,9,.475,.495,"$2,500,000",Free Agency
2005,371,Guillermo Mota,/players/m/motagu01.shtml,motagu01,31,FLA,67.0,56,0,38,5.10,4.57,-0.42,-0.35,95.3,4.43,-5,-0.5,1.0,-0.2,-0.1,1,.491,.497,"$2,600,000",Traded
2005,372,Jamie Moyer*,/players/m/moyerja01.shtml,moyerja01,42,SEA,200.0,32,32,99,4.46,4.78,-0.03,0.18,95.1,4.74,5,0.5,,-0.1,2.4,28,.514,.503,"$8,000,000",Free Agency
2005,373,Mark Mulder*,/players/m/muldema01.shtml,muldema01,27,STL,205.0,32,32,90,3.95,4.55,0.40,0.17,100.7,4.35,9,0.9,,-0.1,2.6,27,.530,.506,"$6,050,000",Traded
2005,374,Terry Mulholland*,/players/m/mulhote01.shtml,mulhote01,42,MIN,59.0,49,0,30,4.58,4.81,0.22,-0.36,100.6,4.25,-3,-0.3,.7,-0.1,0.3,4,.495,.498,,Purchased
2005,375,Scott Munter,/players/m/muntesc01.shtml,muntesc01,25,SFG,38.2,45,0,15,3.49,4.60,-0.18,-0.35,102.5,4.54,4,0.5,1.2,-0.0,0.8,8,.510,.503,,Amateur Draft
2005,376,Mike Mussina,/players/m/mussimi01.shtml,mussimi01,36,NYY,179.2,30,30,93,4.66,4.82,-0.67,0.18,97.4,5.52,16,1.6,,-0.1,3.4,37,.554,.510,"$19,000,000",Free Agency
2005,377,Brett Myers,/players/m/myersbr01.shtml,myersbr01,24,PHI,215.1,34,34,94,3.93,4.57,0.52,0.17,103.9,4.39,11,1.1,,-0.1,2.8,29,.533,.507,"$445,000",Amateur Draft
2005,378,Mike Myers*,/players/m/myersmi01.shtml,myersmi01,36,BOS,37.1,65,0,14,3.38,5.18,-0.13,-0.39,104.1,5.12,7,0.7,1.0,-0.1,1.0,11,.511,.504,"$600,000",Traded
2005,379,Clint Nageotte,/players/n/nageocl01.shtml,nageocl01,24,SEA,4.0,3,0,3,6.75,5.32,-0.03,-0.40,106.1,5.25,-1,-0.1,.4,0.0,-0.0,-0,.477,.500,,Amateur Draft
2005,380,Joe Nathan,/players/n/nathajo01.shtml,nathajo01,30,MIN,70.0,69,0,22,2.83,4.72,0.14,-0.36,101.9,4.30,11,1.1,1.8,0.2,2.1,19,.516,.507,"$2,100,000",Traded
2005,381,Blaine Neal,/players/n/nealbl01.shtml,nealbl01,27,2TM,22.2,19,0,19,7.54,4.68,-0.14,-0.35,111.4,4.96,-7,-0.6,.8,0.1,-0.3,-4,.466,.498,"$321,000",Traded
2005,382,Jeff Nelson,/players/n/nelsoje01.shtml,nelsoje01,38,SEA,36.2,49,0,17,4.17,4.97,-0.02,-0.38,94.7,4.37,1,0.0,1.3,-0.1,0.4,5,.501,.500,"$400,000",Free Agency
2005,383,Dustin Nippert,/players/n/nippedu01.shtml,nippedu01,24,ARI,14.2,3,3,9,5.52,4.36,-0.07,0.16,101.8,4.68,-1,-0.1,,-0.0,-0.0,-0,.454,.499,,Amateur Draft
2005,384,C.J. Nitkowski*,/players/n/nitkoc.01.shtml,nitkoc.01,32,WSN,3.1,7,0,3,8.10,6.03,-0.02,-0.46,93.4,5.23,-1,-0.1,1.6,-0.0,-0.1,-1,.484,.499,,Free Agency
2005,385,Hideo Nomo,/players/n/nomohi01.shtml,nomohi01,36,TBD,100.2,19,19,82,7.33,4.89,-0.03,0.18,98.9,5.05,-26,-2.4,,-0.1,-1.4,-15,.375,.485,"$800,000",Free Agency
2005,386,Roberto Novoa,/players/n/novoaro01.shtml,novoaro01,25,CHC,44.2,49,0,22,4.43,4.72,0.02,-0.36,102.8,4.46,0,0.0,1.5,-0.1,0.3,4,.500,.500,,Traded
2005,387,Franklin Nunez,/players/n/nunezfr01.shtml,nunezfr01,28,TBD,5.0,5,0,6,10.80,4.97,-0.03,-0.38,98.6,4.56,-4,-0.3,2.4,-0.2,-0.5,-3,.433,.498,"$316,000",Free Agency
2005,388,Wes Obermueller,/players/o/obermwe01.shtml,obermwe01,28,MIL,65.0,23,8,41,5.68,4.57,-0.07,-0.07,99.1,4.53,-8,-0.8,.5,-0.0,-0.3,-3,.464,.495,"$342,000",Traded
2005,389,Tomo Ohka,/players/o/ohkato01.shtml,ohkato01,29,2TM,180.1,32,29,88,4.39,4.62,-0.05,0.15,99.5,4.79,8,0.8,.6,-0.2,2.2,23,.526,.502,"$2,750,000",Traded
2005,390,Will Ohman*,/players/o/ohmanwi01.shtml,ohmanwi01,27,CHC,43.1,69,0,14,2.91,4.87,0.02,-0.37,103.9,4.66,8,0.9,1.1,-0.1,1.2,12,.513,.505,,Free Agency
2005,391,Scott Olsen*,/players/o/olsensc01.shtml,olsensc01,21,FLA,20.1,5,4,13,5.75,4.56,-0.42,0.13,93.7,4.79,-2,-0.2,.6,-0.0,-0.1,-0,.456,.499,,Amateur Draft
2005,392,Ramon Ortiz,/players/o/ortizra02.shtml,ortizra02,32,CIN,171.1,30,30,110,5.78,4.54,-0.29,0.17,101.1,5.05,-14,-1.4,,-0.1,-0.0,1,.454,.491,"$3,550,000",Traded
2005,393,Russ Ortiz,/players/o/ortizru01.shtml,ortizru01,31,ARI,115.0,22,22,92,7.20,4.40,-0.09,0.16,106.6,4.96,-29,-2.6,,-0.1,-1.7,-19,.380,.484,"$7,375,000",Free Agency
2005,394,Chad Orvella,/players/o/orvelch01.shtml,orvelch01,24,TBD,50.0,37,0,26,4.68,5.04,-0.03,-0.38,99.9,4.68,-0,-0.0,1.2,-0.1,0.4,5,.499,.500,,Amateur Draft
2005,395,Franquelis Osoria,/players/o/osorifr01.shtml,osorifr01,23,LAD,29.2,24,0,14,4.25,4.25,0.03,-0.32,101.1,3.95,-1,-0.1,1.0,-0.1,0.1,2,.496,.499,,Amateur Free Agent
2005,396,Antonio Osuna,/players/o/osunaan01.shtml,osunaan01,32,WSN,2.1,4,0,11,42.43,4.89,-0.04,-0.37,95.0,4.33,-10,-0.8,.3,0.3,-0.5,-10,.295,.495,"$800,000",Free Agency
2005,397,Roy Oswalt,/players/o/oswalro01.shtml,oswalro01,27,HOU,241.2,35,35,85,3.17,4.64,0.31,0.17,100.2,4.51,36,4.0,,-0.2,5.9,57,.613,.525,"$5,900,000",Amateur Draft
2005,398,Akinori Otsuka,/players/o/otsukak01.shtml,otsukak01,33,SDP,62.2,66,0,28,4.02,4.50,-0.22,-0.34,92.0,4.03,-0,0.0,1.6,-0.1,0.4,5,.500,.500,"$800,000",Free Agency
2005,399,Juan Carlos Oviedo,/players/n/nunezle01.shtml,nunezle01,23,KCR,53.2,41,0,45,7.55,4.77,-0.78,-0.36,102.7,5.33,-14,-1.3,.8,0.0,-0.7,-7,.467,.492,,Traded
2005,400,Chris Oxspring,/players/o/oxsprch01.shtml,oxsprch01,28,SDP,12.0,5,0,8,6.00,4.44,-0.20,-0.34,95.0,4.09,-3,-0.3,.4,0.0,-0.1,-2,.449,.498,,Free Agency
2005,401,Juan Padilla,/players/p/padilju01.shtml,padilju01,28,NYM,36.1,24,0,7,1.73,4.46,-0.16,-0.34,95.5,4.08,9,1.0,1.2,0.0,1.4,13,.542,.506,,Free Agency
2005,402,Vicente Padilla,/players/p/padilvi01.shtml,padilvi01,27,PHI,147.0,27,27,79,4.84,4.57,0.57,0.17,102.4,4.26,-10,-1.0,,-0.1,0.2,3,.465,.494,"$3,200,000",Traded
2005,403,Jonathan Papelbon,/players/p/papeljo01.shtml,papeljo01,24,BOS,34.0,17,3,11,2.91,4.68,-0.12,-0.11,102.4,4.80,7,0.7,1.1,-0.0,1.0,11,.542,.504,,Amateur Draft
2005,404,Chan Ho Park,/players/p/parkch01.shtml,parkch01,32,2TM,155.1,30,29,103,5.97,4.76,-0.27,0.17,100.1,5.22,-14,-1.3,2.9,-0.2,0.1,3,.456,.497,"$15,000,000",Traded
2005,405,John Parrish*,/players/p/parrijo01.shtml,parrijo01,27,BAL,17.1,14,0,6,3.12,5.01,0.14,-0.38,99.3,4.46,2,0.2,.5,-0.1,0.3,4,.518,.502,"$612,500",Amateur Draft
2005,406,John Patterson,/players/p/pattejo02.shtml,pattejo02,27,WSN,198.1,31,31,71,3.22,4.60,-0.02,0.17,95.1,4.55,29,3.2,,-0.1,4.8,46,.604,.520,"$322,500",Amateur Draft
2005,407,Carl Pavano,/players/p/pavanca01.shtml,pavanca01,29,NYY,100.0,17,17,66,5.94,4.77,-0.76,0.18,96.2,5.49,-6,-0.6,,-0.1,0.4,6,.467,.496,"$9,000,000",Free Agency
2005,408,Jake Peavy,/players/p/peavyja01.shtml,peavyja01,24,SDP,203.0,30,30,70,3.10,4.40,-0.20,0.16,90.6,4.32,27,3.0,,-0.1,4.6,45,.600,.519,"$750,000",Amateur Draft
2005,409,Hayden Penn,/players/p/pennha01.shtml,pennha01,20,BAL,38.1,8,8,30,7.04,4.76,0.19,0.18,100.4,4.76,-10,-0.9,,-0.0,-0.5,-6,.386,.494,,Amateur Draft
2005,410,Brad Penny,/players/p/pennybr01.shtml,pennybr01,27,LAD,175.1,29,29,78,4.00,4.47,0.03,0.16,98.1,4.52,10,1.0,,-0.1,2.4,25,.536,.506,"$5,100,000",Traded
2005,411,Joel Peralta,/players/p/peraljo01.shtml,peraljo01,29,LAA,34.2,28,0,15,3.89,4.80,0.25,-0.36,98.8,4.14,1,0.1,.8,-0.1,0.3,5,.502,.500,,Free Agency
2005,412,Troy Percival,/players/p/percitr01.shtml,percitr01,35,DET,25.0,26,0,16,5.76,4.59,0.15,-0.35,98.8,4.04,-5,-0.5,1.5,-0.2,-0.4,-2,.481,.497,"$6,000,000",Free Agency
2005,413,Odalis Perez*,/players/p/perezod01.shtml,perezod01,27,LAD,108.2,19,19,59,4.89,4.52,0.03,0.16,100.4,4.68,-3,-0.3,,-0.1,0.6,7,.486,.498,"$4,500,000",Free Agency
2005,414,Oliver Perez*,/players/p/perezol01.shtml,perezol01,23,PIT,103.0,20,20,68,5.94,4.67,0.07,0.17,99.4,4.74,-14,-1.4,,-0.1,-0.5,-5,.432,.492,"$381,000",Traded
2005,415,Matt Perisho*,/players/p/perisma01.shtml,perisma01,30,2TM,14.0,25,0,5,3.21,5.15,-0.43,-0.38,91.7,4.67,3,0.3,1.5,0.1,0.5,4,.494,.482,"$475,000",Free Agency
2005,416,Andy Pettitte*,/players/p/pettian01.shtml,pettian01,33,HOU,222.1,33,33,66,2.67,4.60,0.29,0.17,100.1,4.48,44,5.0,,-0.1,6.8,64,.652,.531,"$8,500,000",Free Agency
2005,417,Tommy Phelps*,/players/p/phelpto01.shtml,phelpto01,31,MIL,23.1,29,0,12,4.63,4.57,-0.06,-0.35,99.6,4.26,-1,-0.1,1.0,-0.1,0.1,1,.497,.499,"$360,000",Free Agency
2005,418,Joel Pineiro,/players/p/pineijo01.shtml,pineijo01,26,SEA,189.0,30,30,118,5.62,4.79,-0.03,0.18,96.9,4.84,-18,-1.7,,-0.1,0.1,4,.443,.489,"$4,700,000",Amateur Draft
2005,419,Cliff Politte,/players/p/politcl01.shtml,politcl01,31,CHW,67.1,68,0,15,2.00,4.73,0.22,-0.36,102.4,4.25,16,1.7,1.5,0.3,2.7,24,.524,.510,"$1,000,000",Free Agency
2005,420,Sidney Ponson,/players/p/ponsosi01.shtml,ponsosi01,28,BAL,130.1,23,23,97,6.70,4.88,0.19,0.18,99.3,4.84,-28,-2.6,,-0.1,-1.3,-13,.389,.484,"$8,500,000",Free Agency
2005,421,Jay Powell,/players/p/powelja04.shtml,powelja04,33,ATL,3.1,5,0,0,0.00,5.12,0.33,-0.39,102.7,4.52,2,0.2,1.6,0.0,0.3,2,.535,.501,,Free Agency
2005,422,Bret Prinz,/players/p/prinzbr01.shtml,prinzbr01,28,LAA,3.0,3,0,1,3.00,4.60,0.34,-0.35,94.0,3.68,0,0.0,.9,-0.0,0.0,1,.507,.500,"$342,322",Traded
2005,423,Mark Prior,/players/p/priorma01.shtml,priorma01,24,CHC,166.2,27,27,73,3.94,4.65,0.02,0.17,106.1,5.09,21,2.3,,-0.1,3.6,36,.585,.514,"$3,550,000",Amateur Draft
2005,424,Scott Proctor,/players/p/proctsc01.shtml,proctsc01,28,NYY,44.2,29,1,32,6.45,4.97,-0.68,-0.31,97.1,5.18,-7,-0.7,.6,0.0,-0.2,-1,.477,.496,,Traded
2005,425,Brandon Puffer,/players/p/puffebr01.shtml,puffebr01,29,SFG,7.0,3,0,8,10.29,4.55,-0.21,-0.35,98.5,4.35,-5,-0.4,.4,0.1,-0.2,-4,.361,.497,,Free Agency
2005,426,Bill Pulsipher*,/players/p/pulsibi01.shtml,pulsibi01,31,STL,4.0,5,0,3,6.75,4.73,0.48,-0.36,100.0,3.89,-1,-0.1,.6,0.0,-0.1,-1,.474,.499,,Free Agency
2005,427,J.J. Putz,/players/p/putzjj01.shtml,putzjj01,28,SEA,60.0,64,0,27,4.05,4.91,-0.02,-0.37,95.8,4.37,2,0.2,1.4,-0.1,0.7,9,.503,.501,"$360,000",Amateur Draft
2005,428,Chad Qualls,/players/q/quallch01.shtml,quallch01,26,HOU,79.2,77,0,33,3.73,4.61,0.30,-0.35,99.7,3.95,2,0.2,1.3,-0.2,0.8,9,.502,.501,"$316,000",Amateur Draft
2005,429,Paul Quantrill,/players/q/quantpa01.shtml,quantpa01,36,3TM,69.0,50,0,44,5.74,4.68,-0.56,-0.36,94.0,4.60,-9,-0.9,.5,-0.0,-0.2,-2,.482,.498,"$3,000,000",Free Agency
2005,430,Brad Radke,/players/r/radkebr01.shtml,radkebr01,32,MIN,200.2,31,31,98,4.40,4.80,0.21,0.18,101.9,4.86,9,0.9,,-0.1,2.8,32,.529,.505,"$9,000,000",Free Agency
2005,431,Aaron Rakers,/players/r/rakeraa01.shtml,rakeraa01,28,BAL,13.2,10,0,5,3.29,5.13,0.16,-0.39,98.5,4.51,2,0.2,.9,-0.0,0.3,3,.518,.501,,Amateur Draft
2005,432,Elizardo Ramirez,/players/r/ramirel01.shtml,ramirel01,22,CIN,22.1,6,4,22,8.87,4.65,-0.33,0.10,104.6,5.32,-9,-0.8,.2,0.0,-0.6,-7,.366,.495,,Traded
2005,433,Erasmo Ramirez*,/players/r/ramirer01.shtml,ramirer01,29,TEX,23.0,16,0,10,3.91,4.86,-0.31,-0.37,106.8,5.12,3,0.3,.9,-0.1,0.5,6,.518,.502,"$332,500",Traded
2005,434,Horacio Ramirez*,/players/r/ramirho01.shtml,ramirho01,25,ATL,202.1,33,32,108,4.80,4.55,0.38,0.16,98.8,4.27,-12,-1.2,.0,-0.1,0.4,5,.463,.492,"$370,000",Amateur Draft
2005,435,Darrell Rasner,/players/r/rasneda01.shtml,rasneda01,24,WSN,7.1,5,1,3,3.68,4.86,-0.02,-0.17,92.0,4.33,1,0.1,.1,-0.0,0.1,1,.511,.500,,Amateur Draft
2005,436,Jon Rauch,/players/r/rauchjo01.shtml,rauchjo01,26,WSN,30.0,15,1,12,3.60,4.59,-0.02,-0.30,95.8,4.13,2,0.2,1.2,-0.0,0.4,4,.512,.501,,Traded
2005,437,Chris Ray,/players/r/raych01.shtml,raych01,23,BAL,40.2,41,0,15,3.32,5.07,0.15,-0.38,99.1,4.50,5,0.5,1.3,-0.0,0.9,10,.512,.503,,Amateur Draft
2005,438,Britt Reames,/players/r/reamebr01.shtml,reamebr01,31,OAK,5.2,2,0,6,9.53,4.74,0.31,-0.36,100.0,4.07,-3,-0.3,.2,0.1,-0.1,-3,.349,.498,,Free Agency
2005,439,Tim Redding,/players/r/redditi01.shtml,redditi01,27,2TM,30.2,10,7,41,12.03,4.34,-0.31,0.07,93.0,4.41,-26,-2.1,1.0,-0.0,-1.8,-23,.292,.490,"$750,000",Traded
2005,440,Mark Redman*,/players/r/redmama01.shtml,redmama01,31,PIT,178.1,30,30,100,5.05,4.57,0.08,0.17,100.9,4.70,-7,-0.7,,-0.1,0.7,8,.476,.496,"$4,500,000",Traded
2005,441,Steve Reed,/players/r/reedst01.shtml,reedst01,40,BAL,32.2,30,0,24,6.61,4.97,0.19,-0.38,100.3,4.42,-8,-0.8,.8,0.0,-0.4,-4,.473,.495,"$900,000",Free Agency
2005,442,Nick Regilio,/players/r/regilni01.shtml,regilni01,26,TEX,17.2,18,0,10,5.09,4.89,-0.29,-0.37,106.0,5.10,-0,-0.0,1.1,-0.0,0.1,2,.499,.500,"$316,500",Amateur Draft
2005,443,Chris Reitsma,/players/r/reitsch01.shtml,reitsch01,27,ATL,73.1,76,0,32,3.93,4.67,0.38,-0.36,100.4,3.95,0,0.0,1.5,-0.2,0.5,7,.500,.500,"$1,650,000",Traded
2005,444,Mike Remlinger*,/players/r/remlimi01.shtml,remlimi01,39,2TM,39.2,43,0,33,7.49,4.74,-0.02,-0.36,103.4,4.54,-13,-1.2,.9,0.2,-0.6,-9,.472,.498,"$4,233,333",Traded
2005,445,Chris Resop,/players/r/resopch01.shtml,resopch01,22,FLA,17.0,15,0,16,8.47,4.67,-0.46,-0.35,95.3,4.55,-7,-0.7,.2,0.3,-0.3,-6,.451,.495,,Amateur Draft
2005,446,Alberto Reyes,/players/r/reyesal01.shtml,reyesal01,34,STL,62.2,65,0,15,2.15,4.62,0.29,-0.35,100.5,4.00,13,1.3,1.4,0.1,2.0,18,.521,.508,"$450,000",Free Agency
2005,447,Anthony Reyes,/players/r/reyesan01.shtml,reyesan01,23,STL,13.1,4,1,4,2.70,4.54,0.32,-0.10,103.2,4.25,2,0.2,.6,-0.0,0.3,3,.562,.502,,Amateur Draft
2005,448,Dennys Reyes*,/players/r/reyesde01.shtml,reyesde01,28,SDP,43.2,36,1,30,6.18,4.47,-0.26,-0.29,94.4,4.19,-10,-1.0,.7,0.1,-0.5,-6,.473,.494,"$550,000",Free Agency
2005,449,Arthur Rhodes*,/players/r/rhodear01.shtml,rhodear01,35,CLE,43.1,47,0,13,2.70,4.68,0.28,-0.35,95.8,3.88,5,0.5,1.5,0.0,1.0,10,.511,.503,"$3,700,000",Traded
2005,450,John Riedling,/players/r/riedljo01.shtml,riedljo01,29,FLA,27.2,29,0,23,7.48,4.53,-0.51,-0.34,94.1,4.42,-9,-0.9,.9,-0.0,-0.7,-7,.467,.494,"$750,000",Free Agency
2005,451,Matt Riley*,/players/r/rileyma01.shtml,rileyma01,25,TEX,12.2,7,0,14,9.95,5.09,-0.31,-0.38,104.5,5.24,-7,-0.6,1.1,-0.1,-0.6,-5,.411,.496,"$328,000",Traded
2005,452,Juan Rincon,/players/r/rincoju01.shtml,rincoju01,26,MIN,77.0,75,0,26,3.04,4.74,0.16,-0.36,101.7,4.29,10,1.0,1.6,0.1,1.9,19,.514,.506,"$440,000",Amateur Free Agent
2005,453,Ricardo Rincon*,/players/r/rincori01.shtml,rincori01,35,OAK,37.1,67,0,19,4.58,5.28,0.24,-0.40,100.4,4.66,0,0.0,1.3,-0.1,0.3,4,.500,.500,"$1,900,000",Free Agency
2005,454,Royce Ring*,/players/r/ringro01.shtml,ringro01,24,NYM,10.2,15,0,6,5.06,5.04,-0.15,-0.38,95.8,4.61,-1,-0.1,1.0,-0.0,0.0,0,.496,.500,,Traded
2005,455,David Riske,/players/r/riskeda01.shtml,riskeda01,28,CLE,72.2,58,0,28,3.47,4.65,0.31,-0.35,96.0,3.83,2,0.2,.5,-0.2,0.8,11,.504,.501,"$1,425,000",Amateur Draft
2005,456,Mariano Rivera,/players/r/riverma01.shtml,riverma01,35,NYY,78.1,71,0,18,2.07,4.82,-0.55,-0.36,96.8,4.85,24,2.4,1.8,0.8,4.0,33,.534,.515,"$10,500,000",Amateur Free Agent
2005,457,Nate Robertson*,/players/r/roberna01.shtml,roberna01,27,DET,196.2,32,32,113,5.17,4.73,0.17,0.17,100.1,4.74,-11,-1.1,,-0.1,0.8,12,.466,.493,"$355,000",Traded
2005,458,Fernando Rodney,/players/r/rodnefe01.shtml,rodnefe01,28,DET,44.0,39,0,14,2.86,4.63,0.15,-0.35,97.8,4.04,5,0.5,1.6,0.0,1.1,11,.514,.503,"$318,500",Amateur Free Agent
2005,459,Felix Rodriguez,/players/r/rodrife01.shtml,rodrife01,32,NYY,32.1,34,0,18,5.01,5.05,-0.70,-0.38,97.6,5.24,1,0.1,.6,-0.1,0.3,4,.502,.500,"$3,150,000",Traded
2005,460,Francisco Rodriguez,/players/r/rodrifr03.shtml,rodrifr03,23,LAA,67.1,66,0,20,2.67,4.86,0.20,-0.37,97.1,4.18,11,1.1,2.1,0.4,2.2,19,.516,.507,"$440,000",Amateur Free Agent
2005,461,Ricardo Rodriguez,/players/r/rodriri03.shtml,rodriri03,27,TEX,57.0,12,10,39,6.16,4.82,-0.31,0.14,106.7,5.62,-4,-0.4,.7,-0.0,0.2,3,.468,.498,,Traded
2005,462,Wandy Rodriguez*,/players/r/rodriwa01.shtml,rodriwa01,26,HOU,128.2,25,22,82,5.74,4.52,0.32,0.16,102.1,4.45,-19,-1.8,.7,-0.1,-0.8,-7,.428,.489,,Amateur Free Agent
2005,463,Kenny Rogers*,/players/r/rogerke01.shtml,rogerke01,40,TEX,195.1,30,30,86,3.96,4.65,-0.29,0.17,103.8,5.31,28,2.9,,-0.1,4.8,50,.598,.518,"$3,500,000",Free Agency
2005,464,J.C. Romero*,/players/r/romerj.01.shtml,romerj.01,29,MIN,57.0,68,0,26,4.11,4.88,0.18,-0.37,101.5,4.40,1,0.1,1.3,-0.1,0.6,8,.502,.501,"$1,250,000",Amateur Draft
2005,465,Kirk Rueter*,/players/r/rueteki01.shtml,rueteki01,34,SFG,107.1,20,18,78,6.54,4.51,-0.20,0.13,103.3,4.99,-19,-1.8,.4,-0.0,-0.9,-9,.411,.489,"$7,133,333",Traded
2005,466,Josh Rupe,/players/r/rupejo01.shtml,rupejo01,22,TEX,9.2,4,1,4,3.72,4.63,-0.23,-0.08,105.7,5.05,1,0.1,.7,-0.0,0.2,2,.535,.501,,Traded
2005,467,Glendon Rusch*,/players/r/ruschgl01.shtml,ruschgl01,30,CHC,145.1,46,19,79,4.89,4.63,0.02,0.04,103.8,4.82,-1,-0.1,1.2,-0.2,1.0,11,.497,.499,"$2,000,000",Free Agency
2005,468,B.J. Ryan*,/players/r/ryanb.01.shtml,ryanb.01,29,BAL,70.1,69,0,20,2.56,4.91,0.12,-0.37,99.4,4.39,14,1.4,1.6,0.2,2.4,22,.520,.509,"$2,600,000",Traded
2005,469,Kirk Saarloos,/players/s/saarlki01.shtml,saarlki01,26,OAK,159.2,29,27,75,4.23,4.85,0.28,0.17,99.3,4.71,7,0.7,.9,-0.1,2.3,26,.525,.505,,Traded
2005,470,CC Sabathia*,/players/s/sabatc.01.shtml,sabatc.01,24,CLE,196.2,31,31,92,4.21,4.55,0.30,0.17,96.1,4.24,-1,-0.1,,-0.1,1.8,22,.497,.499,"$5,250,000",Amateur Draft
2005,471,Duaner Sanchez,/players/s/sanchdu01.shtml,sanchdu01,25,LAD,82.0,79,0,36,3.95,4.46,0.02,-0.34,98.7,4.05,1,0.1,1.3,-0.2,0.6,8,.501,.501,"$332,000",Waivers
2005,472,David Sanders*,/players/s/sandeda01.shtml,sandeda01,25,CHW,2.0,2,0,3,13.50,4.72,0.32,-0.36,106.0,4.29,-2,-0.2,.1,0.1,-0.1,-2,.405,.499,,Amateur Draft
2005,473,Ervin Santana,/players/s/santaer01.shtml,santaer01,22,LAA,133.2,23,23,73,4.92,4.90,0.27,0.18,96.5,4.64,-5,-0.5,,-0.1,0.8,10,.478,.497,,Amateur Free Agent
2005,474,Johan Santana*,/players/s/santajo02.shtml,santajo02,26,MIN,231.2,33,33,77,2.99,4.71,0.17,0.17,102.2,4.83,45,5.0,,-0.1,7.2,72,.651,.531,"$4,750,000",Traded
2005,475,Julio Santana,/players/s/santaju01.shtml,santaju01,32,MIL,42.0,41,0,21,4.50,4.61,-0.05,-0.35,100.0,4.30,-1,-0.1,2.0,-0.1,0.1,3,.498,.499,,Free Agency
2005,476,Jose Santiago,/players/s/santijo03.shtml,santijo03,30,NYM,5.2,4,0,2,3.18,4.43,-0.18,-0.34,104.1,4.45,1,0.1,.5,-0.0,0.1,1,.521,.501,,Free Agency
2005,477,Victor Santos,/players/s/santovi01.shtml,santovi01,28,MIL,141.2,29,24,87,5.53,4.53,-0.06,0.14,100.6,4.76,-12,-1.2,.8,-0.1,-0.1,0,.458,.493,"$420,000",Free Agency
2005,478,Scott Sauerbeck*,/players/s/sauersc01.shtml,sauersc01,33,CLE,35.2,58,0,18,4.54,5.02,0.29,-0.38,95.4,4.15,-2,-0.2,1.2,-0.1,0.1,2,.497,.499,"$500,000",Free Agency
2005,479,Joe Saunders*,/players/s/saundjo01.shtml,saundjo01,24,LAA,9.1,2,2,8,7.71,4.78,0.30,0.18,93.4,4.34,-4,-0.3,,-0.0,-0.2,-2,.345,.498,,Amateur Draft
2005,480,Curt Schilling,/players/s/schilcu01.shtml,schilcu01,38,BOS,93.1,32,11,59,5.69,4.93,-0.14,0.04,104.4,5.32,-5,-0.5,1.3,-0.1,0.4,6,.486,.497,"$14,500,000",Traded
2005,481,Jason Schmidt,/players/s/schmija01.shtml,schmija01,32,SFG,172.0,29,29,90,4.71,4.52,-0.15,0.16,101.8,4.92,4,0.4,,-0.1,1.8,19,.514,.502,"$8,187,500",Traded
2005,482,Steve Schmoll,/players/s/schmost01.shtml,schmost01,25,LAD,46.2,48,0,29,5.59,4.49,0.03,-0.34,99.0,4.08,-8,-0.8,1.1,-0.1,-0.5,-4,.483,.495,"$316,000",Amateur Free Agent
2005,483,Scott Schoeneweis*,/players/s/schoesc01.shtml,schoesc01,31,TOR,57.0,80,0,23,3.63,5.16,0.37,-0.39,102.2,4.49,5,0.5,1.5,-0.0,1.1,12,.506,.503,"$2,500,000",Free Agency
2005,484,Rudy Seanez,/players/s/seaneru01.shtml,seaneru01,36,SDP,60.1,57,0,19,2.83,4.37,-0.18,-0.33,93.5,3.94,7,0.8,1.1,-0.1,1.2,13,.513,.505,"$550,000",Free Agency
2005,485,Bobby Seay*,/players/s/seaybo01.shtml,seaybo01,27,COL,11.2,17,0,11,8.49,4.76,-0.10,-0.36,114.1,5.13,-4,-0.4,.8,0.0,-0.3,-3,.474,.497,,Traded
2005,486,Aaron Sele,/players/s/seleaa01.shtml,seleaa01,35,SEA,116.0,21,21,76,5.90,4.91,-0.03,0.18,93.8,4.80,-15,-1.4,,-0.1,-0.3,-1,.432,.491,"$700,000",Free Agency
2005,487,Jae Weong Seo,/players/s/seoja01.shtml,seoja01,28,NYM,90.1,14,14,26,2.59,4.53,-0.16,0.17,96.1,4.66,21,2.4,,-0.1,3.1,29,.668,.515,,Amateur Free Agent
2005,488,Brian Shackelford*,/players/s/shackbr01.shtml,shackbr01,28,CIN,29.2,37,0,9,2.73,4.53,-0.24,-0.34,99.7,4.42,6,0.6,.8,-0.1,0.7,8,.516,.504,,Traded
2005,489,Ben Sheets,/players/s/sheetbe01.shtml,sheetbe01,26,MIL,156.2,22,22,66,3.79,4.61,-0.05,0.17,103.0,4.98,20,2.3,,-0.1,3.5,34,.603,.514,"$6,000,000",Amateur Draft
2005,490,George Sherrill*,/players/s/sherrge01.shtml,sherrge01,28,SEA,19.0,29,0,12,5.68,5.08,-0.02,-0.38,96.5,4.55,-3,-0.3,1.9,-0.2,-0.2,-0,.491,.498,,Purchased
2005,491,Scot Shields,/players/s/shielsc01.shtml,shielsc01,29,LAA,91.2,78,0,33,3.24,4.88,0.22,-0.37,97.7,4.19,9,0.9,2.0,0.2,2.1,20,.512,.506,"$925,000",Amateur Draft
2005,492,Brian Shouse*,/players/s/shousbr01.shtml,shousbr01,36,TEX,53.1,64,0,37,6.24,4.93,-0.28,-0.37,105.2,5.08,-7,-0.7,1.2,-0.2,-0.4,-1,.489,.495,"$395,000",Free Agency
2005,493,Carlos Silva,/players/s/silvaca01.shtml,silvaca01,26,MIN,188.1,27,27,83,3.97,4.81,0.22,0.18,100.9,4.81,16,1.7,,-0.1,3.5,38,.562,.510,"$1,750,000",Traded
2005,494,Allan Simpson,/players/s/simpsal01.shtml,simpsal01,27,2TM,7.1,11,0,10,12.27,5.03,-0.20,-0.38,104.5,5.11,-6,-0.5,.7,-0.0,-0.5,-5,.453,.499,"$318,000",Traded
2005,495,Andy Sisco*,/players/s/siscoan01.shtml,siscoan01,22,KCR,75.1,67,0,27,3.23,4.72,-0.60,-0.36,101.8,5.05,15,1.5,1.3,0.0,2.3,23,.522,.509,"$316,000",Rule 5 Draft
2005,496,Aaron Small,/players/s/smallaa01.shtml,smallaa01,33,NYY,76.0,15,9,27,3.20,4.74,-0.69,0.06,97.8,5.38,18,1.9,1.2,-0.0,2.7,27,.629,.512,,Free Agency
2005,497,Travis Smith,/players/s/smithtr01.shtml,smithtr01,32,FLA,10.2,12,0,8,6.75,4.47,-0.50,-0.34,101.3,4.70,-2,-0.2,.2,0.1,-0.1,-2,.479,.498,,Free Agency
2005,498,John Smoltz,/players/s/smoltjo01.shtml,smoltjo01,38,ATL,229.2,33,33,83,3.25,4.57,0.34,0.17,99.8,4.38,29,3.1,,-0.2,4.9,49,.595,.519,"$9,000,000",Free Agency
2005,499,Ian Snell,/players/s/snellia01.shtml,snellia01,23,PIT,42.0,15,5,25,5.36,4.49,0.08,-0.05,99.6,4.34,-5,-0.5,.5,-0.0,-0.1,-1,.468,.497,,Amateur Draft
2005,500,Kyle Snyder,/players/s/snydeky01.shtml,snydeky01,27,KCR,36.0,13,3,29,7.25,4.82,-0.84,-0.18,100.5,5.51,-7,-0.7,.7,-0.0,-0.3,-3,.446,.496,,Amateur Draft
2005,501,Rafael Soriano,/players/s/soriara01.shtml,soriara01,25,SEA,7.1,7,0,2,2.45,4.93,-0.02,-0.37,101.3,4.64,2,0.2,.7,-0.0,0.2,3,.525,.501,"$340,000",Amateur Free Agent
2005,502,Jorge Sosa,/players/s/sosajo02.shtml,sosajo02,27,ATL,134.0,44,20,42,2.82,4.67,0.35,0.06,101.3,4.44,24,2.6,.6,-0.2,3.5,36,.558,.516,"$650,000",Traded
2005,503,Justin Speier,/players/s/speieju01.shtml,speieju01,31,TOR,66.2,65,0,20,2.70,4.86,0.34,-0.37,101.9,4.23,11,1.1,1.0,-0.2,1.6,19,.517,.507,"$1,900,000",Traded
2005,504,Ryan Speier,/players/s/speiery01.shtml,speiery01,25,COL,24.2,22,0,12,4.38,4.44,-0.11,-0.34,114.8,4.84,1,0.1,1.0,-0.1,0.3,3,.506,.501,"$316,000",Amateur Free Agent
2005,505,Russ Springer,/players/s/sprinru01.shtml,sprinru01,36,HOU,59.0,62,0,34,5.19,4.70,0.28,-0.36,100.2,4.07,-7,-0.8,.9,-0.1,-0.3,-2,.488,.495,"$550,000",Free Agency
2005,506,Chris Spurling,/players/s/spurlch01.shtml,spurlch01,28,DET,70.2,56,0,30,3.82,4.69,0.17,-0.35,98.2,4.09,2,0.2,1.0,-0.2,0.7,10,.503,.501,,Traded
2005,507,Jason Standridge,/players/s/standja01.shtml,standja01,26,2TM,33.1,34,0,17,4.59,4.48,-0.30,-0.34,100.3,4.45,-1,-0.0,.9,-0.1,0.2,2,.499,.501,,Free Agency
2005,508,Mike Stanton*,/players/s/stantmi02.shtml,stantmi02,38,3TM,42.2,59,0,24,5.06,5.15,-0.24,-0.39,95.8,4.80,-1,-0.1,1.1,-0.1,0.2,3,.498,.499,"$4,000,000",Traded
2005,509,Tim Stauffer,/players/s/staufti01.shtml,staufti01,23,SDP,81.0,15,14,50,5.56,4.45,-0.26,0.16,93.3,4.54,-9,-0.9,.0,-0.0,-0.3,-2,.440,.494,,Amateur Draft
2005,510,Steve Stemle,/players/s/stemlst01.shtml,stemlst01,28,KCR,10.2,6,0,6,5.06,5.22,-0.62,-0.39,102.6,5.58,1,0.1,.4,-0.0,0.1,2,.509,.500,,Free Agency
2005,511,Ricky Stone,/players/s/stoneri01.shtml,stoneri01,30,CIN,30.2,23,0,24,7.04,4.63,-0.32,-0.35,101.6,4.67,-8,-0.8,.5,0.1,-0.4,-5,.465,.495,,Free Agency
2005,512,Huston Street,/players/s/streehu01.shtml,streehu01,21,OAK,78.1,67,0,17,1.95,4.82,0.21,-0.36,100.4,4.26,19,2.0,1.3,0.1,2.9,29,.530,.512,"$316,000",Amateur Draft
2005,513,Scott Strickland,/players/s/stricsc02.shtml,stricsc02,29,HOU,4.0,5,0,3,6.75,4.78,0.35,-0.36,102.0,4.15,-1,-0.1,.8,0.0,-0.1,-1,.477,.499,,Free Agency
2005,514,Tanyon Sturtze,/players/s/sturtta01.shtml,sturtta01,34,NYY,78.0,64,1,43,4.96,4.87,-0.69,-0.34,97.2,5.07,0,0.0,1.2,-0.2,0.7,9,.500,.500,"$850,000",Traded
2005,515,Jeff Suppan,/players/s/suppaje01.shtml,suppaje01,30,STL,194.1,32,32,93,4.31,4.49,0.40,0.16,101.3,4.31,-0,-0.0,,-0.1,1.5,17,.500,.500,"$4,000,000",Free Agency
2005,516,Jon Switzer*,/players/s/switzjo01.shtml,switzjo01,25,TBD,4.0,2,0,4,9.00,4.68,-0.03,-0.35,97.8,4.26,-2,-0.2,.3,0.1,-0.1,-2,.401,.499,,Amateur Draft
2005,517,Kazuhito Tadano,/players/t/tadanka01.shtml,tadanka01,25,CLE,4.0,1,0,1,2.25,4.38,0.38,-0.33,92.0,3.38,0,0.0,.3,-0.0,0.1,1,.548,.500,,Amateur Free Agent
2005,518,Shingo Takatsu,/players/t/takatsh01.shtml,takatsh01,36,2TM,36.1,40,0,21,5.20,4.64,0.14,-0.35,103.6,4.29,-4,-0.4,1.4,-0.1,-0.1,0,.490,.498,"$2,500,000",Free Agency
2005,519,Brian Tallet*,/players/t/tallebr01.shtml,tallebr01,27,CLE,4.2,2,0,4,7.71,4.53,0.39,-0.34,100.9,3.83,-2,-0.2,.1,0.1,-0.1,-2,.405,.499,,Amateur Draft
2005,520,Jack Taschner*,/players/t/taschja01.shtml,taschja01,27,SFG,22.2,24,0,5,1.99,4.61,-0.14,-0.35,99.3,4.38,6,0.6,.9,-0.1,0.8,8,.526,.504,,Amateur Draft
2005,521,Julian Tavarez,/players/t/tavarju01.shtml,tavarju01,32,STL,65.2,74,0,28,3.84,4.66,0.37,-0.35,100.9,3.96,1,0.1,1.4,-0.1,0.5,7,.501,.501,"$2,600,000",Free Agency
2005,522,Rob Tejeda,/players/t/tejedro01.shtml,tejedro01,23,PHI,85.2,26,13,36,3.78,4.61,0.50,0.07,103.1,4.30,5,0.5,.4,-0.1,1.1,12,.520,.503,,Amateur Free Agent
2005,523,Michael Tejera*,/players/t/tejermi01.shtml,tejermi01,28,TEX,2.0,3,0,3,13.50,4.95,-0.39,-0.37,108.0,5.36,-2,-0.2,.6,0.0,-0.1,-2,.442,.499,,Waivers
2005,524,Amaury Telemaco,/players/t/telemam01.shtml,telemam01,31,PHI,10.2,7,0,5,4.22,4.86,0.49,-0.37,102.2,4.09,-0,-0.0,.4,-0.0,0.1,1,.498,.500,,Free Agency
2005,525,Brad Thompson,/players/t/thompbr01.shtml,thompbr01,23,STL,55.0,40,0,22,3.60,4.59,0.39,-0.35,101.0,3.90,2,0.2,.9,-0.1,0.5,7,.504,.501,,Amateur Draft
2005,526,Derek Thompson*,/players/t/thompde01.shtml,thompde01,24,LAD,18.0,4,3,7,3.50,4.42,0.02,0.08,96.5,4.32,2,0.2,.3,-0.0,0.3,3,.543,.501,,Free Agency
2005,527,Justin Thompson*,/players/t/thompju02.shtml,thompju02,32,TEX,1.2,2,0,4,21.60,4.90,-0.39,-0.37,100.9,4.96,-3,-0.3,.5,0.1,-0.2,-3,.363,.498,,Free Agency
2005,528,John Thomson,/players/t/thomsjo01.shtml,thomsjo01,31,ATL,98.2,17,17,52,4.74,4.56,0.38,0.17,100.5,4.37,-4,-0.4,,-0.1,0.4,4,.475,.497,"$4,250,000",Free Agency
2005,529,Matt Thornton*,/players/t/thornma01.shtml,thornma01,28,SEA,57.0,55,0,33,5.21,5.01,-0.02,-0.38,95.4,4.44,-5,-0.5,.8,-0.1,-0.0,1,.490,.497,"$323,000",Amateur Draft
2005,530,Mike Timlin,/players/t/timlimi01.shtml,timlimi01,39,BOS,80.1,81,0,23,2.58,4.84,-0.14,-0.37,104.2,4.81,19,2.0,1.3,0.1,2.9,29,.524,.512,"$2,750,000",Free Agency
2005,531,Brett Tomko,/players/t/tomkobr01.shtml,tomkobr01,32,SFG,190.2,33,30,99,4.67,4.49,-0.18,0.15,100.1,4.82,3,0.3,.6,-0.1,1.8,20,.509,.502,"$2,650,000",Free Agency
2005,532,Salomon Torres,/players/t/torresa01.shtml,torresa01,33,PIT,94.2,78,0,34,3.23,4.67,0.08,-0.35,100.4,4.25,11,1.1,.9,-0.2,1.7,19,.514,.507,"$1,100,000",Free Agency
2005,533,Josh Towers,/players/t/towerjo01.shtml,towerjo01,28,TOR,208.2,33,33,101,4.36,4.77,0.42,0.18,102.2,4.63,4,0.5,,-0.1,2.5,29,.514,.503,"$358,000",Free Agency
2005,534,Steve Trachsel,/players/t/trachst01.shtml,trachst01,34,NYM,37.0,6,6,20,4.86,4.57,-0.16,0.17,99.5,4.87,-0,-0.0,,-0.0,0.3,3,.500,.500,"$6,782,500",Free Agency
2005,535,Chin-hui Tsao,/players/t/tsaoch01.shtml,tsaoch01,24,COL,11.0,10,0,8,6.55,4.54,-0.13,-0.34,109.9,4.75,-2,-0.2,1.0,-0.0,-0.2,-1,.478,.499,"$317,000",Amateur Free Agent
2005,536,T.J. Tucker,/players/t/tucket.01.shtml,tucket.01,26,WSN,12.2,13,0,9,6.39,4.91,-0.02,-0.37,96.9,4.42,-3,-0.3,.6,0.0,-0.1,-2,.478,.498,"$657,000",Amateur Draft
2005,537,Derrick Turnbow,/players/t/turnbde01.shtml,turnbde01,27,MIL,67.1,69,0,15,2.00,4.58,-0.05,-0.35,102.0,4.37,18,1.8,1.6,0.4,2.9,23,.527,.511,"$322,000",Waivers
2005,538,Ugueth Urbina,/players/u/urbinug01.shtml,urbinug01,31,2TM,79.2,81,0,34,3.84,4.62,0.32,-0.35,101.8,4.02,1,0.1,1.6,-0.1,0.8,9,.502,.500,"$4,000,000",Free Agency
2005,539,Ismael Valdez,/players/v/valdeis01.shtml,valdeis01,31,FLA,50.2,14,7,32,5.68,4.58,-0.51,-0.02,97.7,4.96,-4,-0.4,.5,-0.0,0.0,0,.470,.497,"$1,500,000",Free Agency
2005,540,Joe Valentine,/players/v/valenjo04.shtml,valenjo04,25,CIN,14.1,16,0,15,9.42,4.65,-0.31,-0.35,100.5,4.64,-8,-0.8,.7,0.1,-0.6,-6,.453,.495,"$320,000",Traded
2005,541,Jose Valverde,/players/v/valvejo01.shtml,valvejo01,27,ARI,66.1,61,0,19,2.58,4.45,-0.06,-0.34,105.1,4.39,13,1.4,1.3,0.1,2.0,19,.523,.509,"$335,000",Amateur Free Agent
2005,542,Jermaine Van Buren,/players/v/vanbuje01.shtml,vanbuje01,24,CHC,6.0,6,0,2,3.00,4.70,0.02,-0.36,105.3,4.55,1,0.1,1.0,-0.0,0.2,2,.518,.501,,Free Agency
2005,543,Claudio Vargas,/players/v/vargacl01.shtml,vargacl01,27,2TM,132.1,25,23,81,5.51,4.49,-0.07,0.15,106.1,5.01,-7,-0.6,.1,-0.1,0.4,4,.475,.500,"$325,000",Waivers
2005,544,Jason Vargas*,/players/v/vargaja01.shtml,vargaja01,22,FLA,73.2,17,13,34,4.15,4.50,-0.44,0.12,95.1,4.82,5,0.6,.8,-0.1,1.1,12,.533,.503,,Amateur Draft
2005,545,Jorge Vasquez,/players/v/vasqujo01.shtml,vasqujo01,26,ATL,9.0,7,0,4,4.00,4.95,0.35,-0.38,104.3,4.41,0,0.0,1.2,-0.0,0.1,1,.506,.500,,Traded
2005,546,Javier Vazquez,/players/v/vazquja01.shtml,vazquja01,28,ARI,215.2,33,33,112,4.67,4.50,-0.08,0.16,102.4,4.85,4,0.4,,-0.1,2.1,23,.513,.503,"$11,000,000",Traded
2005,547,Justin Verlander,/players/v/verlaju01.shtml,verlaju01,22,DET,11.1,2,2,9,7.15,4.58,0.19,0.17,94.1,4.29,-4,-0.3,,-0.0,-0.2,-2,.341,.498,,Amateur Draft
2005,548,Oscar Villarreal,/players/v/villaos01.shtml,villaos01,23,ARI,13.2,11,0,8,5.27,4.34,-0.08,-0.33,111.5,4.56,-1,-0.1,1.4,-0.1,-0.1,0,.490,.499,,Amateur Free Agent
2005,549,Ron Villone*,/players/v/villoro01.shtml,villoro01,35,2TM,64.0,79,0,34,4.78,4.88,-0.16,-0.37,95.0,4.44,-3,-0.3,1.5,-0.0,0.4,4,.496,.500,"$1,950,000",Traded
2005,550,Luis Vizcaino,/players/v/vizcalu01.shtml,vizcalu01,30,CHW,70.0,65,0,30,3.86,4.75,0.27,-0.36,103.5,4.27,3,0.3,1.2,-0.2,0.9,11,.504,.502,"$1,300,000",Traded
2005,551,Ryan Vogelsong,/players/v/vogelry01.shtml,vogelry01,27,PIT,81.1,44,0,43,4.76,4.75,0.08,-0.36,99.6,4.29,-4,-0.4,.4,-0.1,0.2,3,.490,.497,"$332,000",Traded
2005,552,Edinson Volquez,/players/v/volqued01.shtml,volqued01,21,TEX,12.2,6,3,22,15.63,4.52,-0.34,0.09,108.3,5.36,-15,-1.2,.8,0.0,-1.0,-13,.301,.493,,Amateur Free Agent
2005,553,Doug Waechter,/players/w/waechdo01.shtml,waechdo01,24,TBD,157.0,29,25,109,6.25,5.00,-0.03,0.14,99.7,5.15,-20,-1.9,1.5,-0.2,-0.5,-2,.433,.488,,Amateur Draft
2005,554,Billy Wagner*,/players/w/wagnebi02.shtml,wagnebi02,33,PHI,77.2,75,0,17,1.97,4.54,0.43,-0.35,104.3,3.93,17,1.8,1.5,0.3,2.7,24,.524,.511,"$9,000,000",Traded
2005,555,Ryan Wagner,/players/w/wagnery01.shtml,wagnery01,22,CIN,45.2,42,0,33,6.50,4.69,-0.27,-0.36,103.6,4.78,-9,-0.9,.9,-0.1,-0.5,-5,.479,.494,"$380,000",Amateur Draft
2005,556,Adam Wainwright,/players/w/wainwad01.shtml,wainwad01,23,STL,2.0,2,0,3,13.50,4.59,0.49,-0.35,100.7,3.78,-2,-0.2,.3,0.1,-0.1,-2,.398,.499,,Traded
2005,557,Tim Wakefield,/players/w/wakefti01.shtml,wakefti01,38,BOS,225.1,33,33,113,4.51,4.92,-0.13,0.18,104.3,5.46,22,2.3,,-0.1,4.5,48,.569,.514,"$4,670,000",Free Agency
2005,558,Jamie Walker*,/players/w/walkeja01.shtml,walkeja01,33,DET,48.2,66,0,22,4.07,4.89,0.17,-0.37,98.4,4.28,1,0.1,1.1,-0.1,0.5,6,.501,.500,"$900,000",Free Agency
2005,559,Kevin Walker*,/players/w/walkeke02.shtml,walkeke02,28,CHW,7.0,9,0,7,9.00,4.82,0.29,-0.36,106.0,4.41,-4,-0.4,.7,0.0,-0.2,-3,.461,.498,,Free Agency
2005,560,Pete Walker,/players/w/walkepe01.shtml,walkepe01,36,TOR,84.0,41,4,33,3.54,4.96,0.40,-0.24,102.4,4.43,8,0.8,1.2,-0.1,1.6,17,.519,.505,"$400,000",Free Agency
2005,561,Tyler Walker,/players/w/walkety01.shtml,walkety01,29,SFG,61.2,67,0,31,4.52,4.59,-0.16,-0.35,101.7,4.47,-0,-0.0,1.8,-0.2,0.3,5,.499,.500,"$326,000",Free Agency
2005,562,Chien-Ming Wang,/players/w/wangch01.shtml,wangch01,25,NYY,116.1,18,17,58,4.49,4.77,-0.73,0.15,96.6,5.46,12,1.2,.5,-0.1,2.3,25,.567,.507,,Amateur Free Agent
2005,563,John Wasdin,/players/w/wasdijo01.shtml,wasdijo01,32,TEX,75.2,31,6,37,4.40,4.79,-0.28,-0.17,104.2,5.10,5,0.5,1.3,-0.1,1.2,14,.517,.503,,Free Agency
2005,564,Jarrod Washburn*,/players/w/washbja01.shtml,washbja01,30,LAA,177.1,29,29,66,3.35,4.84,0.28,0.18,97.8,4.63,24,2.5,,-0.1,4.2,45,.587,.516,"$6,500,000",Amateur Draft
2005,565,David Weathers,/players/w/weathda01.shtml,weathda01,35,CIN,77.2,73,0,36,4.17,4.54,-0.26,-0.35,101.9,4.54,3,0.3,1.3,-0.1,0.9,10,.504,.502,"$1,250,000",Free Agency
2005,566,Jeff Weaver,/players/w/weaveje01.shtml,weaveje01,28,LAD,224.0,34,34,111,4.46,4.39,0.03,0.16,99.5,4.50,1,0.1,,-0.1,1.8,20,.502,.500,"$9,350,000",Traded
2005,567,Brandon Webb,/players/w/webbbr01.shtml,webbbr01,26,ARI,229.0,33,33,98,3.85,4.50,-0.08,0.16,105.4,5.00,29,3.2,,-0.2,5.0,49,.596,.520,"$715,000",Amateur Draft
2005,568,John Webb,/players/w/webbjo01.shtml,webbjo01,26,TBD,4.0,1,1,8,18.00,5.15,-0.04,0.19,100.0,5.38,-6,-0.3,,-0.0,-0.3,-5,.154,.498,,Waivers
2005,569,Ben Weber,/players/w/weberbe01.shtml,weberbe01,35,CIN,12.1,10,0,11,8.03,4.43,-0.32,-0.34,102.0,4.50,-5,-0.5,.3,0.1,-0.2,-4,.452,.497,"$600,000",Free Agency
2005,570,Todd Wellemeyer,/players/w/welleto01.shtml,welleto01,26,CHC,32.1,22,0,23,6.40,4.58,0.02,-0.35,105.0,4.43,-7,-0.7,1.0,-0.1,-0.5,-4,.468,.496,"$329,000",Amateur Draft
2005,571,David Wells*,/players/w/wellsda01.shtml,wellsda01,42,BOS,184.0,30,30,95,4.65,4.92,-0.15,0.18,103.1,5.41,14,1.4,,-0.1,3.2,36,.548,.509,"$4,075,000",Free Agency
2005,572,Kip Wells,/players/w/wellski01.shtml,wellski01,28,PIT,182.0,33,33,116,5.74,4.69,0.08,0.17,100.3,4.79,-19,-1.9,,-0.1,-0.5,-4,.442,.488,"$3,175,000",Traded
2005,573,Jake Westbrook,/players/w/westbja01.shtml,westbja01,27,CLE,210.2,34,34,121,5.17,4.60,0.34,0.17,96.0,4.25,-23,-2.2,,-0.1,-0.2,1,.435,.486,"$2,900,000",Traded
2005,574,Dan Wheeler,/players/w/wheelda01.shtml,wheelda01,27,HOU,73.1,71,0,18,2.21,4.63,0.27,-0.35,100.1,4.01,15,1.5,1.2,-0.0,2.2,21,.522,.509,"$365,000",Traded
2005,575,Gabe White*,/players/w/whitega01.shtml,whitega01,33,STL,8.1,6,0,2,2.16,4.62,0.52,-0.35,102.9,3.85,2,0.2,.4,-0.1,0.2,2,.527,.501,,Free Agency
2005,576,Matt White*,/players/w/whitema03.shtml,whitema03,27,WSN,4.0,1,1,4,9.00,5.03,-0.02,0.18,92.0,4.81,-2,-0.2,,-0.0,-0.1,-2,.336,.499,,Free Agency
2005,577,Rick White,/players/w/whiteri01.shtml,whiteri01,36,PIT,75.0,71,0,39,4.68,4.73,0.09,-0.36,100.3,4.29,-3,-0.3,1.2,-0.2,0.1,3,.495,.498,"$475,000",Free Agency
2005,578,Matt Whiteside,/players/w/whitema02.shtml,whitema02,37,TOR,3.2,2,0,8,19.64,5.17,0.40,-0.39,104.0,4.56,-6,-0.5,.2,0.2,-0.2,-6,.262,.497,,Free Agency
2005,579,Bob Wickman,/players/w/wickmbo01.shtml,wickmbo01,36,CLE,62.0,64,0,17,2.47,4.65,0.32,-0.35,95.9,3.82,9,0.9,2.0,0.3,1.8,16,.514,.505,"$2,750,000",Free Agency
2005,580,David Williams*,/players/w/willida07.shtml,willida07,26,PIT,138.2,25,25,74,4.80,4.63,0.08,0.17,101.9,4.81,-0,0.0,,-0.1,1.1,12,.500,.500,"$330,000",Amateur Draft
2005,581,Jerome Williams,/players/w/willije01.shtml,willije01,23,2TM,122.2,22,20,62,4.55,4.61,-0.01,0.16,103.7,4.95,5,0.6,1.1,-0.1,1.6,16,.528,.504,"$336,000",Traded
2005,582,Randy Williams*,/players/w/willira01.shtml,willira01,29,2TM,26.1,32,0,21,7.18,4.58,-0.14,-0.35,110.4,4.81,-7,-0.7,1.1,-0.0,-0.5,-5,.479,.498,,Waivers
2005,583,Todd Williams,/players/w/willito02.shtml,willito02,34,BAL,76.1,72,0,34,4.01,4.88,0.18,-0.37,99.4,4.31,2,0.2,1.4,-0.2,0.9,11,.503,.501,"$347,500",Free Agency
2005,584,Woody Williams,/players/w/williwo02.shtml,williwo02,38,SDP,159.2,28,28,92,5.19,4.40,-0.26,0.16,90.5,4.36,-15,-1.5,,-0.1,-0.2,-1,.448,.491,"$3,000,000",Free Agency
2005,585,Scott Williamson,/players/w/willisc01.shtml,willisc01,29,CHC,14.1,17,0,9,5.65,4.68,0.02,-0.36,106.3,4.58,-2,-0.2,.7,-0.0,-0.1,-0,.490,.499,"$500,000",Free Agency
2005,586,Dontrelle Willis*,/players/w/willido03.shtml,willido03,23,FLA,236.1,34,34,79,3.01,4.58,-0.43,0.17,93.3,4.83,48,5.4,,-0.2,7.2,68,.659,.533,"$378,500",Traded
2005,587,C.J. Wilson*,/players/w/wilsocj01.shtml,wilsocj01,24,TEX,48.0,24,6,39,7.31,4.77,-0.29,-0.12,105.9,5.23,-12,-1.1,.9,-0.1,-0.6,-6,.454,.493,,Amateur Draft
2005,588,Paul Wilson,/players/w/wilsopa02.shtml,wilsopa02,32,CIN,46.1,9,9,41,7.96,4.50,-0.31,0.16,101.6,5.06,-15,-1.3,,-0.0,-1.0,-11,.351,.492,"$3,600,000",Free Agency
2005,589,Matt Wise,/players/w/wisema01.shtml,wisema01,29,MIL,64.1,49,0,25,3.50,4.60,-0.05,-0.35,101.2,4.35,6,0.6,1.3,-0.1,1.1,12,.513,.504,"$345,000",Free Agency
2005,590,Jay Witasick,/players/w/witasja01.shtml,witasja01,32,2TM,63.1,60,0,26,3.69,4.71,0.05,-0.36,108.1,4.65,6,0.7,1.1,-0.0,1.3,13,.511,.502,,Free Agency
2005,591,Randy Wolf*,/players/w/wolfra02.shtml,wolfra02,28,PHI,80.0,13,13,40,4.50,4.58,0.57,0.17,102.1,4.26,-2,-0.2,,-0.1,0.4,5,.483,.499,"$6,625,000",Amateur Draft
2005,592,Kerry Wood,/players/w/woodke02.shtml,woodke02,28,CHC,66.0,21,10,32,4.36,4.69,0.02,0.08,104.1,4.94,4,0.4,.8,-0.1,0.9,10,.521,.503,"$9,500,000",Amateur Draft
2005,593,Mike Wood,/players/w/woodmi01.shtml,woodmi01,25,KCR,115.0,47,10,66,5.17,4.70,-0.76,-0.10,102.1,5.46,3,0.3,1.1,-0.2,1.3,16,.506,.502,"$319,000",Traded
2005,594,Jake Woods*,/players/w/woodsja01.shtml,woodsja01,23,LAA,27.2,28,0,18,5.86,4.98,0.28,-0.38,97.9,4.22,-5,-0.5,.5,0.1,-0.2,-2,.481,.497,"$316,000",Amateur Draft
2005,595,Mark Woodyard,/players/w/woodyma01.shtml,woodyma01,26,DET,6.0,3,0,1,1.50,4.50,0.16,-0.34,96.5,3.86,2,0.2,.5,-0.1,0.2,2,.553,.501,,Amateur Draft
2005,596,Tim Worrell,/players/w/worreti01.shtml,worreti01,37,2TM,48.2,51,0,30,5.55,4.48,0.18,-0.34,103.5,4.10,-8,-0.8,1.1,0.1,-0.2,-4,.485,.499,"$3,050,000",Traded
2005,597,Jamey Wright,/players/w/wrighja01.shtml,wrighja01,30,COL,171.1,34,27,119,6.25,4.55,-0.10,0.14,111.8,5.36,-17,-1.7,.9,-0.1,-0.3,-2,.450,.490,"$550,000",Free Agency
2005,598,Jaret Wright,/players/w/wrighja02.shtml,wrighja02,29,NYY,63.2,13,13,51,7.21,4.85,-0.76,0.18,97.4,5.64,-12,-1.1,,-0.0,-0.5,-4,.416,.493,"$5,666,667",Free Agency
2005,599,Michael Wuertz,/players/w/wuertmi01.shtml,wuertmi01,26,CHC,75.2,75,0,36,4.28,4.66,0.02,-0.35,103.9,4.46,1,0.1,1.3,-0.2,0.7,8,.502,.501,"$322,000",Amateur Draft
2005,600,Kelly Wunsch*,/players/w/wunscke01.shtml,wunscke01,32,LAD,23.2,45,0,12,4.56,4.74,0.02,-0.36,99.8,4.35,-1,-0.1,1.3,-0.1,0.1,1,.499,.500,"$550,000",Free Agency
2005,601,Keiichi Yabu,/players/y/yabuke01.shtml,yabuke01,36,OAK,58.0,40,0,34,5.28,4.99,0.25,-0.38,100.1,4.36,-6,-0.6,.5,0.0,0.0,0,.484,.496,"$750,000",Free Agency
2005,602,Esteban Yan,/players/y/yanes01.shtml,yanes01,30,LAA,66.2,49,0,36,4.86,4.82,0.28,-0.36,97.8,4.08,-6,-0.6,.5,-0.0,0.1,2,.487,.496,"$1,000,000",Free Agency
2005,603,Chris Young,/players/y/youngch03.shtml,youngch03,26,TEX,164.2,31,31,84,4.59,4.73,-0.26,0.17,104.8,5.41,14,1.4,,-0.1,3.0,33,.545,.509,"$400,000",Traded
2005,604,Carlos Zambrano,/players/z/zambrca01.shtml,zambrca01,24,CHC,223.1,33,33,88,3.55,4.64,0.02,0.17,103.1,4.94,34,3.8,,-0.1,5.6,54,.616,.524,"$3,760,000",Amateur Free Agent
2005,605,Victor Zambrano,/players/z/zambrvi01.shtml,zambrvi01,29,NYM,166.1,31,27,85,4.60,4.56,-0.16,0.15,98.8,4.81,4,0.4,.7,-0.1,1.7,18,.512,.502,"$2,100,000",Traded
2005,606,Barry Zito*,/players/z/zitoba01.shtml,zitoba01,27,OAK,228.1,35,35,106,4.18,4.76,0.24,0.18,99.1,4.66,10,1.1,,-0.1,3.3,37,.530,.507,"$5,600,000",Amateur Draft
