1950	1	Al Aber*	http://www.baseball-reference.com/players/a/aberal01.shtml	aberal01	22	3	CLE	-0.3	-0.0	3	-0.0	0.0	-0.1	1.05	-0.0	0.0	0.0	0.0	0.70	-0.1		0
1950	2	Cal Abrams*	http://www.baseball-reference.com/players/a/abramca01.shtml	abramca01	26	54	BRO	-2.9	-0.3	56	-0.1	1.1	-1.2	1.31	-0.2	0.1	-1.6	-0.2	0.98	-1.7	1.53	21
1950	3	Bobby Adams	http://www.baseball-reference.com/players/a/adamsbo03.shtml	adamsbo03	28	394	CIN	2.1	0.2	412	0.8	6.9	-6.2	.99	0.7	0.1	5.3	0.5	0.90	6.9	0.95	10
1950	4	Herb Adams*	http://www.baseball-reference.com/players/a/adamshe01.shtml	adamshe01	22	133	CHW	-10.0	-1.0	130	-0.7	1.8	-2.5	1.07	-0.5	-0.2	-10.0	-1.0	0.96	-7.7	0.63	1
1950	5	Joe Adcock	http://www.baseball-reference.com/players/a/adcocjo01.shtml	adcocjo01	22	398	CIN	-3.9	-0.4	410	-1.5	6.8	-8.3	1.08	-0.4	-1.1	-5.7	-0.6	0.98	-3.8	0.44	4
1950	6	Bob Addis*	http://www.baseball-reference.com/players/a/addisbo01.shtml	addisbo01	24	31	BSN	-1.2	-0.1	25	-0.0	0.6	-0.6	1.32	0.0	-0.1	-0.0	-0.0	0.94	0.0	2.05	8
1950	7	Ed Albrecht	http://www.baseball-reference.com/players/a/albreed01.shtml	albreed01	21	1	SLB	-0.3	-0.0	1	0.0	0.0	0.0	.27	0.0	-0.0	0.1	0.0	0.39	0.4		0
1950	8	Luis Aloma	http://www.baseball-reference.com/players/a/alomalu01.shtml	alomalu01	27	16	CHW	-3.8	-0.4	12	-0.1	0.0	-0.1	.34	-0.3	-0.0	-3.8	-0.4	0.86	-4.2		0
1950	9	Johnny Antonelli*	http://www.baseball-reference.com/players/a/antonjo02.shtml	antonjo02	20	16	BSN	-3.0	-0.3	12	-0.1	0.0	-0.1	.63	-0.1	0.0	-2.2	-0.2	1.24	-1.8		0
1950	10	Luke Appling	http://www.baseball-reference.com/players/a/applilu01.shtml	applilu01	43	144	CHW	-8.1	-0.8	105	-0.9	1.6	-2.6	1.23	-0.3	-0.4	-6.2	-0.6	0.96	-4.4	3.15	10
1950	11	Hank Arft*	http://www.baseball-reference.com/players/a/arftha01.shtml	arftha01	28	332	SLB	-4.3	-0.4	219	-0.7	2.9	-3.7	.97	-0.1	-0.7	-3.5	-0.3	0.97	-3.0	0.72	10
1950	12	Richie Ashburn*	http://www.baseball-reference.com/players/a/ashburi01.shtml	ashburi01	23	670	PHI	5.4	0.5	678	0.6	12.9	-12.3	1.08	0.8	-0.3	3.2	0.3	0.97	6.4	1.12	2
1950	13	Joe Astroth	http://www.baseball-reference.com/players/a/astrojo01.shtml	astrojo01	27	128	PHA	3.1	0.3	109	0.6	1.9	-1.3	.82	0.3	0.5	5.7	0.5	1.01	2.7	1.20	1
1950	14	James Atkins*	http://www.baseball-reference.com/players/a/atkinja01.shtml	atkinja01	29	2	BOS	-0.6	-0.1	2	-0.1	0.0	-0.1	1.11	-0.1	0.0	-0.6	-0.1	0.90	-0.7		0
1950	15	Bobby Avila	http://www.baseball-reference.com/players/a/avilabo01.shtml	avilabo01	26	239	CLE	1.9	0.2	249	-0.7	3.6	-4.4	1.02	0.0	-0.8	1.2	0.1	1.03	0.9	1.81	6
1950	16	Jay Avrea	http://www.baseball-reference.com/players/a/avreaja01.shtml	avreaja01	29	2	CIN	-0.6	-0.1	2	-0.0	0.0	-0.0	.16	-0.1	0.0	-0.6	-0.1	0.98	-0.6		0
1950	17	Floyd Baker*	http://www.baseball-reference.com/players/b/bakerfl01.shtml	bakerfl01	33	223	CHW	2.8	0.3	166	-0.9	1.9	-2.8	.98	-0.1	-0.8	-7.6	-0.7	0.92	-4.1	1.41	18
1950	18	Dan Bankhead	http://www.baseball-reference.com/players/b/bankhda01.shtml	bankhda01	30	41	BRO	-3.7	-0.4	41	-0.5	0.3	-0.8	.91	-0.4	-0.2	-5.9	-0.6	0.99	-4.5		0
1950	19	Jack Banta*	http://www.baseball-reference.com/players/b/bantaja01.shtml	bantaja01	25	13	BRO	-1.7	-0.2	14	0.0	0.3	-0.2	1.10	-0.1	0.1	-2.1	-0.2	1.20	-1.0		0
1950	20	Rex Barney	http://www.baseball-reference.com/players/b/barnere02.shtml	barnere02	25	9	BRO	-0.9	-0.1	9	-0.3	0.0	-0.3	1.21	-0.2	-0.1	-2.9	-0.3	1.27	-1.8		0
1950	21	Matt Batts	http://www.baseball-reference.com/players/b/battsma01.shtml	battsma01	28	258	BOS	-8.2	-0.8	218	-1.0	2.9	-3.9	.92	-0.3	-0.8	-4.9	-0.4	1.00	-7.1	3.73	2
1950	22	Hank Bauer	http://www.baseball-reference.com/players/b/bauerha01.shtml	bauerha01	27	458	NYY	10.2	1.0	445	1.4	8.5	-7.1	.93	1.8	-0.3	27.7	2.6	1.00	21.3	0.72	5
1950	23	Ted Beard*	http://www.baseball-reference.com/players/b/beardte01.shtml	beardte01	29	209	PIT	-5.4	-0.5	190	-0.3	2.7	-3.1	.95	-0.3	-0.0	-1.5	-0.1	0.90	-5.2	0.93	7
1950	24	Gene Bearden*	http://www.baseball-reference.com/players/b/beardge01.shtml	beardge01	29	41	TOT	-2.1	-0.2	38	-0.5	0.4	-0.9	1.11	-0.3	-0.1	-3.9	-0.4	0.90	-3.8	4.80	1
1950	25	Gene Bearden*	http://www.baseball-reference.com/players/b/beardge01.shtml	beardge01	29	15	CLE	-0.8	-0.1	15	-0.0	0.2	-0.3	.95	-0.1	0.1	-0.4	-0.0	0.85	-0.9		0
1950	26	Gene Bearden*	http://www.baseball-reference.com/players/b/beardge01.shtml	beardge01	29	26	WSH	-1.3	-0.1	23	-0.5	0.2	-0.7	1.20	-0.3	-0.1	-3.4	-0.3	0.93	-2.9	4.80	1
1950	27	Wayne Belardi*	http://www.baseball-reference.com/players/b/belarwa01.shtml	belarwa01	19	10	BRO	-3.0	-0.3	10	-0.2	0.0	-0.2	.62	-0.3	-0.0	-3.0	-0.3	0.93	-3.1	0.64	9
1950	28	Gus Bell*	http://www.baseball-reference.com/players/b/bellgu01.shtml	bellgu01	21	455	PIT	-2.2	-0.2	377	0.0	6.7	-6.7	1.04	0.7	-0.7	7.7	0.7	0.98	5.7	1.55	6
1950	29	Al Benton	http://www.baseball-reference.com/players/b/bentoal01.shtml	bentoal01	39	16	CLE	-2.2	-0.2	16	-0.1	0.1	-0.2	.77	-0.2	0.1	-2.3	-0.2	0.83	-2.3		0
1950	30	Johnny Berardino	http://www.baseball-reference.com/players/b/berarjo01.shtml	berarjo01	33	158	TOT	-9.1	-0.9	145	-0.5	1.9	-2.5	.96	-0.7	0.1	-5.5	-0.5	0.98	-6.6	1.79	2
1950	31	Johnny Berardino	http://www.baseball-reference.com/players/b/berarjo01.shtml	berarjo01	33	6	CLE	0.4	0.0	6	0.1	0.2	-0.0	1.20	0.1	0.0	1.1	0.1	1.05	0.9	1.79	2
1950	32	Johnny Berardino	http://www.baseball-reference.com/players/b/berarjo01.shtml	berarjo01	33	152	PIT	-9.5	-0.9	139	-0.7	1.8	-2.4	.95	-0.8	0.1	-6.6	-0.6	0.97	-7.5	0.22	0
1950	33	Yogi Berra*	http://www.baseball-reference.com/players/b/berrayo01.shtml	berrayo01	25	656	NYY	28.7	2.7	623	3.3	12.5	-9.3	.92	2.7	0.8	41.5	3.9	0.99	34.0	1.37	3
1950	34	Neil Berry	http://www.baseball-reference.com/players/b/berryne01.shtml	berryne01	28	47	DET	-2.3	-0.2	46	-0.1	0.5	-0.6	.79	-0.1	-0.1	0.9	0.1	0.94	-1.1	1.57	4
1950	35	Vern Bickford	http://www.baseball-reference.com/players/b/bickfve01.shtml	bickfve01	29	128	BSN	-19.8	-2.0	110	-1.3	0.8	-2.1	.92	-1.4	0.0	-17.1	-1.8	0.97	-17.9		0
1950	36	Steve Bilko	http://www.baseball-reference.com/players/b/bilkost01.shtml	bilkost01	21	37	STL	-3.6	-0.4	33	-0.6	0.3	-0.9	1.21	-0.5	-0.0	-6.4	-0.6	0.97	-5.5	0.56	1
1950	37	Ewell Blackwell	http://www.baseball-reference.com/players/b/blackew01.shtml	blackew01	27	101	CIN	-14.1	-1.4	101	-0.8	1.0	-1.8	.94	-1.2	0.4	-12.8	-1.3	0.88	-14.4		0
1950	38	Johnny Blatnik	http://www.baseball-reference.com/players/b/blatnjo01.shtml	blatnjo01	29	29	TOT	-2.4	-0.2	28	-0.3	0.3	-0.5	1.14	-0.2	-0.0	-0.8	-0.1	0.85	-2.1	1.63	3
1950	39	Johnny Blatnik	http://www.baseball-reference.com/players/b/blatnjo01.shtml	blatnjo01	29	6	PHI	0.3	0.0	6	-0.1	0.1	-0.2	1.47	0.0	-0.1	0.4	0.0	1.04	0.3	1.63	3
1950	40	Johnny Blatnik	http://www.baseball-reference.com/players/b/blatnjo01.shtml	blatnjo01	29	23	STL	-2.7	-0.3	22	-0.2	0.2	-0.4	1.05	-0.2	0.0	-1.2	-0.1	0.80	-2.4		0
1950	41	Marv Blaylock*	http://www.baseball-reference.com/players/b/blaylma01.shtml	blaylma01	20	1	NYG	-0.3	-0.0	1	-0.0	0.0	-0.0	.47	-0.0	0.0	-0.2	-0.0	0.62	-0.3	0.47	1
1950	42	Jimmy Bloodworth	http://www.baseball-reference.com/players/b/bloodji01.shtml	bloodji01	32	120	TOT	-9.1	-0.9	114	-1.0	1.8	-2.7	1.31	-1.0	0.2	-6.7	-0.7	1.03	-9.4	1.87	18
1950	43	Jimmy Bloodworth	http://www.baseball-reference.com/players/b/bloodji01.shtml	bloodji01	32	16	CIN	-0.8	-0.1	16	-0.0	0.2	-0.2	.77	-0.0	-0.0	0.6	0.1	0.83	-0.6		0
1950	44	Jimmy Bloodworth	http://www.baseball-reference.com/players/b/bloodji01.shtml	bloodji01	32	104	PHI	-8.4	-0.8	98	-1.0	1.6	-2.5	1.39	-0.9	0.2	-7.3	-0.7	1.07	-8.8	1.87	18
1950	45	Jim Bolger	http://www.baseball-reference.com/players/b/bolgeji01.shtml	bolgeji01	18	1	CIN	-0.3	-0.0	1	0.0	0.0	0.0	.00	0.0		-0.2	-0.0	0.86	-0.3		0
1950	46	Ray Boone	http://www.baseball-reference.com/players/b/boonera01.shtml	boonera01	26	425	CLE	9.9	0.9	432	1.0	8.2	-7.2	1.01	0.9	0.1	12.5	1.2	1.00	11.6	1.03	6
1950	47	Bob Borkowski	http://www.baseball-reference.com/players/b/borkobo01.shtml	borkobo01	24	275	CHC	-7.1	-0.7	252	-1.1	3.9	-5.0	1.06	-0.0	-1.0	-3.1	-0.3	0.92	-0.6	1.65	14
1950	48	Hank Borowy	http://www.baseball-reference.com/players/b/borowha01.shtml	borowha01	34	18	TOT	-2.4	-0.2	13	-0.1	0.1	-0.3	1.19	-0.1	0.0	-2.0	-0.2	1.06	-1.7		0
1950	49	Hank Borowy	http://www.baseball-reference.com/players/b/borowha01.shtml	borowha01	34	9	TOT	-1.0	-0.1	8	-0.1	0.0	-0.2	1.11	-0.1	0.0	-1.3	-0.1	1.01	-1.2		0
1950	50	Hank Borowy	http://www.baseball-reference.com/players/b/borowha01.shtml	borowha01	34	8	PIT	-1.0	-0.1	8	-0.1	0.0	-0.2	1.11	-0.1	0.0	-1.3	-0.1	1.01	-1.2		0
1950	51	Hank Borowy	http://www.baseball-reference.com/players/b/borowha01.shtml	borowha01	34	9	DET	-1.4	-0.1	5	-0.0	0.1	-0.1	1.32	-0.0	0.0	-0.7	-0.1	1.13	-0.5		0
1950	52	Lou Boudreau	http://www.baseball-reference.com/players/b/boudrlo01.shtml	boudrlo01	32	295	CLE	-6.4	-0.6	301	0.3	5.6	-5.4	1.05	-0.6	0.8	-10.9	-1.1	0.96	-6.6	3.83	10
1950	53	Cloyd Boyer	http://www.baseball-reference.com/players/b/boyercl01.shtml	boyercl01	22	38	STL	-3.9	-0.4	28	-0.5	0.1	-0.7	.89	-0.3	-0.3	-4.5	-0.4	1.02	-3.0		0
1950	54	Ralph Branca	http://www.baseball-reference.com/players/b/brancra01.shtml	brancra01	24	45	BRO	-3.9	-0.4	46	-0.4	0.5	-0.8	1.07	-0.2	-0.1	-1.0	-0.1	1.06	-3.0		0
1950	55	Al Brazle*	http://www.baseball-reference.com/players/b/brazlal01.shtml	brazlal01	36	61	STL	-8.2	-0.8	53	-0.7	0.4	-1.1	1.02	-0.6	-0.1	-8.8	-0.8	1.01	-8.1		0
1950	56	Harry Brecheen*	http://www.baseball-reference.com/players/b/brechha01.shtml	brechha01	35	63	STL	-3.5	-0.3	55	-0.5	0.6	-1.1	.97	-0.4	-0.1	-5.0	-0.5	0.96	-4.0		0
1950	57	Lou Brissie*	http://www.baseball-reference.com/players/b/brisslo01.shtml	brisslo01	26	90	PHA	-13.4	-1.3	67	-1.1	0.5	-1.6	1.02	-0.9	-0.2	-9.4	-0.9	0.98	-10.0		0
1950	58	Bobby Brown*	http://www.baseball-reference.com/players/b/brownbo03.shtml	brownbo03	25	320	NYY	-6.8	-0.6	301	-1.1	3.9	-4.9	.92	-0.9	-0.3	-1.0	-0.1	1.02	-5.9	1.18	15
1950	59	Tommy Brown	http://www.baseball-reference.com/players/b/brownto02.shtml	brownto02	22	98	BRO	6.2	0.6	98	0.2	2.2	-2.1	1.06	0.2	-0.1	3.8	0.4	1.00	5.0	1.62	30
1950	60	Jack Bruner*	http://www.baseball-reference.com/players/b/bruneja01.shtml	bruneja01	25	12	TOT	-2.5	-0.2	9	0.0	0.1	-0.1	.92	-0.1	0.1	-0.8	-0.1	0.74	-1.3		0
1950	61	Jack Bruner*	http://www.baseball-reference.com/players/b/bruneja01.shtml	bruneja01	25	12	SLB	-2.5	-0.2	9	0.0	0.1	-0.1	.92	-0.1	0.1	-0.8	-0.1	0.74	-1.3		0
1950	62	Johnny Bucha	http://www.baseball-reference.com/players/b/buchajo01.shtml	buchajo01	25	40	STL	-5.2	-0.5	29	-0.4	0.3	-0.6	1.15	-0.2	-0.2	-2.0	-0.2	0.95	-2.2	0.77	5
1950	63	Paul Burris	http://www.baseball-reference.com/players/b/burripa01.shtml	burripa01	26	25	BSN	-2.8	-0.3	22	-0.5	0.1	-0.6	1.24	-0.2	-0.3	-1.1	-0.1	1.06	-2.0	2.33	3
1950	64	Moe Burtschy	http://www.baseball-reference.com/players/b/burtsmo01.shtml	burtsmo01	28	7	PHA	-0.9	-0.1	5	-0.1	0.0	-0.1	.48	-0.1	-0.2	-0.5	-0.0	0.99	-0.5		0
1950	65	Jim Busby	http://www.baseball-reference.com/players/b/busbyji01.shtml	busbyji01	23	50	CHW	-6.4	-0.6	54	-0.8	0.6	-1.4	1.17	-0.6	-0.1	-5.4	-0.5	1.01	-6.5		0
1950	66	Bud Byerly	http://www.baseball-reference.com/players/b/byerlbu01.shtml	byerlbu01	29	3	CIN	-0.9	-0.1	3	-0.0	0.0	-0.0	.63	-0.1	0.0	-0.5	-0.0	0.54	-0.8		0
1950	67	Harry Byrd	http://www.baseball-reference.com/players/b/byrdha01.shtml	byrdha01	25	2	PHA	-0.6	-0.1	2	-0.0	0.0	-0.0	.11	-0.1	-0.0	-0.7	-0.1	1.17	-0.6		0
1950	68	Tommy Byrne*	http://www.baseball-reference.com/players/b/byrneto01.shtml	byrneto01	30	87	NYY	-1.9	-0.2	84	-0.3	1.2	-1.5	.91	-0.0	-0.3	1.2	0.1	0.91	-0.8	5.16	1
1950	69	Putsy Caballero	http://www.baseball-reference.com/players/c/cabalpu01.shtml	cabalpu01	22	26	PHI	-3.2	-0.3	28	-0.0	0.5	-0.5	1.10	-0.1	0.1	-2.1	-0.2	0.87	-1.9	0.92	6
1950	70	Bob Cain*	http://www.baseball-reference.com/players/c/cainbo01.shtml	cainbo01	25	67	CHW	-7.4	-0.7	56	-0.6	0.5	-1.1	1.03	-0.4	-0.2	-5.1	-0.5	0.99	-5.1	0.11	1
1950	71	Sam Calderone	http://www.baseball-reference.com/players/c/caldesa01.shtml	caldesa01	24	70	NYG	-2.5	-0.2	65	0.3	1.2	-0.8	.80	0.1	0.4	2.0	0.2	0.90	-0.4	0.31	2
1950	72	Paul Calvert	http://www.baseball-reference.com/players/c/calvepa01.shtml	calvepa01	32	9	DET	-1.5	-0.1	7	0.0	0.1	-0.1	.57	-0.1	0.1	-0.5	-0.1	1.08	-0.8		0
1950	73	Roy Campanella	http://www.baseball-reference.com/players/c/camparo01.shtml	camparo01	28	494	BRO	20.5	2.0	498	1.6	10.6	-9.1	1.02	2.1	-0.6	25.9	2.4	0.98	26.3	1.89	3
1950	74	Milo Candini	http://www.baseball-reference.com/players/c/candimi01.shtml	candimi01	32	6	PHI	-1.0	-0.1	5	-0.1	0.0	-0.1	.66	-0.1	-0.0	-0.4	-0.0	0.76	-0.7		0
1950	75	Chico Carrasquel	http://www.baseball-reference.com/players/c/carrach01.shtml	carrach01	24	602	CHW	-5.6	-0.5	488	0.5	8.9	-8.4	1.04	-0.1	0.6	4.2	0.4	0.94	-2.0		0
1950	76	Pete Castiglione	http://www.baseball-reference.com/players/c/castipe01.shtml	castipe01	29	294	PIT	-10.9	-1.1	257	-1.0	3.8	-4.8	1.09	-0.6	-0.3	-10.9	-1.0	0.96	-7.3	1.00	22
1950	77	Phil Cavarretta*	http://www.baseball-reference.com/players/c/cavarph01.shtml	cavarph01	33	301	CHC	6.6	0.6	288	0.2	5.2	-5.0	1.07	0.7	-0.6	11.9	1.2	0.89	12.5	2.13	9
1950	78	Cliff Chambers*	http://www.baseball-reference.com/players/c/chambcl01.shtml	chambcl01	28	96	PIT	-2.8	-0.3	80	-0.5	1.1	-1.6	1.03	-0.2	-0.3	-2.8	-0.3	0.96	-2.2		0
1950	79	Sam Chapman	http://www.baseball-reference.com/players/c/chapmsa01.shtml	chapmsa01	34	627	PHA	-4.1	-0.4	506	1.1	11.0	-9.9	1.13	1.5	-0.5	8.5	0.8	1.01	13.1	0.51	2
1950	80	Bob Chesnes#	http://www.baseball-reference.com/players/c/chesnbo01.shtml	chesnbo01	29	14	PIT	-2.0	-0.2	13	-0.0	0.2	-0.2	1.05	-0.1	0.0	-0.7	-0.1	0.98	-0.8		0
1950	81	Bob Chipman*	http://www.baseball-reference.com/players/c/chipmbo01.shtml	chipmbo01	31	42	BSN	-5.9	-0.6	40	-0.6	0.2	-0.8	.83	-0.5	-0.2	-5.0	-0.5	0.81	-5.6		0
1950	82	Bubba Church	http://www.baseball-reference.com/players/c/churcbu01.shtml	churcbu01	25	48	PHI	-5.6	-0.6	48	-0.5	0.3	-0.9	.78	-0.6	-0.1	-8.7	-0.9	0.98	-7.2		0
1950	83	Allie Clark	http://www.baseball-reference.com/players/c/clarkal01.shtml	clarkal01	27	175	CLE	-9.9	-0.9	176	-1.3	2.9	-4.2	1.14	-0.7	-0.5	-12.1	-1.2	0.97	-8.4	1.46	15
1950	84	Gil Coan*	http://www.baseball-reference.com/players/c/coangi01.shtml	coangi01	28	403	WSH	2.3	0.2	399	1.3	8.5	-7.2	1.14	-0.1	1.2	7.2	0.7	1.00	0.1	1.64	8
1950	85	Jerry Coleman	http://www.baseball-reference.com/players/c/colemje01.shtml	colemje01	25	602	NYY	-2.2	-0.2	572	-0.4	8.5	-8.9	.91	-0.5	-0.0	-1.3	-0.1	0.98	-4.4	1.02	1
1950	86	Joe Coleman	http://www.baseball-reference.com/players/c/colemjo04.shtml	colemjo04	27	19	PHA	-2.8	-0.3	16	-0.2	0.0	-0.2	.56	-0.3	-0.1	-3.4	-0.3	0.90	-2.8		0
1950	87	Ray Coleman*	http://www.baseball-reference.com/players/c/colemra01.shtml	colemra01	28	422	SLB	-7.7	-0.7	297	1.4	6.3	-4.8	1.03	0.7	0.7	4.1	0.4	0.93	5.6	1.33	11
1950	88	Joe Collins*	http://www.baseball-reference.com/players/c/collijo01.shtml	collijo01	27	238	NYY	-2.3	-0.2	225	-0.1	3.3	-3.3	.90	-0.2	0.1	-2.8	-0.3	0.96	-5.3	1.47	4
1950	89	Merl Combs*	http://www.baseball-reference.com/players/c/combsme01.shtml	combsme01	30	128	TOT	-3.1	-0.3	123	-0.5	1.6	-2.1	1.06	-0.3	-0.2	-6.0	-0.6	1.02	-2.6	0.77	5
1950	90	Merl Combs*	http://www.baseball-reference.com/players/c/combsme01.shtml	combsme01	30	1	BOS	0.3	0.0	1	0.0	0.0	0.0	.68	0.0	-0.0	0.4	0.0	1.10	0.4	0.68	0
1950	91	Merl Combs*	http://www.baseball-reference.com/players/c/combsme01.shtml	combsme01	30	127	WSH	-3.4	-0.3	122	-0.6	1.6	-2.1	1.06	-0.3	-0.2	-6.4	-0.6	1.02	-3.0	0.77	5
1950	92	Bill Connelly*	http://www.baseball-reference.com/players/c/connebi01.shtml	connebi01	25	2	TOT	0.0	0.0	2	0.0	0.0	-0.0	.06	0.0	-0.0	0.3	0.0	0.75	0.1		0
1950	93	Bill Connelly*	http://www.baseball-reference.com/players/c/connebi01.shtml	connebi01	25	2	DET	0.0	0.0	2	0.0	0.0	-0.0	.06	0.0	-0.0	0.3	0.0	0.75	0.1		0
1950	94	Sandy Consuegra	http://www.baseball-reference.com/players/c/consusa01.shtml	consusa01	29	46	WSH	-5.5	-0.5	41	-0.4	0.3	-0.8	.89	-0.5	0.0	-5.9	-0.6	0.91	-6.1		0
1950	95	Herb Conyers*	http://www.baseball-reference.com/players/c/conyehe01.shtml	conyehe01	29	10	CLE	0.9	0.1	11	0.0	0.3	-0.2	1.48	0.1	-0.1	0.2	0.0	1.05	1.0	1.61	4
1950	96	Dale Coogan*	http://www.baseball-reference.com/players/c/coogada02.shtml	coogada02	19	148	PIT	-4.7	-0.4	142	-0.5	2.2	-2.7	1.09	-0.2	-0.3	-2.2	-0.2	0.97	-1.9	2.12	14
1950	97	Walker Cooper	http://www.baseball-reference.com/players/c/coopewa01.shtml	coopewa01	35	420	TOT	15.9	1.5	398	0.7	7.0	-6.3	.96	1.4	-0.7	19.6	1.9	0.98	17.1	1.34	11
1950	98	Walker Cooper	http://www.baseball-reference.com/players/c/coopewa01.shtml	coopewa01	35	47	CIN	-5.8	-0.6	48	-0.6	0.4	-1.1	1.04	-0.4	-0.2	-3.0	-0.3	0.88	-4.4	1.52	4
1950	99	Walker Cooper	http://www.baseball-reference.com/players/c/coopewa01.shtml	coopewa01	35	373	BSN	21.6	2.1	350	1.3	6.6	-5.2	.95	1.8	-0.4	22.6	2.2	1.00	21.5	1.24	7
1950	100	Billy Cox	http://www.baseball-reference.com/players/c/coxbi02.shtml	coxbi02	30	494	BRO	-18.9	-1.8	510	-1.3	6.8	-8.1	.90	-1.4	-0.0	-12.6	-1.2	0.94	-17.7	0.48	1
1950	101	Del Crandall	http://www.baseball-reference.com/players/c/crandde01.shtml	crandde01	20	274	BSN	-17.7	-1.7	216	-0.6	3.2	-3.8	.95	-0.6	0.0	0.8	0.1	0.97	-5.6	0.55	1
1950	102	Al Dark	http://www.baseball-reference.com/players/d/darkal01.shtml	darkal01	28	643	NYG	-1.6	-0.2	608	-1.0	10.2	-11.2	1.01	0.6	-1.6	-9.5	-0.9	0.99	6.5		0
1950	103	Jim Delsing*	http://www.baseball-reference.com/players/d/delsiji01.shtml	delsiji01	24	242	TOT	-12.2	-1.2	175	-1.1	2.3	-3.4	1.04	-0.7	-0.4	-9.8	-0.9	0.98	-8.5	1.81	16
1950	104	Jim Delsing*	http://www.baseball-reference.com/players/d/delsiji01.shtml	delsiji01	24	12	NYY	0.8	0.1	9	0.3	0.4	-0.1	2.00	0.0	0.1	1.6	0.2	1.29	1.0	2.00	7
1950	105	Jim Delsing*	http://www.baseball-reference.com/players/d/delsiji01.shtml	delsiji01	24	230	SLB	-13.0	-1.2	166	-1.4	1.9	-3.3	.99	-0.7	-0.7	-11.4	-1.1	0.96	-9.5	1.66	9
1950	106	Billy DeMars	http://www.baseball-reference.com/players/d/demarbi01.shtml	demarbi01	24	204	SLB	-11.8	-1.1	119	-0.7	1.5	-2.2	.96	-0.2	-0.5	-3.4	-0.3	0.95	-3.2	0.59	2
1950	107	Sam Dente	http://www.baseball-reference.com/players/d/dentesa01.shtml	dentesa01	28	654	WSH	-43.5	-4.2	639	-5.2	8.7	-13.9	1.07	-4.2	-0.6	-46.4	-4.6	0.97	-52.9		0
1950	108	Murry Dickson	http://www.baseball-reference.com/players/d/dicksmu01.shtml	dicksmu01	33	84	PIT	-6.5	-0.6	83	-0.5	1.0	-1.5	.97	-0.7	0.2	-5.5	-0.5	0.91	-6.7		0
1950	109	Chuck Diering	http://www.baseball-reference.com/players/d/dierich01.shtml	dierich01	27	240	STL	-3.1	-0.3	187	-0.3	2.6	-2.9	.91	-0.6	0.2	-5.5	-0.5	0.91	-7.1	1.20	2
1950	110	Bob Dillinger	http://www.baseball-reference.com/players/d/dillibo01.shtml	dillibo01	31	626	TOT	-4.3	-0.4	551	-1.0	9.0	-9.9	1.01	-0.5	-0.5	-9.1	-0.9	0.95	-5.7	3.63	3
1950	111	Bob Dillinger	http://www.baseball-reference.com/players/d/dillibo01.shtml	dillibo01	31	389	PHA	3.4	0.3	343	-0.4	5.8	-6.2	1.03	0.0	-0.4	2.0	0.2	0.96	1.6		0
1950	112	Bob Dillinger	http://www.baseball-reference.com/players/d/dillibo01.shtml	dillibo01	31	237	PIT	-7.8	-0.8	208	-0.6	3.1	-3.7	.96	-0.5	-0.2	-11.1	-1.1	0.94	-7.3	3.63	3
1950	113	Dom DiMaggio	http://www.baseball-reference.com/players/d/dimagdo01.shtml	dimagdo01	33	681	BOS	13.8	1.3	637	1.2	10.2	-9.0	.92	1.9	-0.6	23.5	2.1	0.96	27.3	0.59	1
1950	114	Joe DiMaggio	http://www.baseball-reference.com/players/d/dimagjo01.shtml	dimagjo01	35	606	NYY	38.5	3.6	566	3.3	12.0	-8.7	.93	3.4	0.2	40.5	3.8	0.98	37.5	0.84	1
1950	115	Joe Dobson	http://www.baseball-reference.com/players/d/dobsojo01.shtml	dobsojo01	33	88	BOS	-6.8	-0.6	81	0.1	1.1	-1.0	.82	-0.2	0.2	-1.6	-0.1	0.99	-3.4		0
1950	116	Larry Doby*	http://www.baseball-reference.com/players/d/dobyla01.shtml	dobyla01	26	609	CLE	46.0	4.3	631	5.0	14.4	-9.4	1.02	4.5	0.4	57.9	5.5	0.97	54.5	2.84	3
1950	117	Bobby Doerr	http://www.baseball-reference.com/players/d/doerrbo01.shtml	doerrbo01	32	663	BOS	10.6	1.0	608	0.3	10.0	-9.7	.91	1.4	-1.0	21.1	1.9	0.98	22.4		0
1950	118	Blix Donnelly	http://www.baseball-reference.com/players/d/donnebl01.shtml	donnebl01	36	5	PHI	-0.7	-0.1	5	0.0	0.1	-0.1	1.27	-0.0	0.0	0.1	0.0	0.87	0.0		0
1950	119	Dick Donovan*	http://www.baseball-reference.com/players/d/donovdi01.shtml	donovdi01	22	10	BSN	0.4	0.0	10	-0.0	0.1	-0.1	.73	0.0	-0.1	-0.8	-0.1	0.77	0.2		0
1950	120	Fritz Dorish	http://www.baseball-reference.com/players/d/dorisha01.shtml	dorisha01	28	38	SLB	-3.1	-0.3	31	-0.2	0.3	-0.6	.82	-0.1	-0.2	-2.1	-0.2	1.11	-1.4		0
1950	121	Walt Dropo	http://www.baseball-reference.com/players/d/dropowa01.shtml	dropowa01	27	609	BOS	24.3	2.3	559	3.0	12.3	-9.3	.99	2.8	0.2	37.5	3.3	1.01	38.5	3.18	2
1950	122	Monk Dubiel	http://www.baseball-reference.com/players/d/dubiemo01.shtml	dubiemo01	32	48	CHC	-4.8	-0.5	41	-0.4	0.3	-0.6	.77	-0.5	0.0	-6.8	-0.7	0.91	-6.6		0
1950	123	Erv Dusak	http://www.baseball-reference.com/players/d/dusaker01.shtml	dusaker01	29	12	STL	-2.4	-0.2	8	-0.1	0.0	-0.1	.37	-0.1	-0.1	-1.6	-0.2	0.80	-1.6		0
1950	124	Luke Easter*	http://www.baseball-reference.com/players/e/eastelu01.shtml	eastelu01	34	623	CLE	17.1	1.6	636	3.2	13.5	-10.3	.98	2.9	0.4	34.5	3.3	0.96	33.4	2.61	2
1950	125	Bruce Edwards	http://www.baseball-reference.com/players/e/edwarbr01.shtml	edwarbr01	26	156	BRO	-8.2	-0.8	160	-0.8	2.2	-3.0	.97	-0.7	-0.1	-11.3	-1.1	0.99	-8.6	1.34	8
1950	126	Hank Edwards*	http://www.baseball-reference.com/players/e/edwarha01.shtml	edwarha01	31	120	CHC	8.3	0.8	114	-0.5	2.0	-2.5	1.10	0.8	-1.2	11.9	1.1	1.06	10.0	2.55	11
1950	127	Bob Elliott	http://www.baseball-reference.com/players/e/elliobo01.shtml	elliobo01	33	601	BSN	31.5	3.0	524	3.1	11.5	-8.5	1.00	2.5	0.6	34.9	3.5	1.01	29.1	2.92	5
1950	128	Del Ennis	http://www.baseball-reference.com/players/e/ennisde01.shtml	ennisde01	25	655	PHI	33.7	3.2	639	3.5	15.0	-11.4	1.08	2.7	0.6	41.2	4.0	0.99	31.2	2.80	4
1950	129	Eddie Erautt	http://www.baseball-reference.com/players/e/erauted01.shtml	erauted01	25	15	CIN	-1.6	-0.2	15	-0.1	0.1	-0.3	.88	-0.2	0.0	-2.8	-0.3	1.06	-2.3		0
1950	130	Joe Erautt	http://www.baseball-reference.com/players/e/erautjo01.shtml	erautjo01	28	19	CHW	-2.0	-0.2	14	0.0	0.3	-0.3	.97	-0.1	0.1	-1.7	-0.2	0.87	-1.9	1.36	9
1950	131	Carl Erskine	http://www.baseball-reference.com/players/e/erskica01.shtml	erskica01	23	40	BRO	-3.1	-0.3	40	-0.3	0.3	-0.6	.74	-0.3	-0.0	-3.1	-0.3	1.00	-3.0		0
1950	132	Al Evans	http://www.baseball-reference.com/players/e/evansal01.shtml	evansal01	33	322	WSH	-17.0	-1.6	319	-1.2	5.4	-6.6	1.10	-1.4	0.3	-14.5	-1.4	0.97	-17.1	0.65	3
1950	133	Hoot Evers	http://www.baseball-reference.com/players/e/eversho01.shtml	eversho01	29	610	DET	31.9	3.0	514	2.1	11.5	-9.3	1.06	1.9	0.1	13.1	1.2	1.00	24.0	2.31	1
1950	134	Ferris Fain*	http://www.baseball-reference.com/players/f/fainfe01.shtml	fainfe01	29	658	PHA	21.5	2.0	531	1.9	10.1	-8.2	1.09	1.9	-0.1	23.5	2.2	0.99	24.1		0
1950	135	Cliff Fannin*	http://www.baseball-reference.com/players/f/fannicl01.shtml	fannicl01	26	34	SLB	-5.6	-0.5	17	-0.1	0.2	-0.3	1.06	-0.2	0.0	-1.8	-0.2	0.96	-2.2		0
1950	136	Bob Feller	http://www.baseball-reference.com/players/f/fellebo01.shtml	fellebo01	31	96	CLE	-13.2	-1.3	97	-1.2	0.8	-2.0	.95	-1.1	-0.1	-13.7	-1.3	0.94	-13.3		0
1950	137	Nanny Fernandez	http://www.baseball-reference.com/players/f/fernana01.shtml	fernana01	31	218	PIT	-3.6	-0.4	179	0.3	4.0	-3.7	1.15	-0.5	0.8	-4.1	-0.4	0.99	-3.3	1.88	10
1950	138	Tom Ferrick	http://www.baseball-reference.com/players/f/ferrito01.shtml	ferrito01	35	21	TOT	-2.1	-0.2	21	-0.2	0.1	-0.3	.77	-0.2	-0.1	-2.3	-0.2	0.97	-2.2		0
1950	139	Tom Ferrick	http://www.baseball-reference.com/players/f/ferrito01.shtml	ferrito01	35	4	SLB	-0.5	-0.0	4	-0.0	0.1	-0.1	1.50	0.0	-0.0	0.2	0.0	0.93	0.0		0
1950	140	Tom Ferrick	http://www.baseball-reference.com/players/f/ferrito01.shtml	ferrito01	35	17	NYY	-1.6	-0.2	17	-0.1	0.1	-0.2	.59	-0.2	-0.1	-2.4	-0.2	0.99	-2.2		0
1950	141	Tommy Fine#	http://www.baseball-reference.com/players/f/fineto01.shtml	fineto01	35	12	SLB	0.1	0.0	15	-0.0	0.1	-0.1	.50	-0.0	-0.0	0.9	0.1	0.64	0.5		0
1950	142	Ed Fitz Gerald	http://www.baseball-reference.com/players/f/fitzged01.shtml	fitzged01	26	15	PIT	-3.3	-0.3	16	-0.4	0.1	-0.5	1.02	-0.3	-0.0	-4.3	-0.4	1.02	-3.7		0
1950	143	Jesse Flores	http://www.baseball-reference.com/players/f/floreje01.shtml	floreje01	35	12	CLE	-3.3	-0.3	12	-0.3	0.0	-0.3	.94	-0.3	-0.0	-3.2	-0.3	0.80	-3.8		0
1950	144	Whitey Ford*	http://www.baseball-reference.com/players/f/fordwh01.shtml	fordwh01	21	44	NYY	-4.1	-0.4	44	-0.2	0.4	-0.7	.90	-0.4	0.1	-4.7	-0.5	0.99	-5.0		0
1950	145	Dick Fowler	http://www.baseball-reference.com/players/f/fowledi01.shtml	fowledi01	29	26	PHA	-4.0	-0.4	26	-0.2	0.3	-0.5	.90	-0.3	0.1	-2.8	-0.3	0.89	-3.4		0
1950	146	Howie Fox	http://www.baseball-reference.com/players/f/foxho01.shtml	foxho01	29	68	CIN	-8.1	-0.8	68	-0.6	0.9	-1.4	1.00	-0.7	0.1	-7.4	-0.7	0.98	-7.6	0.85	1
1950	147	Nellie Fox*	http://www.baseball-reference.com/players/f/foxne01.shtml	foxne01	22	504	CHW	-29.9	-2.9	370	-1.7	4.7	-6.3	.97	-1.9	0.2	-23.3	-2.3	0.94	-23.0	1.29	7
1950	148	Owen Friend	http://www.baseball-reference.com/players/f/frienow01.shtml	frienow01	23	427	SLB	-20.2	-1.9	303	-1.4	4.0	-5.4	.96	-1.5	-0.0	-14.7	-1.4	0.98	-17.8		0
1950	149	Carl Furillo	http://www.baseball-reference.com/players/f/furilca01.shtml	furilca01	28	669	BRO	6.7	0.6	689	1.7	13.6	-11.8	1.02	1.8	-0.1	26.1	2.5	1.02	22.0		0
1950	150	Joe Garagiola*	http://www.baseball-reference.com/players/g/garagjo01.shtml	garagjo01	24	98	STL	3.1	0.3	88	0.9	2.5	-1.7	1.21	0.1	0.6	2.5	0.2	1.05	1.0	0.37	2
1950	151	Mike Garcia	http://www.baseball-reference.com/players/g/garcimi01.shtml	garcimi01	26	72	CLE	-8.1	-0.8	72	-0.9	0.5	-1.4	.95	-0.8	-0.2	-6.3	-0.6	0.99	-8.8		0
1950	152	Danny Gardella*	http://www.baseball-reference.com/players/g/gardeda01.shtml	gardeda01	30	1	STL	-0.3	-0.0	1	-0.0	0.0	-0.0	.37	-0.0	-0.0	-0.3	-0.0	0.86	-0.3	0.37	1
1950	153	Ned Garver	http://www.baseball-reference.com/players/g/garvene01.shtml	garvene01	24	106	SLB	-3.2	-0.3	69	-0.3	1.2	-1.5	1.13	-0.4	0.1	-3.2	-0.3	0.95	-4.2	1.04	4
1950	154	George Genovese*	http://www.baseball-reference.com/players/g/genovge01.shtml	genovge01	28	2	WSH	0.0	0.0	2	0.0	0.0	-0.0	.33	0.0	0.0	0.3	0.0	0.62	0.2	0.33	1
1950	155	Tookie Gilbert*	http://www.baseball-reference.com/players/g/gilbeto01.shtml	gilbeto01	21	372	NYG	-16.8	-1.6	336	-0.8	5.0	-5.7	.95	-0.8	-0.0	-12.1	-1.2	0.97	-13.3	0.82	3
1950	156	Joe Ginsberg*	http://www.baseball-reference.com/players/g/ginsbjo01.shtml	ginsbjo01	23	109	DET	-6.2	-0.6	86	-0.9	1.3	-2.2	1.26	-0.4	-0.3	-5.0	-0.5	0.98	-4.3	1.03	2
1950	157	Tommy Glaviano	http://www.baseball-reference.com/players/g/glavito01.shtml	glavito01	26	510	STL	20.7	2.0	448	1.7	8.4	-6.8	.97	2.7	-1.0	28.6	2.7	0.91	31.9	3.06	4
1950	158	Gordon Goldsberry*	http://www.baseball-reference.com/players/g/goldsgo01.shtml	goldsgo01	22	155	CHW	2.6	0.2	130	-1.6	2.0	-3.6	1.33	-0.0	-1.2	-0.5	-0.0	1.02	1.7	1.85	29
1950	159	Mike Goliat	http://www.baseball-reference.com/players/g/goliami01.shtml	goliami01	28	540	PHI	-15.2	-1.5	537	-2.0	8.8	-10.8	1.09	-0.9	-0.9	-5.2	-0.5	0.98	-10.5	1.71	5
1950	160	Billy Goodman*	http://www.baseball-reference.com/players/g/goodmbi01.shtml	goodmbi01	24	485	BOS	13.4	1.3	444	1.6	8.2	-6.6	.99	1.8	-0.2	30.3	2.7	1.00	20.8	1.29	10
1950	161	Joe Gordon	http://www.baseball-reference.com/players/g/gordojo01.shtml	gordojo01	35	429	CLE	-1.2	-0.1	439	-0.6	7.4	-8.0	1.03	0.8	-1.4	-2.4	-0.2	0.98	4.1	1.31	12
1950	162	Sid Gordon	http://www.baseball-reference.com/players/g/gordosi01.shtml	gordosi01	32	561	BSN	41.1	3.9	480	3.0	10.3	-7.3	.98	2.7	0.3	41.3	4.1	1.01	33.7	4.78	1
1950	163	Mickey Grasso	http://www.baseball-reference.com/players/g/grassmi01.shtml	grassmi01	30	223	WSH	-3.0	-0.3	228	-0.3	3.2	-3.6	.94	-0.1	-0.3	-2.1	-0.2	0.94	-2.1	0.72	6
1950	164	Ted Gray#	http://www.baseball-reference.com/players/g/grayte01.shtml	grayte01	25	58	DET	-8.1	-0.8	46	-0.6	0.3	-0.9	.91	-0.5	-0.1	-6.0	-0.6	0.93	-5.9		0
1950	165	Hal Gregg	http://www.baseball-reference.com/players/g/greggha01.shtml	greggha01	28	1	PIT	-0.3	-0.0	1	-0.0	0.0	-0.0	.34	-0.0	-0.0	-0.1	-0.0	0.39	-0.3		0
1950	166	Steve Gromek#	http://www.baseball-reference.com/players/g/gromest01.shtml	gromest01	30	41	CLE	-6.5	-0.6	41	-0.6	0.3	-0.9	1.21	-0.6	0.1	-6.3	-0.6	0.96	-7.2		0
1950	167	Johnny Groth	http://www.baseball-reference.com/players/g/grothjo01.shtml	grothjo01	23	669	DET	17.1	1.6	553	1.6	10.4	-8.8	.98	1.2	0.4	15.2	1.4	0.96	15.7		0
1950	168	Mike Guerra	http://www.baseball-reference.com/players/g/guerrmi01.shtml	guerrmi01	37	273	PHA	-8.4	-0.8	223	0.1	4.5	-4.5	1.12	-0.4	0.4	-4.2	-0.4	0.99	-5.8	1.34	7
1950	169	Ben Guintini	http://www.baseball-reference.com/players/g/guintbe01.shtml	guintbe01	31	4	PHA	-1.2	-0.1	4	-0.1	0.0	-0.1	1.04	-0.1	0.0	-1.2	-0.1	0.93	-1.3	1.12	2
1950	170	Harry Gumbert	http://www.baseball-reference.com/players/g/gumbeha01.shtml	gumbeha01	40	1	PIT	0.5	0.0	1	0.0	0.0	0.0	.15	0.0	-0.0	0.8	0.1	1.73	0.5		0
1950	171	Randy Gumpert	http://www.baseball-reference.com/players/g/gumpera01.shtml	gumpera01	32	47	CHW	-9.7	-0.9	32	-0.5	0.3	-0.8	1.22	-0.5	0.0	-4.5	-0.4	0.97	-5.3		0
1950	172	Frankie Gustine	http://www.baseball-reference.com/players/g/gustifr01.shtml	gustifr01	30	23	SLB	-2.2	-0.2	22	-0.3	0.3	-0.6	1.15	-0.2	-0.0	-3.9	-0.4	1.07	-3.0	1.49	1
1950	173	Warren Hacker	http://www.baseball-reference.com/players/h/hackewa02.shtml	hackewa02	25	5	CHC	-1.5	-0.1	5	-0.3	0.0	-0.3	1.37	-0.2	-0.0	-2.2	-0.2	1.00	-2.0		0
1950	174	Mickey Haefner*	http://www.baseball-reference.com/players/h/haefnmi01.shtml	haefnmi01	37	34	TOT	-2.0	-0.2	27	-0.3	0.2	-0.5	.93	-0.2	-0.1	-3.2	-0.3	0.94	-2.9		0
1950	175	Mickey Haefner*	http://www.baseball-reference.com/players/h/haefnmi01.shtml	haefnmi01	37	26	CHW	-1.9	-0.2	22	-0.3	0.2	-0.4	.98	-0.2	-0.1	-2.4	-0.2	0.94	-2.3		0
1950	176	Mickey Haefner*	http://www.baseball-reference.com/players/h/haefnmi01.shtml	haefnmi01	37	8	BSN	-0.1	-0.0	5	-0.0	0.0	-0.0	.70	-0.1	0.0	-0.7	-0.1	0.94	-0.6		0
1950	177	Bob Hall	http://www.baseball-reference.com/players/h/hallbo02.shtml	hallbo02	26	13	BSN	-2.3	-0.2	10	-0.2	0.0	-0.2	.68	-0.2	-0.0	-2.0	-0.2	0.88	-2.2		0
1950	178	Granny Hamner	http://www.baseball-reference.com/players/h/hamnegr01.shtml	hamnegr01	23	685	PHI	-17.0	-1.7	677	-1.2	11.2	-12.4	1.07	-1.6	0.5	-8.2	-0.8	0.96	-20.6		0
1950	179	Andy Hansen	http://www.baseball-reference.com/players/h/hansean01.shtml	hansean01	25	9	NYG	-2.1	-0.2	9	-0.2	0.0	-0.2	.84	-0.2	0.0	-2.3	-0.2	0.95	-2.5		0
1950	180	Mickey Harris*	http://www.baseball-reference.com/players/h/harrimi01.shtml	harrimi01	33	20	WSH	-1.0	-0.1	20	0.1	0.7	-0.6	1.55	-0.1	0.2	-1.4	-0.1	1.01	-1.5		0
1950	181	Jack Harshman*	http://www.baseball-reference.com/players/h/harshja01.shtml	harshja01	22	35	NYG	-3.5	-0.4	35	-0.5	0.3	-0.8	.97	-0.1	-0.5	-2.7	-0.3	1.06	-1.9		0
1950	182	Roy Hartsfield	http://www.baseball-reference.com/players/h/hartsro01.shtml	hartsro01	24	450	BSN	-8.2	-0.8	380	0.8	6.5	-5.7	.93	0.2	0.6	0.0	0.0	0.93	2.4	0.42	7
1950	183	Clint Hartung	http://www.baseball-reference.com/players/h/hartucl01.shtml	hartucl01	27	44	NYG	1.7	0.2	39	0.7	1.4	-0.7	1.32	0.2	0.3	2.1	0.2	1.04	2.0	2.37	9
1950	184	Fred Hatfield*	http://www.baseball-reference.com/players/h/hatfifr01.shtml	hatfifr01	25	15	BOS	-0.5	-0.1	16	0.0	0.2	-0.2	1.01	0.1	-0.1	2.1	0.2	1.10	1.8	0.44	1
1950	185	Joe Hatten	http://www.baseball-reference.com/players/h/hattejo01.shtml	hattejo01	33	19	BRO	-3.8	-0.4	19	-0.2	0.2	-0.4	1.01	-0.3	0.1	-3.1	-0.3	1.02	-3.7		0
1950	186	Grady Hatton*	http://www.baseball-reference.com/players/h/hattogr01.shtml	hattogr01	27	514	CIN	-0.1	-0.0	526	0.3	8.1	-7.8	.97	0.8	-0.5	11.8	1.1	0.91	10.8	1.93	10
1950	187	Joe Haynes	http://www.baseball-reference.com/players/h/haynejo01.shtml	haynejo01	32	37	WSH	-2.7	-0.2	31	-0.4	0.2	-0.6	.77	-0.3	-0.2	-4.5	-0.4	0.93	-3.2		0
1950	188	Jim Hearn	http://www.baseball-reference.com/players/h/hearnji01.shtml	hearnji01	29	52	TOT	-5.9	-0.6	49	-0.4	0.3	-0.7	.74	-0.4	-0.2	-2.5	-0.2	0.88	-3.8		0
1950	189	Jim Hearn	http://www.baseball-reference.com/players/h/hearnji01.shtml	hearnji01	29	1	STL	0.5	0.0	1	0.0	0.0	0.0	.04	0.0	0.0	0.3	0.0	0.61	0.4		0
1950	190	Jim Hearn	http://www.baseball-reference.com/players/h/hearnji01.shtml	hearnji01	29	51	NYG	-6.4	-0.6	48	-0.4	0.3	-0.7	.75	-0.4	-0.1	-2.8	-0.3	0.88	-4.3		0
1950	191	Jim Hegan	http://www.baseball-reference.com/players/h/heganji01.shtml	heganji01	29	469	CLE	-18.5	-1.8	474	-1.9	6.3	-8.2	.95	-1.0	-1.1	-15.0	-1.5	0.98	-15.8		0
1950	192	Ken Heintzelman	http://www.baseball-reference.com/players/h/heintke01.shtml	heintke01	34	42	PHI	-9.2	-0.9	43	-0.7	0.1	-0.8	.85	-0.9	0.0	-8.0	-0.8	0.98	-8.9		0
1950	193	Solly Hemus*	http://www.baseball-reference.com/players/h/hemusso01.shtml	hemusso01	27	17	STL	-1.9	-0.2	15	-0.2	0.1	-0.3	1.04	-0.1	-0.1	-1.7	-0.2	1.02	-1.8	0.81	4
1950	194	Tommy Henrich*	http://www.baseball-reference.com/players/h/henrito01.shtml	henrito01	37	178	NYY	7.4	0.7	170	1.0	4.6	-3.7	1.32	0.8	-0.1	10.9	1.0	1.05	8.9	2.20	30
1950	195	Ray Herbert	http://www.baseball-reference.com/players/h/herbera01.shtml	herbera01	20	7	DET	-0.6	-0.1	5	-0.2	0.0	-0.2	1.01	-0.2	-0.0	-2.4	-0.2	1.08	-2.0		0
1950	196	Gene Hermanski*	http://www.baseball-reference.com/players/h/hermage01.shtml	hermage01	30	332	BRO	7.2	0.7	339	1.3	6.7	-5.3	1.00	1.1	0.3	6.0	0.6	0.96	8.4	1.23	16
1950	197	Johnny Hetki	http://www.baseball-reference.com/players/h/hetkijo01.shtml	hetkijo01	28	12	CIN	-0.8	-0.1	12	0.0	0.1	-0.1	.93	-0.0	0.0	-0.5	-0.1	0.88	-0.5		0
1950	198	Kirby Higbe	http://www.baseball-reference.com/players/h/higbeki01.shtml	higbeki01	35	4	NYG	-0.4	-0.0	4	0.0	0.1	-0.1	1.43	-0.1	0.1	-0.1	-0.0	0.69	-0.5		0
1950	199	Frank Hiller	http://www.baseball-reference.com/players/h/hillefr01.shtml	hillefr01	29	49	CHC	-8.7	-0.8	24	-0.6	0.0	-0.6	.93	-0.6	-0.0	-5.5	-0.5	0.87	-6.6	0.12	1
1950	200	Billy Hitchcock	http://www.baseball-reference.com/players/h/hitchbi01.shtml	hitchbi01	33	447	PHA	-9.8	-0.9	327	-1.4	5.5	-6.9	1.10	-0.7	-0.6	-5.6	-0.5	1.02	-8.5	1.80	6
1950	201	Lloyd Hittle	http://www.baseball-reference.com/players/h/hittlll01.shtml	hittlll01	26	15	WSH	-2.8	-0.3	15	-0.1	0.2	-0.3	1.26	-0.2	0.2	-1.5	-0.2	0.94	-2.6		0
1950	202	Gil Hodges	http://www.baseball-reference.com/players/h/hodgegi01.shtml	hodgegi01	26	646	BRO	19.7	1.9	663	2.3	13.0	-10.7	1.02	2.1	0.1	27.3	2.6	0.99	23.8		0
1950	203	Bobby Hogue	http://www.baseball-reference.com/players/h/hoguebo01.shtml	hoguebo01	29	15	BSN	-0.7	-0.1	14	0.1	0.3	-0.2	.94	-0.1	0.2	0.4	0.0	0.89	-0.5		0
1950	204	Ken Holcombe	http://www.baseball-reference.com/players/h/holcoke01.shtml	holcoke01	31	34	CHW	-5.4	-0.5	30	-0.6	0.1	-0.7	.96	-0.6	-0.0	-7.5	-0.7	0.96	-6.8		0
1950	205	Stan Hollmig	http://www.baseball-reference.com/players/h/hollmst01.shtml	hollmst01	24	12	PHI	-0.4	-0.0	12	0.1	0.4	-0.4	1.64	-0.0	0.1	-0.0	-0.0	0.96	-0.2	1.51	8
1950	206	Tommy Holmes*	http://www.baseball-reference.com/players/h/holmeto01.shtml	holmeto01	33	363	BSN	10.5	1.0	302	2.9	6.7	-3.8	.93	2.0	1.1	20.0	2.0	1.01	21.6	0.97	17
1950	207	Bob Hooper	http://www.baseball-reference.com/players/h/hoopebo01.shtml	hoopebo01	28	62	PHA	-9.2	-0.9	39	-0.5	0.3	-0.8	.76	-0.5	-0.2	-4.7	-0.4	0.98	-6.4		0
1950	208	Johnny Hopp*	http://www.baseball-reference.com/players/h/hoppjo01.shtml	hoppjo01	33	397	TOT	25.4	2.4	329	2.3	8.0	-5.7	1.17	1.9	0.1	23.0	2.2	0.99	22.4	2.42	25
1950	209	Johnny Hopp*	http://www.baseball-reference.com/players/h/hoppjo01.shtml	hoppjo01	33	362	PIT	21.7	2.1	293	2.0	7.2	-5.2	1.19	1.6	0.1	16.6	1.6	0.99	17.2	2.34	23
1950	210	Johnny Hopp*	http://www.baseball-reference.com/players/h/hoppjo01.shtml	hoppjo01	33	35	NYY	3.7	0.4	36	0.4	0.9	-0.5	1.03	0.3	0.0	6.4	0.6	1.01	5.2	3.39	2
1950	211	Ralph Houk	http://www.baseball-reference.com/players/h/houkra01.shtml	houkra01	30	9	NYY	-1.6	-0.2	8	-0.2	0.0	-0.2	1.00	-0.2	-0.0	-2.7	-0.3	0.95	-2.8		0
1950	212	Frank House*	http://www.baseball-reference.com/players/h/housefr03.shtml	housefr03	20	5	DET	0.4	0.0	6	0.0	0.1	-0.0	.52	0.1	0.0	0.2	0.0	0.74	0.5		0
1950	213	Art Houtteman	http://www.baseball-reference.com/players/h/houttar01.shtml	houttar01	22	109	DET	-14.4	-1.4	100	-1.3	0.4	-1.7	.77	-1.3	-0.3	-16.8	-1.6	0.97	-16.5		0
1950	214	Dixie Howell	http://www.baseball-reference.com/players/h/howeldi02.shtml	howeldi02	30	261	CIN	-10.5	-1.0	264	-0.1	4.3	-4.4	.95	-0.6	0.5	-6.8	-0.7	0.93	-7.7	0.43	1
1950	215	Bill Howerton*	http://www.baseball-reference.com/players/h/howerbi01.shtml	howerbi01	28	364	STL	10.5	1.0	302	1.9	6.8	-4.9	1.08	1.5	0.3	15.5	1.5	1.02	13.5	1.89	18
1950	216	Sid Hudson	http://www.baseball-reference.com/players/h/hudsosi01.shtml	hudsosi01	35	97	WSH	-11.1	-1.1	93	-1.0	1.5	-2.4	1.21	-1.1	0.3	-10.8	-1.1	1.03	-12.5	4.92	1
1950	217	Fred Hutchinson*	http://www.baseball-reference.com/players/h/hutchfr01.shtml	hutchfr01	30	112	DET	1.4	0.1	101	0.6	1.8	-1.2	.91	0.1	0.6	6.3	0.6	1.04	2.1	1.97	2
1950	218	Monte Irvin	http://www.baseball-reference.com/players/i/irvinmo01.shtml	irvinmo01	31	432	NYG	18.0	1.7	403	1.5	7.8	-6.3	1.00	2.0	-0.5	23.3	2.2	0.96	25.5	1.68	5
1950	219	Randy Jackson	http://www.baseball-reference.com/players/j/jacksra01.shtml	jacksra01	24	120	CHC	-5.0	-0.5	90	-0.2	1.6	-1.8	1.04	-0.0	-0.2	-3.9	-0.4	0.95	-1.3	1.77	5
1950	220	Larry Jansen	http://www.baseball-reference.com/players/j/jansela01.shtml	jansela01	29	108	NYG	-13.4	-1.3	98	-0.8	0.7	-1.5	.75	-1.0	0.0	-11.0	-1.1	0.97	-12.7		0
1950	221	Hal Jeffcoat	http://www.baseball-reference.com/players/j/jeffcha01.shtml	jeffcha01	25	187	CHC	-10.9	-1.1	165	-0.8	3.0	-3.8	1.18	-0.9	0.3	-9.4	-0.9	0.97	-8.9	1.58	9
1950	222	Jackie Jensen	http://www.baseball-reference.com/players/j/jenseja01.shtml	jenseja01	23	78	NYY	-6.8	-0.6	79	-0.5	0.8	-1.3	.82	-0.5	-0.1	-6.0	-0.6	0.93	-6.4	0.75	8
1950	223	Sam Jethroe#	http://www.baseball-reference.com/players/j/jethrsa01.shtml	jethrsa01	33	641	BSN	6.4	0.6	616	1.2	10.8	-9.6	.97	1.4	-0.2	9.3	0.9	0.94	14.6		0
1950	224	Billy Johnson	http://www.baseball-reference.com/players/j/johnsbi03.shtml	johnsbi03	31	372	NYY	-6.0	-0.6	355	0.7	6.1	-5.4	.92	0.3	0.4	6.2	0.6	0.96	4.7	1.51	10
1950	225	Don Johnson	http://www.baseball-reference.com/players/j/johnsdo03.shtml	johnsdo03	23	36	TOT	-8.1	-0.8	28	-0.4	0.2	-0.6	.83	-0.5	-0.0	-5.3	-0.5	0.91	-6.1		0
1950	226	Don Johnson	http://www.baseball-reference.com/players/j/johnsdo03.shtml	johnsdo03	23	3	NYY	-0.9	-0.1	3	-0.0	0.0	-0.0	.34	-0.1	-0.0	-1.7	-0.2	1.29	-1.2		0
1950	227	Don Johnson	http://www.baseball-reference.com/players/j/johnsdo03.shtml	johnsdo03	23	33	SLB	-7.2	-0.7	25	-0.4	0.2	-0.5	.89	-0.4	-0.0	-3.6	-0.3	0.87	-4.9		0
1950	228	Earl Johnson*	http://www.baseball-reference.com/players/j/johnsea01.shtml	johnsea01	31	2	BOS	-0.6	-0.1	2	-0.1	0.0	-0.1	1.24	-0.1	-0.0	-0.8	-0.1	0.92	-0.8		0
1950	229	Ernie Johnson	http://www.baseball-reference.com/players/j/johnser02.shtml	johnser02	26	2	BSN	0.2	0.0	2	0.0	0.0	-0.0	.42	0.0	-0.0	0.0	0.0	0.74	0.2		0
1950	230	Ken Johnson*	http://www.baseball-reference.com/players/j/johnske01.shtml	johnske01	27	20	TOT	-2.9	-0.3	20	-0.3	0.1	-0.4	.85	-0.3	0.0	-3.0	-0.3	0.91	-3.7		0
1950	231	Ken Johnson*	http://www.baseball-reference.com/players/j/johnske01.shtml	johnske01	27	20	PHI	-2.9	-0.3	20	-0.3	0.1	-0.4	.85	-0.3	0.0	-3.0	-0.3	0.91	-3.7		0
1950	232	Nippy Jones	http://www.baseball-reference.com/players/j/jonesni01.shtml	jonesni01	25	29	STL	-1.8	-0.2	24	0.3	0.9	-0.6	1.47	-0.0	0.2	1.0	0.1	1.11	-0.2	2.29	4
1950	233	Sheldon Jones	http://www.baseball-reference.com/players/j/jonessh01.shtml	jonessh01	28	72	NYG	-10.6	-1.0	71	-0.6	0.6	-1.2	.85	-1.0	0.3	-12.2	-1.2	0.96	-12.5		0
1950	234	Willie Jones	http://www.baseball-reference.com/players/j/joneswi01.shtml	joneswi01	24	678	PHI	5.6	0.5	677	2.0	14.6	-12.6	1.09	1.6	0.2	17.1	1.7	0.96	19.9		0
1950	235	Eddie Joost	http://www.baseball-reference.com/players/j/joosted01.shtml	joosted01	34	592	PHA	-0.4	-0.0	480	-0.1	8.5	-8.6	1.03	0.5	-0.5	1.6	0.1	0.96	2.0		0
1950	236	Spider Jorgensen*	http://www.baseball-reference.com/players/j/jorgesp01.shtml	jorgesp01	30	45	TOT	-5.7	-0.6	40	-0.3	0.5	-0.8	1.21	-0.2	0.0	-2.4	-0.2	1.04	-3.1	1.40	16
1950	237	Spider Jorgensen*	http://www.baseball-reference.com/players/j/jorgesp01.shtml	jorgesp01	30	3	BRO	-0.3	-0.0	3	-0.0	0.0	-0.0	.37	0.0	-0.1	0.5	0.0	1.31	-0.3	0.56	1
1950	238	Spider Jorgensen*	http://www.baseball-reference.com/players/j/jorgesp01.shtml	jorgesp01	30	42	NYG	-5.4	-0.5	37	-0.2	0.5	-0.8	1.28	-0.3	0.1	-3.0	-0.3	1.02	-2.8	1.45	15
1950	239	Howie Judson	http://www.baseball-reference.com/players/j/judsoho01.shtml	judsoho01	24	27	CHW	-3.1	-0.3	20	-0.4	0.0	-0.4	.98	-0.3	-0.0	-4.0	-0.4	0.91	-4.1		0
1950	240	Eddie Kazak	http://www.baseball-reference.com/players/k/kazaked01.shtml	kazaked01	29	227	STL	-8.5	-0.8	179	-0.6	3.0	-3.6	1.07	-0.5	-0.0	-5.6	-0.5	0.99	-3.8	1.53	39
1950	241	George Kell	http://www.baseball-reference.com/players/k/kellge01.shtml	kellge01	27	724	DET	24.0	2.2	612	0.1	10.9	-10.8	1.03	1.9	-1.8	15.2	1.4	0.96	20.8		0
1950	242	Charlie Keller*	http://www.baseball-reference.com/players/k/kellech01.shtml	kellech01	33	64	DET	4.7	0.4	56	1.3	2.4	-1.1	1.89	0.5	0.2	10.9	1.0	1.19	8.5	2.22	29
1950	243	Hal Keller*	http://www.baseball-reference.com/players/k/kelleha03.shtml	kelleha03	22	30	WSH	-1.0	-0.1	15	0.0	0.3	-0.3	1.01	-0.2	0.2	-1.9	-0.2	0.92	-2.1	1.37	2
1950	244	Alex Kellner	http://www.baseball-reference.com/players/k/kellnal01.shtml	kellnal01	25	83	PHA	-10.2	-1.0	68	-1.2	0.5	-1.7	1.03	-1.0	-0.2	-11.4	-1.1	0.87	-11.8		0
1950	245	Ken Keltner	http://www.baseball-reference.com/players/k/keltnke01.shtml	keltnke01	33	32	BOS	-0.2	-0.0	32	-0.2	0.3	-0.5	.82	-0.1	-0.1	-0.8	-0.1	0.87	-1.3	0.83	4
1950	246	Bob Kennedy	http://www.baseball-reference.com/players/k/kennebo01.shtml	kennebo01	29	609	CLE	-1.4	-0.1	620	-0.7	10.0	-10.6	.97	-0.9	0.2	-8.2	-0.8	0.95	-10.7	1.61	2
1950	247	Monty Kennedy	http://www.baseball-reference.com/players/k/kennemo01.shtml	kennemo01	28	39	NYG	-8.8	-0.9	40	-0.8	0.3	-1.1	1.03	-0.7	-0.0	-8.0	-0.8	0.97	-8.4		0
1950	248	Buddy Kerr	http://www.baseball-reference.com/players/k/kerrbu01.shtml	kerrbu01	27	572	BSN	-25.6	-2.5	508	-2.2	6.8	-9.0	.96	-2.0	-0.3	-23.9	-2.4	1.02	-23.6		0
1950	249	Ellis Kinder	http://www.baseball-reference.com/players/k/kindeel01.shtml	kindeel01	35	77	BOS	-10.1	-1.0	71	-0.3	0.7	-1.0	.79	-0.7	0.3	-7.2	-0.7	0.88	-9.8		0
1950	250	Ralph Kiner	http://www.baseball-reference.com/players/k/kinerra01.shtml	kinerra01	27	672	PIT	47.2	4.5	556	3.6	13.5	-10.0	1.10	3.8	-0.5	32.2	3.0	0.98	41.5		0
1950	251	Ed Klieman	http://www.baseball-reference.com/players/k/kliemed01.shtml	kliemed01	32	1	PHA	-0.3	-0.0	1	0.0	0.0	0.0	.00	0.0		-0.1	-0.0	0.39	-0.3		0
1950	252	Johnny Klippstein	http://www.baseball-reference.com/players/k/klippjo01.shtml	klippjo01	22	33	CHC	0.8	0.1	30	-0.1	0.6	-0.7	.99	0.2	-0.2	-0.3	-0.0	0.81	1.0	3.61	2
1950	253	Ted Kluszewski*	http://www.baseball-reference.com/players/k/kluszte01.shtml	kluszte01	25	572	CIN	16.7	1.6	579	3.6	13.5	-9.9	1.04	2.7	0.7	31.5	3.0	0.99	27.5	0.37	3
1950	254	Dick Kokos*	http://www.baseball-reference.com/players/k/kokosdi01.shtml	kokosdi01	22	582	SLB	5.2	0.5	392	-1.0	6.2	-7.2	1.00	-0.1	-0.9	0.3	0.0	0.95	-3.2	1.43	13
1950	255	Don Kolloway	http://www.baseball-reference.com/players/k/kollodo01.shtml	kollodo01	31	502	DET	-15.4	-1.5	441	-0.5	7.6	-8.1	1.01	-0.4	-0.1	-5.5	-0.5	0.98	-5.9	1.59	5
1950	256	Jim Konstanty	http://www.baseball-reference.com/players/k/konstji01.shtml	konstji01	33	39	PHI	-7.7	-0.8	37	-0.8	0.3	-1.0	1.37	-0.7	0.1	-7.7	-0.8	0.98	-7.7		0
1950	257	Dave Koslo*	http://www.baseball-reference.com/players/k/kosloda01.shtml	kosloda01	30	72	NYG	-9.8	-1.0	63	-0.8	0.7	-1.4	1.04	-0.6	-0.1	-8.1	-0.8	0.97	-7.3		0
1950	258	Al Kozar	http://www.baseball-reference.com/players/k/kozaral01.shtml	kozaral01	28	72	TOT	-5.7	-0.5	70	-0.6	1.0	-1.6	1.20	-0.5	-0.0	-6.2	-0.6	1.02	-5.6	1.15	6
1950	259	Al Kozar	http://www.baseball-reference.com/players/k/kozaral01.shtml	kozaral01	28	62	WSH	-5.9	-0.6	62	-0.6	0.8	-1.4	1.23	-0.5	0.0	-5.9	-0.6	1.03	-6.0	1.09	5
1950	260	Al Kozar	http://www.baseball-reference.com/players/k/kozaral01.shtml	kozaral01	28	10	CHW	0.2	0.0	8	-0.1	0.2	-0.2	.98	0.0	-0.1	-0.2	-0.0	0.96	0.4	1.46	1
1950	261	Jack Kramer	http://www.baseball-reference.com/players/k/krameja01.shtml	krameja01	32	27	NYG	-1.8	-0.2	23	-0.1	0.3	-0.4	.82	-0.1	-0.1	-0.9	-0.1	0.93	-0.7		0
1950	262	Chuck Kress*	http://www.baseball-reference.com/players/k/kressch01.shtml	kressch01	28	9	CHW	-2.4	-0.2	9	-0.2	0.0	-0.2	1.05	-0.2	0.0	-2.3	-0.2	0.95	-2.5	0.58	1
1950	263	Lou Kretlow	http://www.baseball-reference.com/players/k/kretllo01.shtml	kretllo01	29	7	TOT	-2.1	-0.2	6	-0.0	0.0	-0.0	.11	-0.1	-0.0	-1.6	-0.2	0.87	-1.8		0
1950	264	Lou Kretlow	http://www.baseball-reference.com/players/k/kretllo01.shtml	kretllo01	29	3	SLB	-0.9	-0.1	3	-0.0	0.0	-0.0	.01	-0.1	-0.1	-0.9	-0.1	0.93	-0.9		0
1950	265	Lou Kretlow	http://www.baseball-reference.com/players/k/kretllo01.shtml	kretllo01	29	4	CHW	-1.2	-0.1	3	-0.0	0.0	-0.0	.21	-0.1	-0.0	-0.8	-0.1	0.82	-0.9		0
1950	266	Dick Kryhoski*	http://www.baseball-reference.com/players/k/kryhodi01.shtml	kryhodi01	25	179	DET	-13.3	-1.3	130	-0.1	2.4	-2.4	1.01	-0.2	0.1	-2.7	-0.2	0.96	-3.5	1.02	4
1950	267	Johnny Kucab	http://www.baseball-reference.com/players/k/kucabjo01.shtml	kucabjo01	30	10	PHA	-1.6	-0.2	4	-0.0	0.0	-0.1	.95	-0.0	0.0	-0.4	-0.0	0.86	-0.4		0
1950	268	Bob Kuzava#	http://www.baseball-reference.com/players/k/kuzavbo01.shtml	kuzavbo01	27	77	TOT	-10.0	-1.0	75	-0.7	0.7	-1.4	.95	-0.9	0.1	-8.2	-0.8	0.98	-10.3		0
1950	269	Bob Kuzava#	http://www.baseball-reference.com/players/k/kuzavbo01.shtml	kuzavbo01	27	18	CHW	-1.8	-0.2	18	-0.2	0.1	-0.4	.91	-0.2	-0.1	-3.3	-0.3	1.16	-2.6		0
1950	270	Bob Kuzava#	http://www.baseball-reference.com/players/k/kuzavbo01.shtml	kuzavbo01	27	59	WSH	-8.2	-0.8	57	-0.5	0.6	-1.1	.96	-0.7	0.2	-4.9	-0.5	0.92	-7.6		0
1950	271	Doyle Lade	http://www.baseball-reference.com/players/l/ladedo01.shtml	ladedo01	29	40	CHC	-0.8	-0.1	42	-0.1	0.5	-0.6	.83	-0.1	-0.0	-0.5	-0.0	0.91	-0.9		0
1950	272	Eddie Lake	http://www.baseball-reference.com/players/l/lakeed01.shtml	lakeed01	34	8	DET	-1.8	-0.2	8	-0.3	0.0	-0.3	1.93	-0.1	-0.0	-1.8	-0.2	1.12	-1.6	1.93	7
1950	273	Hobie Landrith*	http://www.baseball-reference.com/players/l/landrho01.shtml	landrho01	20	16	CIN	-1.2	-0.1	17	-0.1	0.1	-0.2	.86	-0.0	-0.1	-1.2	-0.1	0.95	-0.9		0
1950	274	Joe Landrum	http://www.baseball-reference.com/players/l/landrjo01.shtml	landrjo01	21	1	BRO	0.0	0.0	1	0.0	0.0	0.0	.38	0.1	-0.0	0.7	0.1	1.11	0.6		0
1950	275	Max Lanier	http://www.baseball-reference.com/players/l/laniema01.shtml	laniema01	34	75	STL	-10.0	-1.0	74	0.1	1.3	-1.3	1.02	-0.8	0.8	-6.8	-0.7	1.01	-8.6		0
1950	276	Vern Law	http://www.baseball-reference.com/players/l/lawve01.shtml	lawve01	20	44	PIT	-8.4	-0.8	33	-0.3	0.5	-0.7	1.14	-0.6	0.3	-6.6	-0.6	1.03	-6.7		0
1950	277	Paul Lehner*	http://www.baseball-reference.com/players/l/lehnepa01.shtml	lehnepa01	29	468	PHA	0.8	0.1	376	1.0	7.1	-6.1	1.01	0.2	0.8	4.2	0.4	0.94	-0.2	2.35	4
1950	278	Steve Lembo	http://www.baseball-reference.com/players/l/lembost01.shtml	lembost01	23	7	BRO	-0.7	-0.1	7	-0.2	0.0	-0.2	.89	-0.1	-0.1	-1.9	-0.2	0.90	-1.2		0
1950	279	Bob Lemon*	http://www.baseball-reference.com/players/l/lemonbo01.shtml	lemonbo01	29	151	CLE	2.0	0.2	153	0.3	2.9	-2.6	1.00	0.6	-0.3	3.0	0.3	1.00	6.3	1.75	25
1950	280	Jim Lemon	http://www.baseball-reference.com/players/l/lemonji01.shtml	lemonji01	22	37	CLE	-3.3	-0.3	37	-0.7	0.4	-1.2	1.42	-0.3	-0.2	-5.6	-0.6	0.99	-4.3	0.96	4
1950	281	Don Lenhardt	http://www.baseball-reference.com/players/l/lenhado01.shtml	lenhado01	27	579	SLB	14.0	1.3	390	1.4	7.4	-6.0	.96	1.8	-0.3	18.2	1.7	0.92	23.5	1.32	8
1950	282	Dutch Leonard	http://www.baseball-reference.com/players/l/leonadu02.shtml	leonadu02	41	17	CHC	-3.9	-0.4	17	-0.2	0.0	-0.2	.47	-0.3	-0.1	-3.0	-0.3	0.78	-3.9		0
1950	283	Johnny Lindell	http://www.baseball-reference.com/players/l/lindejo01.shtml	lindejo01	33	157	TOT	-6.7	-0.6	144	-0.4	2.2	-2.6	1.01	-0.5	0.1	-9.6	-0.9	0.99	-9.6	0.80	4
1950	284	Johnny Lindell	http://www.baseball-reference.com/players/l/lindejo01.shtml	lindejo01	33	25	NYY	-1.9	-0.2	26	-0.3	0.2	-0.4	.89	-0.3	-0.0	-3.6	-0.4	1.08	-2.8	0.48	1
1950	285	Johnny Lindell	http://www.baseball-reference.com/players/l/lindejo01.shtml	lindejo01	33	132	STL	-4.8	-0.5	118	-0.1	2.0	-2.2	1.03	-0.3	0.2	-6.0	-0.6	0.97	-6.7	0.90	3
1950	286	Walt Linden	http://www.baseball-reference.com/players/l/lindewa01.shtml	lindewa01	26	6	BSN	0.8	0.1	5	0.0	0.0	-0.0	.19	0.1	0.0	0.5	0.0	0.78	0.6	0.02	1
1950	287	Johnny Lipon	http://www.baseball-reference.com/players/l/liponjo01.shtml	liponjo01	27	701	DET	-7.9	-0.8	588	0.3	9.8	-9.5	.98	-0.1	0.5	3.0	0.3	0.94	-3.0		0
1950	288	Dick Littlefield*	http://www.baseball-reference.com/players/l/littldi01.shtml	littldi01	24	4	BOS	-1.3	-0.1	4	-0.1	0.0	-0.1	.69	-0.1	0.0	-1.2	-0.1	0.97	-1.2		0
1950	289	Danny Litwhiler	http://www.baseball-reference.com/players/l/litwhda01.shtml	litwhda01	33	133	CIN	3.0	0.3	136	-0.6	2.5	-3.1	1.17	0.2	-0.7	-4.3	-0.4	0.92	1.2	1.64	20
1950	290	Whitey Lockman*	http://www.baseball-reference.com/players/l/lockmwh01.shtml	lockmwh01	23	582	NYG	-3.4	-0.3	547	-0.0	9.1	-9.1	1.00	-0.4	0.4	4.2	0.4	0.97	-1.6	4.61	1
1950	291	Billy Loes	http://www.baseball-reference.com/players/l/loesbi01.shtml	loesbi01	20	2	BRO	0.0	0.0	2	0.0	0.0	0.0	.03	0.0	0.1	0.3	0.0	0.62	0.2		0
1950	292	Jack Lohrke	http://www.baseball-reference.com/players/l/lohrkja01.shtml	lohrkja01	26	47	NYG	-5.2	-0.5	41	-0.3	0.7	-1.0	1.20	-0.3	0.1	-4.7	-0.5	0.97	-3.7	1.17	11
1950	293	Sherm Lollar	http://www.baseball-reference.com/players/l/lollash01.shtml	lollash01	25	474	SLB	8.2	0.8	309	0.4	5.8	-5.5	1.04	0.3	0.1	8.5	0.8	0.94	3.8	1.53	15
1950	294	Vic Lombardi*	http://www.baseball-reference.com/players/l/lombavi01.shtml	lombavi01	27	18	PIT	-1.0	-0.1	14	-0.2	0.1	-0.3	.89	-0.2	-0.1	-3.7	-0.4	1.00	-2.2		0
1950	295	Eddie Lopat*	http://www.baseball-reference.com/players/l/lopated01.shtml	lopated01	32	104	NYY	-2.0	-0.2	99	0.0	1.1	-1.1	.76	0.0	0.0	-2.4	-0.2	0.98	0.5	4.95	1
1950	296	Stan Lopata	http://www.baseball-reference.com/players/l/lopatst01.shtml	lopatst01	24	151	PHI	-6.8	-0.7	148	-0.1	2.5	-2.6	1.04	-0.7	0.6	-7.9	-0.8	0.91	-8.1	1.50	5
1950	297	Peanuts Lowrey	http://www.baseball-reference.com/players/l/lowrepe01.shtml	lowrepe01	32	369	TOT	-15.5	-1.5	358	-0.8	5.1	-5.9	.96	-1.2	0.4	-14.7	-1.4	0.89	-13.7	1.11	14
1950	298	Peanuts Lowrey	http://www.baseball-reference.com/players/l/lowrepe01.shtml	lowrepe01	32	306	CIN	-13.5	-1.3	318	-0.6	4.5	-5.1	.96	-1.3	0.7	-14.3	-1.4	0.90	-13.5	1.09	12
1950	299	Peanuts Lowrey	http://www.baseball-reference.com/players/l/lowrepe01.shtml	lowrepe01	32	63	STL	-2.0	-0.2	40	-0.2	0.6	-0.8	1.01	0.0	-0.2	-0.4	-0.0	0.86	-0.3	1.17	2
1950	300	Bill Macdonald	http://www.baseball-reference.com/players/m/macdobi01.shtml	macdobi01	21	54	PIT	-8.3	-0.8	48	-0.8	0.3	-1.1	1.02	-0.6	-0.2	-6.4	-0.6	1.01	-6.5		0
1950	301	Dave Madison	http://www.baseball-reference.com/players/m/madisda01.shtml	madisda01	29	1	NYY	0.3	0.0	1	0.0	0.0	0.0	.03	0.0	0.0	0.2	0.0	0.74	0.3		0
1950	302	Sal Maglie	http://www.baseball-reference.com/players/m/maglisa01.shtml	maglisa01	33	73	NYG	-10.7	-1.0	69	-0.9	0.6	-1.5	.96	-0.9	-0.0	-8.2	-0.8	0.92	-10.0		0
1950	303	Jack Maguire	http://www.baseball-reference.com/players/m/maguija01.shtml	maguija01	25	47	NYG	-4.7	-0.5	39	-0.4	0.2	-0.6	.77	-0.5	-0.1	-6.0	-0.6	1.00	-5.4	1.00	14
1950	304	Woody Main	http://www.baseball-reference.com/players/m/mainwo01.shtml	mainwo01	28	5	PIT	0.0	0.0	2	-0.0	0.0	-0.0	.55	-0.1	-0.0	-0.5	-0.0	0.82	-0.6		0
1950	305	Hank Majeski	http://www.baseball-reference.com/players/m/majesha01.shtml	majesha01	33	467	CHW	2.6	0.2	385	-1.1	6.0	-7.1	1.03	-0.7	-0.3	-10.7	-1.0	0.94	-10.8	1.16	7
1950	306	Eddie Malone	http://www.baseball-reference.com/players/m/maloned01.shtml	maloned01	30	81	CHW	-5.0	-0.5	67	-0.4	1.3	-1.8	1.29	-0.5	0.2	-5.7	-0.5	1.05	-7.5	2.20	9
1950	307	Cliff Mapes*	http://www.baseball-reference.com/players/m/mapescl01.shtml	mapescl01	28	415	NYY	-3.4	-0.3	398	0.2	6.8	-6.6	.94	0.3	-0.1	-7.8	-0.8	0.99	0.6	1.12	6
1950	308	Marty Marion	http://www.baseball-reference.com/players/m/marioma01.shtml	marioma01	33	421	STL	-17.7	-1.7	363	0.0	6.6	-6.6	1.05	-0.7	0.8	-6.8	-0.7	1.01	-9.9	2.64	4
1950	309	Gene Markland	http://www.baseball-reference.com/players/m/marklge01.shtml	marklge01	30	13	PHA	-0.7	-0.1	13	0.0	0.2	-0.2	.87	-0.1	0.1	-0.8	-0.1	0.92	-0.8		0
1950	310	Connie Marrero	http://www.baseball-reference.com/players/m/marreco01.shtml	marreco01	39	61	WSH	-7.3	-0.7	62	-0.6	0.7	-1.3	1.05	-0.7	0.1	-7.7	-0.8	0.94	-8.9		0
1950	311	Cuddles Marshall	http://www.baseball-reference.com/players/m/marshcu01.shtml	marshcu01	25	12	SLB	-0.6	-0.1	6	-0.1	0.0	-0.1	.72	-0.1	0.0	-0.8	-0.1	0.74	-1.2		0
1950	312	Willard Marshall*	http://www.baseball-reference.com/players/m/marshwi01.shtml	marshwi01	29	336	BSN	-9.5	-0.9	298	-1.9	3.7	-5.6	.95	-0.9	-1.1	-5.8	-0.6	0.98	-10.0	1.76	18
1950	313	Billy Martin	http://www.baseball-reference.com/players/m/martibi02.shtml	martibi02	22	39	NYY	-1.6	-0.2	39	0.0	0.7	-0.7	1.03	0.1	-0.0	4.9	0.5	0.98	0.9	1.34	9
1950	314	Fred Martin	http://www.baseball-reference.com/players/m/martifr02.shtml	martifr02	35	16	STL	-0.7	-0.1	12	0.2	0.2	-0.1	.67	-0.1	0.3	-0.3	-0.0	0.97	-1.2		0
1950	315	Phil Masi	http://www.baseball-reference.com/players/m/masiph01.shtml	masiph01	34	434	CHW	-1.2	-0.1	357	1.1	7.2	-6.0	1.04	0.6	0.4	9.4	0.9	0.94	6.6	2.59	3
1950	316	Walt Masterson	http://www.baseball-reference.com/players/m/mastewa02.shtml	mastewa02	30	46	BOS	-8.3	-0.8	41	-0.7	0.1	-0.8	.77	-0.7	-0.3	-8.8	-0.8	0.84	-9.0		0
1950	317	Gene Mauch	http://www.baseball-reference.com/players/m/mauchge01.shtml	mauchge01	24	137	BSN	-5.2	-0.5	130	0.0	2.1	-2.1	.97	-0.3	0.3	-0.6	-0.1	0.98	-3.3	1.61	4
1950	318	Carmen Mauro*	http://www.baseball-reference.com/players/m/mauroca01.shtml	mauroca01	23	200	CHC	-12.9	-1.3	175	-1.4	2.3	-3.7	1.01	-0.8	-0.6	-10.6	-1.0	0.88	-10.4	1.69	7
1950	319	Charlie Maxwell*	http://www.baseball-reference.com/players/m/maxwech01.shtml	maxwech01	23	9	BOS	-2.2	-0.2	9	-0.1	0.0	-0.1	.57	-0.2	0.1	-2.1	-0.2	0.93	-2.3	0.16	1
1950	320	Jackie Mayo*	http://www.baseball-reference.com/players/m/mayoja01.shtml	mayoja01	24	38	PHI	-2.6	-0.2	39	-0.3	0.6	-0.9	1.14	-0.3	0.1	-2.4	-0.2	0.99	-3.2	0.93	3
1950	321	Windy McCall*	http://www.baseball-reference.com/players/m/mccalwi01.shtml	mccalwi01	24	3	PIT	-0.3	-0.0	2	0.0	0.0	-0.0	.98	-0.0	0.0	0.1	0.0	1.03	-0.2		0
1950	322	Mike McCormick	http://www.baseball-reference.com/players/m/mccormi02.shtml	mccormi02	33	160	TOT	-9.6	-0.9	105	-1.2	0.7	-1.9	.85	-0.5	-0.9	-7.8	-0.8	0.93	-7.3	1.33	12
1950	323	Mike McCormick	http://www.baseball-reference.com/players/m/mccormi02.shtml	mccormi02	33	4	NYG	-1.2	-0.1	4	-0.0	0.0	-0.0	.41	-0.1	-0.0	-1.0	-0.1	0.82	-1.2	0.41	4
1950	324	Mike McCormick	http://www.baseball-reference.com/players/m/mccormi02.shtml	mccormi02	33	156	CHW	-8.4	-0.8	101	-1.1	0.7	-1.9	.87	-0.4	-0.9	-6.9	-0.7	0.94	-6.1	1.79	8
1950	325	Barney McCosky*	http://www.baseball-reference.com/players/m/mccosba01.shtml	mccosba01	33	207	PHA	-9.4	-0.9	167	-0.5	2.8	-3.3	1.14	-0.5	0.0	-7.9	-0.8	0.95	-6.6	1.62	20
1950	326	Clyde McCullough	http://www.baseball-reference.com/players/m/mcculcl01.shtml	mcculcl01	33	319	PIT	-3.0	-0.3	264	-0.4	4.3	-4.7	1.04	-0.9	0.5	-9.1	-0.9	0.94	-10.0	1.98	3
1950	327	Mickey McDermott*	http://www.baseball-reference.com/players/m/mcdermi03.shtml	mcdermi03	21	53	BOS	3.2	0.3	48	0.1	0.7	-0.7	.92	0.1	-0.1	3.5	0.3	1.12	0.7		0
1950	328	Jim McDonald	http://www.baseball-reference.com/players/m/mcdonji04.shtml	mcdonji04	23	5	BOS	0.5	0.0	5	0.0	0.0	-0.0	.22	0.1	0.0	0.1	0.0	1.07	0.4		0
1950	329	Ed McGhee	http://www.baseball-reference.com/players/m/mcgheed01.shtml	mcgheed01	25	6	CHW	-0.5	-0.1	1	-0.0	0.0	-0.0	.02	-0.0	-0.0	-0.1	-0.0	0.39	-0.3	0.02	1
1950	330	Sammy Meeks	http://www.baseball-reference.com/players/m/meekssa01.shtml	meekssa01	27	101	CIN	-2.4	-0.2	103	-0.4	1.3	-1.7	.89	-0.4	-0.1	-4.7	-0.5	0.89	-4.7	0.68	9
1950	331	Sam Mele	http://www.baseball-reference.com/players/m/melesa01.shtml	melesa01	28	490	WSH	1.8	0.2	485	1.1	10.4	-9.3	1.12	0.2	0.8	9.6	0.9	1.02	3.0	0.86	14
1950	332	Lloyd Merriman*	http://www.baseball-reference.com/players/m/merrill01.shtml	merrill01	25	336	CIN	-8.8	-0.9	351	-0.9	5.0	-5.9	.98	-0.5	-0.4	-2.5	-0.2	0.93	-7.8	2.28	7
1950	333	Russ Meyer#	http://www.baseball-reference.com/players/m/meyerru01.shtml	meyerru01	26	60	PHI	-7.8	-0.8	59	-0.9	0.3	-1.2	.97	-0.8	-0.1	-10.4	-1.0	0.98	-9.5		0
1950	334	Cass Michaels	http://www.baseball-reference.com/players/m/michaca01.shtml	michaca01	24	609	TOT	-9.4	-0.9	587	-0.5	9.9	-10.4	1.03	-1.2	0.6	-11.5	-1.1	0.95	-11.5	1.10	3
1950	335	Cass Michaels	http://www.baseball-reference.com/players/m/michaca01.shtml	michaca01	24	160	CHW	3.9	0.4	150	-0.0	2.9	-2.9	1.12	-0.1	0.1	-3.7	-0.4	0.94	-1.9	2.14	1
1950	336	Cass Michaels	http://www.baseball-reference.com/players/m/michaca01.shtml	michaca01	24	449	WSH	-13.3	-1.3	437	-0.5	7.0	-7.5	1.00	-1.0	0.5	-7.8	-0.8	0.95	-9.5	0.58	2
1950	337	Ed Mickelson	http://www.baseball-reference.com/players/m/mickeed01.shtml	mickeed01	23	12	STL	-1.6	-0.2	8	-0.1	0.1	-0.2	.89	-0.1	-0.0	-1.3	-0.1	0.86	-1.4	0.00	1
1950	338	Eddie Miksis	http://www.baseball-reference.com/players/m/miksied01.shtml	miksied01	23	87	BRO	-3.3	-0.3	92	0.1	1.5	-1.5	.99	-0.4	0.5	-0.7	-0.1	1.03	-2.8	3.11	5
1950	339	Bob Miller	http://www.baseball-reference.com/players/m/millebo02.shtml	millebo02	24	64	PHI	-8.6	-0.8	61	-0.4	0.8	-1.2	.99	-0.7	0.3	-7.8	-0.8	0.99	-7.2		0
1950	340	Eddie Miller	http://www.baseball-reference.com/players/m/milleed03.shtml	milleed03	33	195	STL	-9.2	-0.9	164	-0.8	2.2	-3.0	.97	-1.0	0.2	-7.0	-0.7	0.91	-9.3	1.60	9
1950	341	Pete Milne*	http://www.baseball-reference.com/players/m/milnepe01.shtml	milnepe01	25	4	NYG	0.1	0.0	4	0.0	0.1	-0.1	1.76	0.1	-0.0	1.0	0.1	1.14	0.6	1.93	3
1950	342	Paul Minner*	http://www.baseball-reference.com/players/m/minnepa01.shtml	minnepa01	26	70	CHC	-5.5	-0.5	67	-0.7	0.9	-1.6	1.14	-0.4	-0.2	-4.6	-0.5	0.93	-4.6	2.47	3
1950	343	Dale Mitchell*	http://www.baseball-reference.com/players/m/mitchda01.shtml	mitchda01	28	577	CLE	7.2	0.7	599	0.4	9.2	-8.7	.94	0.7	-0.2	10.0	1.0	0.93	15.0	1.46	5
1950	344	Johnny Mize*	http://www.baseball-reference.com/players/m/mizejo01.shtml	mizejo01	37	305	NYY	14.2	1.3	289	2.2	6.9	-4.7	.99	1.8	0.4	21.9	2.1	1.00	21.4	1.66	15
1950	345	Julio Moreno	http://www.baseball-reference.com/players/m/morenju01.shtml	morenju01	29	9	WSH	-1.6	-0.2	9	-0.1	0.0	-0.1	.48	-0.2	-0.1	-2.4	-0.2	0.99	-2.1		0
1950	346	Bobby Morgan	http://www.baseball-reference.com/players/m/morgabo01.shtml	morgabo01	24	236	BRO	-1.3	-0.1	239	-1.3	2.9	-4.2	.92	0.0	-1.4	-3.0	-0.3	0.92	1.4	0.76	5
1950	347	Wally Moses*	http://www.baseball-reference.com/players/m/moseswa01.shtml	moseswa01	39	309	PHA	-1.6	-0.2	223	-0.8	3.2	-4.0	1.05	-0.3	-0.5	-6.4	-0.6	0.94	-4.9	2.09	15
1950	348	Les Moss	http://www.baseball-reference.com/players/m/mossle01.shtml	mossle01	25	250	SLB	-5.3	-0.5	172	0.2	3.2	-3.0	1.03	0.3	-0.2	0.8	0.1	0.96	4.6	1.31	12
1950	349	Don Mueller*	http://www.baseball-reference.com/players/m/muelldo01.shtml	muelldo01	23	539	NYG	-18.0	-1.8	502	1.1	9.8	-8.8	1.00	0.1	1.0	14.9	1.4	0.98	1.6	1.85	8
1950	350	Gordie Mueller	http://www.baseball-reference.com/players/m/muellgo01.shtml	muellgo01	27	1	BOS	-0.3	-0.0	1	-0.0	0.0	-0.0	.33	-0.0	0.0	-0.1	-0.0	0.40	-0.3		0
1950	351	Ray Mueller	http://www.baseball-reference.com/players/m/muellra01.shtml	muellra01	38	182	TOT	-4.2	-0.4	154	-0.9	2.5	-3.4	.99	-0.6	-0.4	-3.7	-0.4	0.99	-6.5	2.54	4
1950	352	Ray Mueller	http://www.baseball-reference.com/players/m/muellra01.shtml	muellra01	38	11	NYG	-2.1	-0.2	7	-0.1	0.0	-0.1	.63	-0.1	-0.0	-0.9	-0.1	0.91	-0.9		0
1950	353	Ray Mueller	http://www.baseball-reference.com/players/m/muellra01.shtml	muellra01	38	171	PIT	-2.1	-0.2	147	-0.8	2.5	-3.3	1.01	-0.5	-0.3	-2.8	-0.3	0.99	-5.6	2.54	4
1950	354	Pat Mullin*	http://www.baseball-reference.com/players/m/mullipa01.shtml	mullipa01	32	163	DET	-6.0	-0.6	149	-0.0	3.2	-3.2	1.30	0.0	-0.1	0.2	0.0	1.00	-1.1	1.66	27
1950	355	Red Munger	http://www.baseball-reference.com/players/m/mungere01.shtml	mungere01	31	56	STL	-8.8	-0.9	50	-0.6	0.4	-1.0	.91	-0.5	-0.1	-7.7	-0.7	0.87	-6.5		0
1950	356	Joe Murray*	http://www.baseball-reference.com/players/m/murrajo01.shtml	murrajo01	29	11	PHA	-3.4	-0.3	8	-0.3	0.0	-0.3	1.04	-0.2	-0.0	-3.4	-0.3	1.13	-2.9		0
1950	357	Ray Murray	http://www.baseball-reference.com/players/m/murrara01.shtml	murrara01	32	153	CLE	-3.3	-0.3	158	-0.2	2.8	-3.1	1.10	-0.4	0.3	-10.1	-1.0	1.01	-6.9	1.24	11
1950	358	Danny Murtaugh	http://www.baseball-reference.com/players/m/murtada01.shtml	murtada01	32	417	PIT	1.4	0.1	335	0.8	6.6	-5.8	1.04	0.7	0.1	10.6	1.0	0.93	5.9	1.26	8
1950	359	Stan Musial*	http://www.baseball-reference.com/players/m/musiast01.shtml	musiast01	29	645	STL	55.9	5.3	539	5.8	13.2	-7.5	.98	5.6	0.3	49.2	4.6	0.94	55.6	1.22	1
1950	360	Steve Nagy*	http://www.baseball-reference.com/players/n/nagyst01.shtml	nagyst01	31	26	WSH	-0.4	-0.0	26	-0.0	0.6	-0.6	1.22	0.1	-0.1	-2.0	-0.2	0.97	-0.1	0.33	3
1950	361	Rocky Nelson*	http://www.baseball-reference.com/players/n/nelsoro01.shtml	nelsoro01	25	265	STL	-10.1	-1.0	227	-1.0	3.1	-4.1	1.00	-0.8	-0.2	-2.1	-0.2	0.96	-7.5	2.31	3
1950	362	Ernie Nevel	http://www.baseball-reference.com/players/n/neveler01.shtml	neveler01	30	2	NYY	-0.3	-0.0	2	-0.0	0.0	-0.0	.78	-0.0	0.0	-0.6	-0.1	1.28	-0.5		0
1950	363	Don Newcombe*	http://www.baseball-reference.com/players/n/newcodo01.shtml	newcodo01	24	110	BRO	-4.6	-0.4	111	-0.3	1.3	-1.5	.79	-0.1	-0.2	-1.5	-0.1	0.95	-2.0		0
1950	364	Hal Newhouser*	http://www.baseball-reference.com/players/n/newhoha01.shtml	newhoha01	29	84	DET	-10.5	-1.0	65	-1.0	0.6	-1.6	1.17	-0.9	0.1	-11.2	-1.1	1.01	-10.2		0
1950	365	Gus Niarhos	http://www.baseball-reference.com/players/n/niarhgu01.shtml	niarhgu01	29	124	TOT	1.1	0.1	76	0.3	1.4	-1.1	.93	0.1	0.2	1.4	0.1	0.97	0.2	1.97	2
1950	366	Gus Niarhos	http://www.baseball-reference.com/players/n/niarhgu01.shtml	niarhgu01	29	124	CHW	1.1	0.1	76	0.3	1.4	-1.1	.93	0.1	0.2	1.4	0.1	0.97	0.2	1.97	2
1950	367	Bill Nicholson*	http://www.baseball-reference.com/players/n/nichobi01.shtml	nichobi01	35	66	PHI	-0.2	-0.0	65	0.0	2.0	-2.0	1.62	-0.1	0.1	-2.4	-0.2	1.06	-0.4	2.53	23
1950	368	Willard Nixon*	http://www.baseball-reference.com/players/n/nixonwi01.shtml	nixonwi01	22	44	BOS	-6.0	-0.6	45	-0.5	0.4	-0.9	.96	-0.3	-0.1	-5.5	-0.5	0.98	-4.5		0
1950	369	Irv Noren*	http://www.baseball-reference.com/players/n/norenir01.shtml	norenir01	25	615	WSH	13.6	1.3	597	1.3	12.4	-11.1	1.09	1.7	-0.5	31.6	3.0	0.97	21.9		0
1950	370	Ron Northey*	http://www.baseball-reference.com/players/n/northro01.shtml	northro01	30	217	TOT	5.8	0.6	217	0.5	4.1	-3.6	1.07	0.4	0.1	4.7	0.5	0.94	8.2	1.84	26
1950	371	Ron Northey*	http://www.baseball-reference.com/players/n/northro01.shtml	northro01	30	92	CIN	4.2	0.4	92	0.3	1.7	-1.4	.95	0.4	-0.1	2.9	0.3	0.94	7.3	1.40	3
1950	372	Ron Northey*	http://www.baseball-reference.com/players/n/northro01.shtml	northro01	30	125	CHC	1.6	0.2	125	0.2	2.4	-2.2	1.16	-0.1	0.2	1.8	0.2	0.94	0.9	1.90	23
1950	373	Tommy O'Brien	http://www.baseball-reference.com/players/o/o'brito03.shtml	o'brito03	31	44	TOT	-7.0	-0.7	44	-0.4	0.6	-1.0	1.06	-0.5	0.1	-6.5	-0.6	0.97	-6.3		0
1950	374	Tommy O'Brien	http://www.baseball-reference.com/players/o/o'brito03.shtml	o'brito03	31	34	BOS	-5.4	-0.5	34	-0.2	0.5	-0.7	.97	-0.4	0.2	-5.1	-0.5	0.95	-5.1		0
1950	375	Tommy O'Brien	http://www.baseball-reference.com/players/o/o'brito03.shtml	o'brito03	31	10	WSH	-1.6	-0.2	10	-0.2	0.1	-0.3	1.36	-0.1	-0.1	-1.5	-0.1	1.04	-1.1		0
1950	376	Danny O'Connell	http://www.baseball-reference.com/players/o/o'conda02.shtml	o'conda02	21	345	PIT	-1.4	-0.1	284	0.6	5.3	-4.7	1.04	0.6	-0.0	5.8	0.6	0.96	3.8	0.28	2
1950	377	Len Okrie	http://www.baseball-reference.com/players/o/okriele01.shtml	okriele01	26	34	WSH	-1.1	-0.1	29	-0.1	0.3	-0.4	.83	-0.1	-0.0	-2.0	-0.2	0.77	-1.6		0
1950	378	Luis Olmo	http://www.baseball-reference.com/players/o/olmolu01.shtml	olmolu01	30	173	BSN	-3.3	-0.3	154	0.0	3.2	-3.2	1.20	0.2	-0.2	-1.4	-0.1	1.03	2.1	0.85	15
1950	379	Roberto Ortiz	http://www.baseball-reference.com/players/o/ortizro01.shtml	ortizro01	35	98	TOT	-8.8	-0.8	93	-0.7	1.6	-2.3	1.32	-0.4	-0.1	-6.6	-0.6	1.04	-5.8	2.20	20
1950	380	Roberto Ortiz	http://www.baseball-reference.com/players/o/ortizro01.shtml	ortizro01	35	83	WSH	-5.3	-0.5	84	-0.6	1.5	-2.0	1.28	-0.3	-0.1	-5.5	-0.5	1.03	-4.8	2.23	19
1950	381	Roberto Ortiz	http://www.baseball-reference.com/players/o/ortizro01.shtml	ortizro01	35	15	PHA	-3.5	-0.3	9	-0.2	0.1	-0.3	1.64	-0.1	-0.0	-1.1	-0.1	1.16	-1.0	1.66	1
1950	382	Joe Ostrowski*	http://www.baseball-reference.com/players/o/ostrojo02.shtml	ostrojo02	33	34	TOT	-1.4	-0.1	28	-0.0	0.4	-0.4	.96	-0.1	0.0	-1.0	-0.1	1.01	-0.9		0
1950	383	Joe Ostrowski*	http://www.baseball-reference.com/players/o/ostrojo02.shtml	ostrojo02	33	22	SLB	-0.1	-0.0	17	0.0	0.3	-0.3	1.08	0.0	-0.0	0.7	0.1	0.94	0.1		0
1950	384	Joe Ostrowski*	http://www.baseball-reference.com/players/o/ostrojo02.shtml	ostrojo02	33	12	NYY	-1.3	-0.1	11	-0.0	0.1	-0.1	.77	-0.1	0.0	-1.7	-0.2	1.10	-1.0		0
1950	385	Johnny Ostrowski	http://www.baseball-reference.com/players/o/ostrojo01.shtml	ostrojo01	32	223	TOT	-4.4	-0.4	220	0.2	4.3	-4.2	1.15	-0.5	0.6	-2.9	-0.3	0.99	-5.2	1.43	16
1950	386	Johnny Ostrowski	http://www.baseball-reference.com/players/o/ostrojo01.shtml	ostrojo01	32	60	CHW	1.0	0.1	54	-0.2	0.7	-1.0	.99	-0.0	-0.2	-2.1	-0.2	0.89	-0.8	1.51	5
1950	387	Johnny Ostrowski	http://www.baseball-reference.com/players/o/ostrojo01.shtml	ostrojo01	32	163	WSH	-5.4	-0.5	166	0.4	3.6	-3.2	1.21	-0.4	0.8	-0.8	-0.1	1.02	-4.4	1.39	11
1950	388	Stubby Overmire	http://www.baseball-reference.com/players/o/overmst01.shtml	overmst01	31	62	SLB	-4.3	-0.4	36	0.1	0.6	-0.5	.93	-0.2	0.2	0.3	0.0	0.95	-2.1		0
1950	389	Mickey Owen	http://www.baseball-reference.com/players/o/owenmi01.shtml	owenmi01	34	275	CHC	-16.8	-1.6	250	-2.3	2.8	-5.1	.97	-1.8	-0.6	-19.0	-1.9	0.89	-18.9	1.20	1
1950	390	Andy Pafko	http://www.baseball-reference.com/players/p/pafkoan01.shtml	pafkoan01	29	595	CHC	42.5	4.1	523	3.8	12.4	-8.6	1.05	3.8	-0.2	37.8	3.6	0.94	46.9	2.07	2
1950	391	Joe Page*	http://www.baseball-reference.com/players/p/pagejo01.shtml	pagejo01	32	10	NYY	0.2	0.0	9	0.0	0.1	-0.1	.41	0.1	0.0	0.6	0.1	1.10	0.5		0
1950	392	Erv Palica	http://www.baseball-reference.com/players/p/palicer01.shtml	palicer01	22	71	BRO	-6.3	-0.6	73	-0.2	0.9	-1.1	.85	-0.4	0.1	-1.7	-0.2	0.94	-4.8		0
1950	393	Al Papai	http://www.baseball-reference.com/players/p/papaial01.shtml	papaial01	33	24	TOT	-3.0	-0.3	23	-0.1	0.2	-0.3	.63	-0.2	-0.0	-0.7	-0.1	0.82	-1.8		0
1950	394	Al Papai	http://www.baseball-reference.com/players/p/papaial01.shtml	papaial01	33	21	BOS	-2.1	-0.2	21	-0.1	0.2	-0.3	.64	-0.1	-0.0	-0.4	-0.0	0.85	-1.2		0
1950	395	Al Papai	http://www.baseball-reference.com/players/p/papaial01.shtml	papaial01	33	3	STL	-0.9	-0.1	2	-0.0	0.0	-0.0	.46	-0.1	-0.0	-0.3	-0.0	0.50	-0.6		0
1950	396	Mel Parnell*	http://www.baseball-reference.com/players/p/parneme01.shtml	parneme01	28	107	BOS	-12.7	-1.2	88	-0.6	0.8	-1.4	.78	-0.7	-0.0	-8.7	-0.8	0.94	-9.9		0
1950	397	Carlos Pascual	http://www.baseball-reference.com/players/p/pascuca01.shtml	pascuca01	19	5	WSH	-0.4	-0.0	5	-0.1	0.0	-0.1	.88	-0.1	-0.0	-0.8	-0.1	0.87	-0.7		0
1950	398	Jim Pearce	http://www.baseball-reference.com/players/p/pearcji01.shtml	pearcji01	25	13	WSH	-2.4	-0.2	12	-0.1	0.0	-0.2	.66	-0.2	-0.0	-3.3	-0.3	0.82	-3.4		0
1950	399	John Perkovich	http://www.baseball-reference.com/players/p/perkojo01.shtml	perkojo01	26	1	CHW	-0.3	-0.0	1	-0.0	0.0	-0.0	.10	-0.0	0.0	-0.2	-0.0	0.63	-0.3		0
1950	400	Harry Perkowski*	http://www.baseball-reference.com/players/p/perkoha01.shtml	perkoha01	27	23	CIN	-0.8	-0.1	24	-0.3	0.2	-0.4	.94	-0.1	-0.2	-0.2	-0.0	0.73	-0.5	1.37	15
1950	401	Johnny Pesky*	http://www.baseball-reference.com/players/p/peskyjo01.shtml	peskyjo01	31	605	BOS	10.0	0.9	556	2.2	10.3	-8.1	.98	1.9	0.4	26.7	2.4	0.99	22.9	0.89	2
1950	402	Kent Peterson	http://www.baseball-reference.com/players/p/peterke01.shtml	peterke01	24	4	CIN	-0.1	-0.0	4	-0.0	0.0	-0.1	.97	-0.0	-0.0	-0.5	-0.0	0.82	-0.4		0
1950	403	Dave Philley#	http://www.baseball-reference.com/players/p/phillda01.shtml	phillda01	30	682	CHW	-29.6	-2.8	532	0.7	9.9	-9.2	1.00	-0.4	1.1	-3.4	-0.3	0.92	-5.4	2.84	1
1950	404	Jack Phillips	http://www.baseball-reference.com/players/p/phillja02.shtml	phillja02	28	229	PIT	2.0	0.2	185	1.3	4.6	-3.3	1.11	0.7	0.5	8.7	0.8	1.00	7.2	1.93	9
1950	405	Billy Pierce*	http://www.baseball-reference.com/players/p/piercbi02.shtml	piercbi02	23	88	CHW	-4.3	-0.4	72	-0.1	1.1	-1.2	1.03	-0.3	0.1	-4.1	-0.4	0.95	-3.0		0
1950	406	Marino Pieretti	http://www.baseball-reference.com/players/p/pierema01.shtml	pierema01	29	7	CLE	-0.6	-0.1	7	0.0	0.1	-0.1	.98	-0.0	0.1	0.8	0.1	0.84	-0.3		0
1950	407	Bill Pierro	http://www.baseball-reference.com/players/p/pierrbi01.shtml	pierrbi01	24	9	PIT	-1.1	-0.1	4	-0.1	0.0	-0.1	.98	-0.1	-0.0	-1.3	-0.1	1.00	-1.3		0
1950	408	Jim Piersall	http://www.baseball-reference.com/players/p/piersji01.shtml	piersji01	20	11	BOS	0.6	0.1	10	0.1	0.2	-0.1	.98	0.0	0.1	0.6	0.1	0.96	0.3		0
1950	409	Duane Pillette	http://www.baseball-reference.com/players/p/pilledu01.shtml	pilledu01	27	25	TOT	-3.5	-0.3	20	-0.7	0.1	-0.8	1.32	-0.4	-0.1	-4.9	-0.5	0.97	-4.6		0
1950	410	Duane Pillette	http://www.baseball-reference.com/players/p/pilledu01.shtml	pilledu01	27	25	SLB	-3.5	-0.3	20	-0.7	0.1	-0.8	1.32	-0.4	-0.1	-4.9	-0.5	0.97	-4.6		0
1950	411	Bud Podbielan	http://www.baseball-reference.com/players/p/podbibu01.shtml	podbibu01	26	31	BRO	-5.3	-0.5	32	-0.7	0.1	-0.8	.98	-0.5	-0.2	-6.8	-0.7	0.99	-6.3		0
1950	412	Howie Pollet*	http://www.baseball-reference.com/players/p/polleho01.shtml	polleho01	29	91	STL	-13.5	-1.3	74	-1.1	0.5	-1.7	1.02	-0.9	-0.2	-13.5	-1.3	0.97	-11.5		0
1950	413	Bob Porterfield	http://www.baseball-reference.com/players/p/portebo01.shtml	portebo01	26	4	NYY	0.2	0.0	4	-0.0	0.0	-0.0	.20	0.0	-0.1	0.4	0.0	0.71	0.3		0
1950	414	Johnny Pramesa	http://www.baseball-reference.com/players/p/pramejo01.shtml	pramejo01	24	251	CIN	2.2	0.2	252	0.2	4.6	-4.3	1.06	0.1	0.1	0.8	0.1	0.97	0.6	0.84	3
1950	415	Jerry Priddy	http://www.baseball-reference.com/players/p/priddje01.shtml	priddje01	30	729	DET	-2.0	-0.2	617	0.3	10.7	-10.5	1.02	0.8	-0.5	2.3	0.2	0.96	8.7		0
1950	416	Mel Queen	http://www.baseball-reference.com/players/q/queenme01.shtml	queenme01	32	38	PIT	-8.6	-0.8	20	-0.1	0.2	-0.3	.81	-0.3	0.1	-1.4	-0.1	0.73	-3.1		0
1950	417	Marv Rackley*	http://www.baseball-reference.com/players/r/racklma01.shtml	racklma01	28	2	CIN	0.2	0.0	2	-0.1	0.0	-0.1	1.47	0.0	-0.1	0.7	0.1	0.91	0.4	1.47	2
1950	418	Ken Raffensberger	http://www.baseball-reference.com/players/r/raffeke01.shtml	raffeke01	32	89	CIN	-12.6	-1.2	89	-0.9	0.9	-1.8	.87	-1.0	0.0	-10.6	-1.0	0.91	-11.7		0
1950	419	Bob Ramazzotti	http://www.baseball-reference.com/players/r/ramazbo01.shtml	ramazbo01	33	151	CHC	-8.0	-0.8	158	-0.1	2.4	-2.5	.97	-0.8	0.7	-7.6	-0.8	0.92	-8.9	1.54	6
1950	420	Willie Ramsdell	http://www.baseball-reference.com/players/r/ramsdwi01.shtml	ramsdwi01	34	64	TOT	-6.3	-0.6	64	-0.8	0.6	-1.4	1.15	-0.5	-0.2	-6.0	-0.6	0.98	-5.5		0
1950	421	Willie Ramsdell	http://www.baseball-reference.com/players/r/ramsdwi01.shtml	ramsdwi01	34	3	BRO	-0.9	-0.1	3	-0.2	0.0	-0.2	2.60	-0.1	0.0	-0.8	-0.1	0.94	-0.9		0
1950	422	Willie Ramsdell	http://www.baseball-reference.com/players/r/ramsdwi01.shtml	ramsdwi01	34	61	CIN	-5.4	-0.5	61	-0.6	0.6	-1.2	1.08	-0.4	-0.1	-5.2	-0.5	0.98	-4.6		0
1950	423	Ribs Raney	http://www.baseball-reference.com/players/r/raneyri01.shtml	raneyri01	27	1	SLB	-0.3	-0.0	1	-0.0	0.0	-0.0	.92	-0.0	-0.0	-0.2	-0.0	0.63	-0.3		0
1950	424	Vic Raschi	http://www.baseball-reference.com/players/r/raschvi01.shtml	raschvi01	31	103	NYY	-8.8	-0.8	96	-0.9	1.1	-2.0	1.02	-0.8	-0.1	-8.5	-0.8	0.95	-9.4		0
1950	425	Pee Wee Reese	http://www.baseball-reference.com/players/r/reesepe01.shtml	reesepe01	31	633	BRO	-1.3	-0.1	663	2.4	11.7	-9.2	.96	2.0	0.6	23.8	2.3	0.96	18.9		0
1950	426	Pete Reiser*	http://www.baseball-reference.com/players/r/reisepe01.shtml	reisepe01	31	98	BSN	-1.6	-0.2	90	-0.3	1.3	-1.5	.98	0.3	-0.5	1.3	0.1	0.98	3.2	1.26	25
1950	427	Nap Reyes	http://www.baseball-reference.com/players/r/reyesna01.shtml	reyesna01	30	1	NYG	-0.3	-0.0	1	-0.0	0.0	-0.0	1.31	-0.0	-0.0	-0.1	-0.0	0.38	-0.3		0
1950	428	Allie Reynolds	http://www.baseball-reference.com/players/r/reynoal01.shtml	reynoal01	33	98	NYY	-8.5	-0.8	91	-0.8	0.8	-1.6	.93	-0.7	-0.1	-7.5	-0.7	1.00	-9.1		0
1950	429	Del Rice	http://www.baseball-reference.com/players/r/ricede01.shtml	ricede01	27	471	STL	-13.1	-1.3	387	0.2	7.0	-6.8	.99	-0.7	0.9	-1.8	-0.2	0.98	-6.9		0
1950	430	Hal Rice*	http://www.baseball-reference.com/players/r/riceha02.shtml	riceha02	26	139	STL	-10.7	-1.0	115	-1.1	1.4	-2.5	1.17	-0.9	-0.0	-10.9	-1.0	0.98	-11.0	1.84	6
1950	431	Marv Rickert*	http://www.baseball-reference.com/players/r/rickema01.shtml	rickema01	29	321	TOT	-21.4	-2.0	250	-1.7	3.8	-5.5	1.03	-1.4	-0.2	-16.4	-1.6	0.94	-17.9	2.49	17
1950	432	Marv Rickert*	http://www.baseball-reference.com/players/r/rickema01.shtml	rickema01	29	20	PIT	-3.6	-0.4	17	-0.6	0.1	-0.7	1.53	-0.2	-0.2	-2.1	-0.2	1.18	-2.1	1.93	12
1950	433	Marv Rickert*	http://www.baseball-reference.com/players/r/rickema01.shtml	rickema01	29	301	CHW	-17.7	-1.7	233	-1.1	3.6	-4.8	1.00	-1.2	0.1	-14.3	-1.4	0.92	-15.8	3.84	5
1950	434	Bill Rigney	http://www.baseball-reference.com/players/r/rignebi01.shtml	rignebi01	32	92	NYG	-9.6	-0.9	82	-0.9	1.2	-2.1	1.34	-0.5	-0.2	-6.9	-0.7	1.01	-6.1	1.88	18
1950	435	Bob Rinker	http://www.baseball-reference.com/players/r/rinkebo01.shtml	rinkebo01	29	3	PHA	-0.1	-0.0	2	0.0	0.0	0.0	.47	0.0	0.0	0.2	0.0	0.74	0.2	0.47	2
1950	436	Phil Rizzuto	http://www.baseball-reference.com/players/r/rizzuph01.shtml	rizzuph01	32	735	NYY	25.6	2.4	711	1.9	12.2	-10.3	.92	2.8	-0.8	28.5	2.7	0.95	32.0		0
1950	437	Robin Roberts#	http://www.baseball-reference.com/players/r/roberro01.shtml	roberro01	23	117	PHI	-17.8	-1.8	115	-1.3	0.8	-2.2	.94	-1.6	0.1	-18.8	-1.9	0.99	-17.7		0
1950	438	Sherry Robertson*	http://www.baseball-reference.com/players/r/robersh01.shtml	robersh01	31	145	WSH	-0.0	0.0	150	-0.3	2.9	-3.1	1.26	-0.1	-0.1	-0.8	-0.1	1.04	-1.3	1.28	33
1950	439	Aaron Robinson*	http://www.baseball-reference.com/players/r/robinaa01.shtml	robinaa01	35	358	DET	-2.7	-0.3	300	0.3	4.7	-4.4	.89	-0.0	0.4	-6.1	-0.6	0.97	-0.4	1.65	5
1950	440	Eddie Robinson*	http://www.baseball-reference.com/players/r/robined01.shtml	robined01	29	647	TOT	17.6	1.6	515	1.6	10.4	-8.8	1.04	1.2	0.3	12.3	1.2	0.94	11.7		0
1950	441	Eddie Robinson*	http://www.baseball-reference.com/players/r/robined01.shtml	robined01	29	156	WSH	-2.8	-0.3	158	0.3	3.3	-3.0	1.11	0.1	0.1	1.8	0.2	0.95	0.0		0
1950	442	Eddie Robinson*	http://www.baseball-reference.com/players/r/robined01.shtml	robined01	29	491	CHW	20.4	1.9	357	1.3	7.2	-5.8	1.01	1.1	0.2	10.6	1.0	0.94	11.7		0
1950	443	Jackie Robinson	http://www.baseball-reference.com/players/r/robinja02.shtml	robinja02	31	613	BRO	33.8	3.2	642	2.2	12.0	-9.8	.99	2.8	-0.5	29.9	2.8	0.99	33.1	0.86	2
1950	444	Preacher Roe	http://www.baseball-reference.com/players/r/roepr01.shtml	roepr01	34	101	BRO	-15.3	-1.5	102	-0.6	1.3	-1.9	.99	-1.2	0.6	-12.9	-1.3	1.01	-13.5		0
1950	445	Saul Rogovin	http://www.baseball-reference.com/players/r/rogovsa01.shtml	rogovsa01	28	16	DET	-1.7	-0.2	11	0.2	0.4	-0.2	.99	-0.0	0.2	1.7	0.2	1.09	-0.2		0
1950	446	Stan Rojek	http://www.baseball-reference.com/players/r/rojekst01.shtml	rojekst01	31	253	PIT	-11.9	-1.2	223	-0.8	3.2	-4.1	1.03	-0.9	0.0	-9.1	-0.9	0.91	-10.0	2.20	5
1950	447	Jim Romano	http://www.baseball-reference.com/players/r/romanji01.shtml	romanji01	23	1	BRO	-0.3	-0.0	1	-0.0	0.0	-0.0	1.57	-0.0	0.0	-0.3	-0.0	1.10	-0.3		0
1950	448	Buddy Rosar	http://www.baseball-reference.com/players/r/rosarbu01.shtml	rosarbu01	35	91	BOS	-3.4	-0.3	79	0.2	1.4	-1.2	.94	-0.1	0.4	-1.2	-0.1	0.97	-1.9	1.49	2
1950	449	Al Rosen	http://www.baseball-reference.com/players/r/rosenal01.shtml	rosenal01	26	668	CLE	38.6	3.6	690	2.8	15.0	-12.2	1.04	3.6	-0.9	31.9	3.0	1.00	45.1	3.58	1
1950	450	Bob Ross	http://www.baseball-reference.com/players/r/rossbo01.shtml	rossbo01	21	3	WSH	-0.9	-0.1	3	-0.1	0.0	-0.1	.93	-0.1	-0.0	-1.8	-0.2	1.28	-1.3		0
1950	451	Normie Roy	http://www.baseball-reference.com/players/r/royno01.shtml	royno01	21	21	BSN	-2.2	-0.2	17	-0.2	0.1	-0.3	.83	-0.2	-0.0	-2.0	-0.2	0.99	-2.1		0
1950	452	Dick Rozek*	http://www.baseball-reference.com/players/r/rozekdi01.shtml	rozekdi01	23	6	CLE	-1.5	-0.1	6	-0.1	0.0	-0.1	.54	-0.1	0.0	-1.7	-0.2	0.96	-1.8		0
1950	453	Rudy Rufer	http://www.baseball-reference.com/players/r/ruferru01.shtml	ruferru01	23	11	NYG	-2.5	-0.2	9	-0.1	0.0	-0.1	.52	-0.1	-0.1	-1.9	-0.2	0.86	-2.2	0.93	4
1950	454	Bob Rush	http://www.baseball-reference.com/players/r/rushbo01.shtml	rushbo01	24	94	CHC	-12.1	-1.2	84	-0.9	0.8	-1.7	.98	-0.7	-0.2	-10.4	-1.0	0.91	-8.9	0.37	1
1950	455	Jim Russell#	http://www.baseball-reference.com/players/r/russeji01.shtml	russeji01	31	246	BRO	-2.2	-0.2	254	1.2	5.4	-4.2	1.02	0.8	0.4	8.1	0.8	0.97	8.6	1.57	21
1950	456	Connie Ryan	http://www.baseball-reference.com/players/r/ryanco01.shtml	ryanco01	30	513	TOT	-6.8	-0.7	524	-0.8	8.4	-9.2	1.05	-0.0	-0.7	-1.6	-0.1	0.97	-0.5	0.07	1
1950	457	Connie Ryan	http://www.baseball-reference.com/players/r/ryanco01.shtml	ryanco01	30	87	BSN	-1.6	-0.2	86	-0.2	1.0	-1.2	.84	0.2	-0.4	1.1	0.1	0.88	1.0		0
1950	458	Connie Ryan	http://www.baseball-reference.com/players/r/ryanco01.shtml	ryanco01	30	426	CIN	-5.2	-0.5	438	-0.6	7.4	-8.0	1.09	-0.2	-0.3	-2.7	-0.3	0.99	-1.5	0.07	1
1950	459	Tom Saffell*	http://www.baseball-reference.com/players/s/saffeto01.shtml	saffeto01	28	202	PIT	-16.4	-1.6	164	-1.4	2.0	-3.4	1.15	-1.1	-0.1	-12.4	-1.2	0.89	-12.4	1.82	19
1950	460	Johnny Sain	http://www.baseball-reference.com/players/s/sainjo01.shtml	sainjo01	32	115	BSN	-9.0	-0.9	102	-0.6	1.4	-2.0	1.09	-0.9	0.3	-7.9	-0.8	1.03	-8.9		0
1950	461	Bill Salkeld*	http://www.baseball-reference.com/players/s/salkebi01.shtml	salkebi01	33	4	CHW	-0.6	-0.1	4	-0.1	0.0	-0.1	1.03	-0.1	0.0	-0.7	-0.1	0.89	-0.9		0
1950	462	Fred Sanford#	http://www.baseball-reference.com/players/s/sanfofr01.shtml	sanfofr01	30	37	NYY	-3.3	-0.3	35	-0.1	0.6	-0.7	1.01	-0.2	0.1	-2.0	-0.2	0.97	-2.6		0
1950	463	Hank Sauer	http://www.baseball-reference.com/players/s/sauerha01.shtml	sauerha01	33	603	CHC	19.2	1.8	529	1.8	11.2	-9.4	1.00	2.2	-0.4	16.1	1.6	0.95	22.6	1.71	3
1950	464	Carl Sawatski*	http://www.baseball-reference.com/players/s/sawatca01.shtml	sawatca01	22	114	CHC	-11.4	-1.1	92	-0.8	0.8	-1.6	.91	-0.9	0.0	-9.8	-1.0	0.94	-10.6	2.49	9
1950	465	Jerry Scala*	http://www.baseball-reference.com/players/s/scalaje01.shtml	scalaje01	25	77	CHW	-5.6	-0.5	58	-1.1	0.4	-1.5	1.11	-0.7	-0.3	-8.4	-0.8	1.06	-7.0	0.76	2
1950	466	Ray Scarborough	http://www.baseball-reference.com/players/s/scarbra01.shtml	scarbra01	32	74	TOT	-10.4	-1.0	58	-0.6	0.7	-1.3	1.05	-0.8	0.2	-8.9	-0.9	1.04	-9.5		0
1950	467	Ray Scarborough	http://www.baseball-reference.com/players/s/scarbra01.shtml	scarbra01	32	21	WSH	-3.7	-0.4	21	-0.4	0.2	-0.6	1.12	-0.4	0.0	-5.4	-0.5	1.02	-4.8		0
1950	468	Ray Scarborough	http://www.baseball-reference.com/players/s/scarbra01.shtml	scarbra01	32	53	CHW	-6.7	-0.6	37	-0.2	0.6	-0.8	1.00	-0.4	0.2	-3.6	-0.3	1.05	-4.7		0
1950	469	Sid Schacht	http://www.baseball-reference.com/players/s/schacsi01.shtml	schacsi01	32	3	SLB	-0.3	-0.0	3	0.0	0.0	-0.0	.40	0.0	0.1	-0.8	-0.1	0.97	-0.5		0
1950	470	Charley Schanz	http://www.baseball-reference.com/players/s/schanch01.shtml	schanch01	31	12	BOS	-2.4	-0.2	12	-0.2	0.0	-0.3	.97	-0.1	-0.1	-2.8	-0.2	1.20	-1.9		0
1950	471	Bob Scheffing	http://www.baseball-reference.com/players/s/schefbo01.shtml	schefbo01	36	67	TOT	-2.7	-0.3	62	-0.6	0.9	-1.5	1.29	-0.4	-0.1	-2.8	-0.3	0.98	-3.6	1.85	18
1950	472	Bob Scheffing	http://www.baseball-reference.com/players/s/schefbo01.shtml	schefbo01	36	16	CHC	-2.0	-0.2	11	-0.3	0.1	-0.4	1.44	-0.2	-0.0	-2.1	-0.2	1.01	-1.8	1.87	8
1950	473	Bob Scheffing	http://www.baseball-reference.com/players/s/schefbo01.shtml	schefbo01	36	51	CIN	-0.7	-0.1	51	-0.3	0.8	-1.1	1.26	-0.2	-0.1	-0.8	-0.1	0.98	-1.8	1.84	10
1950	474	Carl Scheib	http://www.baseball-reference.com/players/s/scheica01.shtml	scheica01	23	53	PHA	-3.9	-0.4	48	-0.8	0.5	-1.3	1.23	-0.3	-0.4	-3.6	-0.3	1.09	-2.4	2.40	6
1950	475	Hank Schenz	http://www.baseball-reference.com/players/s/schenha01.shtml	schenha01	31	110	PIT	-6.9	-0.7	91	-0.6	1.3	-1.9	1.04	-0.3	-0.3	-3.3	-0.3	0.98	-3.9	0.83	12
1950	476	Johnny Schmitz	http://www.baseball-reference.com/players/s/schmijo01.shtml	schmijo01	29	70	CHC	-12.4	-1.2	61	-0.8	0.3	-1.1	.79	-1.0	0.0	-8.6	-0.9	0.84	-10.9		0
1950	477	Red Schoendienst#	http://www.baseball-reference.com/players/s/schoere01.shtml	schoere01	27	693	STL	-17.1	-1.7	582	-2.8	8.5	-11.3	1.01	-1.1	-1.7	-22.4	-2.2	0.96	-16.3		0
1950	478	Andy Seminick	http://www.baseball-reference.com/players/s/seminan01.shtml	seminan01	29	468	PHI	26.3	2.5	463	2.4	10.2	-7.8	1.10	3.0	-0.9	28.1	2.7	0.94	34.0	2.78	6
1950	479	Bill Serena	http://www.baseball-reference.com/players/s/serenbi01.shtml	serenbi01	25	503	CHC	-0.2	-0.0	452	0.5	8.3	-7.8	.99	-0.2	0.7	4.8	0.5	0.91	-2.5	2.10	1
1950	480	Bobby Shantz	http://www.baseball-reference.com/players/s/shantbo01.shtml	shantbo01	24	78	PHA	-8.2	-0.8	67	-0.1	1.1	-1.3	1.16	-0.1	-0.0	-2.3	-0.2	1.00	-1.6		0
1950	481	George Shuba*	http://www.baseball-reference.com/players/s/shubage01.shtml	shubage01	25	126	BRO	-3.6	-0.4	130	0.5	2.6	-2.1	1.01	-0.2	0.6	-0.6	-0.1	0.92	-2.7	2.22	6
1950	482	Roy Sievers	http://www.baseball-reference.com/players/s/sievero01.shtml	sievero01	23	408	SLB	-16.3	-1.6	263	-1.1	4.2	-5.2	1.01	-1.3	0.2	-14.0	-1.3	0.95	-15.1	2.08	12
1950	483	Charlie Silvera	http://www.baseball-reference.com/players/s/silvech01.shtml	silvech01	25	26	NYY	-4.1	-0.4	23	-0.3	0.1	-0.4	.90	-0.3	-0.1	-4.9	-0.5	0.90	-4.6	0.43	2
1950	484	Ken Silvestri#	http://www.baseball-reference.com/players/s/silveke01.shtml	silveke01	34	26	PHI	0.2	0.0	21	-0.0	0.3	-0.3	.97	0.1	-0.1	1.5	0.1	1.18	1.4	2.61	2
1950	485	Al Sima	http://www.baseball-reference.com/players/s/simaal01.shtml	simaal01	28	27	WSH	-5.5	-0.5	28	-0.5	0.1	-0.6	.90	-0.6	0.0	-8.8	-0.9	1.04	-7.1		0
1950	486	Curt Simmons*	http://www.baseball-reference.com/players/s/simmocu01.shtml	simmocu01	21	86	PHI	-11.2	-1.1	78	-0.5	0.6	-1.1	.78	-0.7	0.1	-6.5	-0.6	0.94	-8.4		0
1950	487	Elmer Singleton	http://www.baseball-reference.com/players/s/singlel01.shtml	singlel01	32	8	WSH	0.6	0.1	9	-0.1	0.1	-0.2	1.17	-0.0	-0.0	-0.8	-0.1	0.80	-0.4		0
1950	488	Dick Sisler*	http://www.baseball-reference.com/players/s/sisledi01.shtml	sisledi01	29	593	PHI	12.9	1.2	578	1.5	11.2	-9.7	1.05	1.2	0.3	17.8	1.7	0.96	12.0	2.35	2
1950	489	Sibby Sisti	http://www.baseball-reference.com/players/s/sistisi01.shtml	sistisi01	29	123	BSN	-6.9	-0.7	107	-0.1	1.6	-1.7	1.05	-0.3	0.2	-4.1	-0.4	1.02	-4.6	1.37	8
1950	490	Enos Slaughter*	http://www.baseball-reference.com/players/s/slaugen01.shtml	slaugen01	34	632	STL	2.3	0.2	542	0.6	10.3	-9.7	1.09	1.1	-0.5	19.5	1.8	1.03	13.6	1.11	2
1950	491	Roy Smalley	http://www.baseball-reference.com/players/s/smallro01.shtml	smallro01	24	617	CHC	-14.9	-1.4	544	-1.3	9.6	-11.0	1.08	-0.5	-0.7	-0.5	-0.1	0.96	-5.9		0
1950	492	Frank Smith	http://www.baseball-reference.com/players/s/smithfr06.shtml	smithfr06	22	21	CIN	-4.6	-0.4	21	-0.6	0.1	-0.6	.92	-0.5	-0.1	-5.6	-0.5	0.90	-5.3		0
1950	493	Duke Snider*	http://www.baseball-reference.com/players/s/snidedu01.shtml	snidedu01	23	684	BRO	32.9	3.2	729	2.9	14.3	-11.4	.96	4.2	-1.2	46.1	4.3	0.96	50.2	1.43	1
1950	494	Bill Sommers	http://www.baseball-reference.com/players/s/sommebi01.shtml	sommebi01	27	170	SLB	-5.0	-0.5	102	-0.4	1.6	-2.0	1.14	-0.6	0.3	-6.7	-0.6	1.07	-7.7	1.46	10
1950	495	Warren Spahn*	http://www.baseball-reference.com/players/s/spahnwa01.shtml	spahnwa01	29	118	BSN	-9.4	-0.9	106	-0.6	1.3	-1.9	.94	-0.5	-0.1	-4.1	-0.4	1.03	-5.3		0
1950	496	George Spencer	http://www.baseball-reference.com/players/s/spencge01.shtml	spencge01	23	4	NYG	-1.2	-0.1	1	-0.0	0.0	-0.0	.67	-0.0	-0.0	-0.3	-0.0	0.86	-0.3		0
1950	497	Gerry Staley	http://www.baseball-reference.com/players/s/stalege01.shtml	stalege01	29	62	STL	-8.6	-0.8	46	-0.5	0.2	-0.7	.75	-0.7	0.1	-8.6	-0.8	0.92	-8.4		0
1950	498	Virgil Stallcup	http://www.baseball-reference.com/players/s/stallvi01.shtml	stallvi01	28	507	CIN	-26.4	-2.6	517	-3.5	7.4	-10.9	1.05	-2.5	-0.8	-30.6	-3.0	0.98	-29.2		0
1950	499	Eddie Stanky	http://www.baseball-reference.com/players/s/stanked01.shtml	stanked01	34	692	NYG	36.4	3.5	649	3.4	12.1	-8.7	.92	3.8	-0.2	39.4	3.8	0.91	43.9	1.91	0
1950	500	Dick Starr	http://www.baseball-reference.com/players/s/starrdi01.shtml	starrdi01	29	41	SLB	-7.0	-0.7	29	-0.1	0.3	-0.4	.91	-0.3	0.2	-2.3	-0.2	0.96	-3.2		0
1950	501	Vern Stephens	http://www.baseball-reference.com/players/s/stephve01.shtml	stephve01	29	693	BOS	8.4	0.8	631	0.2	12.1	-11.9	1.02	1.1	-0.9	13.5	1.2	1.05	21.1	2.50	3
1950	502	Ed Stevens*	http://www.baseball-reference.com/players/s/steveed01.shtml	steveed01	25	50	PIT	-4.7	-0.5	45	-0.5	0.5	-0.9	1.08	-0.4	-0.0	-4.0	-0.4	0.95	-4.6	1.92	3
1950	503	Bud Stewart*	http://www.baseball-reference.com/players/s/stewabu01.shtml	stewabu01	34	428	WSH	-6.5	-0.6	415	-1.2	6.7	-7.9	1.06	-0.5	-0.7	-14.2	-1.4	0.98	-7.2	1.92	19
1950	504	Snuffy Stirnweiss	http://www.baseball-reference.com/players/s/stirnsn01.shtml	stirnsn01	31	383	TOT	-22.5	-2.2	261	-1.8	3.3	-5.1	1.00	-1.6	-0.2	-17.4	-1.6	0.91	-20.6	0.67	2
1950	505	Snuffy Stirnweiss	http://www.baseball-reference.com/players/s/stirnsn01.shtml	stirnsn01	31	2	NYY	-0.6	-0.1	2	-0.0	0.0	-0.0	.22	-0.1	0.0	-0.5	-0.0	0.80	-0.6	0.17	1
1950	506	Snuffy Stirnweiss	http://www.baseball-reference.com/players/s/stirnsn01.shtml	stirnsn01	31	381	SLB	-21.9	-2.1	259	-1.8	3.3	-5.1	1.01	-1.6	-0.2	-16.9	-1.6	0.92	-20.0	1.16	1
1950	507	Chuck Stobbs*	http://www.baseball-reference.com/players/s/stobbch01.shtml	stobbch01	20	73	BOS	-3.1	-0.3	71	-0.2	0.7	-0.9	.72	-0.2	-0.1	-1.9	-0.2	0.97	-1.9		0
1950	508	George Strickland	http://www.baseball-reference.com/players/s/stricge01.shtml	stricge01	24	32	PIT	-4.4	-0.4	26	0.3	0.7	-0.4	1.06	-0.2	0.4	-3.0	-0.3	1.01	-3.1	3.42	2
1950	509	Lou Stringer	http://www.baseball-reference.com/players/s/strinlo01.shtml	strinlo01	33	17	BOS	-1.2	-0.1	18	-0.4	0.2	-0.6	1.33	-0.1	-0.2	-1.5	-0.1	0.94	-1.6	1.13	9
1950	510	Marlin Stuart*	http://www.baseball-reference.com/players/s/stuarma01.shtml	stuarma01	31	14	DET	-2.6	-0.2	12	-0.2	0.0	-0.2	.70	-0.2	-0.1	-2.2	-0.2	0.78	-2.3		0
1950	511	Pete Suder	http://www.baseball-reference.com/players/s/suderpe01.shtml	suderpe01	34	274	PHA	-9.2	-0.9	230	-1.9	2.9	-4.7	1.04	-1.0	-0.7	-11.2	-1.1	1.00	-5.7	1.47	4
1950	512	Max Surkont	http://www.baseball-reference.com/players/s/surkoma01.shtml	surkoma01	28	24	BSN	3.1	0.3	18	0.3	0.5	-0.2	1.05	0.2	0.1	1.7	0.2	0.97	1.5		0
1950	513	Bob Swift	http://www.baseball-reference.com/players/s/swiftbo01.shtml	swiftbo01	35	159	DET	-6.2	-0.6	132	-0.8	1.8	-2.6	.98	-0.5	-0.4	-7.0	-0.7	0.93	-5.0	0.33	1
1950	514	Ted Tappe*	http://www.baseball-reference.com/players/t/tappete01.shtml	tappete01	19	6	CIN	0.6	0.0	6	-0.2	0.1	-0.3	1.89	0.0	-0.1	-0.6	-0.1	1.25	0.4	1.89	5
1950	515	Fred Taylor*	http://www.baseball-reference.com/players/t/taylofr01.shtml	taylofr01	25	17	WSH	-2.9	-0.3	12	-0.2	0.1	-0.3	1.07	-0.1	-0.1	-0.9	-0.1	0.82	-1.8	1.19	3
1950	516	Harry Taylor	http://www.baseball-reference.com/players/t/tayloha03.shtml	tayloha03	31	7	BOS	-0.7	-0.1	7	-0.0	0.0	-0.1	.48	-0.1	0.1	-0.3	-0.0	0.68	-0.9		0
1950	517	Birdie Tebbetts	http://www.baseball-reference.com/players/t/tebbebi01.shtml	tebbebi01	37	299	BOS	0.1	0.0	296	0.7	5.0	-4.3	.88	0.3	0.5	0.7	0.1	1.00	1.5	1.67	2
1950	518	Wayne Terwilliger	http://www.baseball-reference.com/players/t/terwiwa01.shtml	terwiwa01	25	537	CHC	-16.4	-1.6	475	-1.0	7.3	-8.3	.99	-1.0	0.0	-15.9	-1.6	0.90	-14.5	1.59	5
1950	519	Leo Thomas	http://www.baseball-reference.com/players/t/thomale02.shtml	thomale02	26	148	SLB	-9.4	-0.9	107	-1.2	0.9	-2.0	.88	-0.8	-0.5	-11.8	-1.1	1.00	-7.5		0
1950	520	Hank Thompson*	http://www.baseball-reference.com/players/t/thompha02.shtml	thompha02	24	603	NYG	18.8	1.8	568	1.2	10.4	-9.1	.99	2.6	-1.3	35.1	3.3	0.97	29.4	2.51	2
1950	521	Bobby Thomson	http://www.baseball-reference.com/players/t/thomsbo01.shtml	thomsbo01	26	627	NYG	-2.2	-0.2	584	-1.5	9.6	-11.1	1.02	0.1	-1.6	-4.3	-0.4	0.97	0.2	1.09	1
1950	522	Joe Tipton	http://www.baseball-reference.com/players/t/tiptojo01.shtml	tiptojo01	28	205	PHA	-3.6	-0.3	148	-0.7	2.3	-3.0	1.04	-0.6	-0.1	-7.4	-0.7	0.96	-7.2	0.23	4
1950	523	Earl Torgeson*	http://www.baseball-reference.com/players/t/torgeea01.shtml	torgeea01	26	707	BSN	38.2	3.7	634	3.9	12.5	-8.6	.92	3.4	0.8	44.7	4.4	0.93	39.0	0.23	0
1950	524	Dizzy Trout	http://www.baseball-reference.com/players/t/troutdi01.shtml	troutdi01	35	72	DET	-6.4	-0.6	57	-0.1	0.8	-0.9	.84	-0.3	0.1	-1.7	-0.2	0.96	-3.1		0
1950	525	Virgil Trucks	http://www.baseball-reference.com/players/t/truckvi01.shtml	truckvi01	33	20	DET	-3.5	-0.3	13	-0.2	0.1	-0.3	1.23	-0.2	0.0	-1.9	-0.2	0.83	-1.9		0
1950	526	Thurman Tucker*	http://www.baseball-reference.com/players/t/tucketh01.shtml	tucketh01	32	116	CLE	-9.8	-0.9	119	0.5	2.6	-2.0	1.05	-0.2	0.7	-4.0	-0.4	0.93	-5.3	1.41	20
1950	527	Earl Turner	http://www.baseball-reference.com/players/t/turneea01.shtml	turneea01	27	78	PIT	-4.1	-0.4	53	-0.9	0.5	-1.4	1.14	-0.4	-0.4	-5.1	-0.5	0.95	-4.9	1.29	8
1950	528	Tom Upton	http://www.baseball-reference.com/players/u/uptonto01.shtml	uptonto01	23	449	SLB	-25.6	-2.4	321	-0.1	4.7	-4.8	.90	-0.6	0.5	-5.6	-0.5	0.90	-9.9	0.37	4
1950	529	Bob Usher	http://www.baseball-reference.com/players/u/usherbo01.shtml	usherbo01	25	353	CIN	-9.8	-1.0	363	0.1	6.5	-6.4	1.05	-0.1	0.2	4.2	0.4	0.97	-3.1	1.47	14
1950	530	Elmer Valo*	http://www.baseball-reference.com/players/v/valoel01.shtml	valoel01	29	542	PHA	9.1	0.8	444	-0.1	7.3	-7.4	1.02	0.7	-0.8	4.4	0.4	0.95	7.4	1.46	4
1950	531	Chris Van Cuyk*	http://www.baseball-reference.com/players/v/vancuch01.shtml	vancuch01	23	11	BRO	-2.2	-0.2	11	-0.2	0.0	-0.3	1.08	-0.2	-0.0	-2.4	-0.2	0.99	-2.3		0
1950	532	Johnny Vander Meer#	http://www.baseball-reference.com/players/v/vandejo01.shtml	vandejo01	35	17	CHC	-2.3	-0.2	17	-0.2	0.1	-0.2	.66	-0.2	-0.0	-2.4	-0.2	0.83	-2.5		0
1950	533	Emil Verban	http://www.baseball-reference.com/players/v/verbaem01.shtml	verbaem01	34	48	TOT	-7.8	-0.8	47	-0.5	0.3	-0.8	.84	-0.6	-0.0	-6.9	-0.7	0.96	-7.1	0.64	13
1950	534	Emil Verban	http://www.baseball-reference.com/players/v/verbaem01.shtml	verbaem01	34	43	CHC	-6.4	-0.6	43	-0.4	0.3	-0.7	.87	-0.5	-0.0	-6.0	-0.6	0.98	-6.0	0.64	13
1950	535	Emil Verban	http://www.baseball-reference.com/players/v/verbaem01.shtml	verbaem01	34	5	BSN	-1.4	-0.1	4	-0.1	0.0	-0.1	.54	-0.1	0.0	-0.9	-0.1	0.79	-1.1		0
1950	536	Mickey Vernon*	http://www.baseball-reference.com/players/v/vernomi01.shtml	vernomi01	32	489	TOT	4.3	0.4	478	0.8	9.0	-8.2	1.10	0.7	-0.0	12.3	1.2	0.99	9.3	1.78	7
1950	537	Mickey Vernon*	http://www.baseball-reference.com/players/v/vernomi01.shtml	vernomi01	32	105	CLE	-9.9	-1.0	108	-0.4	1.4	-1.8	1.05	-0.4	0.0	-2.0	-0.2	0.93	-4.1	2.61	3
1950	538	Mickey Vernon*	http://www.baseball-reference.com/players/v/vernomi01.shtml	vernomi01	32	384	WSH	14.2	1.3	370	1.2	7.6	-6.4	1.11	1.1	-0.1	14.2	1.4	1.01	13.4	1.16	4
1950	539	Bill Voiselle	http://www.baseball-reference.com/players/v/voisebi01.shtml	voisebi01	31	13	CHC	-3.0	-0.3	13	-0.3	0.0	-0.3	.93	-0.2	-0.1	-2.6	-0.3	0.80	-2.7		0
1950	540	Clyde Vollmer	http://www.baseball-reference.com/players/v/vollmcl01.shtml	vollmcl01	28	206	TOT	0.0	-0.0	196	0.6	3.8	-3.2	.93	0.4	0.3	13.0	1.1	0.99	5.5	1.42	19
1950	541	Clyde Vollmer	http://www.baseball-reference.com/players/v/vollmcl01.shtml	vollmcl01	28	16	WSH	-0.4	-0.0	17	-0.3	0.2	-0.4	1.28	-0.0	-0.2	-2.3	-0.2	1.15	-0.5	2.21	2
1950	542	Clyde Vollmer	http://www.baseball-reference.com/players/v/vollmcl01.shtml	vollmcl01	28	190	BOS	0.4	0.0	179	0.8	3.6	-2.8	.89	0.4	0.6	15.3	1.4	0.98	6.0	1.33	17
1950	543	Kermit Wahl	http://www.baseball-reference.com/players/w/wahlke01.shtml	wahlke01	27	319	PHA	-10.9	-1.0	231	-1.8	3.5	-5.4	1.18	-0.8	-0.8	-10.3	-1.0	1.01	-9.7	0.33	5
1950	544	Eddie Waitkus*	http://www.baseball-reference.com/players/w/waitked01.shtml	waitked01	30	702	PHI	-12.0	-1.2	691	-0.5	11.1	-11.6	1.01	-0.2	-0.3	-3.5	-0.3	0.91	-3.7	0.71	1
1950	545	Dick Wakefield*	http://www.baseball-reference.com/players/w/wakefdi01.shtml	wakefdi01	29	3	NYY	0.5	0.0	2	-0.0	0.0	-0.0	.43	0.0	-0.0	-0.1	-0.0	0.86	0.1	0.43	1
1950	546	Harry Walker*	http://www.baseball-reference.com/players/w/walkeha01.shtml	walkeha01	33	167	STL	-13.3	-1.3	148	-1.4	1.5	-2.9	1.01	-1.2	-0.2	-13.3	-1.3	0.96	-14.2	0.82	5
1950	547	Rube Walker*	http://www.baseball-reference.com/players/w/walkeru01.shtml	walkeru01	24	231	CHC	-10.0	-1.0	207	-1.4	2.6	-4.0	1.00	-0.6	-0.8	-6.5	-0.6	0.90	-7.4	1.84	13
1950	548	Murray Wall	http://www.baseball-reference.com/players/w/wallmu01.shtml	wallmu01	23	1	BSN	-0.3	-0.0	1	-0.0	0.0	-0.0	.12	-0.0	0.0	-0.2	-0.0	0.61	-0.3		0
1950	549	Junior Walsh	http://www.baseball-reference.com/players/w/walshju01.shtml	walshju01	31	9	PIT	0.3	0.0	7	0.1	0.2	-0.1	1.05	0.0	0.1	1.3	0.1	1.11	0.6		0
1950	550	Bucky Walters	http://www.baseball-reference.com/players/w/waltebu01.shtml	waltebu01	41	2	BSN	-0.6	-0.1	2	-0.0	0.0	-0.0	.37	-0.1	0.0	-0.5	-0.1	0.86	-0.6		0
1950	551	Preston Ward*	http://www.baseball-reference.com/players/w/wardpr01.shtml	wardpr01	22	319	CHC	-8.4	-0.8	266	1.5	6.1	-4.5	1.04	0.4	1.0	7.4	0.7	0.90	3.4	3.16	3
1950	552	Roy Weatherly*	http://www.baseball-reference.com/players/w/weathro01.shtml	weathro01	35	82	NYG	0.5	0.0	69	-0.3	1.8	-2.1	1.50	-0.0	-0.2	-3.1	-0.3	1.09	-0.6	1.79	30
1950	553	Herm Wehmeier	http://www.baseball-reference.com/players/w/wehmehe01.shtml	wehmehe01	23	94	CIN	-14.8	-1.5	96	-1.6	0.8	-2.4	1.12	-1.4	-0.0	-17.0	-1.7	0.98	-16.0		0
1950	554	Dick Weik	http://www.baseball-reference.com/players/w/weikdi01.shtml	weikdi01	22	18	TOT	-2.7	-0.2	18	-0.2	0.1	-0.3	.74	-0.3	-0.1	-2.5	-0.2	0.75	-3.2		0
1950	555	Dick Weik	http://www.baseball-reference.com/players/w/weikdi01.shtml	weikdi01	22	13	WSH	-2.4	-0.2	13	-0.2	0.1	-0.2	.78	-0.2	0.0	-1.7	-0.2	0.77	-2.6		0
1950	556	Dick Weik	http://www.baseball-reference.com/players/w/weikdi01.shtml	weikdi01	22	5	CLE	-0.4	-0.0	5	-0.1	0.0	-0.1	.62	-0.0	-0.1	-0.7	-0.1	0.72	-0.6		0
1950	557	Bob Wellman	http://www.baseball-reference.com/players/w/wellmbo01.shtml	wellmbo01	24	15	PHA	0.2	0.0	13	0.0	0.3	-0.2	1.03	0.1	-0.0	0.2	0.0	0.87	0.4	1.23	6
1950	558	Bill Werle*	http://www.baseball-reference.com/players/w/werlebi01.shtml	werlebi01	29	74	PIT	-7.1	-0.7	65	-1.1	0.6	-1.7	1.17	-0.7	-0.2	-8.8	-0.8	1.00	-7.9		0
1950	559	Vic Wertz*	http://www.baseball-reference.com/players/w/wertzvi01.shtml	wertzvi01	25	657	DET	32.3	3.0	540	2.9	12.7	-9.7	1.11	3.0	-0.4	39.5	3.6	0.99	35.8	3.22	1
1950	560	Wally Westlake	http://www.baseball-reference.com/players/w/westlwa01.shtml	westlwa01	29	532	PIT	11.5	1.1	445	0.1	9.7	-9.5	1.17	0.6	-0.5	13.2	1.3	1.01	7.6	2.23	14
1950	561	Wes Westrum	http://www.baseball-reference.com/players/w/westrwe01.shtml	westrwe01	27	532	NYG	8.8	0.8	498	1.2	9.5	-8.4	1.03	1.5	-0.3	12.8	1.2	0.98	16.2	1.54	0
1950	562	Hal White	http://www.baseball-reference.com/players/w/whiteha01.shtml	whiteha01	31	35	DET	-6.4	-0.6	29	-0.4	0.2	-0.6	.89	-0.6	0.1	-6.7	-0.6	0.98	-6.7		0
1950	563	Dick Whitman*	http://www.baseball-reference.com/players/w/whitmdi01.shtml	whitmdi01	29	145	PHI	-6.2	-0.6	148	0.3	3.1	-2.8	1.16	-0.3	0.5	-3.4	-0.3	1.00	-4.5	1.50	38
1950	564	Al Widmar	http://www.baseball-reference.com/players/w/widmaal01.shtml	widmaal01	25	72	SLB	-11.4	-1.1	41	-0.8	0.3	-1.0	1.02	-0.6	-0.2	-6.1	-0.6	0.89	-6.9		0
1950	565	Bill Wight*	http://www.baseball-reference.com/players/w/wightbi01.shtml	wightbi01	28	75	CHW	-17.1	-1.7	56	-1.0	0.3	-1.3	1.04	-1.1	0.1	-10.1	-1.0	0.95	-12.6		0
1950	566	Ted Wilks	http://www.baseball-reference.com/players/w/wilkste01.shtml	wilkste01	34	4	STL	-1.2	-0.1	1	-0.0	0.0	-0.0	.71	-0.0	0.0	-0.3	-0.0	0.86	-0.3		0
1950	567	Ted Williams*	http://www.baseball-reference.com/players/w/willite01.shtml	willite01	31	416	BOS	37.7	3.5	386	2.9	8.0	-5.1	.89	3.9	-0.6	50.6	4.4	0.99	50.5	2.00	1
1950	568	Bill Wilson	http://www.baseball-reference.com/players/w/wilsobi02.shtml	wilsobi02	21	8	CHW	-1.2	-0.1	4	-0.0	0.0	-0.0	.33	-0.0	-0.0	-0.2	-0.0	0.54	-0.6	0.27	0
1950	569	Ken Wood	http://www.baseball-reference.com/players/w/woodke01.shtml	woodke01	25	410	SLB	-16.8	-1.6	282	0.3	6.4	-6.1	1.16	-0.9	1.2	-9.7	-0.9	1.00	-15.2	1.66	22
1950	570	Gene Woodling*	http://www.baseball-reference.com/players/w/woodlge01.shtml	woodlge01	27	523	NYY	5.0	0.5	493	0.8	8.4	-7.5	.96	1.2	-0.4	8.4	0.8	0.99	11.5	1.43	6
1950	571	Hank Workman*	http://www.baseball-reference.com/players/w/workmha01.shtml	workmha01	24	5	NYY	-0.7	-0.1	5	-0.2	0.0	-0.2	1.12	-0.1	-0.0	-1.2	-0.1	0.86	-1.2	1.94	1
1950	572	Tom Wright*	http://www.baseball-reference.com/players/w/wrighto01.shtml	wrighto01	26	115	BOS	-2.8	-0.3	113	0.1	2.4	-2.3	1.10	-0.1	0.2	3.7	0.3	1.00	-0.3	1.90	26
1950	573	Early Wynn#	http://www.baseball-reference.com/players/w/wynnea01.shtml	wynnea01	30	91	CLE	-1.6	-0.2	94	0.0	1.8	-1.8	1.05	-0.1	0.1	-1.8	-0.2	1.00	-0.3	1.00	5
1950	574	Johnny Wyrostek*	http://www.baseball-reference.com/players/w/wyrosjo01.shtml	wyrosjo01	30	569	CIN	3.4	0.3	582	0.9	10.8	-9.9	1.02	1.3	-0.4	23.3	2.2	0.96	12.5	0.96	2
1950	575	Hank Wyse	http://www.baseball-reference.com/players/w/wyseha01.shtml	wyseha01	32	64	PHA	-10.6	-1.0	52	-0.9	0.5	-1.4	1.11	-0.8	-0.0	-11.6	-1.1	1.01	-10.2		0
1950	576	Eddie Yost	http://www.baseball-reference.com/players/y/yosted01.shtml	yosted01	23	730	WSH	30.7	2.9	721	3.2	14.1	-10.8	1.00	2.9	0.3	31.5	3.0	0.92	33.0		0
1950	577	Sal Yvars	http://www.baseball-reference.com/players/y/yvarssa01.shtml	yvarssa01	26	15	NYG	-2.3	-0.2	13	-0.3	0.1	-0.4	1.16	-0.2	-0.1	-3.3	-0.3	1.02	-2.6		0
1950	578	Al Zarilla*	http://www.baseball-reference.com/players/z/zarilal01.shtml	zarilal01	31	556	BOS	20.2	1.9	510	2.4	9.0	-6.6	.89	2.7	0.0	35.4	3.1	0.95	32.0	0.53	1
1950	579	Gus Zernial	http://www.baseball-reference.com/players/z/zernigu01.shtml	zernigu01	27	584	CHW	2.4	0.2	444	-1.1	8.5	-9.6	1.15	-0.7	-0.3	-14.5	-1.4	1.02	-8.6	2.84	4
1950	580	Sam Zoldak*	http://www.baseball-reference.com/players/z/zoldasa01.shtml	zoldasa01	31	19	CLE	-1.5	-0.1	19	0.2	0.6	-0.4	1.14	-0.0	0.2	-0.6	-0.1	1.00	-1.0		0
