1997,1,Juan Acevedo,/players/a/aceveju01.shtml,aceveju01,27,NYM,47.2,1.4,0.1,225,-0.8,3.1,-3.9,.88,-0.9,0.0,-2.2,-0.2,1.00,-9.5,5,7,10
1997,2,Mark Acre,/players/a/acrema01.shtml,acrema01,28,OAK,15.2,-1.8,-0.2,76,-0.3,1.0,-1.3,.79,-0.4,0.0,1.5,0.1,1.02,-2.2,4,2,9
1997,3,Terry Adams,/players/a/adamste01.shtml,adamste01,24,CHC,74.0,-3.0,-0.3,366,-0.2,10.3,-10.5,1.80,-0.7,0.5,-4.3,-0.4,1.06,-6.6,30,20,23
1997,4,Willie Adams,/players/a/adamswi02.shtml,adamswi02,24,OAK,58.1,-22.6,-2.0,290,-1.8,4.1,-5.9,.96,-1.5,-0.4,-22.6,-2.0,0.99,-17.4,1,0,0
1997,5,Joel Adamson*,/players/a/adamsjo02.shtml,adamsjo02,25,MIL,76.1,8.0,0.8,334,0.8,4.8,-4.0,.78,-0.3,1.3,5.6,0.5,0.92,-2.6,6,10,8
1997,6,Rick Aguilera,/players/a/aguilri01.shtml,aguilri01,35,MIN,68.1,7.4,0.7,297,0.6,8.3,-7.7,1.72,0.2,0.2,5.2,0.5,0.96,5.9,27,11,18
1997,7,Jose Alberro,/players/a/alberjo01.shtml,alberjo01,28,TEX,28.1,-11.8,-1.1,147,-1.2,1.1,-2.3,.59,-1.0,-1.0,-15.2,-1.3,1.03,-11.7,0,2,4
1997,8,Scott Aldred*,/players/a/aldresc01.shtml,aldresc01,29,MIN,77.1,-23.2,-2.1,363,-2.3,4.9,-7.2,.88,-2.1,-0.5,-26.8,-2.4,0.90,-24.4,0,0,2
1997,9,Antonio Alfonseca,/players/a/alfonan01.shtml,alfonan01,25,FLA,25.2,-2.7,-0.3,125,-1.0,2.1,-3.1,1.12,-0.5,-0.4,-4.1,-0.4,1.08,-5.9,6,3,8
1997,10,Carlos Almanzar,/players/a/almanca01.shtml,almanca01,23,TOR,3.1,0.9,0.1,12,-0.3,0.1,-0.4,.42,-0.0,-0.8,0.9,0.1,0.65,1.0,1,0,3
1997,11,Wilson Alvarez*,/players/a/alvarwi01.shtml,alvarwi01,27,TOT,212.0,17.2,1.7,918,1.8,16.4,-14.6,1.02,2.2,-0.4,17.2,1.8,0.94,23.6,0,0,0
1997,12,Wilson Alvarez*,/players/a/alvarwi01.shtml,alvarwi01,27,CHW,145.2,19.5,1.9,626,1.9,11.2,-9.3,1.02,2.2,-0.3,19.1,1.9,0.94,24.4,0,0,0
1997,13,Wilson Alvarez*,/players/a/alvarwi01.shtml,alvarwi01,27,SFG,66.1,-2.3,-0.2,292,-0.2,5.2,-5.3,1.03,-0.0,-0.1,-1.9,-0.2,0.95,-0.8,0,0,0
1997,14,Brian Anderson*,/players/a/anderbr02.shtml,anderbr02,25,CLE,48.0,-0.3,-0.0,208,-0.2,3.6,-3.8,.99,0.1,-0.3,-1.2,-0.1,0.92,1.4,0,0,0
1997,15,Luis Andujar,/players/a/andujlu01.shtml,andujlu01,24,TOR,50.0,-13.5,-1.2,250,-1.9,3.1,-5.0,.84,-2.2,-0.0,-18.1,-1.6,1.00,-22.9,0,3,5
1997,16,Kevin Appier,/players/a/appieke01.shtml,appieke01,29,KCR,235.2,33.0,3.3,1007,3.5,19.1,-15.6,1.01,3.2,0.2,35.9,3.6,0.90,36.7,0,0,0
1997,17,Rene Arocha,/players/a/arochre01.shtml,arochre01,33,SFG,10.1,-8.1,-0.8,57,-0.1,0.4,-0.5,.50,-0.4,0.2,-7.1,-0.7,1.02,-5.2,1,0,5
1997,18,Andy Ashby,/players/a/ashbyan01.shtml,ashbyan01,29,SDP,200.2,-8.2,-0.8,892,-0.7,14.8,-15.5,1.03,0.7,-1.4,-6.3,-0.6,0.94,3.4,0,0,0
1997,19,Paul Assenmacher*,/players/a/assenpa01.shtml,assenpa01,36,CLE,49.0,9.6,0.9,213,1.6,4.3,-2.7,1.06,0.7,0.8,12.3,1.2,1.04,8.3,33,16,25
1997,20,Pedro Astacio,/players/a/astacpe01.shtml,astacpe01,28,TOT,202.1,2.0,0.2,886,0.9,15.7,-14.8,1.04,-0.5,1.4,5.5,0.5,0.93,-4.8,1,0,1
1997,21,Pedro Astacio,/players/a/astacpe01.shtml,astacpe01,28,LAD,153.2,-3.0,-0.3,672,0.0,11.3,-11.3,1.02,-0.1,0.2,1.5,0.2,0.93,-0.6,1,0,1
1997,22,Pedro Astacio,/players/a/astacpe01.shtml,astacpe01,28,COL,48.2,5.0,0.5,214,0.9,4.4,-3.5,1.08,-0.4,1.2,4.1,0.4,0.92,-4.2,0,0,0
1997,23,Steve Avery*,/players/a/averyst01.shtml,averyst01,27,BOS,96.2,-18.8,-1.7,464,-2.0,7.8,-9.9,.99,-1.8,-0.3,-21.7,-2.0,0.97,-20.1,1,1,2
1997,24,Bobby Ayala,/players/a/ayalabo01.shtml,ayalabo01,27,SEA,96.2,7.3,0.7,417,1.5,10.2,-8.6,1.34,0.2,1.0,12.7,1.2,0.98,7.4,33,14,24
1997,25,Manny Aybar,/players/a/aybarma01.shtml,aybarma01,25,STL,68.0,0.7,0.1,304,-0.3,5.6,-5.9,1.09,-0.2,-0.1,0.8,0.1,0.94,-1.9,0,0,0
1997,26,Scott Bailes*,/players/b/bailesc01.shtml,bailesc01,35,TEX,22.0,4.1,0.4,91,-0.2,1.2,-1.5,.90,0.1,-0.4,2.4,0.2,0.99,2.2,6,4,13
1997,27,Cory Bailey,/players/b/baileco01.shtml,baileco01,26,SFG,9.2,-4.1,-0.4,46,-0.2,0.5,-0.7,.78,-0.1,-0.2,-4.1,-0.4,1.07,-2.9,2,0,4
1997,28,Roger Bailey,/players/b/bailero01.shtml,bailero01,26,COL,191.0,14.4,1.5,863,-0.2,14.7,-14.9,.96,-0.2,-0.0,7.7,0.7,0.94,-4.4,0,0,0
1997,29,James Baldwin,/players/b/baldwja01.shtml,baldwja01,25,CHW,200.0,-20.4,-1.9,917,-1.7,14.5,-16.3,.98,-0.2,-1.5,-15.9,-1.5,0.95,-6.6,0,0,0
1997,30,Willie Banks,/players/b/bankswi01.shtml,bankswi01,28,NYY,14.0,4.4,0.4,57,0.5,1.6,-1.1,1.49,0.3,0.1,4.5,0.5,0.99,3.0,2,0,2
1997,31,Manuel Barrios,/players/b/barrima01.shtml,barrima01,22,HOU,3.0,-2.4,-0.2,18,-0.0,0.3,-0.3,1.09,-0.2,0.1,-2.5,-0.2,1.26,-1.8,0,1,1
1997,32,Rich Batchelor,/players/b/batchri01.shtml,batchri01,30,TOT,28.2,-7.1,-0.7,144,-0.1,1.4,-1.5,.54,-0.7,0.5,-7.7,-0.8,1.11,-7.3,4,3,16
1997,33,Rich Batchelor,/players/b/batchri01.shtml,batchri01,30,STL,16.0,-1.9,-0.2,81,0.2,1.0,-0.8,.61,-0.2,0.6,-1.4,-0.1,1.07,-3.5,3,1,6
1997,34,Rich Batchelor,/players/b/batchri01.shtml,batchri01,30,SDP,12.2,-5.2,-0.5,63,-0.3,0.4,-0.7,.46,-0.4,-0.2,-6.3,-0.6,1.16,-3.7,1,2,10
1997,35,Miguel Batista,/players/b/batismi01.shtml,batismi01,26,CHC,36.1,-4.8,-0.5,176,-0.7,2.0,-2.7,.82,-0.6,-0.2,-5.2,-0.5,1.03,-6.3,0,0,4
1997,36,Jose Bautista,/players/b/bautijo01.shtml,bautijo01,32,TOT,52.2,-12.2,-1.2,251,-0.4,2.2,-2.6,.55,-0.8,0.1,-5.4,-0.5,1.00,-8.0,2,10,17
1997,37,Jose Bautista,/players/b/bautijo01.shtml,bautijo01,32,DET,40.1,-9.0,-0.8,193,-0.6,1.8,-2.5,.63,-0.7,-0.3,-4.2,-0.4,1.00,-6.1,2,7,10
1997,38,Jose Bautista,/players/b/bautijo01.shtml,bautijo01,32,STL,12.1,-3.2,-0.3,58,0.2,0.4,-0.2,.31,-0.1,0.8,-1.2,-0.1,1.00,-1.9,0,3,7
1997,39,Rod Beck,/players/b/beckro01.shtml,beckro01,28,SFG,70.0,4.8,0.5,287,0.1,8.3,-8.3,1.65,0.7,-0.7,2.4,0.2,0.92,8.6,36,13,20
1997,40,Robbie Beckett*,/players/b/beckero01.shtml,beckero01,24,COL,1.2,0.1,0.0,8,-0.1,0.0,-0.2,.65,0.0,-0.2,-0.7,-0.1,0.93,0.2,0,1,1
1997,41,Matt Beech*,/players/b/beechma01.shtml,beechma01,25,PHI,136.2,-10.5,-1.0,627,-1.5,11.1,-12.7,1.04,-1.6,0.2,-8.1,-0.8,0.96,-15.7,0,0,0
1997,42,Tim Belcher,/players/b/belchti01.shtml,belchti01,35,KCR,213.1,-7.4,-0.7,945,-1.0,16.2,-17.1,.99,-0.3,-0.7,-9.1,-0.8,0.92,-3.2,0,0,0
1997,43,Stan Belinda,/players/b/belinst01.shtml,belinst01,30,CIN,99.1,7.8,0.8,445,1.9,9.2,-7.3,1.21,0.6,0.9,9.1,0.9,0.99,10.3,33,20,30
1997,44,Rigo Beltran*,/players/b/beltrri01.shtml,beltrri01,27,STL,54.1,3.5,0.4,229,-0.3,2.8,-3.1,.81,0.7,-1.0,5.0,0.5,0.93,7.2,5,4,20
1997,45,Alan Benes,/players/b/benesal01.shtml,benesal01,25,STL,161.2,22.0,2.3,694,2.3,14.4,-12.2,1.15,1.8,0.2,21.8,2.3,0.93,21.8,0,0,0
1997,46,Andy Benes,/players/b/benesan01.shtml,benesan01,29,STL,177.0,22.7,2.4,759,2.0,14.0,-12.0,1.06,2.5,-0.6,26.1,2.7,0.93,31.1,0,0,0
1997,47,Armando Benitez,/players/b/benitar01.shtml,benitar01,24,BAL,73.1,16.5,1.6,327,3.1,9.6,-6.5,1.62,1.0,0.9,18.2,1.8,1.05,14.0,42,14,14
1997,48,Mike Benjamin,/players/b/benjami01.shtml,benjami01,31,BOS,1.0,0.7,0.1,3,0.0,0.0,0.0,.00,,,0.5,0.1,0.62,0.9,0,0,0
1997,49,Shayne Bennett,/players/b/bennesh01.shtml,bennesh01,25,MON,22.2,2.6,0.3,105,-0.0,1.0,-1.0,.71,-0.1,0.1,2.1,0.2,0.89,0.0,2,3,11
1997,50,Jason Bere,/players/b/bereja01.shtml,bereja01,26,CHW,28.2,-0.2,-0.0,128,0.2,2.2,-2.0,1.01,0.3,-0.1,-0.1,-0.0,0.92,2.4,0,0,0
1997,51,Sean Bergman,/players/b/bergmse01.shtml,bergmse01,27,SDP,99.0,-24.7,-2.4,475,-2.1,5.3,-7.4,.79,-1.4,-1.3,-24.1,-2.4,0.99,-17.8,4,6,19
1997,52,Mike Bertotti*,/players/b/bertomi01.shtml,bertomi01,27,CHW,3.2,-1.0,-0.1,26,-0.4,0.2,-0.6,.60,-0.4,-0.3,-7.2,-0.7,1.25,-4.9,1,4,4
1997,53,Brian Bevil,/players/b/bevilbr01.shtml,bevilbr01,25,KCR,16.1,-3.3,-0.3,76,-0.9,1.5,-2.5,1.54,-0.1,-0.6,-0.9,-0.1,1.00,0.1,9,0,8
1997,54,Mike Bielecki,/players/b/bielemi01.shtml,bielemi01,37,ATL,57.1,-1.3,-0.1,256,-0.3,6.5,-6.9,1.52,-0.3,0.1,-4.8,-0.5,0.92,-5.8,26,10,14
1997,55,Willie Blair,/players/b/blairwi01.shtml,blairwi01,31,DET,175.0,9.6,0.9,760,1.4,14.3,-12.9,1.03,1.6,-0.2,11.3,1.1,0.92,16.7,0,2,0
1997,56,Ron Blazier,/players/b/blaziro01.shtml,blaziro01,25,PHI,53.2,-3.5,-0.4,248,-0.4,2.0,-2.4,.48,-0.7,-0.1,-3.3,-0.3,1.03,-4.8,5,7,24
1997,57,Doug Bochtler,/players/b/bochtdo01.shtml,bochtdo01,26,SDP,60.1,-5.9,-0.6,293,0.3,5.5,-5.2,1.22,-0.7,0.9,-2.2,-0.2,1.04,-6.2,21,12,19
1997,58,Brian Boehringer,/players/b/boehrbr01.shtml,boehrbr01,28,NYY,48.0,9.9,1.0,214,0.1,4.2,-4.0,1.29,0.6,-0.5,7.3,0.7,1.03,7.6,15,4,14
1997,59,Wade Boggs,/players/b/boggswa01.shtml,boggswa01,39,NYY,1.0,0.7,0.1,4,0.0,0.0,0.0,.00,,,0.6,0.1,1.08,0.4,0,0,0
1997,60,Brian Bohanon*,/players/b/bohanbr01.shtml,bohanbr01,28,NYM,94.1,0.7,0.1,427,-0.1,7.8,-7.9,1.07,-0.5,0.4,-0.4,-0.0,0.95,-3.8,1,2,2
1997,61,Ricky Bones,/players/b/bonesri01.shtml,bonesri01,28,TOT,96.0,-23.2,-2.2,462,-2.3,6.1,-8.4,.84,-1.8,-1.0,-22.1,-2.0,1.00,-19.6,3,7,6
1997,62,Ricky Bones,/players/b/bonesri01.shtml,bonesri01,28,CIN,17.2,-11.2,-1.0,102,-0.6,0.5,-1.1,.44,-0.7,-0.7,-10.4,-1.0,1.13,-9.0,0,1,5
1997,63,Ricky Bones,/players/b/bonesri01.shtml,bonesri01,28,KCR,78.1,-12.1,-1.1,360,-1.7,5.6,-7.3,.95,-1.0,-0.7,-11.7,-1.1,0.97,-10.6,3,6,1
1997,64,Toby Borland,/players/b/borlato02.shtml,borlato02,28,TOT,16.2,-5.3,-0.5,95,-0.8,1.0,-1.8,.87,-0.3,-0.5,-7.4,-0.7,1.11,-5.0,5,2,8
1997,65,Toby Borland,/players/b/borlato02.shtml,borlato02,28,NYM,13.1,-2.4,-0.2,70,-0.7,1.0,-1.7,1.14,-0.2,-0.4,-2.6,-0.3,1.02,-1.9,5,2,5
1997,66,Toby Borland,/players/b/borlato02.shtml,borlato02,28,BOS,3.1,-2.8,-0.3,25,-0.1,0.0,-0.1,.15,-0.2,-0.6,-4.8,-0.4,1.37,-3.1,0,0,3
1997,67,Joe Borowski,/players/b/borowjo01.shtml,borowjo01,26,TOT,26.0,0.5,0.1,125,-0.8,1.7,-2.5,.99,-0.2,-0.7,0.1,0.0,1.04,-2.7,6,2,12
1997,68,Joe Borowski,/players/b/borowjo01.shtml,borowjo01,26,ATL,24.0,1.3,0.1,113,-0.6,1.2,-1.8,.74,-0.1,-0.6,0.9,0.1,1.02,-2.0,5,2,12
1997,69,Joe Borowski,/players/b/borowjo01.shtml,borowjo01,26,NYY,2.0,-0.8,-0.1,12,-0.2,0.5,-0.7,3.32,-0.0,-0.0,-0.9,-0.1,1.22,-0.7,1,0,0
1997,70,Shawn Boskie,/players/b/boskish01.shtml,boskish01,30,BAL,77.0,-16.6,-1.5,360,-1.4,4.0,-5.4,.74,-1.3,-0.6,-15.9,-1.5,0.94,-14.9,3,5,11
1997,71,Ricky Bottalico,/players/b/bottari01.shtml,bottari01,27,PHI,74.0,6.0,0.6,335,0.3,9.8,-9.5,1.80,0.1,0.1,0.7,0.1,0.96,-1.3,37,13,18
1997,72,Kent Bottenfield,/players/b/botteke01.shtml,botteke01,28,CHC,84.0,4.4,0.4,381,-1.1,3.9,-5.0,.65,-0.2,-1.4,7.1,0.7,1.01,2.3,15,16,33
1997,73,Mike Bovee,/players/b/boveemi01.shtml,boveemi01,23,ANA,3.1,-0.0,0.0,14,0.0,0.1,-0.0,.18,-0.1,0.1,-0.0,-0.0,0.78,-1.9,0,0,3
1997,74,Shane Bowers,/players/b/bowersh01.shtml,bowersh01,25,MIN,19.0,-7.7,-0.7,95,-1.0,1.3,-2.2,.98,-0.7,-0.3,-9.7,-0.8,0.87,-7.7,0,0,0
1997,75,Mark Brandenburg,/players/b/brandma01.shtml,brandma01,26,BOS,41.0,-2.5,-0.2,188,-0.9,1.8,-2.7,.67,-0.4,-1.0,-1.5,-0.1,1.06,-1.9,8,7,15
1997,76,Jeff Brantley,/players/b/brantje01.shtml,brantje01,33,CIN,11.2,0.9,0.1,55,-1.2,1.0,-2.2,1.56,0.0,-0.8,-0.6,-0.1,1.00,0.9,3,2,7
1997,77,Billy Brewer*,/players/b/brewebi01.shtml,brewebi01,29,TOT,24.0,1.1,0.1,107,-0.6,1.3,-2.0,.88,0.2,-0.9,-3.6,-0.3,0.93,-0.2,7,6,13
1997,78,Billy Brewer*,/players/b/brewebi01.shtml,brewebi01,29,OAK,2.0,-1.8,-0.2,12,-0.3,0.0,-0.3,.37,-0.2,-0.6,-2.6,-0.2,1.07,-2.8,1,1,1
1997,79,Billy Brewer*,/players/b/brewebi01.shtml,brewebi01,29,PHI,22.0,2.9,0.3,95,-0.3,1.3,-1.6,.94,0.5,-0.8,-1.0,-0.1,0.92,2.6,6,5,12
1997,80,Doug Brocail,/players/b/brocado01.shtml,brocado01,30,DET,78.0,11.6,1.1,352,-0.1,6.8,-7.0,1.21,0.3,-0.4,4.6,0.4,0.93,5.5,26,11,19
1997,81,Chris Brock,/players/b/brockch01.shtml,brockch01,27,ATL,30.2,-5.6,-0.5,154,-0.9,2.7,-3.5,1.18,-0.7,0.0,-7.5,-0.7,1.03,-8.1,0,0,1
1997,82,Kevin Brown,/players/b/brownke01.shtml,brownke01,32,FLA,237.1,37.7,4.0,1006,3.8,17.5,-13.7,.98,4.5,-0.6,41.4,4.5,0.94,46.3,0,0,0
1997,83,Jim Bruske,/players/b/bruskji01.shtml,bruskji01,32,SDP,44.2,0.6,0.1,204,0.2,2.9,-2.7,.88,-0.3,0.5,-1.3,-0.1,1.06,-4.4,8,4,16
1997,84,Jim Bullinger,/players/b/bulliji01.shtml,bulliji01,31,MON,155.1,-24.3,-2.3,741,-1.6,12.1,-13.8,1.05,-2.1,0.6,-22.9,-2.2,0.98,-27.6,2,2,7
1997,85,Dave Burba,/players/b/burbada01.shtml,burbada01,30,CIN,160.0,-5.4,-0.5,731,0.0,10.9,-10.9,.90,-0.1,0.1,-3.9,-0.4,0.93,-1.0,0,0,3
1997,86,John Burke,/players/b/burkejo04.shtml,burkejo04,27,COL,59.0,-6.7,-0.6,308,-0.7,3.5,-4.2,.73,-1.7,0.7,-15.5,-1.3,0.99,-18.4,1,1,5
1997,87,John Burkett,/players/b/burkejo03.shtml,burkejo03,32,TEX,189.1,4.3,0.4,844,-0.5,13.9,-14.5,.95,0.2,-0.7,1.1,0.1,0.92,2.8,0,0,0
1997,88,Terry Burrows*,/players/b/burrote01.shtml,burrote01,28,SDP,10.1,-7.8,-0.7,53,-0.3,0.6,-1.0,.89,-0.3,-0.1,-3.6,-0.4,1.13,-3.2,4,2,6
1997,89,Mike Busby,/players/b/busbymi01.shtml,busbymi01,24,STL,14.1,-6.6,-0.6,73,-0.6,0.9,-1.5,.95,-0.4,-0.3,-5.8,-0.5,1.03,-4.2,0,0,0
1997,90,Paul Byrd,/players/b/byrdpa01.shtml,byrdpa01,26,ATL,53.0,-6.3,-0.6,247,-0.3,3.5,-3.8,.89,-0.1,-0.3,-7.0,-0.7,0.96,-4.0,7,2,17
1997,91,Jose Cabrera,/players/c/cabrejo01.shtml,cabrejo01,25,HOU,15.1,5.3,0.5,58,0.2,0.8,-0.6,.70,0.3,0.1,5.2,0.5,0.90,5.2,4,1,5
1997,92,Greg Cadaret*,/players/c/cadargr01.shtml,cadargr01,35,ANA,13.2,2.4,0.2,66,0.1,0.4,-0.4,.52,0.1,0.1,2.9,0.3,0.95,1.2,3,2,10
1997,93,Tom Candiotti,/players/c/candito01.shtml,candito01,39,LAD,135.0,4.3,0.4,603,-0.1,9.5,-9.6,.93,-0.0,-0.0,5.5,0.6,0.94,2.2,5,5,13
1997,94,John Cangelosi*,/players/c/cangejo01.shtml,cangejo01,34,FLA,1.0,0.6,0.1,4,0.0,0.0,0.0,.00,,,0.5,0.1,0.83,0.4,0,0,0
1997,95,Dan Carlson,/players/c/carlsda01.shtml,carlsda01,27,SFG,15.1,-5.8,-0.5,73,-0.2,0.1,-0.3,.08,-0.7,-1.7,-6.6,-0.6,0.81,-8.8,0,0,5
1997,96,Rafael Carmona,/players/c/carmora01.shtml,carmora01,24,SEA,5.2,0.6,0.1,24,0.0,0.1,-0.1,.32,-0.0,0.0,-1.6,-0.2,0.88,-0.4,0,2,1
1997,97,Chris Carpenter,/players/c/carpech01.shtml,carpech01,22,TOR,81.1,-7.2,-0.7,391,-0.4,7.0,-7.4,1.05,-1.0,0.6,-8.7,-0.8,0.98,-10.4,0,0,1
1997,98,Giovanni Carrara,/players/c/carragi01.shtml,carragi01,29,CIN,10.1,-3.4,-0.3,50,-0.3,0.8,-1.2,1.10,-0.4,0.0,-3.9,-0.3,0.99,-4.0,0,0,0
1997,99,Hector Carrasco,/players/c/carrahe01.shtml,carrahe01,27,TOT,86.0,0.8,0.1,411,-1.8,5.5,-7.3,.91,0.0,-2.0,-2.2,-0.2,1.00,2.7,19,12,31
1997,100,Hector Carrasco,/players/c/carrahe01.shtml,carrahe01,27,CIN,51.1,2.7,0.3,248,-0.6,2.9,-3.5,.80,-0.2,-0.6,-3.7,-0.4,0.98,-0.3,9,7,19
1997,101,Hector Carrasco,/players/c/carrahe01.shtml,carrahe01,27,KCR,34.2,-2.0,-0.2,163,-1.2,2.6,-3.8,1.08,0.2,-1.3,1.5,0.1,1.04,3.0,10,5,12
1997,102,Larry Casian*,/players/c/casiala01.shtml,casiala01,31,TOT,36.1,-3.6,-0.4,166,-0.3,2.1,-2.4,.82,-0.4,0.1,-8.8,-0.8,1.00,-4.0,17,5,21
1997,103,Larry Casian*,/players/c/casiala01.shtml,casiala01,31,CHC,9.2,-3.2,-0.3,50,-0.4,0.4,-0.8,.74,-0.4,-0.2,-5.1,-0.5,1.17,-4.3,2,4,5
1997,104,Larry Casian*,/players/c/casiala01.shtml,casiala01,31,KCR,26.2,-0.4,-0.0,116,0.1,1.7,-1.6,.86,-0.1,0.2,-3.7,-0.3,0.93,0.3,15,1,16
1997,105,Carlos Castillo,/players/c/castica02.shtml,castica02,22,CHW,66.1,-0.1,0.0,309,-1.1,2.8,-3.9,.64,-0.3,-1.3,-4.4,-0.4,0.96,-5.8,9,7,18
1997,106,Frank Castillo,/players/c/castifr01.shtml,castifr01,28,TOT,184.1,-13.1,-1.3,861,-1.6,13.6,-15.2,.96,-1.9,0.2,-19.5,-1.8,0.94,-20.8,0,0,1
1997,107,Frank Castillo,/players/c/castifr01.shtml,castifr01,28,CHC,98.0,-11.4,-1.1,469,-1.3,6.9,-8.2,.94,-0.9,-0.4,-14.8,-1.4,0.98,-10.9,0,0,1
1997,108,Frank Castillo,/players/c/castifr01.shtml,castifr01,28,COL,86.1,-1.7,-0.2,392,-0.3,6.7,-7.0,.97,-0.9,0.6,-4.7,-0.4,0.89,-9.8,0,0,0
1997,109,Tony Castillo*,/players/c/castito02.shtml,castito02,34,CHW,62.1,-8.8,-0.8,292,-0.8,5.5,-6.2,1.08,-1.1,0.4,-13.1,-1.3,1.08,-10.2,25,18,21
1997,110,Mike Cather,/players/c/cathemi01.shtml,cathemi01,26,ATL,37.2,7.2,0.7,155,-0.6,3.1,-3.7,1.26,0.7,-1.2,6.7,0.7,0.94,9.5,16,6,12
1997,111,Norm Charlton*,/players/c/charlno01.shtml,charlno01,34,SEA,69.1,-20.8,-2.0,359,-4.0,8.0,-12.0,1.53,-1.3,-1.3,-26.5,-2.5,1.08,-14.1,34,15,18
1997,112,Anthony Chavez,/players/c/chavean01.shtml,chavean01,26,ANA,9.2,4.1,0.4,42,-0.1,0.2,-0.3,.49,0.1,-0.3,3.3,0.3,0.98,2.5,0,3,4
1997,113,Robinson Checo,/players/c/checoro01.shtml,checoro01,25,BOS,13.1,2.2,0.2,56,0.2,1.1,-0.9,1.05,0.3,-0.1,2.8,0.3,0.85,3.3,0,2,1
1997,114,Jason Christiansen*,/players/c/chrisja01.shtml,chrisja01,27,PIT,33.2,5.7,0.6,163,-0.1,2.2,-2.3,.88,0.1,-0.2,0.2,0.0,0.95,0.3,14,4,20
1997,115,Mark Clark,/players/c/clarkma01.shtml,clarkma01,29,TOT,205.0,7.4,0.8,900,1.0,16.2,-15.2,1.01,-0.6,1.5,5.5,0.6,0.91,-5.6,0,1,0
1997,116,Mark Clark,/players/c/clarkma01.shtml,clarkma01,29,NYM,142.0,-2.6,-0.3,630,0.0,11.1,-11.1,.98,-1.4,1.4,-3.6,-0.4,0.93,-14.0,0,1,0
1997,117,Mark Clark,/players/c/clarkma01.shtml,clarkma01,29,CHC,63.0,10.0,1.0,270,1.0,5.1,-4.1,1.06,0.8,0.1,9.1,0.9,0.87,8.5,0,0,0
1997,118,Terry Clark,/players/c/clarkte01.shtml,clarkte01,36,TOT,57.0,-7.3,-0.7,262,-1.1,3.4,-4.4,.81,-0.6,-0.8,-7.4,-0.7,0.93,-7.1,0,2,1
1997,119,Terry Clark,/players/c/clarkte01.shtml,clarkte01,36,CLE,26.1,-4.7,-0.4,121,-0.5,1.6,-2.1,.83,0.0,-0.6,-4.9,-0.4,0.88,0.2,0,0,0
1997,120,Terry Clark,/players/c/clarkte01.shtml,clarkte01,36,TEX,30.2,-2.5,-0.2,141,-0.5,1.8,-2.3,.79,-0.6,-0.1,-2.5,-0.2,0.96,-7.2,0,2,1
1997,121,Roger Clemens,/players/c/clemero02.shtml,clemero02,34,TOR,264.0,73.8,7.9,1068,7.1,19.6,-12.4,.94,7.2,0.4,80.6,8.8,0.89,85.4,0,0,0
1997,122,Chris Clemons,/players/c/clemoch01.shtml,clemoch01,24,CHW,12.2,-5.9,-0.5,70,-0.6,0.5,-1.0,.51,-0.7,-0.4,-7.7,-0.7,0.98,-7.4,0,0,3
1997,123,Brad Clontz,/players/c/clontbr01.shtml,clontbr01,26,ATL,48.0,1.5,0.2,218,0.7,3.4,-2.7,.87,0.1,0.8,-3.9,-0.4,1.08,-0.9,10,10,28
1997,124,Ken Cloude,/players/c/cloudke01.shtml,cloudke01,22,SEA,51.0,-3.7,-0.4,225,-0.4,3.9,-4.2,1.03,0.3,-0.6,-3.4,-0.3,0.90,1.8,0,0,1
1997,125,Bartolo Colon,/players/c/colonba01.shtml,colonba01,24,CLE,94.0,-10.7,-1.0,448,-1.4,7.5,-8.9,1.05,-0.8,-0.5,-12.2,-1.1,1.00,-8.7,0,1,1
1997,126,David Cone,/players/c/coneda01.shtml,coneda01,34,NYY,195.0,36.7,3.7,849,3.2,17.0,-13.8,1.11,3.1,-0.2,39.1,4.0,0.92,36.9,0,0,0
1997,127,Jim Converse,/players/c/conveji01.shtml,conveji01,25,KCR,5.0,0.8,0.1,24,-0.1,0.1,-0.2,.20,-0.2,-0.2,-0.5,-0.0,0.83,-1.8,0,0,3
1997,128,Dennis Cook*,/players/c/cookde01.shtml,cookde01,34,FLA,62.1,2.0,0.2,281,1.1,5.4,-4.3,1.06,0.3,0.7,1.2,0.1,0.98,-0.3,18,13,26
1997,129,Steve Cooke*,/players/c/cookest01.shtml,cookest01,27,PIT,167.1,-2.3,-0.2,789,-0.2,13.9,-14.1,1.08,-1.0,0.8,-4.0,-0.4,0.98,-10.9,0,0,0
1997,130,Rocky Coppinger,/players/c/coppiro01.shtml,coppiro01,23,BAL,20.0,-3.6,-0.3,104,-0.2,1.4,-1.5,.90,-0.2,-0.0,-0.4,-0.0,1.01,-0.8,0,0,1
1997,131,Francisco Cordova,/players/c/cordofr01.shtml,cordofr01,25,PIT,178.2,13.5,1.4,769,2.2,13.0,-10.8,.93,1.3,1.1,13.7,1.4,0.89,12.4,0,0,0
1997,132,Rheal Cormier*,/players/c/cormirh01.shtml,cormirh01,30,MON,1.1,-4.0,-0.3,9,-0.3,0.1,-0.3,.94,-0.2,-0.1,-2.9,-0.3,1.03,-2.1,0,0,0
1997,133,Jim Corsi,/players/c/corsiji01.shtml,corsiji01,35,BOS,57.2,7.0,0.7,257,0.7,6.8,-6.1,1.58,0.5,-0.1,7.3,0.7,1.03,8.1,27,12,10
1997,134,Tim Crabtree,/players/c/crabtti01.shtml,crabtti01,27,TOR,40.2,-10.2,-1.0,204,-0.5,3.1,-3.5,1.06,-1.1,0.7,-12.3,-1.2,1.02,-14.8,16,1,19
1997,135,Joe Crawford*,/players/c/crawfjo01.shtml,crawfjo01,27,NYM,46.1,4.6,0.5,188,0.0,2.2,-2.2,.68,0.6,-0.6,2.5,0.3,0.86,3.1,3,3,10
1997,136,Doug Creek*,/players/c/creekdo01.shtml,creekdo01,28,SFG,13.1,-4.3,-0.4,65,-0.3,0.9,-1.2,.96,-0.2,-0.1,-2.9,-0.3,0.98,-2.3,0,0,0
1997,137,Jim Crowell*,/players/c/croweji01.shtml,croweji01,23,CIN,6.1,-3.4,-0.3,36,-0.4,0.4,-0.9,.97,-0.5,0.1,-3.1,-0.3,1.00,-4.9,0,0,0
1997,138,Nelson Cruz,/players/c/cruzne01.shtml,cruzne01,24,CHW,26.1,-5.4,-0.5,120,-0.4,1.6,-1.9,.78,0.1,-0.5,-1.3,-0.1,0.93,-4.3,4,8,6
1997,139,John Cummings*,/players/c/cummijo01.shtml,cummijo01,28,DET,24.2,-4.9,-0.5,126,-0.2,1.6,-1.8,.81,-0.5,0.3,-5.2,-0.5,1.02,-3.4,6,6,7
1997,140,Will Cunnane,/players/c/cunnawi01.shtml,cunnawi01,23,SDP,91.1,-22.5,-2.2,448,-1.9,4.7,-6.6,.69,-1.8,-1.0,-23.0,-2.3,1.01,-19.1,11,4,27
1997,141,Jeff D'Amico,/players/d/d'amije01.shtml,d'amije01,21,MIL,135.2,-2.2,-0.2,600,-0.4,9.9,-10.3,.94,0.0,-0.4,-4.8,-0.4,0.89,-0.4,0,0,0
1997,142,Omar Daal*,/players/d/daalom01.shtml,daalom01,25,TOT,57.1,-16.6,-1.6,277,-1.0,4.2,-5.2,1.00,-1.5,0.5,-13.4,-1.3,1.04,-13.5,17,9,12
1997,143,Omar Daal*,/players/d/daalom01.shtml,daalom01,25,MON,30.1,-18.4,-1.8,153,-1.1,2.2,-3.4,1.08,-1.4,0.4,-15.1,-1.5,1.10,-13.0,15,6,11
1997,144,Omar Daal*,/players/d/daalom01.shtml,daalom01,25,TOR,27.0,1.8,0.2,124,0.1,2.0,-1.8,.91,-0.0,0.2,1.7,0.2,0.96,-0.4,2,3,1
1997,145,Danny Darwin,/players/d/darwida01.shtml,darwida01,41,TOT,157.1,-1.6,-0.1,710,0.2,11.8,-11.6,.95,-1.4,1.6,0.4,0.0,0.93,-12.5,1,2,4
1997,146,Danny Darwin,/players/d/darwida01.shtml,darwida01,41,CHW,113.1,2.0,0.2,511,0.4,8.7,-8.2,.94,-1.2,1.6,3.2,0.3,0.93,-10.1,1,1,2
1997,147,Danny Darwin,/players/d/darwida01.shtml,darwida01,41,SFG,44.0,-3.6,-0.3,199,-0.3,3.1,-3.4,.98,-0.2,-0.1,-2.7,-0.3,0.93,-2.4,0,1,2
1997,148,Jeff Darwin,/players/d/darwije01.shtml,darwije01,27,CHW,13.2,-0.9,-0.1,68,-0.7,0.3,-1.0,.51,-0.2,-1.2,-3.8,-0.4,1.00,-3.0,5,2,7
1997,149,Mark Davis*,/players/d/davisma01.shtml,davisma01,36,MIL,16.1,-0.9,-0.1,73,-0.1,1.3,-1.4,1.03,-0.2,0.1,-2.5,-0.2,1.00,-1.9,8,4,7
1997,150,Tim Davis*,/players/d/davisti01.shtml,davisti01,26,SEA,6.2,-1.3,-0.1,32,-0.0,0.1,-0.1,.12,-0.1,-0.3,-1.1,-0.1,1.13,-0.3,0,0,2
1997,151,Roland de la Maza,/players/d/delamro01.shtml,delamro01,25,KCR,2.0,0.2,0.0,9,-0.0,0.0,-0.0,.08,-0.0,-0.2,0.1,0.0,0.92,-0.2,0,0,1
1997,152,Rick DeHart*,/players/d/deharri01.shtml,deharri01,27,MON,29.1,-4.8,-0.5,142,0.2,1.6,-1.4,.71,-0.8,1.0,-5.3,-0.5,1.03,-5.7,5,2,15
1997,153,Mike DeJean,/players/d/dejeami01.shtml,dejeami01,26,COL,67.2,7.0,0.7,302,-0.1,4.8,-4.9,.91,-0.0,-0.1,-0.8,-0.1,0.98,1.1,15,17,22
1997,154,Rich DeLucia,/players/d/delucri01.shtml,delucri01,32,TOT,44.0,3.8,0.4,197,0.6,5.8,-5.2,1.64,-0.1,0.5,0.7,0.1,1.01,-1.5,19,9,8
1997,155,Rich DeLucia,/players/d/delucri01.shtml,delucri01,32,SFG,1.2,-1.5,-0.1,13,-0.4,0.2,-0.6,1.46,-0.3,0.0,-3.0,-0.3,1.06,-3.0,0,2,1
1997,156,Rich DeLucia,/players/d/delucri01.shtml,delucri01,32,ANA,42.1,5.2,0.5,184,1.0,5.6,-4.6,1.65,0.2,0.4,3.7,0.3,1.00,1.5,19,7,7
1997,157,Elmer Dessens,/players/d/desseel01.shtml,desseel01,26,PIT,3.1,1.7,0.2,14,0.0,0.0,-0.0,.19,0.2,-0.1,2.3,0.2,1.09,1.6,0,1,2
1997,158,Jason Dickson,/players/d/dicksja01.shtml,dicksja01,24,ANA,203.2,6.1,0.6,906,0.1,15.9,-15.8,.99,-0.2,0.4,1.6,0.2,0.92,-1.1,0,0,1
1997,159,Jerry Dipoto,/players/d/dipotje01.shtml,dipotje01,29,COL,95.2,3.9,0.4,436,1.8,9.9,-8.1,1.28,0.8,0.6,1.7,0.2,1.00,7.6,31,18,25
1997,160,Glenn Dishman*,/players/d/dishmgl01.shtml,dishmgl01,26,DET,29.0,-1.9,-0.2,126,-0.2,1.8,-2.0,.83,-0.2,0.0,-2.3,-0.2,0.90,-0.7,1,0,1
1997,161,Doug Drabek,/players/d/drabedo01.shtml,drabedo01,34,CHW,169.1,-22.2,-2.0,766,-1.0,12.6,-13.7,.95,-1.1,-0.0,-17.1,-1.6,0.92,-11.5,0,0,0
1997,162,Darren Dreifort,/players/d/dreifda01.shtml,dreifda01,25,LAD,63.0,8.4,0.8,277,-0.1,5.6,-5.6,1.21,0.9,-0.9,8.3,0.9,0.95,9.4,17,14,16
1997,163,Roberto Duran*,/players/d/duranro01.shtml,duranro01,24,DET,10.2,-3.0,-0.3,59,0.1,0.2,-0.2,.23,-0.1,0.3,-4.5,-0.4,1.12,-1.3,0,1,12
1997,164,Dennis Eckersley,/players/e/eckerde01.shtml,eckerde01,42,STL,53.0,2.3,0.2,229,-0.1,8.3,-8.4,2.18,0.4,-0.4,1.8,0.2,0.93,4.4,36,12,7
1997,165,Joey Eischen*,/players/e/eischjo01.shtml,eischjo01,27,CIN,1.1,-0.6,-0.1,9,-0.0,0.0,-0.0,.00,-0.1,-0.9,-2.1,-0.2,1.07,-1.1,0,0,1
1997,166,Cal Eldred,/players/e/eldreca01.shtml,eldreca01,29,MIL,202.0,-5.2,-0.5,915,-0.0,15.8,-15.9,1.00,-0.4,0.4,-0.6,-0.1,0.94,-5.4,0,0,0
1997,167,Alan Embree*,/players/e/embreal01.shtml,embreal01,27,ATL,46.0,9.2,0.9,202,1.2,4.2,-2.9,1.20,1.1,-0.1,16.6,1.7,1.01,13.2,25,10,29
1997,168,Todd Erdos,/players/e/erdosto01.shtml,erdosto01,23,SDP,13.2,-2.1,-0.2,67,-0.1,0.4,-0.5,.42,0.2,-0.5,-7.3,-0.7,1.06,-2.9,3,2,5
1997,169,John Ericks,/players/e/erickjo01.shtml,erickjo01,29,PIT,9.1,2.2,0.2,43,0.2,0.9,-0.7,1.20,0.1,0.1,1.7,0.2,0.89,1.3,5,1,3
1997,170,Scott Erickson,/players/e/ericksc01.shtml,ericksc01,29,BAL,221.2,17.6,1.7,960,1.9,17.9,-16.0,1.02,2.6,-0.8,20.4,2.0,0.92,29.5,1,0,0
1997,171,Kelvim Escobar,/players/e/escobke01.shtml,escobke01,21,TOR,31.0,5.3,0.5,143,0.5,4.7,-4.2,2.03,0.2,0.0,2.7,0.3,0.97,2.9,14,7,6
1997,172,Vaughn Eshelman*,/players/e/eshelva01.shtml,eshelva01,28,BOS,42.2,-7.3,-0.7,211,-1.6,3.0,-4.6,.99,-0.8,-0.8,-10.8,-1.0,1.02,-8.4,8,2,5
1997,173,Shawn Estes*,/players/e/estessh01.shtml,estessh01,24,SFG,201.0,20.8,2.1,878,2.1,16.0,-13.9,1.05,2.0,0.0,18.7,1.9,0.95,21.9,0,0,0
1997,174,Bryan Eversgerd*,/players/e/eversbr01.shtml,eversbr01,28,TEX,1.1,-1.9,-0.2,12,-0.5,0.2,-0.6,1.38,-0.3,-0.0,-2.5,-0.2,1.50,-3.1,2,0,1
1997,175,Scott Eyre*,/players/e/eyresc01.shtml,eyresc01,25,CHW,60.2,-3.9,-0.4,281,-0.5,4.6,-5.1,.94,-0.9,0.4,-3.4,-0.3,0.89,-9.3,0,0,0
1997,176,Steve Falteisek,/players/f/faltest01.shtml,faltest01,25,MON,8.0,0.6,0.1,37,-0.1,0.4,-0.5,.71,0.0,-0.2,-0.0,-0.0,1.18,-0.3,0,2,2
1997,177,Jeff Fassero*,/players/f/fasseje01.shtml,fasseje01,34,SEA,234.1,20.7,2.0,1047,2.0,18.2,-16.2,1.01,1.6,0.3,19.5,1.9,0.93,18.2,0,0,0
1997,178,Alex Fernandez,/players/f/fernaal01.shtml,fernaal01,27,FLA,220.2,13.5,1.4,926,1.6,15.6,-14.0,.94,1.8,-0.2,19.3,2.0,0.90,24.7,0,0,0
1997,179,Osvaldo Fernandez,/players/f/fernaos01.shtml,fernaos01,28,SFG,56.1,-7.4,-0.7,269,-0.6,4.7,-5.2,1.05,-0.6,0.1,-11.8,-1.1,0.99,-6.8,0,0,0
1997,180,Sid Fernandez*,/players/f/fernasi01.shtml,fernasi01,34,HOU,5.0,0.5,0.0,23,0.1,0.4,-0.3,.98,0.0,0.0,0.5,0.0,0.88,0.3,0,0,0
1997,181,Mike Fetters,/players/f/fettemi01.shtml,fettemi01,32,MIL,70.1,9.2,0.9,316,1.1,8.6,-7.5,1.60,0.5,0.1,9.4,0.9,0.99,8.2,23,16,9
1997,182,Chuck Finley*,/players/f/finlech01.shtml,finlech01,34,ANA,164.0,10.2,1.0,722,1.2,12.6,-11.4,.99,0.9,0.3,14.9,1.4,0.92,11.8,0,0,0
1997,183,Huck Flener*,/players/f/flenehu01.shtml,flenehu01,28,TOR,17.1,-9.4,-0.8,100,-0.7,0.6,-1.2,.43,-1.0,-0.5,-8.8,-0.8,1.09,-10.4,1,1,5
1997,184,Bryce Florie,/players/f/floribr01.shtml,floribr01,27,MIL,75.0,1.3,0.1,351,-0.7,4.6,-5.2,.84,-0.2,-0.5,-5.2,-0.5,1.02,-3.3,5,10,9
1997,185,Tom Fordham*,/players/f/fordhto01.shtml,fordhto01,23,CHW,17.1,-3.5,-0.3,81,-0.5,0.9,-1.4,.92,-0.3,-0.2,-3.8,-0.4,1.07,-0.6,3,0,3
1997,186,Tony Fossas*,/players/f/fossato01.shtml,fossato01,39,STL,51.2,-1.5,-0.1,252,-0.9,5.0,-5.9,1.31,-0.6,-0.1,-0.4,-0.0,1.09,-8.4,32,15,22
1997,187,Kevin Foster,/players/f/fosteke01.shtml,fosteke01,28,CHC,146.1,-3.4,-0.3,662,0.0,11.1,-11.0,1.00,-0.4,0.4,-3.2,-0.3,0.91,-7.9,0,1,0
1997,188,Keith Foulke,/players/f/foulkke01.shtml,foulkke01,24,TOT,73.1,-15.1,-1.4,340,-0.4,5.5,-5.9,.96,-0.8,0.3,-7.4,-0.7,0.94,-9.3,9,5,5
1997,189,Keith Foulke,/players/f/foulkke01.shtml,foulkke01,24,SFG,44.2,-18.9,-1.7,220,-1.0,3.0,-4.0,.86,-1.0,-0.2,-11.3,-1.1,0.95,-10.9,1,1,1
1997,190,Keith Foulke,/players/f/foulkke01.shtml,foulkke01,24,CHW,28.2,3.8,0.4,120,0.6,2.5,-1.9,1.14,0.2,0.3,3.9,0.4,0.91,1.6,8,4,4
1997,191,Chad Fox,/players/f/foxch02.shtml,foxch02,26,ATL,27.1,2.4,0.2,127,0.1,2.4,-2.3,1.11,0.0,0.1,3.6,0.4,0.95,1.0,12,3,12
1997,192,John Franco*,/players/f/francjo01.shtml,francjo01,36,NYM,60.0,11.0,1.1,256,1.5,9.2,-7.7,2.11,0.9,-0.2,9.9,1.0,1.00,11.9,34,15,10
1997,193,John Frascatore,/players/f/frascjo01.shtml,frascjo01,27,STL,80.0,15.0,1.5,367,-0.2,6.1,-6.3,1.13,0.7,-0.9,10.8,1.1,1.04,8.4,17,9,32
1997,194,Gary Gaetti,/players/g/gaettga01.shtml,gaettga01,38,STL,0.1,0.3,0.0,3,-0.0,0.0,-0.0,.01,-0.1,-0.1,-1.2,-0.1,2.46,-0.5,0,0,1
1997,195,Eddie Gaillard,/players/g/gailled01.shtml,gailled01,26,DET,20.1,-1.0,-0.1,91,-0.3,0.4,-0.7,.33,-0.1,-0.8,1.9,0.2,0.93,1.6,1,3,11
1997,196,Rich Garces,/players/g/garceri01.shtml,garceri01,26,BOS,13.2,-0.4,-0.0,71,-0.2,0.7,-0.9,.82,-0.2,-0.0,-3.5,-0.3,1.20,-2.0,3,0,9
1997,197,Ramon Garcia,/players/g/garcira03.shtml,garcira03,28,HOU,158.2,6.2,0.6,696,0.3,11.6,-11.3,.99,0.1,0.2,4.2,0.4,0.91,0.7,8,6,8
1997,198,Mark Gardner,/players/g/gardnma01.shtml,gardnma01,35,SFG,180.1,-2.0,-0.2,798,-0.3,13.6,-13.9,.98,-0.0,-0.3,-0.7,-0.1,0.90,0.2,0,0,0
1997,199,Tom Glavine*,/players/g/glavito02.shtml,glavito02,31,ATL,240.0,33.0,3.4,983,3.7,18.4,-14.7,1.04,4.0,-0.4,44.7,4.8,0.91,45.9,0,0,0
1997,200,Wayne Gomes,/players/g/gomeswa01.shtml,gomeswa01,24,PHI,42.2,-4.0,-0.4,198,-0.5,2.4,-2.9,.76,-0.2,-0.5,-3.7,-0.4,1.05,-2.6,5,12,15
1997,201,Geremi Gonzalez,/players/g/gonzaje01.shtml,gonzaje01,22,CHC,144.0,1.6,0.2,642,0.7,11.0,-10.2,1.00,0.3,0.5,8.5,0.9,0.92,2.9,0,0,0
1997,202,Dwight Gooden,/players/g/goodedw01.shtml,goodedw01,32,NYY,106.1,-4.0,-0.4,499,-0.0,9.0,-9.0,1.05,-1.0,1.0,-3.1,-0.3,0.94,-11.2,0,0,1
1997,203,Tom Gordon,/players/g/gordoto01.shtml,gordoto01,29,BOS,182.2,17.4,1.7,801,1.3,14.9,-13.6,1.07,2.2,-1.0,18.3,1.8,0.92,25.6,10,3,4
1997,204,Rick Gorecki,/players/g/gorecri01.shtml,gorecri01,23,LAD,6.0,-7.4,-0.7,33,-0.6,0.2,-0.8,.64,-0.3,-0.6,-5.5,-0.5,1.04,-4.2,0,0,2
1997,205,Mike Grace,/players/g/gracemi02.shtml,gracemi02,27,PHI,39.0,3.8,0.4,155,0.4,2.9,-2.5,1.06,0.9,-0.5,3.9,0.4,0.89,9.6,0,0,0
1997,206,Jeff Granger*,/players/g/grangje01.shtml,grangje01,25,PIT,5.0,-6.8,-0.6,34,-0.5,0.1,-0.7,.47,-0.6,-0.4,-9.4,-0.9,1.11,-9.0,2,1,6
1997,207,Danny Graves,/players/g/graveda01.shtml,graveda01,23,TOT,26.0,-4.7,-0.5,141,-0.8,1.1,-1.8,.59,-1.0,-0.4,-7.8,-0.7,1.09,-9.2,3,3,9
1997,208,Danny Graves,/players/g/graveda01.shtml,graveda01,23,CLE,11.1,-0.6,-0.1,57,-0.4,0.3,-0.7,.44,-0.3,-0.7,-1.7,-0.2,1.14,-3.3,1,1,3
1997,209,Danny Graves,/players/g/graveda01.shtml,graveda01,23,CIN,14.2,-4.1,-0.4,84,-0.3,0.8,-1.1,.69,-0.7,0.2,-6.1,-0.6,1.05,-5.9,2,2,6
1997,210,Tyler Green,/players/g/greenty01.shtml,greenty01,27,PHI,76.2,-7.3,-0.7,361,-0.7,6.2,-6.9,1.06,-0.5,-0.1,-9.9,-0.9,1.02,-6.3,0,0,0
1997,211,Tommy Greene,/players/g/greento01.shtml,greento01,30,HOU,9.0,-2.6,-0.2,40,-0.0,0.7,-0.8,.98,-0.1,0.1,-1.8,-0.2,0.92,-1.5,0,0,0
1997,212,Buddy Groom*,/players/g/groombu01.shtml,groombu01,31,OAK,64.2,-4.0,-0.4,296,-0.1,4.5,-4.6,.89,-0.6,0.5,0.3,0.0,0.99,-4.6,24,20,34
1997,213,Kevin Gross,/players/g/grosske01.shtml,grosske01,36,ANA,25.1,-5.3,-0.5,127,-0.5,1.6,-2.1,.88,-0.6,-0.0,-4.9,-0.4,0.98,-6.7,2,2,4
1997,214,Ken Grundt*,/players/g/grundke01.shtml,grundke01,27,BOS,3.0,-1.1,-0.1,15,-0.0,0.0,-0.0,.03,-0.1,-0.2,-1.4,-0.1,0.90,-1.1,0,0,2
1997,215,Eddie Guardado*,/players/g/guarded01.shtml,guarded01,26,MIN,46.0,3.2,0.3,209,-0.6,2.5,-3.2,.72,-0.5,-0.4,-0.9,-0.1,1.01,-1.7,21,9,38
1997,216,Mark Gubicza,/players/g/gubicma01.shtml,gubicma01,34,ANA,4.2,-9.7,-0.8,31,-0.6,0.3,-0.9,.90,-0.5,-0.2,-8.3,-0.7,1.02,-6.2,0,0,0
1997,217,Eric Gunderson*,/players/g/gundeer01.shtml,gundeer01,31,TEX,49.2,8.5,0.8,212,0.7,3.2,-2.6,.81,0.3,0.6,4.9,0.5,0.98,6.0,18,18,24
1997,218,Mark Guthrie*,/players/g/guthrma01.shtml,guthrma01,31,LAD,69.1,-11.4,-1.1,322,-1.1,5.1,-6.2,1.03,-0.7,-0.4,-7.8,-0.8,1.00,-7.1,22,10,29
1997,219,Juan Guzman,/players/g/guzmaju01.shtml,guzmaju01,30,TOR,60.0,-5.5,-0.5,281,-0.2,4.7,-4.9,.98,-0.5,0.3,-8.3,-0.8,0.91,-4.9,0,0,0
1997,220,Darren Hall,/players/h/hallda01.shtml,hallda01,32,LAD,54.2,10.7,1.1,244,1.3,5.5,-4.2,1.33,0.5,0.5,9.3,1.0,1.03,3.6,27,10,25
1997,221,Joey Hamilton,/players/h/hamiljo02.shtml,hamiljo02,26,SDP,192.2,-7.5,-0.7,861,-0.3,14.3,-14.6,1.01,-0.0,-0.3,-3.8,-0.4,0.95,-1.2,1,0,1
1997,222,Chris Hammond*,/players/h/hammoch01.shtml,hammoch01,31,BOS,65.1,-8.0,-0.8,302,-0.5,4.7,-5.2,.89,-0.1,-0.4,-8.1,-0.8,0.95,-2.4,9,6,6
1997,223,Mike Hampton*,/players/h/hamptmi01.shtml,hamptmi01,24,HOU,223.0,4.2,0.4,961,0.4,15.4,-15.0,.93,1.6,-1.2,9.8,1.0,0.95,19.9,0,0,0
1997,224,Chris Haney*,/players/h/haneych01.shtml,haneych01,28,KCR,24.2,-0.4,-0.0,113,-0.3,1.7,-2.0,.99,0.1,-0.4,-1.5,-0.1,0.97,1.0,1,1,3
1997,225,Greg Hansell,/players/h/hansegr01.shtml,hansegr01,26,MIL,4.2,-2.2,-0.2,21,-0.0,0.0,-0.1,.11,-0.0,-0.1,-2.3,-0.2,0.93,-0.0,0,0,3
1997,226,Erik Hanson,/players/h/hansoer01.shtml,hansoer01,32,TOR,15.0,-4.8,-0.4,69,-0.5,0.7,-1.2,.71,-0.1,-0.7,-4.6,-0.4,0.87,-0.9,0,0,1
1997,227,Mike Harkey,/players/h/harkemi01.shtml,harkemi01,30,LAD,14.2,-0.7,-0.1,62,0.2,0.4,-0.2,.29,-0.0,0.6,0.7,0.1,0.90,0.7,1,2,7
1997,228,Pete Harnisch,/players/h/harnipe01.shtml,harnipe01,30,TOT,39.2,-11.6,-1.0,191,-0.6,3.1,-3.7,.97,-0.6,0.0,-7.7,-0.7,0.93,-7.4,0,1,1
1997,229,Pete Harnisch,/players/h/harnipe01.shtml,harnipe01,30,NYM,25.2,-10.9,-1.0,124,-0.7,1.9,-2.6,.93,-0.8,0.0,-7.6,-0.7,0.95,-8.3,0,0,1
1997,230,Pete Harnisch,/players/h/harnipe01.shtml,harnipe01,30,MIL,14.0,-0.7,-0.1,67,0.1,1.2,-1.1,1.06,0.1,-0.1,-0.1,-0.0,0.88,0.9,0,1,0
1997,231,Pep Harris,/players/h/harripe01.shtml,harripe01,24,ANA,79.2,10.1,1.0,356,0.6,7.6,-7.0,1.21,0.6,-0.1,11.5,1.1,1.00,6.8,26,16,17
1997,232,Reggie Harris,/players/h/harrire01.shtml,harrire01,28,PHI,54.1,-5.1,-0.5,281,-0.9,1.6,-2.6,.44,-0.8,-1.3,-5.8,-0.6,1.15,-5.5,5,10,30
1997,233,Shigetoshi Hasegawa,/players/h/hasegsh01.shtml,hasegsh01,28,ANA,116.2,7.4,0.7,507,-0.2,7.4,-7.6,.87,-0.2,-0.1,9.3,0.9,0.94,6.0,12,6,23
1997,234,Gary Haught,/players/h/haughga01.shtml,haughga01,26,OAK,11.1,-3.0,-0.3,53,-0.3,0.4,-0.7,.55,-0.3,-0.1,-4.1,-0.4,0.86,-3.4,0,2,4
1997,235,LaTroy Hawkins,/players/h/hawkila01.shtml,hawkila01,24,MIN,103.1,-12.8,-1.2,494,-1.4,8.2,-9.6,.96,-2.2,0.8,-17.2,-1.6,0.98,-24.3,0,0,0
1997,236,Jimmy Haynes,/players/h/hayneji01.shtml,hayneji01,24,OAK,73.1,0.9,0.1,340,0.0,5.9,-5.9,1.04,0.1,-0.1,3.1,0.3,0.98,1.5,0,0,0
1997,237,Rick Helling,/players/h/helliri01.shtml,helliri01,26,TOT,131.0,0.5,0.0,574,-0.3,10.0,-10.3,1.02,0.7,-1.0,6.5,0.6,0.95,6.8,10,3,11
1997,238,Rick Helling,/players/h/helliri01.shtml,helliri01,26,FLA,76.0,-1.5,-0.2,341,-0.3,5.8,-6.1,1.03,-0.2,-0.1,2.1,0.2,0.97,-3.0,10,2,10
1997,239,Rick Helling,/players/h/helliri01.shtml,helliri01,26,TEX,55.0,2.1,0.2,233,0.0,4.2,-4.2,1.02,0.9,-0.9,4.4,0.4,0.92,9.7,0,1,1
1997,240,Oscar Henriquez,/players/h/henrios01.shtml,henrios01,23,HOU,4.0,0.0,0.0,19,-0.3,0.2,-0.6,1.32,-0.1,-0.2,-0.0,-0.0,0.88,0.5,1,1,1
1997,241,Butch Henry*,/players/h/henrybu01.shtml,henrybu01,28,BOS,84.1,10.6,1.0,358,1.8,8.3,-6.4,1.18,1.1,0.5,12.4,1.2,0.97,12.5,14,9,8
1997,242,Doug Henry,/players/h/henrydo01.shtml,henrydo01,33,SFG,70.2,-6.5,-0.6,331,-0.2,6.0,-6.3,1.19,0.0,-0.2,-5.6,-0.6,1.03,-1.1,33,13,24
1997,243,Pat Hentgen,/players/h/hentgpa01.shtml,hentgpa01,28,TOR,264.0,26.0,2.6,1119,3.2,21.5,-18.3,1.03,3.1,0.0,30.8,3.1,0.89,37.2,0,0,0
1997,244,Felix Heredia*,/players/h/heredfe01.shtml,heredfe01,22,FLA,56.2,-1.6,-0.2,267,0.9,4.9,-4.0,1.03,0.1,0.8,0.3,0.0,1.06,1.1,22,9,25
1997,245,Wilson Heredia,/players/h/heredwi01.shtml,heredwi01,25,TEX,19.2,2.9,0.3,92,-0.0,0.8,-0.9,.64,0.2,-0.2,2.1,0.2,1.02,1.5,2,1,7
1997,246,Dustin Hermanson,/players/h/hermadu01.shtml,hermadu01,24,MON,158.1,10.2,1.0,680,1.7,11.7,-10.0,.96,1.0,0.7,12.6,1.3,0.93,10.2,0,0,4
1997,247,Fernando Hernandez,/players/h/hernafe01.shtml,hernafe01,26,DET,1.1,-4.9,-0.4,13,-0.7,0.1,-0.8,1.43,-0.3,-0.1,-6.6,-0.5,1.34,-4.1,0,1,1
1997,248,Livan Hernandez,/players/h/hernali01.shtml,hernali01,22,FLA,96.1,9.0,0.9,412,1.1,6.7,-5.6,.91,1.1,0.1,10.1,1.1,0.93,12.9,0,0,0
1997,249,Roberto Hernandez,/players/h/hernaro01.shtml,hernaro01,32,TOT,80.2,17.3,1.7,365,3.2,12.7,-9.5,1.97,0.9,0.7,17.7,1.8,1.04,11.3,41,15,18
1997,250,Roberto Hernandez,/players/h/hernaro01.shtml,hernaro01,32,CHW,48.0,10.6,1.0,219,2.4,8.2,-5.7,2.06,0.4,0.8,8.9,0.9,1.04,5.1,24,9,13
1997,251,Roberto Hernandez,/players/h/hernaro01.shtml,hernaro01,32,SFG,32.2,6.7,0.7,146,0.7,4.5,-3.8,1.83,0.5,-0.1,8.7,0.9,1.04,6.2,17,6,5
1997,252,Xavier Hernandez,/players/h/hernaxa01.shtml,hernaxa01,31,TEX,49.1,1.5,0.1,231,-0.6,3.6,-4.2,1.05,-0.2,-0.3,-2.3,-0.2,1.00,-2.1,11,18,12
1997,253,Orel Hershiser,/players/h/hershor01.shtml,hershor01,38,CLE,195.1,4.6,0.4,847,0.0,16.0,-16.0,1.06,-0.1,0.1,2.2,0.2,0.91,-0.6,0,0,0
1997,254,Ken Hill,/players/h/hillke01.shtml,hillke01,31,TOT,190.0,5.2,0.5,872,0.2,15.1,-14.9,1.01,0.2,0.0,6.2,0.7,0.93,2.2,0,0,0
1997,255,Ken Hill,/players/h/hillke01.shtml,hillke01,31,TEX,111.0,-4.1,-0.4,516,-1.1,8.7,-9.9,1.02,-0.6,-0.4,-5.9,-0.5,0.94,-7.4,0,0,0
1997,256,Ken Hill,/players/h/hillke01.shtml,hillke01,31,ANA,79.0,9.3,0.9,356,1.3,6.3,-5.0,.99,0.8,0.5,12.1,1.2,0.92,9.6,0,0,0
1997,257,Sterling Hitchcock*,/players/h/hitchst01.shtml,hitchst01,26,SDP,161.0,-24.4,-2.3,732,-1.3,11.8,-13.0,.97,-1.5,0.2,-19.4,-1.9,0.94,-17.8,3,1,0
1997,258,Trevor Hoffman,/players/h/hoffmtr01.shtml,hoffmtr01,29,SDP,81.1,13.1,1.3,337,2.9,11.7,-8.8,1.88,1.7,-0.1,14.9,1.5,0.94,16.3,34,22,11
1997,259,Darren Holmes,/players/h/holmeda01.shtml,holmeda01,31,COL,89.1,-1.1,-0.1,416,-0.6,7.5,-8.1,1.08,-1.1,0.5,-7.6,-0.7,0.99,-10.2,8,14,14
1997,260,Chris Holt,/players/h/holtch01.shtml,holtch01,25,HOU,209.2,8.2,0.8,908,0.8,15.8,-15.0,1.02,0.9,-0.1,12.5,1.3,0.94,9.7,0,1,0
1997,261,Mike Holtz*,/players/h/holtzmi01.shtml,holtzmi01,24,ANA,43.1,4.9,0.5,195,-0.9,4.5,-5.3,1.42,0.3,-0.9,-0.5,-0.0,1.00,2.3,35,14,15
1997,262,Mark Holzemer*,/players/h/holzema01.shtml,holzema01,27,SEA,9.0,-1.1,-0.1,44,0.1,0.6,-0.5,.74,0.1,0.1,0.8,0.1,1.18,0.4,4,2,8
1997,263,Rick Honeycutt*,/players/h/honeyri01.shtml,honeyri01,43,STL,2.0,-1.8,-0.2,12,-0.1,0.1,-0.1,.41,-0.2,0.0,-2.0,-0.2,1.13,-2.0,0,0,2
1997,264,John Hudek,/players/h/hudekjo01.shtml,hudekjo01,30,HOU,40.2,-7.9,-0.8,200,-1.6,3.6,-5.1,1.22,-0.5,-0.8,-9.0,-0.9,0.99,-7.2,16,7,16
1997,265,Joe Hudson,/players/h/hudsojo02.shtml,hudsojo02,26,BOS,35.2,4.2,0.4,160,-0.3,1.5,-1.8,.50,-0.2,-0.4,1.9,0.2,1.04,0.7,7,5,12
1997,266,Edwin Hurtado,/players/h/hurtaed01.shtml,hurtaed01,27,SEA,19.0,-8.8,-0.8,98,-1.3,1.2,-2.5,.89,-0.7,-0.8,-11.8,-1.1,0.96,-8.0,3,2,7
1997,267,Mark Hutton,/players/h/huttoma01.shtml,huttoma01,27,TOT,60.1,-1.0,-0.1,282,-1.5,3.5,-5.0,.80,-1.2,-0.7,-5.2,-0.4,1.03,-9.5,8,13,18
1997,268,Mark Hutton,/players/h/huttoma01.shtml,huttoma01,27,FLA,47.2,0.7,0.1,212,-0.5,2.9,-3.4,.80,-0.5,-0.1,0.7,0.1,1.02,-2.3,7,10,15
1997,269,Mark Hutton,/players/h/huttoma01.shtml,huttoma01,27,COL,12.2,-1.7,-0.2,70,-1.0,0.6,-1.6,.82,-0.7,-0.5,-6.0,-0.5,1.05,-7.2,1,3,3
1997,270,Hideki Irabu,/players/i/irabuhi01.shtml,irabuhi01,28,NYY,53.1,-16.2,-1.4,263,-1.1,3.5,-4.7,.85,-1.6,0.2,-16.4,-1.5,0.91,-18.1,1,3,0
1997,271,Jason Isringhausen,/players/i/isrinja01.shtml,isrinja01,24,NYM,29.2,-11.5,-1.0,151,-1.3,2.3,-3.7,1.08,-0.8,-0.4,-12.3,-1.1,1.04,-9.4,0,0,0
1997,272,Danny Jackson*,/players/j/jacksda02.shtml,jacksda02,35,TOT,67.2,-28.9,-2.6,335,-3.0,4.3,-7.3,.92,-2.5,-0.7,-32.3,-3.0,1.03,-28.0,1,0,3
1997,273,Danny Jackson*,/players/j/jacksda02.shtml,jacksda02,35,STL,18.2,-7.0,-0.6,90,-0.6,1.2,-1.8,.88,-0.8,0.1,-7.7,-0.7,1.01,-8.9,0,0,0
1997,274,Danny Jackson*,/players/j/jacksda02.shtml,jacksda02,35,SDP,49.0,-21.9,-2.0,245,-2.4,3.1,-5.5,.94,-1.7,-0.8,-24.6,-2.3,1.03,-19.1,1,0,3
1997,275,Michael Jackson,/players/j/jacksmi02.shtml,jacksmi02,32,CLE,75.0,10.2,1.0,317,2.4,7.8,-5.4,1.33,1.7,0.1,13.1,1.2,0.93,16.5,31,15,22
1997,276,Jason Jacome*,/players/j/jacomja01.shtml,jacomja01,26,TOT,49.1,-5.1,-0.5,223,-0.9,3.0,-3.9,.76,-0.6,-0.6,-8.5,-0.8,0.96,-6.1,7,3,14
1997,277,Jason Jacome*,/players/j/jacomja01.shtml,jacomja01,26,KCR,6.2,-3.0,-0.3,36,-0.4,0.8,-1.1,1.20,-0.4,0.1,-4.2,-0.4,1.16,-4.9,2,1,4
1997,278,Jason Jacome*,/players/j/jacomja01.shtml,jacomja01,26,CLE,42.2,-2.1,-0.2,187,-0.5,2.2,-2.7,.68,-0.2,-0.6,-4.4,-0.4,0.92,-1.2,5,2,10
1997,279,Mike James,/players/j/jamesmi01.shtml,jamesmi01,29,ANA,62.2,2.9,0.3,293,-0.0,8.5,-8.6,1.70,0.1,-0.1,-1.0,-0.1,0.96,1.2,37,8,13
1997,280,Marty Janzen,/players/j/janzema01.shtml,janzema01,24,TOR,25.0,2.7,0.3,106,-0.0,1.1,-1.1,.63,-0.1,0.1,2.8,0.3,0.88,-0.8,2,1,8
1997,281,Kevin Jarvis,/players/j/jarvike01.shtml,jarvike01,27,TOT,68.0,-22.4,-2.1,349,-1.8,2.9,-4.6,.59,-2.1,-0.9,-24.9,-2.2,1.00,-24.6,2,4,17
1997,282,Kevin Jarvis,/players/j/jarvike01.shtml,jarvike01,27,TOT,54.2,-14.3,-1.3,276,-1.3,2.5,-3.8,.64,-1.3,-0.7,-16.8,-1.5,0.99,-15.9,1,3,11
1997,283,Kevin Jarvis,/players/j/jarvike01.shtml,jarvike01,27,CIN,13.1,-8.1,-0.8,73,-0.5,0.4,-0.8,.42,-0.8,-0.3,-8.1,-0.8,1.04,-8.8,1,1,6
1997,284,Kevin Jarvis,/players/j/jarvike01.shtml,jarvike01,27,MIN,13.0,-10.3,-0.9,73,-0.8,0.7,-1.6,.85,-0.7,-0.3,-12.2,-1.0,1.07,-9.0,1,0,3
1997,285,Kevin Jarvis,/players/j/jarvike01.shtml,jarvike01,27,DET,41.2,-4.0,-0.4,203,-0.5,1.8,-2.2,.56,-0.7,-0.2,-4.6,-0.4,0.96,-6.8,0,3,8
1997,286,Dane Johnson,/players/j/johnsda05.shtml,johnsda05,34,OAK,45.2,-1.7,-0.2,230,-0.9,2.7,-3.6,.80,-0.2,-0.9,-12.8,-1.2,1.10,-5.8,13,4,17
1997,287,Jason Johnson,/players/j/johnsja02.shtml,johnsja02,23,PIT,6.0,-0.7,-0.1,28,-0.1,0.2,-0.2,.31,-0.3,0.0,-1.9,-0.2,0.91,-3.4,0,1,2
1997,288,Mike Johnson,/players/j/johnsmi02.shtml,johnsmi02,21,TOT,89.2,-23.8,-2.2,422,-2.3,4.7,-7.0,.75,-2.3,-0.8,-20.5,-1.9,0.98,-20.3,0,1,7
1997,289,Mike Johnson,/players/j/johnsmi02.shtml,johnsmi02,21,BAL,39.2,-15.1,-1.4,188,-1.5,1.4,-2.9,.53,-1.6,-1.2,-12.1,-1.1,0.98,-14.1,0,1,7
1997,290,Mike Johnson,/players/j/johnsmi02.shtml,johnsmi02,21,MON,50.0,-8.7,-0.8,234,-0.8,3.3,-4.1,.94,-0.6,-0.3,-8.4,-0.8,0.98,-6.2,0,0,0
1997,291,Randy Johnson*,/players/j/johnsra05.shtml,johnsra05,33,SEA,213.0,52.7,5.5,880,5.8,18.0,-12.2,1.04,4.4,1.2,56.4,6.0,0.87,52.6,0,0,1
1997,292,John Johnstone,/players/j/johnsjo07.shtml,johnsjo07,28,TOT,25.0,3.7,0.4,120,-0.2,0.4,-0.7,.30,-0.1,-0.7,-0.6,-0.1,1.18,-0.8,0,3,14
1997,293,John Johnstone,/players/j/johnsjo07.shtml,johnsjo07,28,SFG,18.2,2.3,0.2,83,-0.2,0.3,-0.6,.36,-0.1,-0.6,0.2,0.0,1.15,0.1,0,3,9
1997,294,John Johnstone,/players/j/johnsjo07.shtml,johnsjo07,28,OAK,6.1,1.4,0.1,37,-0.0,0.1,-0.1,.16,-0.1,0.0,-0.9,-0.1,1.24,-0.9,0,0,5
1997,295,Bobby Jones,/players/j/jonesbo03.shtml,jonesbo03,27,NYM,193.1,9.2,0.9,829,1.1,13.9,-12.7,.93,0.8,0.4,10.4,1.1,0.89,8.5,0,0,0
1997,296,Bobby Jones*,/players/j/jonesbo04.shtml,jonesbo04,25,COL,19.1,-4.8,-0.4,101,-0.7,1.5,-2.3,1.02,-0.8,0.1,-7.2,-0.6,0.98,-8.9,0,0,0
1997,297,Doug Jones,/players/j/jonesdo01.shtml,jonesdo01,40,MIL,80.1,23.2,2.2,315,3.5,9.5,-6.0,1.59,2.2,-0.0,25.0,2.4,0.88,28.0,35,15,20
1997,298,Todd Jones,/players/j/jonesto02.shtml,jonesto02,29,DET,70.0,10.4,1.0,314,3.4,10.6,-7.1,1.90,1.2,0.6,13.8,1.3,1.00,13.5,37,13,16
1997,299,Ricardo Jordan*,/players/j/jordari03.shtml,jordari03,27,NYM,27.0,-3.4,-0.3,127,-0.5,1.0,-1.5,.63,-0.6,-0.3,-3.0,-0.3,1.10,-4.7,3,3,16
1997,300,Mike Judd,/players/j/juddmi01.shtml,juddmi01,22,LAD,2.2,1.4,0.2,13,0.1,0.2,-0.1,.74,0.1,0.0,0.8,0.1,0.98,0.6,0,1,0
1997,301,Jeff Juden,/players/j/judenje01.shtml,judenje01,26,TOT,161.1,-1.9,-0.2,766,-0.3,12.6,-12.8,1.00,-1.1,0.9,-6.4,-0.6,0.94,-14.7,0,0,3
1997,302,Jeff Juden,/players/j/judenje01.shtml,judenje01,26,MON,130.0,0.8,0.1,614,0.4,10.4,-10.0,1.01,-0.7,1.1,-2.1,-0.2,0.94,-10.6,0,0,0
1997,303,Jeff Juden,/players/j/judenje01.shtml,judenje01,26,CLE,31.1,-2.7,-0.2,152,-0.7,2.2,-2.9,.95,-0.4,-0.3,-4.2,-0.4,0.94,-4.1,0,0,3
1997,304,Scott Kamieniecki,/players/k/kamiesc01.shtml,kamiesc01,33,BAL,179.1,9.9,1.0,806,1.2,14.8,-13.6,1.04,0.8,0.3,12.9,1.3,0.92,8.6,0,0,0
1997,305,Matt Karchner,/players/k/karchma01.shtml,karchma01,30,CHW,52.2,9.5,0.9,239,2.5,6.7,-4.2,1.47,0.3,1.4,9.1,0.9,1.03,6.3,27,13,10
1997,306,Scott Karl*,/players/k/karlsc01.shtml,karlsc01,25,MIL,193.1,5.0,0.5,861,-0.0,15.7,-15.7,1.02,0.3,-0.3,4.6,0.4,0.92,4.6,0,0,0
1997,307,Ryan Karp*,/players/k/karpry01.shtml,karpry01,27,PHI,15.0,-2.7,-0.3,68,-0.5,1.5,-2.0,1.46,-0.0,-0.3,-2.5,-0.2,1.09,-0.4,7,4,3
1997,308,Steve Karsay,/players/k/karsast01.shtml,karsast01,25,OAK,132.2,-19.8,-1.8,637,-2.1,10.3,-12.4,.98,-2.4,0.2,-20.5,-1.9,0.94,-24.8,0,0,0
1997,309,Takashi Kashiwada*,/players/k/kashita01.shtml,kashita01,26,NYM,31.1,0.1,0.0,151,-1.1,1.3,-2.4,.67,-0.7,-0.9,-2.4,-0.2,0.98,-5.7,8,6,19
1997,310,Greg Keagle,/players/k/keaglgr01.shtml,keaglgr01,26,DET,45.1,-8.4,-0.8,220,-0.6,3.9,-4.5,1.10,-0.7,0.1,-7.1,-0.7,1.03,-6.9,0,0,1
1997,311,Jimmy Key*,/players/k/keyji01.shtml,keyji01,36,BAL,212.1,22.8,2.2,929,2.0,14.9,-12.9,.88,1.7,0.6,27.4,2.8,0.91,20.7,0,0,0
1997,312,Darryl Kile,/players/k/kileda01.shtml,kileda01,28,HOU,255.2,39.7,4.2,1085,4.1,21.1,-17.0,1.10,3.1,0.6,43.0,4.7,0.95,35.5,0,0,0
1997,313,Curtis King,/players/k/kingcu01.shtml,kingcu01,26,STL,29.1,2.9,0.3,140,0.5,3.9,-3.5,1.83,0.1,0.2,4.1,0.4,1.09,1.0,16,8,6
1997,314,Steve Kline*,/players/k/klinest02.shtml,klinest02,24,TOT,52.2,-8.2,-0.8,260,-0.8,3.4,-4.2,.91,-1.0,0.2,-12.7,-1.2,1.00,-12.3,15,13,15
1997,315,Steve Kline*,/players/k/klinest02.shtml,klinest02,24,CLE,26.1,-3.3,-0.3,138,-0.3,1.8,-2.1,.80,-0.9,0.6,-7.8,-0.7,1.03,-8.8,8,5,5
1997,316,Steve Kline*,/players/k/klinest02.shtml,klinest02,24,MON,26.1,-4.9,-0.5,122,-0.5,1.6,-2.1,1.04,-0.1,-0.4,-4.9,-0.5,0.97,-3.5,7,8,10
1997,317,Rick Krivda*,/players/k/krivdri01.shtml,krivdri01,27,BAL,50.0,-9.9,-0.9,236,-0.8,3.5,-4.3,.89,-1.1,0.2,-10.1,-0.9,0.94,-11.6,0,0,0
1997,318,Marc Kroon,/players/k/kroonma01.shtml,kroonma01,24,SDP,11.1,-3.2,-0.3,58,-0.4,0.2,-0.5,.32,-0.4,-0.8,-6.7,-0.7,0.92,-5.6,1,2,6
1997,319,Tim Kubinski*,/players/k/kubinti01.shtml,kubinti01,25,OAK,12.2,-1.8,-0.2,59,-0.2,0.4,-0.6,.52,-0.0,-0.4,-2.1,-0.2,1.00,-0.2,2,2,7
1997,320,Kerry Lacy,/players/l/lacyke01.shtml,lacyke01,24,BOS,45.2,-7.1,-0.7,221,0.2,2.7,-2.5,.70,-0.8,1.1,-11.6,-1.1,1.01,-12.1,11,5,16
1997,321,Mark Langston*,/players/l/langsma01.shtml,langsma01,36,ANA,47.2,-6.1,-0.6,234,-0.7,3.6,-4.3,.97,-0.9,0.2,-7.4,-0.7,0.99,-10.4,0,0,0
1997,322,Al Leiter*,/players/l/leiteal01.shtml,leiteal01,31,FLA,151.1,-4.0,-0.4,695,0.5,12.5,-12.0,1.07,-0.0,0.5,-2.2,-0.2,0.99,-0.2,0,0,0
1997,323,Mark Leiter,/players/l/leitema01.shtml,leitema01,34,PHI,182.2,-30.7,-2.9,869,-3.6,12.7,-16.3,.93,-2.7,-1.2,-37.0,-3.4,0.96,-31.7,0,0,0
1997,324,John LeRoy,/players/l/leroyjo01.shtml,leroyjo01,22,ATL,2.0,1.1,0.1,10,0.3,0.4,-0.1,2.93,0.1,0.0,1.0,0.1,1.02,0.5,1,0,0
1997,325,Curt Leskanic,/players/l/leskacu01.shtml,leskacu01,29,COL,58.1,-0.5,-0.1,257,0.2,4.5,-4.3,.90,-0.1,0.4,-7.7,-0.7,0.94,-4.9,15,10,29
1997,326,Al Levine,/players/l/levinal01.shtml,levinal01,29,CHW,27.1,-7.4,-0.7,138,0.1,2.0,-1.9,.94,-0.8,0.9,-4.8,-0.5,1.05,-8.3,5,5,15
1997,327,Richie Lewis,/players/l/lewisri01.shtml,lewisri01,31,TOT,24.1,-12.0,-1.1,126,-0.7,0.9,-1.6,.55,-1.1,-0.1,-15.2,-1.4,1.04,-13.1,8,3,7
1997,328,Richie Lewis,/players/l/lewisri01.shtml,lewisri01,31,OAK,18.2,-10.6,-1.0,99,-0.3,0.7,-1.1,.57,-0.8,0.3,-12.4,-1.1,1.02,-10.0,6,2,6
1997,329,Richie Lewis,/players/l/lewisri01.shtml,lewisri01,31,CIN,5.2,-1.4,-0.1,27,-0.3,0.2,-0.5,.50,-0.3,-0.4,-2.9,-0.3,1.10,-3.1,2,1,1
1997,330,Cory Lidle,/players/l/lidleco01.shtml,lidleco01,25,NYM,81.2,4.1,0.4,353,0.3,5.4,-5.1,.94,0.5,-0.2,3.9,0.4,1.01,5.2,15,12,23
1997,331,Jon Lieber,/players/l/liebejo01.shtml,liebejo01,27,PIT,188.1,-2.4,-0.2,817,-0.6,13.7,-14.3,.97,0.3,-0.9,-1.1,-0.1,0.91,5.8,0,1,0
1997,332,Kerry Ligtenberg,/players/l/ligteke01.shtml,ligteke01,26,ATL,15.0,2.4,0.2,66,0.1,0.8,-0.7,.76,0.5,-0.3,0.9,0.1,0.93,1.9,3,2,8
1997,333,Jose Lima,/players/l/limajo01.shtml,limajo01,24,HOU,75.0,-9.4,-0.9,330,-0.4,4.8,-5.2,.91,-0.2,-0.2,-4.5,-0.5,0.94,-2.0,14,14,23
1997,334,Felipe Lira,/players/l/lirafe01.shtml,lirafe01,25,TOT,110.2,-20.5,-1.9,545,-1.6,8.6,-10.1,1.02,-2.2,0.7,-16.8,-1.5,1.00,-24.0,4,3,3
1997,335,Felipe Lira,/players/l/lirafe01.shtml,lirafe01,25,DET,92.0,-10.6,-1.0,440,-0.7,7.1,-7.7,1.02,-1.2,0.5,-6.3,-0.6,0.96,-13.0,1,2,2
1997,336,Felipe Lira,/players/l/lirafe01.shtml,lirafe01,25,SEA,18.2,-9.9,-0.9,105,-0.9,1.5,-2.4,1.02,-1.0,0.1,-10.6,-1.0,1.12,-11.1,3,1,1
1997,337,Graeme Lloyd*,/players/l/lloydgr01.shtml,lloydgr01,30,NYY,49.0,4.6,0.4,225,0.1,1.6,-1.5,.46,-0.6,1.0,2.9,0.3,1.07,-1.9,9,8,28
1997,338,Esteban Loaiza,/players/l/loaizes01.shtml,loaizes01,25,PIT,196.1,4.6,0.5,881,-0.1,15.2,-15.4,1.06,-0.4,0.3,0.2,0.0,0.95,-5.5,0,1,0
1997,339,Rich Loiselle,/players/l/loiseri01.shtml,loiseri01,25,PIT,72.2,9.2,0.9,322,0.1,9.7,-9.6,1.80,0.4,-0.4,-2.3,-0.2,0.97,3.3,40,11,19
1997,340,Joey Long*,/players/l/longjo01.shtml,longjo01,26,SDP,11.0,-5.4,-0.5,66,-0.6,0.2,-0.9,.41,-0.6,-0.9,-4.8,-0.5,1.17,-5.7,2,1,6
1997,341,Albie Lopez,/players/l/lopezal02.shtml,lopezal02,25,CLE,76.2,-17.3,-1.6,386,-2.4,5.5,-8.0,.99,-1.6,-0.8,-23.6,-2.2,0.99,-15.1,6,12,13
1997,342,Andrew Lorraine*,/players/l/lorraan01.shtml,lorraan01,24,OAK,29.2,-6.0,-0.6,150,-0.3,2.1,-2.4,.91,-0.7,0.3,-5.4,-0.5,1.04,-6.6,0,1,4
1997,343,Derek Lowe,/players/l/lowede01.shtml,lowede01,24,TOT,69.0,-11.3,-1.0,306,-0.7,4.3,-5.0,.88,-0.5,-0.2,-5.0,-0.4,0.90,-5.6,3,1,7
1997,344,Derek Lowe,/players/l/lowede01.shtml,lowede01,24,SEA,53.0,-14.0,-1.3,240,-0.5,3.5,-4.0,.86,-0.8,0.2,-8.4,-0.8,0.91,-9.3,0,1,2
1997,345,Derek Lowe,/players/l/lowede01.shtml,lowede01,24,BOS,16.0,2.7,0.3,66,-0.2,0.8,-1.0,.94,0.3,-0.5,3.5,0.3,0.88,3.7,3,0,5
1997,346,Sean Lowe,/players/l/lowese01.shtml,lowese01,26,STL,17.1,-10.4,-0.9,92,-1.0,1.2,-2.2,.94,-0.7,-0.4,-12.2,-1.1,1.04,-8.7,0,1,0
1997,347,Eric Ludwick,/players/l/ludwier01.shtml,ludwier01,25,TOT,30.2,-13.8,-1.2,161,-1.2,1.7,-2.9,.77,-1.6,0.1,-14.7,-1.3,1.07,-17.3,1,1,4
1997,348,Eric Ludwick,/players/l/ludwier01.shtml,ludwier01,25,STL,6.2,-3.5,-0.3,38,-0.4,0.2,-0.6,.70,-0.3,-0.2,-4.8,-0.5,1.16,-3.1,1,1,3
1997,349,Eric Ludwick,/players/l/ludwier01.shtml,ludwier01,25,OAK,24.0,-10.3,-0.9,123,-0.8,1.5,-2.4,.80,-1.3,0.3,-9.9,-0.9,1.04,-14.2,0,0,1
1997,350,Greg Maddux,/players/m/maddugr01.shtml,maddugr01,31,ATL,232.2,53.5,5.8,920,6.2,18.0,-11.8,1.01,6.2,-0.1,63.4,7.1,0.87,68.3,0,0,0
1997,351,Mike Maddux,/players/m/maddumi01.shtml,maddumi01,35,SEA,10.2,-6.2,-0.6,60,-0.4,0.5,-0.9,.68,-0.6,0.0,-4.9,-0.5,1.10,-5.8,0,2,4
1997,352,Calvin Maduro,/players/m/madurca01.shtml,madurca01,22,PHI,71.0,-21.4,-2.0,349,-1.7,4.4,-6.1,.86,-1.8,-0.2,-19.9,-1.8,0.98,-19.0,0,1,1
1997,353,Mike Magnante*,/players/m/magnami01.shtml,magnami01,32,HOU,47.2,8.5,0.8,201,0.2,3.7,-3.5,1.08,1.1,-0.9,10.5,1.1,1.01,10.4,16,9,15
1997,354,Ron Mahay*,/players/m/mahayro01.shtml,mahayro01,26,BOS,25.0,6.3,0.6,112,0.4,1.7,-1.3,.85,0.4,0.1,7.3,0.7,0.89,4.9,12,3,12
1997,355,Pat Mahomes,/players/m/mahompa01.shtml,mahompa01,26,BOS,10.0,-3.7,-0.3,57,-0.5,0.4,-0.9,.64,-0.5,-0.2,-5.4,-0.5,1.15,-5.2,1,3,6
1997,356,Sean Maloney,/players/m/malonse01.shtml,malonse01,26,MIL,7.0,-0.0,0.0,31,-0.0,0.1,-0.1,.18,-0.1,-0.1,-0.8,-0.1,1.21,-0.5,0,0,3
1997,357,Barry Manuel,/players/m/manueba01.shtml,manueba01,31,NYM,25.2,-4.0,-0.4,127,-0.5,1.2,-1.7,.69,-0.6,-0.1,-9.9,-1.0,1.01,-8.5,4,2,12
1997,358,Josias Manzanillo,/players/m/manzajo01.shtml,manzajo01,29,SEA,18.1,-2.2,-0.2,92,-0.3,0.8,-1.1,.60,-0.2,-0.2,-8.2,-0.8,1.25,-5.5,2,5,8
1997,359,Tom Martin*,/players/m/martito02.shtml,martito02,27,HOU,56.0,13.3,1.3,242,0.2,5.0,-4.7,1.20,0.5,-0.3,4.7,0.5,1.05,6.1,23,13,19
1997,360,Dennis Martinez,/players/m/martide01.shtml,martide01,43,SEA,49.0,-17.9,-1.6,256,-1.6,3.5,-5.1,.95,-1.1,-0.6,-15.8,-1.4,0.99,-13.0,0,0,0
1997,361,Pedro Martinez,/players/m/martipe02.shtml,martipe02,25,MON,241.1,57.4,6.3,975,6.4,19.9,-13.5,1.07,6.3,-0.3,57.7,6.4,0.90,67.1,0,0,0
1997,362,Pedro Martinez*,/players/m/martipe03.shtml,martipe03,28,CIN,6.2,-4.2,-0.4,38,0.0,0.4,-0.3,.76,-0.3,0.3,-6.1,-0.6,1.17,-4.7,4,1,3
1997,363,Ramon Martinez,/players/m/martira02.shtml,martira02,29,LAD,133.2,1.7,0.2,613,0.8,10.7,-10.0,1.06,-0.7,1.4,4.1,0.4,0.97,-6.6,0,0,0
1997,364,T.J. Mathews,/players/m/mathet.01.shtml,mathet.01,27,TOT,74.2,8.7,0.9,345,0.5,8.2,-7.7,1.51,-0.0,0.3,7.2,0.7,0.98,-0.0,21,16,27
1997,365,T.J. Mathews,/players/m/mathet.01.shtml,mathet.01,27,STL,46.0,9.7,1.0,206,0.6,4.8,-4.2,1.50,0.5,-0.2,9.7,1.0,1.00,4.8,14,9,17
1997,366,T.J. Mathews,/players/m/mathet.01.shtml,mathet.01,27,OAK,28.2,-1.0,-0.1,139,-0.1,3.4,-3.5,1.53,-0.6,0.5,-2.5,-0.2,0.96,-4.8,7,7,10
1997,367,Terry Mathews,/players/m/mathete01.shtml,mathete01,32,BAL,63.1,-0.5,-0.1,294,-0.3,5.2,-5.4,1.10,-0.4,0.2,-1.6,-0.2,1.00,-1.9,23,9,24
1997,368,Darrell May*,/players/m/mayda02.shtml,mayda02,25,ANA,51.2,-2.2,-0.2,242,-0.3,2.5,-2.8,.64,-0.3,-0.2,-4.3,-0.4,0.91,-6.3,8,4,14
1997,369,Jamie McAndrew,/players/m/mcandja01.shtml,mcandja01,29,MIL,19.1,-7.4,-0.6,111,-0.7,1.4,-2.1,.96,-0.6,-0.1,-8.4,-0.7,1.09,-5.9,0,0,1
1997,370,Greg McCarthy*,/players/m/mccargr01.shtml,mccargr01,28,SEA,29.2,-3.8,-0.4,136,-0.3,1.6,-1.9,.74,-0.5,0.1,-2.2,-0.2,0.98,-2.2,8,13,16
1997,371,Jeff McCurry,/players/m/mccurje01.shtml,mccurje01,27,COL,40.2,2.9,0.3,188,-1.1,2.5,-3.6,.92,-0.7,-0.5,-0.0,-0.0,0.99,-2.2,12,0,15
1997,372,Allen McDill*,/players/m/mcdilal01.shtml,mcdilal01,25,KCR,4.0,-3.4,-0.3,24,-0.4,0.2,-0.6,.66,-0.2,-0.4,-2.3,-0.2,1.23,-2.5,0,1,1
1997,373,Ben McDonald,/players/m/mcdonbe01.shtml,mcdonbe01,29,MIL,133.0,7.7,0.8,577,0.8,10.0,-9.2,.95,1.6,-0.8,8.1,0.8,0.89,18.6,0,0,0
1997,374,Jack McDowell,/players/m/mcdowja01.shtml,mcdowja01,31,CLE,40.2,-1.7,-0.2,187,-0.1,2.9,-3.0,.91,-0.2,0.1,-0.5,-0.0,1.00,-2.0,1,0,1
1997,375,Chuck McElroy*,/players/m/mcelrch01.shtml,mcelrch01,29,TOT,75.0,5.0,0.5,327,-0.2,5.1,-5.2,1.00,0.8,-1.0,7.5,0.7,0.95,9.9,23,14,24
1997,376,Chuck McElroy*,/players/m/mcelrch01.shtml,mcelrch01,29,ANA,15.2,2.0,0.2,66,-0.1,1.4,-1.4,1.30,0.1,-0.2,0.9,0.1,0.89,2.1,8,2,3
1997,377,Chuck McElroy*,/players/m/mcelrch01.shtml,mcelrch01,29,CHW,59.1,2.9,0.3,261,-0.1,3.7,-3.8,.92,0.7,-0.8,6.6,0.6,0.96,7.9,15,12,21
1997,378,Tom McGraw*,/players/m/mcgrato01.shtml,mcgrato01,29,STL,1.2,1.0,0.1,8,-0.0,0.0,-0.0,.02,0.0,-0.3,-0.9,-0.1,1.27,-0.3,0,0,2
1997,379,Greg McMichael,/players/m/mcmicgr01.shtml,mcmicgr01,30,NYM,87.2,10.3,1.0,369,1.5,11.7,-10.2,1.77,1.3,-0.5,15.6,1.6,1.04,14.3,49,8,16
1997,380,Jim Mecir,/players/m/mecirji01.shtml,mecirji01,27,NYY,33.2,-4.7,-0.4,148,-0.8,2.0,-2.7,.91,-0.0,-0.8,-3.1,-0.3,1.01,-0.6,7,5,11
1997,381,Ramiro Mendoza,/players/m/mendora01.shtml,mendora01,25,NYY,133.2,4.6,0.4,595,0.3,9.4,-9.1,.88,0.0,0.3,7.0,0.7,0.94,2.0,7,3,13
1997,382,Paul Menhart,/players/m/menhapa01.shtml,menhapa01,28,SDP,44.0,-2.8,-0.3,189,-0.2,3.3,-3.5,.99,-0.5,0.2,-1.0,-0.1,0.87,-4.8,0,0,1
1997,383,Jose Mercedes,/players/m/mercejo02.shtml,mercejo02,26,MIL,159.0,13.9,1.4,673,0.7,11.1,-10.4,.88,0.9,-0.2,12.5,1.2,0.90,11.6,0,4,2
1997,384,Kent Mercker*,/players/m/merckke01.shtml,merckke01,29,CIN,144.2,8.0,0.8,639,0.6,10.6,-10.0,.96,0.6,0.0,12.3,1.2,0.93,6.2,0,1,2
1997,385,Jose Mesa,/players/m/mesajo01.shtml,mesajo01,31,CLE,82.1,18.6,1.8,363,1.3,8.6,-7.3,1.34,0.4,0.6,17.2,1.6,0.99,10.3,24,16,25
1997,386,Dan Miceli,/players/m/micelda01.shtml,micelda01,26,DET,82.2,-3.3,-0.3,366,-2.1,5.4,-7.6,.92,-0.8,-1.6,-13.3,-1.2,1.00,-5.8,25,15,30
1997,387,Kurt Miller,/players/m/milleku01.shtml,milleku01,24,FLA,7.1,-4.3,-0.4,41,-0.9,0.3,-1.2,.78,-0.6,-0.6,-4.4,-0.4,0.99,-5.1,2,1,4
1997,388,Travis Miller*,/players/m/milletr01.shtml,milletr01,24,MIN,48.1,-17.8,-1.6,239,-1.5,2.6,-4.1,.75,-1.2,-0.8,-21.3,-1.9,0.94,-15.0,0,0,6
1997,389,Alan Mills,/players/m/millsal01.shtml,millsal01,30,BAL,38.2,-2.1,-0.2,205,-0.3,3.1,-3.4,.98,-0.7,0.5,-5.6,-0.5,0.98,-9.4,14,10,14
1997,390,Kevin Millwood,/players/m/millwke01.shtml,millwke01,22,ATL,51.1,0.6,0.1,241,-0.4,3.5,-4.0,.94,0.2,-0.7,-0.9,-0.1,1.04,3.3,1,0,3
1997,391,Mike Mimbs*,/players/m/mimbsmi01.shtml,mimbsmi01,28,PHI,28.2,-10.4,-1.0,150,-1.1,1.0,-2.1,.54,-1.1,-1.0,-15.7,-1.5,1.02,-14.4,2,3,10
1997,392,Nate Minchey,/players/m/minchna01.shtml,minchna01,27,COL,2.0,-1.2,-0.1,13,-0.3,0.1,-0.3,.87,-0.2,-0.1,-1.7,-0.2,1.23,-1.9,1,0,1
1997,393,Blas Minor,/players/m/minorbl01.shtml,minorbl01,31,HOU,12.0,-0.7,-0.1,59,0.1,1.0,-0.9,1.01,-0.2,0.2,0.3,0.0,1.03,-0.3,6,0,5
1997,394,Angel Miranda*,/players/m/miranan01.shtml,miranan01,27,MIL,14.0,1.6,0.2,73,0.1,1.3,-1.2,1.14,0.0,0.1,-1.4,-0.1,1.07,0.1,4,2,4
1997,395,Mike Misuraca,/players/m/misurmi01.shtml,misurmi01,28,MIL,10.1,-6.8,-0.6,53,0.0,0.3,-0.2,.25,-0.5,0.6,-7.2,-0.6,0.92,-7.4,0,2,3
1997,396,Dave Mlicki,/players/m/mlickda01.shtml,mlickda01,29,NYM,193.2,4.7,0.5,865,0.5,15.0,-14.5,1.05,0.4,0.2,11.1,1.1,0.93,5.6,0,0,0
1997,397,Brian Moehler,/players/m/moehlbr01.shtml,moehlbr01,25,DET,175.1,-0.8,-0.1,798,0.6,12.8,-12.2,.93,-0.4,1.0,-1.7,-0.2,0.90,-5.3,0,0,0
1997,398,Mike Mohler*,/players/m/mohlemi01.shtml,mohlemi01,28,OAK,101.2,-8.8,-0.8,481,-3.1,7.2,-10.3,1.08,-1.4,-1.5,-12.1,-1.2,1.05,-11.1,16,14,20
1997,399,Jeff Montgomery,/players/m/montgje01.shtml,montgje01,35,KCR,59.1,8.2,0.8,257,0.9,6.3,-5.4,1.53,0.6,-0.0,4.4,0.4,0.95,9.7,24,8,18
1997,400,Steve Montgomery,/players/m/montgst01.shtml,montgst01,26,OAK,6.1,-3.5,-0.3,38,-0.3,0.4,-0.6,.70,-0.4,-0.0,-2.4,-0.2,1.00,-5.1,1,2,1
1997,401,Eric Moody,/players/m/moodyer01.shtml,moodyer01,26,TEX,19.0,1.2,0.1,86,-0.5,1.1,-1.6,.76,-0.1,-0.5,-0.7,-0.1,1.01,-1.4,3,2,3
1997,402,Ramon Morel,/players/m/morelra01.shtml,morelra01,22,TOT,11.1,0.0,0.0,54,0.0,0.1,-0.1,.12,-0.4,0.6,-1.3,-0.1,1.03,-3.5,0,0,8
1997,403,Ramon Morel,/players/m/morelra01.shtml,morelra01,22,PIT,7.2,0.0,0.0,37,0.0,0.1,-0.1,.16,-0.3,0.4,-0.0,0.0,0.96,-2.1,0,0,5
1997,404,Ramon Morel,/players/m/morelra01.shtml,morelra01,22,CHC,3.2,0.0,0.0,17,0.0,0.0,-0.0,.05,-0.1,0.2,-1.3,-0.1,1.20,-1.4,0,0,3
1997,405,Mike Morgan,/players/m/morgami01.shtml,morgami01,37,CIN,162.0,-6.8,-0.7,715,-1.4,12.1,-13.5,1.02,-0.3,-1.1,-10.5,-1.0,0.92,-3.2,1,0,0
1997,406,Alvin Morman*,/players/m/mormaal01.shtml,mormaal01,28,CLE,18.1,-2.2,-0.2,94,0.4,1.3,-0.9,.85,-0.1,0.6,-1.8,-0.2,1.14,-1.3,13,4,17
1997,407,Matt Morris,/players/m/morrima01.shtml,morrima01,22,STL,217.0,22.4,2.3,929,2.2,17.5,-15.3,1.04,2.0,0.2,20.4,2.1,0.93,23.2,0,0,0
1997,408,Jamie Moyer*,/players/m/moyerja01.shtml,moyerja01,34,SEA,188.2,16.3,1.6,804,1.7,14.5,-12.8,.98,2.1,-0.4,22.9,2.3,0.91,27.2,0,0,0
1997,409,Terry Mulholland*,/players/m/mulhote01.shtml,mulhote01,34,TOT,186.2,-0.8,-0.1,808,0.3,13.9,-13.7,.99,-0.2,0.4,-2.9,-0.3,0.92,-2.0,2,5,4
1997,410,Terry Mulholland*,/players/m/mulhote01.shtml,mulhote01,34,CHC,157.0,3.6,0.4,680,0.4,11.9,-11.5,1.00,-0.1,0.5,2.7,0.3,0.92,-1.8,0,0,0
1997,411,Terry Mulholland*,/players/m/mulhote01.shtml,mulhote01,34,SFG,29.2,-4.4,-0.4,128,-0.1,2.0,-2.1,.93,-0.0,-0.1,-5.6,-0.5,0.93,-0.2,2,5,4
1997,412,Bobby Munoz,/players/m/munozbo01.shtml,munozbo01,29,PHI,33.1,-16.3,-1.5,177,-1.6,2.2,-3.7,.92,-1.2,-0.5,-19.1,-1.7,1.00,-14.2,1,0,0
1997,413,Mike Munoz*,/players/m/munozmi01.shtml,munozmi01,31,COL,45.2,2.9,0.3,197,0.8,3.5,-2.7,.91,0.0,0.9,9.5,0.8,1.03,5.5,27,9,25
1997,414,Heath Murray*,/players/m/murrahe01.shtml,murrahe01,24,SDP,33.1,-9.9,-0.9,168,-1.1,2.8,-3.9,1.15,-1.2,0.2,-9.5,-0.9,1.19,-10.8,4,2,7
1997,415,Mike Mussina,/players/m/mussimi01.shtml,mussimi01,28,BAL,224.2,31.0,3.1,924,3.3,16.4,-13.2,.91,3.2,0.4,36.6,3.8,0.85,36.1,0,0,0
1997,416,Mike Myers*,/players/m/myersmi01.shtml,myersmi01,28,DET,53.2,-6.1,-0.6,253,-0.9,3.9,-4.8,1.01,-1.0,0.1,-12.7,-1.2,1.04,-6.3,34,12,36
1997,417,Randy Myers*,/players/m/myersra01.shtml,myersra01,34,BAL,59.2,19.5,1.9,249,5.4,11.5,-6.1,2.38,1.5,0.8,21.5,2.1,0.99,17.4,46,10,5
1997,418,Rodney Myers,/players/m/myersro01.shtml,myersro01,28,CHC,9.0,-1.2,-0.1,46,-0.2,0.4,-0.5,.60,-0.0,-0.3,-1.4,-0.1,1.01,-1.4,0,1,3
1997,419,Charles Nagy,/players/n/nagych01.shtml,nagych01,30,CLE,227.0,10.8,1.0,1029,-0.2,17.5,-17.7,.99,-0.3,0.1,7.8,0.7,0.94,-2.7,0,0,0
1997,420,Dan Naulty,/players/n/naultda01.shtml,naultda01,27,MIN,30.2,-3.2,-0.3,134,-0.1,1.6,-1.7,.72,-0.5,0.3,0.5,0.0,1.02,-3.0,9,6,13
1997,421,Jaime Navarro,/players/n/navarja01.shtml,navarja01,30,CHW,209.2,-37.7,-3.4,1005,-3.0,15.5,-18.5,.94,-2.5,-0.7,-38.3,-3.5,0.96,-29.1,0,0,0
1997,422,Denny Neagle*,/players/n/neaglde01.shtml,neaglde01,28,ATL,233.1,30.4,3.2,973,3.2,17.8,-14.6,1.01,3.9,-0.8,33.5,3.5,0.87,43.3,0,0,0
1997,423,Jeff Nelson,/players/n/nelsoje01.shtml,nelsoje01,30,NYY,78.2,12.4,1.2,348,-0.2,7.6,-7.7,1.32,1.2,-1.3,10.8,1.0,0.98,15.7,34,19,24
1997,424,Robb Nen,/players/n/nenro01.shtml,nenro01,27,FLA,74.0,1.6,0.2,351,0.3,10.9,-10.6,1.95,-0.2,0.4,-2.3,-0.2,1.10,-1.5,31,23,18
1997,425,Hideo Nomo,/players/n/nomohi01.shtml,nomohi01,28,LAD,207.1,-7.5,-0.7,937,0.4,15.0,-14.5,.92,-0.1,0.6,-2.0,-0.2,0.93,-2.9,0,0,0
1997,426,Ryan Nye,/players/n/nyery01.shtml,nyery01,24,PHI,12.0,-4.6,-0.4,65,-0.6,1.0,-1.6,1.13,-0.6,0.0,-6.3,-0.6,1.12,-6.9,0,0,2
1997,427,Chad Ogea,/players/o/ogeach01.shtml,ogeach01,26,CLE,126.1,-5.5,-0.5,577,-0.8,9.6,-10.3,.99,-0.1,-0.6,-3.7,-0.3,0.92,-1.3,0,0,0
1997,428,Kirt Ojala*,/players/o/ojalaki01.shtml,ojalaki01,28,FLA,28.2,3.6,0.4,132,-0.0,2.5,-2.5,1.12,-0.0,0.0,4.1,0.4,0.96,0.6,1,0,1
1997,429,Omar Olivares,/players/o/olivaom01.shtml,olivaom01,29,TOT,177.1,-9.4,-0.9,805,-1.8,13.8,-15.6,1.03,-0.8,-1.0,-14.5,-1.4,0.94,-9.1,0,0,1
1997,430,Omar Olivares,/players/o/olivaom01.shtml,olivaom01,29,DET,115.0,-2.6,-0.2,512,-0.9,8.7,-9.7,1.03,0.1,-1.0,-6.8,-0.6,0.94,2.0,0,0,0
1997,431,Omar Olivares,/players/o/olivaom01.shtml,olivaom01,29,SEA,62.1,-6.8,-0.6,293,-0.9,5.1,-6.0,1.04,-0.9,0.1,-7.7,-0.7,0.95,-11.1,0,0,1
1997,432,Darren Oliver*,/players/o/oliveda02.shtml,oliveda02,26,TEX,201.1,9.2,0.9,919,0.5,15.5,-15.0,.96,-0.1,0.6,3.3,0.3,0.93,-1.2,0,0,0
1997,433,Gregg Olson,/players/o/olsongr01.shtml,olsongr01,30,TOT,50.0,-5.4,-0.5,241,-1.1,3.9,-5.0,1.04,-0.0,-1.1,-8.9,-0.8,1.03,-0.9,17,7,20
1997,434,Gregg Olson,/players/o/olsongr01.shtml,olsongr01,30,MIN,8.1,-11.7,-1.1,60,-1.1,0.3,-1.4,.74,-0.8,-0.7,-13.1,-1.2,1.17,-8.7,3,3,4
1997,435,Gregg Olson,/players/o/olsongr01.shtml,olsongr01,30,KCR,41.2,6.4,0.6,181,-0.0,3.6,-3.6,1.13,0.7,-0.8,4.3,0.4,0.99,7.8,14,4,16
1997,436,Mike Oquist,/players/o/oquismi01.shtml,oquismi01,29,OAK,107.2,-5.4,-0.5,479,-0.8,7.7,-8.5,.91,-0.4,-0.6,-2.5,-0.2,0.91,-2.6,0,0,2
1997,437,Jesse Orosco*,/players/o/oroscje01.shtml,oroscje01,40,BAL,50.1,12.8,1.2,215,0.7,5.3,-4.6,1.45,1.1,-0.6,12.1,1.2,1.05,13.7,34,20,17
1997,438,Donovan Osborne*,/players/o/osbordo01.shtml,osbordo01,28,STL,80.1,-5.6,-0.5,347,-0.3,5.9,-6.3,.99,-0.1,-0.2,-3.6,-0.4,0.95,-1.2,0,0,0
1997,439,Antonio Osuna,/players/o/osunaan01.shtml,osunaan01,24,LAD,61.2,13.5,1.4,252,0.8,4.6,-3.8,1.00,1.2,-0.4,17.5,1.8,0.96,13.2,12,11,24
1997,440,Lance Painter*,/players/p/paintla01.shtml,paintla01,29,STL,17.0,-0.6,-0.1,72,0.4,1.5,-1.1,1.38,0.2,0.1,2.1,0.2,0.87,2.4,8,0,6
1997,441,Donn Pall,/players/p/palldo01.shtml,palldo01,35,FLA,2.1,0.3,0.0,11,-0.3,0.1,-0.4,.79,-0.1,-0.4,-0.4,-0.0,0.70,-0.7,1,0,1
1997,442,Jose Paniagua,/players/p/paniajo01.shtml,paniajo01,23,MON,18.0,-14.6,-1.3,105,-0.9,1.0,-1.9,.79,-1.1,-0.0,-15.5,-1.4,1.08,-13.9,2,0,3
1997,443,Chan Ho Park,/players/p/parkch01.shtml,parkch01,24,LAD,192.0,11.3,1.1,808,1.7,14.1,-12.4,.98,1.8,-0.1,14.9,1.6,0.88,20.0,1,1,1
1997,444,Bob Patterson*,/players/p/pattebo01.shtml,pattebo01,38,CHC,59.1,6.9,0.7,239,1.4,6.0,-4.6,1.38,0.6,0.4,14.6,1.4,1.06,7.9,39,16,21
1997,445,Danny Patterson,/players/p/patteda04.shtml,patteda04,26,TEX,71.0,10.7,1.0,311,-0.2,7.9,-8.0,1.54,1.1,-1.2,11.5,1.1,1.03,14.5,26,16,12
1997,446,Roger Pavlik,/players/p/pavliro01.shtml,pavliro01,29,TEX,57.2,3.4,0.3,266,0.8,4.8,-4.0,.97,0.2,0.6,3.7,0.3,0.90,1.9,0,0,0
1997,447,Troy Percival,/players/p/percitr01.shtml,percitr01,27,ANA,52.0,7.8,0.7,237,1.2,7.8,-6.6,1.86,0.2,0.5,11.1,1.1,0.99,7.0,28,16,11
1997,448,Carlos Perez*,/players/p/perezca01.shtml,perezca01,26,MON,206.2,1.8,0.2,879,0.4,15.4,-15.1,.95,0.5,-0.1,-3.4,-0.3,0.88,5.6,0,0,1
1997,449,Mike Perez,/players/p/perezmi01.shtml,perezmi01,32,KCR,20.1,3.0,0.3,82,0.1,0.9,-0.8,.53,0.4,-0.2,1.2,0.1,0.95,4.4,5,4,7
1997,450,Yorkis Perez*,/players/p/perezyo01.shtml,perezyo01,29,NYM,8.2,-3.6,-0.4,46,-0.5,0.4,-0.9,.81,-0.4,-0.2,-4.5,-0.4,1.02,-4.2,4,1,4
1997,451,Matt Perisho*,/players/p/perisma01.shtml,perisma01,22,ANA,45.0,-7.0,-0.6,231,-1.0,3.5,-4.5,1.01,-1.2,0.2,-9.2,-0.8,1.04,-12.9,0,1,2
1997,452,Robert Person,/players/p/persoro01.shtml,persoro01,27,TOR,128.1,-14.9,-1.4,578,-1.0,10.0,-11.0,1.04,-0.5,-0.4,-15.4,-1.4,0.92,-6.4,0,1,0
1997,453,Chris Peters*,/players/p/peterch01.shtml,peterch01,25,PIT,37.1,-1.7,-0.2,175,-0.6,1.9,-2.5,.72,-0.3,-0.5,-5.5,-0.5,1.10,-5.4,7,7,14
1997,454,Mark Petkovsek,/players/p/petkoma01.shtml,petkoma01,31,STL,96.0,-10.2,-1.0,425,-0.9,6.7,-7.6,.94,-0.9,-0.1,-15.4,-1.5,0.94,-9.1,18,11,24
1997,455,Andy Pettitte*,/players/p/pettian01.shtml,pettian01,25,NYY,240.1,42.7,4.3,1019,3.6,18.0,-14.4,.96,4.4,-0.6,46.6,4.8,0.93,49.5,0,0,0
1997,456,Hipolito Pichardo,/players/p/pichahi01.shtml,pichahi01,27,KCR,49.0,3.0,0.3,222,0.8,6.3,-5.5,1.60,-0.2,0.7,6.2,0.6,1.00,-0.2,28,2,14
1997,457,Marc Pisciotta,/players/p/piscima01.shtml,piscima01,26,CHC,28.1,4.1,0.4,127,0.5,2.7,-2.2,1.26,0.6,-0.2,4.3,0.4,1.04,5.8,10,7,7
1997,458,Jim Pittsley,/players/p/pittsji01.shtml,pittsji01,23,KCR,112.0,-8.7,-0.8,519,-1.4,8.3,-9.7,.96,-1.3,-0.2,-10.8,-1.0,0.95,-13.7,0,0,0
1997,459,Erik Plantenberg*,/players/p/planter01.shtml,planter01,28,PHI,25.2,-1.1,-0.1,115,-0.3,0.6,-0.9,.36,-0.2,-0.5,-4.2,-0.4,0.93,-0.1,2,8,21
1997,460,Dan Plesac*,/players/p/plesada01.shtml,plesada01,35,TOR,50.1,5.4,0.5,221,-0.4,6.3,-6.7,1.67,0.1,-0.3,4.1,0.4,1.00,0.8,40,14,16
1997,461,Eric Plunk,/players/p/plunker01.shtml,plunker01,33,CLE,65.2,0.2,0.0,310,-0.9,4.2,-5.0,.81,-0.9,-0.2,2.1,0.2,1.04,-4.0,15,12,28
1997,462,Jim Poole*,/players/p/pooleji02.shtml,pooleji02,31,SFG,49.1,-17.0,-1.7,255,0.1,2.8,-2.6,.62,-1.1,1.3,-22.9,-2.2,1.09,-15.6,13,17,26
1997,463,Mark Portugal,/players/p/portuma01.shtml,portuma01,34,PHI,13.2,-0.5,-0.1,63,-0.2,1.1,-1.3,1.01,-0.2,0.0,-0.8,-0.1,0.94,-1.9,0,0,0
1997,464,Jay Powell,/players/p/powelja04.shtml,powelja04,25,FLA,79.2,5.8,0.6,350,1.9,8.0,-6.1,1.27,0.4,1.1,7.2,0.7,1.02,6.9,27,23,22
1997,465,Ariel Prieto,/players/p/prietar01.shtml,prietar01,27,OAK,125.0,-12.2,-1.1,610,-2.3,9.3,-11.7,.97,-2.6,0.2,-19.8,-1.8,1.00,-29.1,0,0,0
1997,466,Tim Pugh,/players/p/pughti01.shtml,pughti01,30,DET,9.0,-0.1,-0.0,37,-0.1,0.4,-0.4,.75,0.2,-0.3,0.0,0.0,0.97,1.9,0,0,0
1997,467,Paul Quantrill,/players/q/quantpa01.shtml,quantpa01,28,TOR,88.0,23.7,2.3,386,2.4,10.0,-7.6,1.38,1.2,0.6,25.2,2.5,0.97,15.4,38,16,20
1997,468,Scott Radinsky*,/players/r/radinsc01.shtml,radinsc01,29,LAD,62.1,7.6,0.8,263,2.5,6.6,-4.1,1.23,0.5,1.5,11.7,1.2,1.00,8.1,30,16,27
1997,469,Brad Radke,/players/r/radkebr01.shtml,radkebr01,24,MIN,239.2,19.1,1.9,1008,2.8,15.9,-13.1,.83,2.3,1.1,17.9,1.7,0.85,27.7,0,0,0
1997,470,Brady Raggio,/players/r/raggibr01.shtml,raggibr01,24,STL,31.1,-8.3,-0.8,161,-0.7,2.1,-2.8,.95,-0.9,0.1,-8.9,-0.9,1.05,-8.7,2,1,8
1997,471,Edgar Ramos,/players/r/ramosed01.shtml,ramosed01,22,PHI,14.0,-1.3,-0.1,63,-0.4,0.6,-1.0,.60,-0.4,-0.2,-2.8,-0.3,0.96,-3.9,0,0,2
1997,472,Pat Rapp,/players/r/rapppa01.shtml,rapppa01,29,TOT,141.2,-11.8,-1.1,664,-1.1,10.5,-11.6,1.00,-1.7,0.6,-13.8,-1.3,0.99,-19.5,0,0,2
1997,473,Pat Rapp,/players/r/rapppa01.shtml,rapppa01,29,FLA,108.2,-5.1,-0.5,499,-0.5,8.3,-8.8,1.02,-1.1,0.6,-7.9,-0.8,0.98,-11.7,0,0,0
1997,474,Pat Rapp,/players/r/rapppa01.shtml,rapppa01,29,SFG,33.0,-6.8,-0.6,165,-0.6,2.2,-2.8,.93,-0.7,-0.0,-6.0,-0.6,1.01,-7.8,0,0,2
1997,475,Rick Reed,/players/r/reedri01.shtml,reedri01,32,NYM,208.1,27.4,2.8,832,3.9,16.3,-12.4,1.01,3.1,0.8,31.9,3.4,0.87,33.0,1,1,0
1997,476,Steve Reed,/players/r/reedst01.shtml,reedst01,32,COL,62.1,7.6,0.8,269,-1.6,6.2,-7.8,1.46,0.4,-1.5,8.2,0.7,0.97,7.7,31,8,24
1997,477,Bryan Rekar,/players/r/rekarbr01.shtml,rekarbr01,25,COL,9.1,-0.5,-0.1,46,-0.3,0.9,-1.2,1.11,-0.2,-0.0,-2.5,-0.2,0.94,-2.9,0,0,0
1997,478,Mike Remlinger*,/players/r/remlimi01.shtml,remlimi01,31,CIN,124.0,3.0,0.3,556,1.8,10.4,-8.5,1.02,0.7,1.1,8.2,0.8,0.96,8.6,27,12,17
1997,479,Alberto Reyes,/players/r/reyesal01.shtml,reyesal01,26,MIL,29.2,-2.1,-0.2,133,0.6,2.1,-1.5,.80,0.3,0.5,-1.5,-0.1,1.04,-0.5,5,3,10
1997,480,Carlos Reyes,/players/r/reyesca01.shtml,reyesca01,28,OAK,77.1,-10.9,-1.0,361,-0.1,3.9,-4.0,.66,-0.7,0.5,-8.5,-0.8,1.00,-6.7,5,6,19
1997,481,Dennys Reyes*,/players/r/reyesde01.shtml,reyesde01,20,LAD,47.0,0.9,0.1,217,0.3,3.4,-3.1,.94,-0.0,0.4,2.6,0.3,0.94,0.2,1,1,7
1997,482,Shane Reynolds,/players/r/reynosh01.shtml,reynosh01,29,HOU,181.0,-3.9,-0.4,786,0.3,14.3,-14.1,1.07,-0.5,0.8,0.7,0.1,0.93,-5.6,0,0,0
1997,483,Armando Reynoso,/players/r/reynoar02.shtml,reynoar02,31,NYM,91.1,-2.8,-0.3,400,0.2,6.9,-6.7,1.02,-0.0,0.2,0.7,0.1,0.93,-1.3,0,0,0
1997,484,Arthur Rhodes*,/players/r/rhodear01.shtml,rhodear01,27,BAL,95.1,16.6,1.6,401,3.1,8.0,-4.9,1.01,1.9,1.1,23.1,2.3,0.91,23.0,18,17,18
1997,485,Brad Rigby,/players/r/rigbybr01.shtml,rigbybr01,24,OAK,77.2,-2.8,-0.3,345,-0.3,6.1,-6.3,1.00,-1.1,0.8,-1.7,-0.2,0.95,-10.0,0,0,0
1997,486,Ricardo Rincon*,/players/r/rincori01.shtml,rincori01,27,PIT,60.0,5.6,0.6,265,1.1,6.8,-5.7,1.59,0.5,0.2,11.3,1.1,0.98,7.8,29,12,18
1997,487,Danny Rios,/players/r/riosda01.shtml,riosda01,24,NYY,2.1,-3.5,-0.3,20,-0.1,0.0,-0.1,.17,-0.6,-0.1,-5.9,-0.5,1.10,-5.9,0,1,1
1997,488,Bill Risley,/players/r/rislebi01.shtml,rislebi01,30,TOR,4.1,-1.5,-0.1,18,-0.3,0.5,-0.7,1.35,-0.2,-0.0,-1.5,-0.1,0.75,-1.4,2,0,1
1997,489,Todd Ritchie,/players/r/ritchto01.shtml,ritchto01,25,MIN,74.2,0.6,0.1,352,-0.7,2.2,-2.9,.41,-0.5,-1.2,-1.0,-0.1,0.97,-6.5,4,7,29
1997,490,Kevin Ritz,/players/r/ritzke01.shtml,ritzke01,32,COL,107.1,-4.7,-0.5,514,-1.0,7.0,-8.0,.82,-0.9,-0.3,-10.6,-0.9,0.94,-10.7,0,0,0
1997,491,Mariano Rivera,/players/r/riverma01.shtml,riverma01,27,NYY,71.2,21.0,2.0,311,2.2,11.8,-9.6,2.22,1.5,-0.5,23.1,2.3,0.98,17.7,43,17,5
1997,492,Joe Roa,/players/r/roajo01.shtml,roajo01,25,SFG,65.2,-7.0,-0.7,300,-0.6,4.1,-4.7,.92,-0.6,-0.1,-7.4,-0.7,0.99,-6.4,6,8,11
1997,493,Rich Robertson*,/players/r/roberri02.shtml,roberri02,28,MIN,147.0,-18.9,-1.8,697,-1.6,11.6,-13.2,1.02,-1.5,-0.1,-17.7,-1.6,0.96,-17.7,0,1,4
1997,494,Ken Robinson,/players/r/robinke01.shtml,robinke01,27,TOR,3.1,0.9,0.1,11,-0.0,0.3,-0.4,1.26,0.1,-0.1,1.1,0.1,0.79,1.4,1,0,2
1997,495,Felix Rodriguez,/players/r/rodrife01.shtml,rodrife01,24,CIN,46.0,0.6,0.1,229,0.1,1.0,-0.9,.26,-0.2,0.4,-0.1,-0.0,1.03,0.1,0,0,24
1997,496,Frankie Rodriguez,/players/r/rodrifr02.shtml,rodrifr02,24,MIN,142.1,-0.9,-0.1,632,-0.8,9.2,-10.1,.88,0.2,-1.2,-3.2,-0.3,0.95,3.0,9,10,9
1997,497,Nerio Rodriguez,/players/r/rodrine01.shtml,rodrine01,26,BAL,22.0,-2.1,-0.2,99,-0.1,1.1,-1.2,.65,0.0,-0.1,-3.3,-0.3,0.94,-0.3,1,0,2
1997,498,Rich Rodriguez*,/players/r/rodriri02.shtml,rodriri02,34,SFG,65.1,7.9,0.8,276,1.3,5.3,-4.0,1.07,0.5,0.7,8.5,0.9,1.00,4.4,32,10,24
1997,499,Kenny Rogers*,/players/r/rogerke01.shtml,rogerke01,32,NYY,145.0,-19.4,-1.8,667,-1.8,10.0,-11.8,.92,-0.9,-1.1,-16.4,-1.5,0.92,-11.4,0,4,5
1997,500,Mel Rojas,/players/r/rojasme01.shtml,rojasme01,30,TOT,85.1,-3.0,-0.3,381,-1.5,9.7,-11.2,1.55,-0.6,-0.4,-7.7,-0.8,0.96,-2.3,31,12,33
1997,501,Mel Rojas,/players/r/rojasme01.shtml,rojasme01,30,CHC,59.0,0.2,0.0,266,-1.3,7.2,-8.4,1.66,-0.8,0.0,-2.0,-0.2,0.98,-2.2,22,7,24
1997,502,Mel Rojas,/players/r/rojasme01.shtml,rojasme01,30,NYM,26.1,-3.2,-0.3,115,-0.2,2.5,-2.7,1.29,0.2,-0.4,-5.7,-0.6,0.91,-0.1,9,5,9
1997,503,Jose Rosado*,/players/r/rosadjo01.shtml,rosadjo01,22,KCR,203.1,-1.2,-0.1,901,-0.5,16.2,-16.6,1.06,-0.2,-0.3,2.1,0.2,0.92,0.2,0,0,0
1997,504,Brian Rose,/players/r/rosebr01.shtml,rosebr01,21,BOS,3.0,-2.1,-0.2,17,-0.2,0.2,-0.4,1.01,-0.1,-0.1,-2.3,-0.2,0.97,-1.2,0,0,0
1997,505,Matt Ruebel*,/players/r/ruebema01.shtml,ruebema01,27,PIT,62.2,-13.9,-1.4,309,-0.5,3.7,-4.2,.79,-1.5,1.0,-13.9,-1.3,1.04,-14.2,12,12,19
1997,506,Kirk Rueter*,/players/r/rueteki01.shtml,rueteki01,26,SFG,190.2,13.6,1.4,816,2.3,14.9,-12.5,1.02,1.3,1.0,15.1,1.5,0.94,15.1,0,0,0
1997,507,Scott Ruffcorn,/players/r/ruffcsc01.shtml,ruffcsc01,27,PHI,39.2,-16.1,-1.5,217,-0.9,1.8,-2.7,.65,-1.4,-0.0,-15.2,-1.4,1.03,-16.9,0,2,11
1997,508,Bruce Ruffin*,/players/r/ruffibr01.shtml,ruffibr01,33,COL,22.0,-0.4,-0.0,106,0.2,2.3,-2.1,1.42,0.1,0.1,-3.7,-0.3,1.03,-2.9,12,3,7
1997,509,Glendon Rusch*,/players/r/ruschgl01.shtml,ruschgl01,22,KCR,170.1,-14.2,-1.3,766,-1.1,12.1,-13.2,.92,-1.5,0.2,-12.1,-1.1,0.90,-15.6,0,0,3
1997,510,Ken Ryan,/players/r/ryanke01.shtml,ryanke01,28,PHI,20.2,-11.4,-1.1,108,-0.3,0.8,-1.0,.54,-1.2,0.7,-15.4,-1.5,1.04,-15.5,3,2,16
1997,511,Bret Saberhagen,/players/s/saberbr01.shtml,saberbr01,33,BOS,26.0,-4.9,-0.4,126,-0.7,2.1,-2.8,1.03,-0.6,-0.0,-5.7,-0.5,0.92,-6.9,0,0,0
1997,512,A.J. Sager,/players/s/sagera.01.shtml,sagera.01,32,DET,84.0,3.6,0.3,356,2.3,7.4,-5.1,1.09,0.7,1.4,7.9,0.8,0.93,5.5,18,13,6
1997,513,Scott Sanders,/players/s/sandesc02.shtml,sandesc02,28,TOT,139.2,-17.4,-1.6,652,-2.5,9.3,-11.8,.88,-2.3,-0.6,-21.5,-2.0,0.94,-22.3,9,3,15
1997,514,Scott Sanders,/players/s/sandesc02.shtml,sandesc02,28,SEA,65.1,-13.1,-1.2,322,-2.0,3.9,-6.0,.84,-1.8,-0.7,-18.9,-1.8,1.00,-17.9,9,3,15
1997,515,Scott Sanders,/players/s/sandesc02.shtml,sandesc02,28,DET,74.1,-4.3,-0.4,330,-0.5,5.3,-5.8,.93,-0.6,0.0,-2.6,-0.2,0.89,-4.4,0,0,0
1997,516,Julio Santana,/players/s/santaju01.shtml,santaju01,24,TEX,104.0,-21.8,-2.0,509,-2.1,6.2,-8.4,.81,-2.5,-0.2,-25.3,-2.3,1.01,-26.5,3,3,10
1997,517,Jose Santiago,/players/s/santijo03.shtml,santijo03,22,KCR,4.2,1.2,0.1,24,-0.0,0.1,-0.1,.19,-0.0,-0.1,-1.2,-0.1,1.24,-1.3,0,0,4
1997,518,Tony Saunders*,/players/s/saundto01.shtml,saundto01,23,FLA,111.1,-6.8,-0.7,503,-0.5,9.6,-10.0,1.15,-0.5,0.1,-3.6,-0.4,0.98,-4.5,0,0,1
1997,519,Curt Schilling,/players/s/schilcu01.shtml,schilcu01,30,PHI,254.1,34.3,3.6,1031,5.0,19.8,-14.9,1.02,4.2,0.7,35.9,3.7,0.88,46.0,0,0,0
1997,520,Jason Schmidt,/players/s/schmija01.shtml,schmija01,24,PIT,187.2,-5.4,-0.5,849,0.2,14.6,-14.4,.99,-0.6,0.9,-6.9,-0.7,0.93,-6.6,0,0,0
1997,521,Pete Schourek*,/players/s/schoupe01.shtml,schoupe01,28,CIN,84.2,-11.5,-1.1,383,-1.4,5.7,-7.1,.88,-1.3,-0.2,-12.7,-1.2,0.88,-14.4,0,0,1
1997,522,Tim Scott,/players/s/scottti01.shtml,scottti01,30,TOT,21.0,-9.1,-0.9,104,-0.9,1.0,-1.8,.63,-0.5,-0.8,-8.8,-0.9,1.05,-6.1,3,4,9
1997,523,Tim Scott,/players/s/scottti01.shtml,scottti01,30,SDP,18.1,-8.2,-0.8,89,-0.9,0.8,-1.8,.67,-0.5,-1.0,-7.1,-0.7,1.02,-5.5,3,3,7
1997,524,Tim Scott,/players/s/scottti01.shtml,scottti01,30,COL,2.2,-0.9,-0.1,15,0.1,0.1,-0.1,.44,-0.1,0.2,-1.6,-0.1,1.23,-0.7,0,1,2
1997,525,Aaron Sele,/players/s/seleaa01.shtml,seleaa01,27,BOS,177.1,-13.5,-1.2,843,-1.3,14.3,-15.6,1.02,-2.0,0.7,-11.6,-1.1,0.95,-21.4,0,0,0
1997,526,Dan Serafini*,/players/s/serafda01.shtml,serafda01,23,MIN,26.1,3.6,0.4,116,-0.1,1.6,-1.7,.80,0.0,-0.2,4.3,0.4,1.00,2.7,0,0,2
1997,527,Scott Service,/players/s/servisc01.shtml,servisc01,30,TOT,22.1,-3.6,-0.3,97,-0.1,1.8,-1.9,1.22,-0.1,-0.0,-2.8,-0.3,0.99,-0.9,8,1,6
1997,528,Scott Service,/players/s/servisc01.shtml,servisc01,30,CIN,5.1,-3.9,-0.4,28,-0.1,0.2,-0.3,.54,-0.3,0.0,-4.4,-0.4,1.03,-3.4,1,1,2
1997,529,Scott Service,/players/s/servisc01.shtml,servisc01,30,KCR,17.0,0.3,0.0,69,0.0,1.6,-1.6,1.48,0.2,-0.2,1.5,0.1,0.97,2.5,7,0,4
1997,530,Jeff Shaw,/players/s/shawje01.shtml,shawje01,30,CIN,94.2,20.6,2.1,372,4.5,12.2,-7.8,1.64,2.2,0.6,22.4,2.2,0.91,23.9,47,14,14
1997,531,Paul Shuey,/players/s/shueypa01.shtml,shueypa01,26,CLE,45.0,-6.1,-0.6,221,-0.6,2.3,-3.0,.82,-0.2,-0.5,-7.4,-0.7,1.02,-4.4,7,6,25
1997,532,Jose Silva,/players/s/silvajo01.shtml,silvajo01,23,PIT,36.1,-6.0,-0.6,181,-1.0,2.3,-3.3,.91,-0.8,-0.3,-6.6,-0.6,1.05,-7.7,1,2,4
1997,533,Bill Simas,/players/s/simasbi01.shtml,simasbi01,25,CHW,41.1,0.3,0.0,199,-0.1,2.4,-2.5,.69,-0.7,0.6,-2.0,-0.2,1.05,-6.8,9,7,24
1997,534,Mike Sirotka*,/players/s/sirotmi01.shtml,sirotmi01,26,CHW,32.0,8.0,0.8,137,0.6,2.4,-1.8,.82,0.5,0.3,7.9,0.8,0.89,5.9,0,1,2
1997,535,Heathcliff Slocumb,/players/s/slocuhe01.shtml,slocuhe01,31,TOT,75.0,-3.4,-0.3,377,-0.5,10.6,-11.0,1.83,-0.6,0.3,-9.3,-0.9,1.07,-7.7,33,11,25
1997,536,Heathcliff Slocumb,/players/s/slocuhe01.shtml,slocuhe01,31,BOS,46.2,-5.2,-0.5,243,-1.3,6.1,-7.4,1.74,-0.6,-0.1,-12.5,-1.2,1.10,-9.8,20,8,16
1997,537,Heathcliff Slocumb,/players/s/slocuhe01.shtml,slocuhe01,31,SEA,28.1,1.8,0.2,134,0.9,4.4,-3.6,2.00,0.0,0.4,3.3,0.3,1.02,2.1,13,3,9
1997,538,Aaron Small,/players/s/smallaa01.shtml,smallaa01,25,OAK,96.2,1.9,0.2,441,0.8,8.5,-7.8,1.10,-0.3,0.9,5.0,0.5,1.00,2.9,23,15,32
1997,539,John Smiley*,/players/s/smilejo01.shtml,smilejo01,32,TOT,154.1,-14.8,-1.4,697,-0.9,11.3,-12.2,.93,-1.4,0.4,-16.4,-1.5,0.93,-15.4,0,0,0
1997,540,John Smiley*,/players/s/smilejo01.shtml,smilejo01,32,CIN,117.0,-12.3,-1.2,532,-0.6,8.7,-9.3,.95,-0.9,0.3,-14.7,-1.4,0.94,-11.3,0,0,0
1997,541,John Smiley*,/players/s/smilejo01.shtml,smilejo01,32,CLE,37.1,-2.5,-0.2,165,-0.3,2.6,-2.9,.88,-0.5,0.1,-1.7,-0.2,0.89,-4.2,0,0,0
1997,542,Lee Smith,/players/s/smithle02.shtml,smithle02,39,MON,21.2,-4.1,-0.4,110,-0.7,1.4,-2.1,1.08,-0.1,-0.6,-6.2,-0.6,0.91,-3.6,7,5,11
1997,543,Pete Smith,/players/s/smithpe02.shtml,smithpe02,31,SDP,118.0,-10.8,-1.0,532,0.0,8.3,-8.3,.95,-0.6,0.6,-5.9,-0.6,0.96,-8.0,4,6,12
1997,544,John Smoltz,/players/s/smoltjo01.shtml,smoltjo01,30,ATL,256.0,31.9,3.3,1076,3.6,20.5,-17.0,1.04,4.3,-0.9,35.8,3.8,0.90,43.1,0,0,0
1997,545,Clint Sodowsky,/players/s/sodowcl01.shtml,sodowcl01,24,PIT,52.0,4.6,0.4,247,-0.7,2.5,-3.2,.69,-0.4,-0.6,3.6,0.3,1.09,-0.1,12,4,27
1997,546,Paul Spoljaric*,/players/s/spoljpa01.shtml,spoljpa01,26,TOT,70.2,7.6,0.7,319,0.7,5.9,-5.1,1.12,0.4,0.2,6.1,0.6,1.04,7.2,23,11,23
1997,547,Paul Spoljaric*,/players/s/spoljpa01.shtml,spoljpa01,26,TOR,48.0,8.1,0.8,211,0.7,4.1,-3.4,1.13,0.6,0.1,7.2,0.7,0.99,8.2,15,7,15
1997,548,Paul Spoljaric*,/players/s/spoljpa01.shtml,spoljpa01,26,SEA,22.2,-0.5,-0.1,108,0.0,1.8,-1.8,1.11,-0.1,0.2,-1.1,-0.1,1.13,-1.1,8,4,8
1997,549,Jerry Spradlin,/players/s/spradje01.shtml,spradje01,30,PHI,81.2,-3.2,-0.3,363,1.0,7.6,-6.6,1.12,-0.4,1.3,4.1,0.4,1.00,-2.4,28,15,30
1997,550,Dennis Springer,/players/s/sprinde01.shtml,sprinde01,32,ANA,194.2,-8.9,-0.8,883,-1.3,14.3,-15.6,.96,-0.9,-0.5,-12.4,-1.1,0.92,-9.2,1,0,3
1997,551,Russ Springer,/players/s/sprinru01.shtml,sprinru01,28,HOU,55.1,-1.0,-0.1,254,-0.1,4.8,-4.9,1.17,0.1,-0.2,1.6,0.2,1.02,0.7,25,11,18
1997,552,Rob Stanifer,/players/s/staniro01.shtml,staniro01,25,FLA,45.0,-1.6,-0.2,195,-0.2,2.4,-2.6,.75,-0.8,0.4,-3.5,-0.4,0.93,-7.3,12,6,18
1997,553,Mike Stanton*,/players/s/stantmi02.shtml,stantmi02,30,NYY,66.2,15.4,1.5,292,2.6,8.2,-5.6,1.63,1.4,0.1,15.5,1.5,1.01,15.5,37,11,16
1997,554,Garrett Stephenson,/players/s/stephga01.shtml,stephga01,25,PHI,117.0,14.3,1.5,491,1.8,8.1,-6.3,.87,1.5,0.6,16.5,1.7,0.86,16.5,0,0,2
1997,555,Dave Stevens,/players/s/steveda01.shtml,steveda01,27,TOT,32.1,-15.2,-1.4,191,-1.6,2.3,-3.8,.84,-1.8,-0.0,-19.0,-1.7,1.01,-19.7,0,3,7
1997,556,Dave Stevens,/players/s/steveda01.shtml,steveda01,27,MIN,23.0,-10.0,-0.9,132,-1.1,1.9,-3.0,.94,-1.4,0.2,-12.2,-1.1,0.98,-15.2,0,0,0
1997,557,Dave Stevens,/players/s/steveda01.shtml,steveda01,27,CHC,9.1,-5.3,-0.5,59,-0.5,0.4,-0.9,.59,-0.5,-0.3,-6.8,-0.6,1.07,-4.5,0,3,7
1997,558,Todd Stottlemyre,/players/s/stottto01.shtml,stottto01,32,STL,181.0,5.9,0.6,787,0.6,12.4,-11.8,.94,1.8,-1.1,4.6,0.5,0.93,16.4,0,0,0
1997,559,Everett Stull,/players/s/stullev01.shtml,stullev01,25,MON,3.1,-4.5,-0.4,22,-0.3,0.1,-0.4,.45,-0.5,-0.1,-6.1,-0.6,1.09,-5.8,0,0,3
1997,560,Tanyon Sturtze,/players/s/sturtta01.shtml,sturtta01,26,TEX,32.2,-10.6,-1.0,158,-0.8,1.5,-2.3,.68,-0.8,-0.5,-10.5,-0.9,0.95,-10.2,0,0,3
1997,561,Scott Sullivan,/players/s/sullisc01.shtml,sullisc01,26,CIN,97.1,12.5,1.2,419,1.5,7.2,-5.7,.92,1.2,0.4,11.6,1.1,0.94,8.4,18,16,25
1997,562,Jeff Suppan,/players/s/suppaje01.shtml,suppaje01,22,BOS,112.1,-11.3,-1.0,536,-0.3,9.4,-9.7,1.04,-0.9,0.7,-11.8,-1.1,0.94,-10.8,0,0,1
1997,563,Dave Swartzbaugh,/players/s/swartda01.shtml,swartda01,29,CHC,8.0,-3.6,-0.3,43,-0.4,0.7,-1.1,1.10,-0.5,0.1,-3.9,-0.3,1.09,-5.0,0,0,0
1997,564,Bill Swift,/players/s/swiftbi02.shtml,swiftbi02,35,COL,65.1,-9.1,-0.9,312,-1.7,4.9,-6.7,.97,-1.3,-0.4,-19.1,-1.6,0.95,-16.2,0,0,1
1997,565,Greg Swindell*,/players/s/swindgr01.shtml,swindgr01,32,MIN,115.2,15.2,1.5,471,1.6,8.8,-7.1,.97,2.0,-0.3,19.5,1.9,0.91,19.6,25,15,24
1997,566,Jeff Tabaka*,/players/t/tabakje01.shtml,tabakje01,33,CIN,2.0,0.2,0.0,10,0.0,0.0,-0.0,.18,0.0,0.0,-0.2,-0.0,0.85,-1.7,0,0,2
1997,567,Kevin Tapani,/players/t/tapanke01.shtml,tapanke01,33,CHC,85.0,9.5,1.0,360,1.2,6.3,-5.1,.96,1.0,0.2,10.0,1.0,0.89,11.4,0,0,0
1997,568,Ramon Tatis*,/players/t/tatisra01.shtml,tatisra01,24,CHC,55.2,-6.0,-0.6,267,-0.8,2.4,-3.2,.61,-1.1,-0.2,-10.3,-1.0,1.02,-15.2,14,11,30
1997,569,Julian Tavarez,/players/t/tavarju01.shtml,tavarju01,24,SFG,88.1,2.2,0.2,387,0.9,7.4,-6.5,1.14,0.8,-0.0,2.3,0.2,1.05,3.6,38,22,26
1997,570,Billy Taylor,/players/t/taylobi04.shtml,taylobi04,35,OAK,73.0,6.1,0.6,334,1.5,10.1,-8.7,1.88,0.6,0.2,3.7,0.4,1.07,6.2,35,14,23
1997,571,Amaury Telemaco,/players/t/telemam01.shtml,telemam01,23,CHC,38.0,-6.4,-0.6,176,-0.6,2.1,-2.6,.71,-0.3,-0.5,-5.2,-0.5,0.96,-2.5,0,0,5
1997,572,Anthony Telford,/players/t/telfoan01.shtml,telfoan01,31,MON,89.0,10.0,1.0,386,0.2,7.2,-7.0,1.09,0.3,-0.1,12.4,1.2,1.02,3.6,20,21,23
1997,573,Dave Telgheder,/players/t/telghda01.shtml,telghda01,30,OAK,101.0,-17.2,-1.6,474,-0.9,7.6,-8.5,.97,-2.1,1.2,-11.4,-1.1,0.93,-22.2,0,0,1
1997,574,Bob Tewksbury,/players/t/tewksbo01.shtml,tewksbo01,36,MIN,168.2,9.0,0.9,730,0.3,12.8,-12.5,.97,0.9,-0.6,8.6,0.8,0.93,10.6,0,0,0
1997,575,Larry Thomas*,/players/t/thomala01.shtml,thomala01,27,CHW,3.1,-1.1,-0.1,15,-0.2,0.1,-0.3,.50,-0.0,-0.4,-0.0,-0.0,1.08,-0.6,0,2,3
1997,576,Justin Thompson*,/players/t/thompju02.shtml,thompju02,24,DET,223.1,38.5,3.9,923,3.8,17.1,-13.3,1.00,3.8,0.1,42.0,4.3,0.88,44.3,0,0,0
1997,577,Mark Thompson,/players/t/thompma01.shtml,thompma01,26,COL,29.2,-6.5,-0.6,151,-0.9,1.9,-2.9,.87,-0.9,-0.2,-11.7,-1.0,0.99,-10.1,0,0,0
1997,578,John Thomson,/players/t/thomsjo01.shtml,thomsjo01,23,COL,166.1,7.8,0.8,745,-0.3,13.5,-13.8,1.02,0.0,-0.3,1.3,0.1,0.93,0.6,0,0,0
1997,579,Mike Thurman,/players/t/thurmmi01.shtml,thurmmi01,23,MON,11.2,-2.0,-0.2,49,-0.5,0.6,-1.2,.92,-0.2,-0.4,-3.0,-0.3,0.85,-2.6,1,1,1
1997,580,Mike Timlin,/players/t/timlimi01.shtml,timlimi01,31,TOT,72.2,10.1,1.0,304,0.0,9.0,-9.0,1.68,1.0,-1.0,7.9,0.8,0.93,13.1,26,18,19
1997,581,Mike Timlin,/players/t/timlimi01.shtml,timlimi01,31,TOR,47.0,8.6,0.8,195,0.6,5.6,-5.0,1.63,1.0,-0.6,5.8,0.6,0.91,11.1,15,11,11
1997,582,Mike Timlin,/players/t/timlimi01.shtml,timlimi01,31,SEA,25.2,1.5,0.1,109,-0.6,3.4,-4.0,1.77,0.0,-0.3,2.1,0.2,0.96,2.0,11,7,8
1997,583,Brett Tomko,/players/t/tomkobr01.shtml,tomkobr01,24,CIN,126.0,13.3,1.4,536,1.4,9.7,-8.4,1.01,0.9,0.5,15.7,1.6,0.89,11.5,1,1,1
1997,584,Salomon Torres,/players/t/torresa01.shtml,torresa01,25,TOT,25.2,-15.1,-1.3,132,-0.2,0.4,-0.7,.24,-0.2,-0.6,-14.3,-1.3,1.00,-8.8,1,2,9
1997,585,Salomon Torres,/players/t/torresa01.shtml,torresa01,25,SEA,3.1,-7.9,-0.6,21,-0.0,0.0,-0.0,.05,-0.2,-0.3,-7.3,-0.6,1.09,-4.9,0,0,1
1997,586,Salomon Torres,/players/t/torresa01.shtml,torresa01,25,MON,22.1,-7.2,-0.7,111,-0.2,0.4,-0.6,.28,-0.1,-0.6,-7.1,-0.7,0.99,-3.9,1,2,8
1997,587,Steve Trachsel,/players/t/trachst01.shtml,trachst01,26,CHC,201.1,-4.2,-0.4,923,-0.4,16.5,-16.9,1.05,-2.1,1.8,-6.4,-0.6,0.93,-21.6,0,0,0
1997,588,Ricky Trlicek,/players/t/trlicri01.shtml,trlicri01,28,TOT,32.1,-4.1,-0.4,159,-0.6,2.4,-3.0,1.08,-0.6,0.1,-4.0,-0.4,1.06,-6.0,8,3,15
1997,589,Ricky Trlicek,/players/t/trlicri01.shtml,trlicri01,28,BOS,23.1,-0.2,-0.0,117,-0.3,2.2,-2.6,1.33,-0.4,0.1,-0.9,-0.1,1.11,-4.2,7,2,8
1997,590,Ricky Trlicek,/players/t/trlicri01.shtml,trlicri01,28,NYM,9.0,-4.0,-0.4,42,-0.3,0.2,-0.4,.35,-0.3,-0.5,-3.1,-0.3,0.91,-1.8,1,1,7
1997,591,Mike Trombley,/players/t/trombmi01.shtml,trombmi01,30,MIN,82.1,2.6,0.2,359,1.2,4.7,-3.5,.74,0.9,0.7,6.9,0.7,1.01,9.4,18,14,34
1997,592,Ugueth Urbina,/players/u/urbinug01.shtml,urbinug01,23,MON,64.1,3.3,0.3,290,0.6,10.7,-10.1,2.25,0.0,0.2,2.5,0.2,1.04,6.1,43,3,13
1997,593,Marc Valdes,/players/v/valdema01.shtml,valdema01,25,MON,95.0,11.4,1.1,420,1.2,6.5,-5.3,.90,1.0,0.3,14.5,1.5,1.01,11.6,7,12,22
1997,594,Ismael Valdez,/players/v/valdeis01.shtml,valdeis01,23,LAD,196.2,27.0,2.8,825,3.2,15.6,-12.4,1.04,2.9,0.1,27.3,3.0,0.90,31.1,0,0,0
1997,595,Fernando Valenzuela*,/players/v/valenfe01.shtml,valenfe01,36,TOT,89.0,-13.2,-1.2,441,-1.9,6.6,-8.5,1.02,-2.2,0.3,-17.6,-1.7,0.99,-23.3,0,0,0
1997,596,Fernando Valenzuela*,/players/v/valenfe01.shtml,valenfe01,36,SDP,66.1,-8.1,-0.8,327,-1.2,5.0,-6.2,1.02,-1.8,0.7,-10.1,-1.0,0.99,-18.7,0,0,0
1997,597,Fernando Valenzuela*,/players/v/valenfe01.shtml,valenfe01,36,STL,22.2,-5.0,-0.5,114,-0.8,1.5,-2.3,1.03,-0.4,-0.4,-7.5,-0.7,1.00,-4.6,0,0,0
1997,598,William VanLandingham,/players/v/vanlawi01.shtml,vanlawi01,26,SFG,89.0,-9.2,-0.9,435,-0.9,6.6,-7.5,.99,-0.9,0.0,-11.9,-1.1,0.96,-10.4,0,0,1
1997,599,Dario Veras,/players/v/verasda01.shtml,verasda01,24,SDP,24.2,-4.6,-0.4,117,0.1,2.0,-1.9,.96,-0.2,0.3,-6.7,-0.7,0.97,-4.8,8,1,14
1997,600,Dave Veres,/players/v/veresda01.shtml,veresda01,30,MON,62.0,4.2,0.4,296,-0.5,5.9,-6.5,1.29,-0.2,-0.2,1.9,0.2,1.00,-3.9,22,13,15
1997,601,Randy Veres,/players/v/veresra01.shtml,veresra01,31,KCR,35.1,4.1,0.4,159,1.0,3.1,-2.1,1.08,0.0,0.9,2.8,0.3,1.01,-0.6,11,6,5
1997,602,Ron Villone*,/players/v/villoro01.shtml,villoro01,27,MIL,52.2,6.8,0.6,243,0.1,3.1,-3.0,.75,0.1,0.0,5.1,0.5,1.08,4.4,13,15,16
1997,603,Ed Vosberg*,/players/v/vosbeed01.shtml,vosbeed01,35,TOT,53.0,0.8,0.1,241,-0.8,3.1,-3.9,.86,-0.5,-0.4,1.1,0.1,1.05,-0.3,19,7,30
1997,604,Ed Vosberg*,/players/v/vosbeed01.shtml,vosbeed01,35,TEX,41.0,0.9,0.1,180,-0.9,1.5,-2.4,.57,-0.3,-1.3,1.0,0.1,1.03,1.4,10,7,23
1997,605,Ed Vosberg*,/players/v/vosbeed01.shtml,vosbeed01,35,FLA,12.0,-0.1,-0.0,61,0.1,1.6,-1.6,1.75,-0.2,0.2,0.1,0.0,1.12,-1.7,9,0,7
1997,606,Terrell Wade*,/players/w/wadete01.shtml,wadete01,24,ATL,42.0,-7.0,-0.7,212,-1.1,3.2,-4.4,.98,-1.2,0.0,-8.8,-0.8,0.96,-12.3,1,0,1
1997,607,Billy Wagner*,/players/w/wagnebi02.shtml,wagnebi02,25,HOU,66.1,9.1,0.9,288,0.8,10.7,-9.9,2.17,0.8,-0.4,6.6,0.7,1.01,7.5,40,6,16
1997,608,Paul Wagner,/players/w/wagnepa01.shtml,wagnepa01,29,TOT,18.0,0.5,0.0,96,0.0,1.1,-1.1,.74,-0.6,0.7,-0.3,-0.0,1.05,-5.6,4,3,9
1997,609,Paul Wagner,/players/w/wagnepa01.shtml,wagnepa01,29,PIT,16.0,1.2,0.1,87,-0.1,0.8,-0.9,.70,-0.6,0.5,0.6,0.1,1.07,-4.6,3,3,8
1997,610,Paul Wagner,/players/w/wagnepa01.shtml,wagnepa01,29,MIL,2.0,-0.7,-0.1,9,0.1,0.3,-0.2,1.20,-0.1,0.1,-0.9,-0.1,0.94,-1.0,1,0,1
1997,611,Dave Wainhouse,/players/w/wainhda01.shtml,wainhda01,29,PIT,28.0,-11.2,-1.1,142,-0.7,0.9,-1.6,.53,-0.6,-0.8,-12.7,-1.2,1.16,-9.7,5,6,14
1997,612,Tim Wakefield,/players/w/wakefti01.shtml,wakefti01,30,BOS,201.1,6.8,0.7,930,0.0,16.0,-16.0,1.00,-0.1,0.1,6.4,0.6,0.92,3.3,2,2,2
1997,613,Jamie Walker*,/players/w/walkeja01.shtml,walkeja01,25,KCR,43.0,-3.3,-0.3,203,-0.2,2.1,-2.4,.67,-0.7,0.3,-6.9,-0.6,0.97,-4.8,10,14,21
1997,614,Donne Wall,/players/w/walldo01.shtml,walldo01,29,HOU,41.2,-10.4,-1.0,195,-0.7,3.4,-4.1,1.01,-0.9,0.2,-9.0,-0.9,0.98,-10.2,0,0,0
1997,615,Jeff Wallace*,/players/w/wallaje01.shtml,wallaje01,21,PIT,12.0,4.4,0.4,53,0.3,0.8,-0.6,.88,0.3,0.0,4.5,0.4,0.99,3.6,3,2,6
1997,616,John Wasdin,/players/w/wasdijo01.shtml,wasdijo01,24,BOS,124.2,3.0,0.3,557,0.0,8.7,-8.7,.92,0.6,-0.6,1.5,0.1,0.90,5.5,16,14,15
1997,617,Allen Watson*,/players/w/watsoal01.shtml,watsoal01,26,ANA,199.0,-6.6,-0.6,918,-0.9,14.9,-15.8,.93,-1.3,0.3,-14.5,-1.3,0.91,-14.6,0,0,1
1997,618,David Weathers,/players/w/weathda01.shtml,weathda01,27,TOT,25.2,-9.6,-0.9,132,-1.5,0.9,-2.4,.62,-0.9,-1.5,-11.4,-1.0,1.05,-8.3,4,1,13
1997,619,David Weathers,/players/w/weathda01.shtml,weathda01,27,NYY,9.0,-5.0,-0.5,50,-0.8,0.2,-1.1,.55,-0.3,-1.2,-5.3,-0.5,1.09,-3.4,3,0,7
1997,620,David Weathers,/players/w/weathda01.shtml,weathda01,27,CLE,16.2,-4.5,-0.4,82,-0.7,0.7,-1.4,.65,-0.6,-0.5,-6.1,-0.6,1.03,-4.9,1,1,6
1997,621,Bob Wells,/players/w/wellsbo01.shtml,wellsbo01,30,SEA,67.1,-10.5,-1.0,313,-0.2,3.7,-3.9,.65,-0.7,0.4,-13.8,-1.3,0.98,-11.0,5,11,26
1997,622,David Wells*,/players/w/wellsda01.shtml,wellsda01,34,NYY,218.0,7.8,0.8,954,2.1,17.7,-15.6,1.00,1.1,0.9,10.7,1.0,0.92,13.4,0,0,0
1997,623,Turk Wendell,/players/w/wendetu01.shtml,wendetu01,30,TOT,76.1,-1.3,-0.1,357,-0.5,5.2,-5.7,.93,-0.2,-0.4,-6.2,-0.6,0.98,-3.1,20,10,35
1997,624,Turk Wendell,/players/w/wendetu01.shtml,wendetu01,30,CHC,60.0,0.2,0.0,279,-0.5,4.1,-4.6,.97,0.2,-0.8,-3.8,-0.4,0.98,0.6,17,8,27
1997,625,Turk Wendell,/players/w/wendetu01.shtml,wendetu01,30,NYM,16.1,-1.5,-0.2,78,0.0,1.1,-1.1,.79,-0.4,0.4,-2.5,-0.2,1.01,-3.6,3,2,8
1997,626,Don Wengert,/players/w/wengedo01.shtml,wengedo01,27,OAK,134.0,-23.6,-2.2,624,-1.9,7.8,-9.7,.75,-1.7,-0.8,-21.2,-2.0,1.00,-20.9,7,7,20
1997,627,John Wetteland,/players/w/wettejo01.shtml,wettejo01,30,TEX,65.0,18.6,1.8,265,2.0,8.4,-6.4,1.72,1.7,-0.6,15.8,1.5,0.88,20.2,33,17,10
1997,628,Matt Whisenant*,/players/w/whisema01.shtml,whisema01,26,TOT,21.2,-0.3,-0.0,109,0.2,1.4,-1.2,.74,-0.1,0.4,-5.2,-0.5,1.13,-1.2,12,2,14
1997,629,Matt Whisenant*,/players/w/whisema01.shtml,whisema01,26,FLA,2.2,-4.0,-0.4,19,-0.0,0.0,-0.1,.16,-0.3,0.0,-4.1,-0.4,1.29,-2.8,0,0,4
1997,630,Matt Whisenant*,/players/w/whisema01.shtml,whisema01,26,KCR,19.0,3.7,0.4,90,0.2,1.3,-1.1,.86,0.2,0.1,-1.0,-0.1,1.09,1.6,12,2,10
1997,631,Gabe White*,/players/w/whitega01.shtml,whitega01,25,CIN,41.0,0.6,0.1,171,0.2,3.7,-3.5,1.23,0.0,0.2,3.2,0.3,0.86,0.9,5,1,0
1997,632,Matt Whiteside,/players/w/whitema02.shtml,whitema02,29,TEX,72.2,-2.1,-0.2,334,-0.3,4.7,-4.9,.83,0.1,-0.4,-2.6,-0.2,0.99,-1.8,11,8,20
1997,633,Bob Wickman,/players/w/wickmbo01.shtml,wickmbo01,28,MIL,95.2,20.2,1.9,433,2.5,12.8,-10.3,1.65,0.8,0.7,17.6,1.7,1.00,10.6,41,15,17
1997,634,Marc Wilkins,/players/w/wilkima01.shtml,wilkima01,26,PIT,75.2,5.9,0.6,328,0.8,5.4,-4.6,.94,0.8,0.1,9.9,1.0,0.94,5.4,28,12,26
1997,635,Brian Williams,/players/w/willibr01.shtml,willibr01,28,BAL,24.0,4.4,0.4,111,-0.3,0.4,-0.7,.31,0.2,-1.1,3.1,0.3,1.04,3.5,0,3,8
1997,636,Mike Williams,/players/w/willimi03.shtml,willimi03,28,KCR,14.0,-2.6,-0.2,71,-0.5,0.6,-1.0,.62,-0.5,-0.3,-5.9,-0.5,1.06,-4.5,1,4,5
1997,637,Mitch Williams*,/players/w/willimi02.shtml,willimi02,32,KCR,6.2,-4.0,-0.4,41,-0.6,0.1,-0.6,.61,-0.4,-0.5,-7.4,-0.7,1.09,-5.5,1,0,6
1997,638,Shad Williams,/players/w/willish01.shtml,willish01,26,ANA,1.0,0.7,0.1,5,0.0,0.0,0.0,.00,0.0,-0.0,0.6,0.1,0.81,0.3,0,0,0
1997,639,Woody Williams,/players/w/williwo02.shtml,williwo02,30,TOR,194.2,6.2,0.6,865,0.7,15.2,-14.5,1.00,0.1,0.6,8.7,0.8,0.92,2.7,0,0,0
1997,640,Scott Winchester,/players/w/winchsc01.shtml,winchsc01,24,CIN,6.0,-1.2,-0.1,30,0.0,0.0,-0.0,.08,-0.2,0.3,-1.9,-0.2,1.03,-3.3,0,0,5
1997,641,Darrin Winston*,/players/w/winstda01.shtml,winstda01,30,PHI,12.0,-1.3,-0.1,50,0.3,0.8,-0.5,.86,-0.1,0.5,-0.7,-0.1,0.91,-1.1,2,2,2
1997,642,Jay Witasick,/players/w/witasja01.shtml,witasja01,24,OAK,11.0,-1.2,-0.1,54,0.1,1.0,-0.8,1.12,-0.3,0.4,-3.7,-0.3,1.05,-2.4,2,3,3
1997,643,Bobby Witt,/players/w/wittbo01.shtml,wittbo01,33,TEX,209.0,1.4,0.1,948,-0.1,16.9,-17.0,1.00,-0.5,0.4,-2.4,-0.2,0.92,-5.0,0,2,0
1997,644,Mark Wohlers,/players/w/wohlema01.shtml,wohlema01,27,ATL,69.1,5.6,0.6,327,1.2,12.3,-11.1,2.32,0.6,-0.1,6.7,0.7,0.96,6.2,53,5,13
1997,645,Steve Wojciechowski*,/players/w/wojcist01.shtml,wojcist01,26,OAK,10.1,-3.5,-0.3,50,-0.3,0.6,-0.9,.80,-0.2,-0.2,-2.8,-0.2,0.83,-2.7,0,0,0
1997,646,Bob Wolcott,/players/w/wolcobo01.shtml,wolcobo01,23,SEA,100.0,-16.5,-1.5,456,-1.7,6.6,-8.3,.86,-2.4,0.4,-17.1,-1.6,0.94,-24.2,0,0,1
1997,647,Steve Woodard,/players/w/woodast01.shtml,woodast01,22,MIL,36.2,-2.8,-0.3,157,-0.2,2.5,-2.7,.92,-0.1,-0.1,-5.0,-0.5,0.88,-2.3,0,0,0
1997,648,Tim Worrell,/players/w/worreti01.shtml,worreti01,29,SDP,106.1,-15.6,-1.5,508,-1.8,9.4,-11.2,1.21,-1.4,-0.1,-12.4,-1.3,1.01,-14.4,18,16,16
1997,649,Todd Worrell,/players/w/worreto01.shtml,worreto01,37,LAD,59.2,-9.7,-1.0,274,-2.3,6.9,-9.2,1.60,-0.8,-0.6,-7.9,-0.8,0.94,-8.1,26,19,18
1997,650,Jamey Wright,/players/w/wrighja01.shtml,wrighja01,22,COL,149.2,-13.9,-1.3,731,-2.0,12.2,-14.2,1.00,-2.7,0.8,-23.4,-2.0,0.97,-30.9,0,0,0
1997,651,Jaret Wright,/players/w/wrighja02.shtml,wrighja02,21,CLE,90.1,4.2,0.4,405,0.3,7.0,-6.7,1.02,0.6,-0.2,8.4,0.8,0.91,6.2,0,0,0
1997,652,Esteban Yan,/players/y/yanes01.shtml,yanes01,22,BAL,9.2,-12.4,-1.0,62,-0.5,0.6,-1.1,.77,-0.9,0.3,-13.1,-1.1,1.09,-10.8,0,0,1
